time_over_Tg,Tg_omega_x,Tg_omega_y,Tg_omega_envelope,phase_rad,Tg_delta
0.000000000000e+00,8.835703669203e-17,0.000000000000e+00,8.835703669203e-17,0.000000000000e+00,0.000000000000e+00
4.000000000000e-04,6.510853214186e-03,1.298570700074e-05,6.510866163981e-03,1.994468214061e-03,0.000000000000e+00
8.000000000000e-04,1.302483869447e-02,5.212113657299e-05,1.302494297991e-02,4.001650967540e-03,0.000000000000e+00
1.200000000000e-03,1.954196227089e-02,1.176764315233e-04,1.954231657556e-02,6.021657782295e-03,0.000000000000e+00
1.600000000000e-03,2.606222764212e-02,2.099253111008e-04,2.606307307870e-02,8.054598180183e-03,0.000000000000e+00
2.000000000000e-03,3.258563632463e-02,3.291450747864e-04,3.258729861712e-02,1.010058168306e-02,0.000000000000e+00
2.400000000000e-03,3.911218760109e-02,4.756166058579e-04,3.911507931858e-02,1.215971781278e-02,0.000000000000e+00
2.800000000000e-03,4.564187846807e-02,6.496243747205e-04,4.564650131086e-02,1.423211609121e-02,0.000000000000e+00
3.200000000000e-03,5.217470358298e-02,8.514564419916e-04,5.218165072172e-02,1.631788604020e-02,0.000000000000e+00
3.600000000000e-03,5.871065521032e-02,1.081404461328e-03,5.872061367896e-02,1.841713718160e-02,0.000000000000e+00
4.000000000000e-03,6.524972316712e-02,1.339763681982e-03,6.526347631033e-02,2.052997903728e-02,0.000000000000e+00
4.400000000000e-03,7.179189476768e-02,1.626832951079e-03,7.181032474362e-02,2.265652112909e-02,0.000000000000e+00
4.800000000000e-03,7.833715476748e-02,1.942914715602e-03,7.836124510660e-02,2.479687297889e-02,0.000000000000e+00
5.200000000000e-03,8.488548530638e-02,2.288315024060e-03,8.491632352704e-02,2.695114410853e-02,0.000000000000e+00
5.600000000000e-03,9.143686595778e-02,2.663343534994e-03,9.147564623968e-02,2.911944408392e-02,0.000000000000e+00
6.000000000000e-03,9.799127994544e-02,3.068313970991e-03,9.803930587254e-02,3.130188510342e-02,0.000000000000e+00
6.400000000000e-03,1.045487175715e-01,3.503544543942e-03,1.046074049492e-01,3.349858343995e-02,0.000000000000e+00
6.800000000000e-03,1.111091671166e-01,3.969357462540e-03,1.111800468430e-01,3.570965571626e-02,0.000000000000e+00
7.200000000000e-03,1.176726139274e-01,4.466078882312e-03,1.177573349269e-01,3.793521855508e-02,0.000000000000e+00
7.600000000000e-03,1.242390403518e-01,4.994038907892e-03,1.243393725743e-01,4.017538857916e-02,0.000000000000e+00
8.000000000000e-03,1.308084256733e-01,5.553571594911e-03,1.309262631583e-01,4.243028241125e-02,0.000000000000e+00
8.400000000000e-03,1.373807466576e-01,6.145015014469e-03,1.375181106681e-01,4.470001693207e-02,0.000000000000e+00
8.800000000000e-03,1.439559853419e-01,6.768712115847e-03,1.441150275976e-01,4.698471258401e-02,0.000000000000e+00
9.200000000000e-03,1.505341266557e-01,7.425010683346e-03,1.507171326414e-01,4.928449240625e-02,0.000000000000e+00
9.600000000000e-03,1.571151523056e-01,8.114262783839e-03,1.573245446347e-01,5.159947949689e-02,0.000000000000e+00
1.000000000000e-02,1.636990405611e-01,8.836824755389e-03,1.639373824129e-01,5.392979695403e-02,0.000000000000e+00
1.040000000000e-02,1.702857661805e-01,9.593057209091e-03,1.705557648111e-01,5.627556787579e-02,0.000000000000e+00
1.080000000000e-02,1.768753003347e-01,1.038332503045e-02,1.771798106647e-01,5.863691536026e-02,0.000000000000e+00
1.120000000000e-02,1.834676135395e-01,1.120799769964e-02,1.838096418318e-01,6.101396324156e-02,0.000000000000e+00
1.160000000000e-02,1.900626850917e-01,1.206745040110e-02,1.904453927598e-01,6.340683841896e-02,0.000000000000e+00
1.200000000000e-02,1.966604937027e-01,1.296206321795e-02,1.970872011731e-01,6.581566858959e-02,0.000000000000e+00
1.240000000000e-02,2.032610141520e-01,1.389222081420e-02,2.037352047959e-01,6.824058145057e-02,0.000000000000e+00
1.280000000000e-02,2.098642172026e-01,1.485831243666e-02,2.103895413525e-01,7.068170469901e-02,0.000000000000e+00
1.320000000000e-02,2.164700695159e-01,1.586073191614e-02,2.170503485671e-01,7.313916603203e-02,0.000000000000e+00
1.360000000000e-02,2.230785338525e-01,1.689987771275e-02,2.237177644544e-01,7.561309324784e-02,0.000000000000e+00
1.400000000000e-02,2.296895780638e-01,1.797615437090e-02,2.303919364845e-01,7.810361743669e-02,0.000000000000e+00
1.440000000000e-02,2.363031768188e-01,1.908997304917e-02,2.370730234457e-01,8.061087362944e-02,0.000000000000e+00
1.480000000000e-02,2.429193009381e-01,2.024175000812e-02,2.437611847929e-01,8.313499708904e-02,0.000000000000e+00
1.520000000000e-02,2.495379166359e-01,2.143190651325e-02,2.504565799810e-01,8.567612307844e-02,0.000000000000e+00
1.560000000000e-02,2.561589854230e-01,2.266086883623e-02,2.571593684651e-01,8.823438686058e-02,0.000000000000e+00
1.600000000000e-02,2.627824640069e-01,2.392906825544e-02,2.638697096999e-01,9.080992369842e-02,0.000000000000e+00
1.640000000000e-02,2.694083077575e-01,2.523694150106e-02,2.705877667322e-01,9.340286926436e-02,0.000000000000e+00
1.680000000000e-02,2.760364834071e-01,2.658493245804e-02,2.773137191081e-01,9.601336111194e-02,0.000000000000e+00
1.720000000000e-02,2.826669572420e-01,2.797349090536e-02,2.840477511086e-01,9.864153733447e-02,0.000000000000e+00
1.760000000000e-02,2.892996902908e-01,2.940307196233e-02,2.907900470153e-01,1.012875360253e-01,0.000000000000e+00
1.800000000000e-02,2.959346382141e-01,3.087413608948e-02,2.975407911097e-01,1.039514952778e-01,0.000000000000e+00
1.840000000000e-02,3.025717511927e-01,3.238714908861e-02,3.043001676731e-01,1.066335531854e-01,0.000000000000e+00
1.880000000000e-02,3.092109746196e-01,3.394258226292e-02,3.110683618047e-01,1.093338480730e-01,0.000000000000e+00
1.920000000000e-02,3.158522626944e-01,3.554091523962e-02,3.178455733611e-01,1.120525224447e-01,0.000000000000e+00
1.960000000000e-02,3.224955763327e-01,3.718263590553e-02,3.246320150063e-01,1.147897224318e-01,0.000000000000e+00
2.000000000000e-02,3.291408708331e-01,3.886823809580e-02,3.314278998296e-01,1.175455942857e-01,0.000000000000e+00
2.040000000000e-02,3.357880953320e-01,4.059822151293e-02,3.382334409202e-01,1.203202842580e-01,0.000000000000e+00
2.080000000000e-02,3.424371926753e-01,4.237309172644e-02,3.450488513672e-01,1.231139386004e-01,0.000000000000e+00
2.120000000000e-02,3.490880993561e-01,4.419336018014e-02,3.518743443277e-01,1.259267035648e-01,0.000000000000e+00
2.160000000000e-02,3.557407551527e-01,4.605954547933e-02,3.587101428819e-01,1.287587254691e-01,0.000000000000e+00
2.200000000000e-02,3.623951132286e-01,4.797217491221e-02,3.655564903784e-01,1.316101507659e-01,0.000000000000e+00
2.240000000000e-02,3.690511223276e-01,4.993178231038e-02,3.724136326398e-01,1.344811259238e-01,0.000000000000e+00
2.280000000000e-02,3.757087241777e-01,5.193890773933e-02,3.792818154887e-01,1.373717974119e-01,0.000000000000e+00
2.320000000000e-02,3.823678533475e-01,5.399409749731e-02,3.861612847478e-01,1.402823116991e-01,0.000000000000e+00
2.360000000000e-02,3.890284371000e-01,5.609790411281e-02,3.930522862397e-01,1.432128152541e-01,0.000000000000e+00
2.400000000000e-02,3.956904011273e-01,5.825088775736e-02,3.999550718128e-01,1.461634559079e-01,0.000000000000e+00
2.440000000000e-02,4.023536880342e-01,6.045362095787e-02,4.068699184772e-01,1.491343871787e-01,0.000000000000e+00
2.480000000000e-02,4.090182389473e-01,6.270668461584e-02,4.137971098100e-01,1.521257640692e-01,0.000000000000e+00
2.520000000000e-02,4.156839869293e-01,6.501066652083e-02,4.207369293881e-01,1.551377415819e-01,0.000000000000e+00
2.560000000000e-02,4.223508568129e-01,6.736616134821e-02,4.276896607885e-01,1.581704747193e-01,0.000000000000e+00
2.600000000000e-02,4.290187650328e-01,6.977377065540e-02,4.346555875883e-01,1.612241184842e-01,0.000000000000e+00
2.640000000000e-02,4.356876232926e-01,7.223410336792e-02,4.416349972315e-01,1.642988275551e-01,0.000000000000e+00
2.680000000000e-02,4.423573615301e-01,7.474777884266e-02,4.486282043539e-01,1.673947543335e-01,0.000000000000e+00
2.720000000000e-02,4.490279122962e-01,7.731542515082e-02,4.556355352552e-01,1.705120502441e-01,0.000000000000e+00
2.760000000000e-02,4.556991990319e-01,7.993767765712e-02,4.626573162801e-01,1.736508667077e-01,0.000000000000e+00
2.800000000000e-02,4.623711358392e-01,8.261517901015e-02,4.696938737732e-01,1.768113551452e-01,0.000000000000e+00
2.840000000000e-02,4.690436272925e-01,8.534857913662e-02,4.767455340791e-01,1.799936669773e-01,0.000000000000e+00
2.880000000000e-02,4.757165712091e-01,8.813853604662e-02,4.838126266019e-01,1.831979541624e-01,0.000000000000e+00
2.920000000000e-02,4.823898838808e-01,9.098572299840e-02,4.908955101242e-01,1.864243738190e-01,0.000000000000e+00
2.960000000000e-02,4.890634871575e-01,9.389082555985e-02,4.979945598046e-01,1.896730859420e-01,0.000000000000e+00
3.000000000000e-02,4.957372925237e-01,9.685453744340e-02,5.051101509791e-01,1.929442505576e-01,0.000000000000e+00
3.040000000000e-02,5.024112007117e-01,9.987756045332e-02,5.122426589837e-01,1.962380276919e-01,0.000000000000e+00
3.080000000000e-02,5.090851014832e-01,1.029606044772e-01,5.193924591544e-01,1.995545773711e-01,0.000000000000e+00
3.120000000000e-02,5.157588765726e-01,1.061043878545e-01,5.265599300037e-01,2.028940591159e-01,0.000000000000e+00
3.160000000000e-02,5.224324288296e-01,1.093096409865e-01,5.337454827026e-01,2.062566272522e-01,0.000000000000e+00
3.200000000000e-02,5.291056685634e-01,1.125771050216e-01,5.409495476298e-01,2.096424330504e-01,0.000000000000e+00
3.240000000000e-02,5.357784944085e-01,1.159075296687e-01,5.481725554098e-01,2.130516277421e-01,0.000000000000e+00
3.280000000000e-02,5.424507928412e-01,1.193016731594e-01,5.554149366669e-01,2.164843625585e-01,0.000000000000e+00
3.320000000000e-02,5.491224379374e-01,1.227603022347e-01,5.626771220256e-01,2.199407887310e-01,0.000000000000e+00
3.360000000000e-02,5.557932954622e-01,1.262841934619e-01,5.699595466339e-01,2.234210580831e-01,0.000000000000e+00
3.400000000000e-02,5.624632552512e-01,1.298741434985e-01,5.772626842757e-01,2.269253274948e-01,0.000000000000e+00
3.440000000000e-02,5.691322124951e-01,1.335309641349e-01,5.845870283220e-01,2.304537564099e-01,0.000000000000e+00
3.480000000000e-02,5.758000487891e-01,1.372554767318e-01,5.919330722965e-01,2.340065042918e-01,0.000000000000e+00
3.520000000000e-02,5.824666317075e-01,1.410485121613e-01,5.993013097229e-01,2.375837306044e-01,0.000000000000e+00
3.560000000000e-02,5.891318145219e-01,1.449109107892e-01,6.066922341250e-01,2.411855948112e-01,0.000000000000e+00
3.600000000000e-02,5.957954440713e-01,1.488435233568e-01,6.141063471593e-01,2.448122545841e-01,0.000000000000e+00
3.640000000000e-02,6.024573986641e-01,1.528472153507e-01,6.215441966952e-01,2.484638574133e-01,0.000000000000e+00
3.680000000000e-02,6.091175577795e-01,1.569228640114e-01,6.290063469034e-01,2.521405471977e-01,0.000000000000e+00
3.720000000000e-02,6.157757854344e-01,1.610713565738e-01,6.364933619731e-01,2.558424678318e-01,0.000000000000e+00
3.760000000000e-02,6.224319298578e-01,1.652935902435e-01,6.440058060935e-01,2.595697632103e-01,0.000000000000e+00
3.800000000000e-02,6.290858231878e-01,1.695904721745e-01,6.515442434619e-01,2.633225772288e-01,0.000000000000e+00
3.840000000000e-02,6.357372972530e-01,1.739629248973e-01,6.591092552509e-01,2.671010553238e-01,0.000000000000e+00
3.880000000000e-02,6.423862169452e-01,1.784118982812e-01,6.667014753017e-01,2.709053477137e-01,0.000000000000e+00
3.920000000000e-02,6.490324393246e-01,1.829383566008e-01,6.743215476398e-01,2.747356055414e-01,0.000000000000e+00
3.960000000000e-02,6.556758035768e-01,1.875432753203e-01,6.819701162910e-01,2.785919799499e-01,0.000000000000e+00
4.000000000000e-02,6.623161306549e-01,1.922276410629e-01,6.896478252806e-01,2.824746220822e-01,0.000000000000e+00
4.040000000000e-02,6.689532236142e-01,1.969924516458e-01,6.973553193239e-01,2.863836828966e-01,0.000000000000e+00
4.080000000000e-02,6.755869015577e-01,2.018387196157e-01,7.050932777247e-01,2.903193040863e-01,0.000000000000e+00
4.120000000000e-02,6.822170149389e-01,2.067674742101e-01,7.128624298302e-01,2.942816139395e-01,0.000000000000e+00
4.160000000000e-02,6.888433985162e-01,2.117797567797e-01,7.206635089006e-01,2.982707396965e-01,0.000000000000e+00
4.200000000000e-02,6.954658670079e-01,2.168766203542e-01,7.284972481961e-01,3.022868085976e-01,0.000000000000e+00
4.240000000000e-02,7.020842147016e-01,2.220591295989e-01,7.363643809768e-01,3.063299478828e-01,0.000000000000e+00
4.280000000000e-02,7.086982205550e-01,2.273283627797e-01,7.442656463534e-01,3.104002851123e-01,0.000000000000e+00
4.320000000000e-02,7.153076979154e-01,2.326854304638e-01,7.522018427571e-01,3.144979510904e-01,0.000000000000e+00
4.360000000000e-02,7.219124704027e-01,2.381314679778e-01,7.601738031293e-01,3.186230785086e-01,0.000000000000e+00
4.400000000000e-02,7.285123393291e-01,2.436676239265e-01,7.681823608393e-01,3.227758000819e-01,0.000000000000e+00
4.440000000000e-02,7.351070828473e-01,2.492950599928e-01,7.762283492563e-01,3.269562485252e-01,0.000000000000e+00
4.480000000000e-02,7.416964555288e-01,2.550149508798e-01,7.843126017834e-01,3.311645565431e-01,0.000000000000e+00
4.520000000000e-02,7.482802145576e-01,2.608284869386e-01,7.924359779169e-01,3.354008489706e-01,0.000000000000e+00
4.560000000000e-02,7.548581669073e-01,2.667368792652e-01,8.005994097592e-01,3.396652287440e-01,0.000000000000e+00
4.600000000000e-02,7.614301074994e-01,2.727413539089e-01,8.088038419411e-01,3.439577950212e-01,0.000000000000e+00
4.640000000000e-02,7.679958059171e-01,2.788431505596e-01,8.170502190932e-01,3.482786469601e-01,0.000000000000e+00
4.680000000000e-02,7.745550059188e-01,2.850435224718e-01,8.253394858463e-01,3.526278837184e-01,0.000000000000e+00
4.720000000000e-02,7.811074293234e-01,2.913437381071e-01,8.336725915361e-01,3.570056045582e-01,0.000000000000e+00
4.760000000000e-02,7.876528337930e-01,2.977451044394e-01,8.420505529953e-01,3.614119102350e-01,0.000000000000e+00
4.800000000000e-02,7.941909960004e-01,3.042489619287e-01,8.504744375716e-01,3.658469026220e-01,0.000000000000e+00
4.840000000000e-02,8.007216650365e-01,3.108566667989e-01,8.589453138310e-01,3.703106836195e-01,0.000000000000e+00
4.880000000000e-02,8.072445607163e-01,3.175695905011e-01,8.674642503395e-01,3.748033551277e-01,0.000000000000e+00
4.920000000000e-02,8.137593731273e-01,3.243891196191e-01,8.760323157736e-01,3.793250190115e-01,0.000000000000e+00
4.960000000000e-02,8.202657991758e-01,3.313166597441e-01,8.846506148314e-01,3.838757655673e-01,0.000000000000e+00
5.000000000000e-02,8.267635955340e-01,3.383536415878e-01,8.933203398984e-01,3.884556569306e-01,0.000000000000e+00
5.040000000000e-02,8.332525011035e-01,3.455015131970e-01,9.020426964488e-01,3.930647510334e-01,0.000000000000e+00
5.080000000000e-02,8.397322229125e-01,3.527617384367e-01,9.108188899570e-01,3.977031058077e-01,0.000000000000e+00
5.120000000000e-02,8.462024355214e-01,3.601357968605e-01,9.196501258971e-01,4.023707791856e-01,0.000000000000e+00
5.160000000000e-02,8.526627921933e-01,3.676251885524e-01,9.285376225275e-01,4.070678290082e-01,0.000000000000e+00
5.200000000000e-02,8.591130000501e-01,3.752314667885e-01,9.374826934527e-01,4.117943124385e-01,0.000000000000e+00
5.240000000000e-02,8.655527706235e-01,3.829562191000e-01,9.464866953536e-01,4.165502863331e-01,0.000000000000e+00
5.280000000000e-02,8.719817795552e-01,3.908010507795e-01,9.555509851215e-01,4.213358075472e-01,0.000000000000e+00
5.320000000000e-02,8.783996657246e-01,3.987675846350e-01,9.646769196476e-01,4.261509329360e-01,0.000000000000e+00
5.360000000000e-02,8.848060340457e-01,4.068574612427e-01,9.738658591678e-01,4.309957182641e-01,0.000000000000e+00
5.400000000000e-02,8.912005336499e-01,4.150723487570e-01,9.831192429611e-01,4.358701935244e-01,0.000000000000e+00
5.440000000000e-02,8.975828586854e-01,4.234139437957e-01,9.924385905468e-01,4.407743625479e-01,0.000000000000e+00
5.480000000000e-02,9.039526679125e-01,4.318839617365e-01,1.001825425027e+00,4.457082279971e-01,0.000000000000e+00
5.520000000000e-02,9.103095802720e-01,4.404841360578e-01,1.011281269506e+00,4.506717925345e-01,0.000000000000e+00
5.560000000000e-02,9.166531746621e-01,4.492162183378e-01,1.020807647618e+00,4.556650588048e-01,0.000000000000e+00
5.600000000000e-02,9.229830421900e-01,4.580820021093e-01,1.030406141687e+00,4.606880275139e-01,0.000000000000e+00
5.640000000000e-02,9.292988323953e-01,4.670833457474e-01,1.040078445006e+00,4.657406957004e-01,0.000000000000e+00
5.680000000000e-02,9.356001619483e-01,4.762221329183e-01,1.049826263207e+00,4.708230599955e-01,0.000000000000e+00
5.720000000000e-02,9.418866025700e-01,4.855002673181e-01,1.059651301923e+00,4.759351170302e-01,0.000000000000e+00
5.760000000000e-02,9.481576802618e-01,4.949196723997e-01,1.069555266813e+00,4.810768634271e-01,0.000000000000e+00
5.800000000000e-02,9.544129195873e-01,5.044822982361e-01,1.079539906770e+00,4.862482821453e-01,0.000000000000e+00
5.840000000000e-02,9.606519347224e-01,5.141901365555e-01,1.089607101765e+00,4.914493147157e-01,0.000000000000e+00
5.880000000000e-02,9.668743179640e-01,5.240452039705e-01,1.099758756520e+00,4.966798948477e-01,0.000000000000e+00
5.920000000000e-02,9.730796131275e-01,5.340495376883e-01,1.109996775756e+00,5.019399562504e-01,0.000000000000e+00
5.960000000000e-02,9.792673147375e-01,5.442051951734e-01,1.120323064195e+00,5.072294326331e-01,0.000000000000e+00
6.000000000000e-02,9.854368992532e-01,5.545142692611e-01,1.130739562067e+00,5.125482557343e-01,0.000000000000e+00
6.040000000000e-02,9.915879222304e-01,5.649789366133e-01,1.141248354360e+00,5.178963492594e-01,0.000000000000e+00
6.080000000000e-02,9.977199190941e-01,5.756014125174e-01,1.151851562941e+00,5.232736348672e-01,0.000000000000e+00
6.120000000000e-02,1.003832370823e+00,5.863839347365e-01,1.162551309676e+00,5.286800342164e-01,0.000000000000e+00
6.160000000000e-02,1.009924703055e+00,5.973287630873e-01,1.173349716433e+00,5.341154689657e-01,0.000000000000e+00
6.200000000000e-02,1.015996321222e+00,6.084381865714e-01,1.184248939883e+00,5.395798506298e-01,0.000000000000e+00
6.240000000000e-02,1.022046735832e+00,6.197145502771e-01,1.195251293264e+00,5.450730450908e-01,0.000000000000e+00
6.280000000000e-02,1.028075445304e+00,6.311602320426e-01,1.206359133820e+00,5.505949054055e-01,0.000000000000e+00
6.320000000000e-02,1.034081889562e+00,6.427776326525e-01,1.217574818793e+00,5.561452846296e-01,0.000000000000e+00
6.360000000000e-02,1.040065449151e+00,6.545691753278e-01,1.228900705430e+00,5.617240358193e-01,0.000000000000e+00
6.400000000000e-02,1.046025481642e+00,6.665373243962e-01,1.240339192744e+00,5.673310089331e-01,0.000000000000e+00
6.440000000000e-02,1.051961434558e+00,6.786846451691e-01,1.251892849802e+00,5.729660413196e-01,0.000000000000e+00
6.480000000000e-02,1.057872729998e+00,6.910137476332e-01,1.263564288942e+00,5.786289671188e-01,0.000000000000e+00
6.520000000000e-02,1.063758724870e+00,7.035272663295e-01,1.275356122503e+00,5.843196204704e-01,0.000000000000e+00
6.560000000000e-02,1.069618709987e+00,7.162278597391e-01,1.287270962859e+00,5.900378355051e-01,0.000000000000e+00
6.600000000000e-02,1.075451969463e+00,7.291182268302e-01,1.299311482023e+00,5.957834312383e-01,0.000000000000e+00
6.640000000000e-02,1.081257902706e+00,7.422011427876e-01,1.311480533031e+00,6.015561808047e-01,0.000000000000e+00
6.680000000000e-02,1.087035874889e+00,7.554794179667e-01,1.323781003137e+00,6.073558486664e-01,0.000000000000e+00
6.720000000000e-02,1.092785181394e+00,7.689558875286e-01,1.336215779596e+00,6.131821992854e-01,0.000000000000e+00
6.760000000000e-02,1.098505047649e+00,7.826334110965e-01,1.348787750491e+00,6.190349970502e-01,0.000000000000e+00
6.800000000000e-02,1.104194710838e+00,7.965149176509e-01,1.361499898451e+00,6.249139979694e-01,0.000000000000e+00
6.840000000000e-02,1.109853493612e+00,8.106034490133e-01,1.374355386658e+00,6.308189420484e-01,0.000000000000e+00
6.880000000000e-02,1.115480660622e+00,8.249020834463e-01,1.387357398616e+00,6.367495674911e-01,0.000000000000e+00
6.920000000000e-02,1.121075399576e+00,8.394139250663e-01,1.400509117832e+00,6.427056125014e-01,0.000000000000e+00
6.960000000000e-02,1.126636826145e+00,8.541421051887e-01,1.413813733800e+00,6.486868140589e-01,0.000000000000e+00
7.000000000000e-02,1.132164121830e+00,8.690898354816e-01,1.427274584968e+00,6.546928787025e-01,0.000000000000e+00
7.040000000000e-02,1.137656538909e+00,8.842604121881e-01,1.440895165196e+00,6.607234812097e-01,0.000000000000e+00
7.080000000000e-02,1.143113255477e+00,8.996571609728e-01,1.454678975629e+00,6.667782948694e-01,0.000000000000e+00
7.120000000000e-02,1.148533367519e+00,9.152834332111e-01,1.468629517413e+00,6.728569929703e-01,0.000000000000e+00
7.160000000000e-02,1.153915911067e+00,9.311426185220e-01,1.482750318105e+00,6.789592461972e-01,0.000000000000e+00
7.200000000000e-02,1.159260021943e+00,9.472382403475e-01,1.497045117039e+00,6.850847043584e-01,0.000000000000e+00
7.240000000000e-02,1.164564837385e+00,9.635739018346e-01,1.511517755360e+00,6.912330072254e-01,0.000000000000e+00
7.280000000000e-02,1.169829406749e+00,9.801532335260e-01,1.526172074861e+00,6.974037945061e-01,0.000000000000e+00
7.320000000000e-02,1.175052690272e+00,9.969798918981e-01,1.541011917464e+00,7.035967058889e-01,0.000000000000e+00
7.360000000000e-02,1.180233636944e+00,1.014057599447e+00,1.556041211784e+00,7.098113682491e-01,0.000000000000e+00
7.400000000000e-02,1.185371319238e+00,1.031390217374e+00,1.571264123235e+00,7.160473734627e-01,0.000000000000e+00
7.440000000000e-02,1.190464752499e+00,1.048981653516e+00,1.586684857291e+00,7.223043074846e-01,0.000000000000e+00
7.480000000000e-02,1.195512857750e+00,1.066835842207e+00,1.602307619424e+00,7.285817562700e-01,0.000000000000e+00
7.520000000000e-02,1.200514470026e+00,1.084956748631e+00,1.618136625610e+00,7.348793046839e-01,0.000000000000e+00
7.560000000000e-02,1.205468496550e+00,1.103348470196e+00,1.634176288795e+00,7.411965171505e-01,0.000000000000e+00
7.600000000000e-02,1.210373895170e+00,1.122015226999e+00,1.650431196908e+00,7.475329399343e-01,0.000000000000e+00
7.640000000000e-02,1.215229528608e+00,1.140961269643e+00,1.666905943965e+00,7.538881186685e-01,0.000000000000e+00
7.680000000000e-02,1.220034158724e+00,1.160190874403e+00,1.683605123983e+00,7.602615989858e-01,0.000000000000e+00
7.720000000000e-02,1.224786506943e+00,1.179708384889e+00,1.700533404837e+00,7.666529199905e-01,0.000000000000e+00
7.760000000000e-02,1.229485418444e+00,1.199518330806e+00,1.717695729780e+00,7.730615964437e-01,0.000000000000e+00
7.800000000000e-02,1.234129685032e+00,1.219625306639e+00,1.735097106236e+00,7.794871374339e-01,0.000000000000e+00
7.840000000000e-02,1.238717991508e+00,1.240033932901e+00,1.752742541628e+00,7.859290520499e-01,0.000000000000e+00
7.880000000000e-02,1.243248926259e+00,1.260748862000e+00,1.770637056451e+00,7.923868480172e-01,0.000000000000e+00
7.920000000000e-02,1.247721159313e+00,1.281774902639e+00,1.788785898992e+00,7.988600093061e-01,0.000000000000e+00
7.960000000000e-02,1.252133410898e+00,1.303117002329e+00,1.807194510961e+00,8.053479997160e-01,0.000000000000e+00
8.000000000000e-02,1.256484294183e+00,1.324780138079e+00,1.825868340209e+00,8.118502824056e-01,0.000000000000e+00
8.040000000000e-02,1.260772310308e+00,1.346769311150e+00,1.844812834922e+00,8.183663205233e-01,0.000000000000e+00
8.080000000000e-02,1.264995935403e+00,1.369089628941e+00,1.864033564253e+00,8.248955734361e-01,0.000000000000e+00
8.120000000000e-02,1.269153746803e+00,1.391746431001e+00,1.883536397638e+00,8.314374911240e-01,0.000000000000e+00
8.160000000000e-02,1.273244235452e+00,1.414745114383e+00,1.903327250313e+00,8.379915221357e-01,0.000000000000e+00
8.200000000000e-02,1.277265772603e+00,1.438091100099e+00,1.923412037513e+00,8.445571150194e-01,0.000000000000e+00
8.240000000000e-02,1.281216647043e+00,1.461789859618e+00,1.943796720427e+00,8.511337137052e-01,0.000000000000e+00
8.280000000000e-02,1.285095282500e+00,1.485847083542e+00,1.964487577149e+00,8.577207302720e-01,0.000000000000e+00
8.320000000000e-02,1.288900087154e+00,1.510268569954e+00,1.985491019385e+00,8.643175633704e-01,0.000000000000e+00
8.360000000000e-02,1.292629346108e+00,1.535060140202e+00,2.006813459307e+00,8.709236116037e-01,0.000000000000e+00
8.400000000000e-02,1.296281230000e+00,1.560227647291e+00,2.028461322930e+00,8.775382738369e-01,0.000000000000e+00
8.440000000000e-02,1.299853947099e+00,1.585777174430e+00,2.050441301460e+00,8.841609539499e-01,0.000000000000e+00
8.480000000000e-02,1.303345720726e+00,1.611715017055e+00,2.072760324769e+00,8.907910603357e-01,0.000000000000e+00
8.520000000000e-02,1.306754646860e+00,1.638047499840e+00,2.095425331245e+00,8.974280015485e-01,0.000000000000e+00
8.560000000000e-02,1.310078691979e+00,1.664780969447e+00,2.118443262259e+00,9.040711858644e-01,0.000000000000e+00
8.600000000000e-02,1.313315846591e+00,1.691921924284e+00,2.141821260232e+00,9.107200028222e-01,0.000000000000e+00
8.640000000000e-02,1.316464218745e+00,1.719477098990e+00,2.165566792594e+00,9.173738116710e-01,0.000000000000e+00
8.680000000000e-02,1.319521804651e+00,1.747453268517e+00,2.189687356360e+00,9.240319689030e-01,0.000000000000e+00
8.720000000000e-02,1.322486467177e+00,1.775857226272e+00,2.214190448893e+00,9.306938310308e-01,0.000000000000e+00
8.760000000000e-02,1.325356009660e+00,1.804695913119e+00,2.239083716874e+00,9.373587633313e-01,0.000000000000e+00
8.800000000000e-02,1.328128283000e+00,1.833976623314e+00,2.264375187765e+00,9.440261534323e-01,0.000000000000e+00
8.840000000000e-02,1.330801022228e+00,1.863706723244e+00,2.290072948844e+00,9.506953924725e-01,0.000000000000e+00
8.880000000000e-02,1.333371818112e+00,1.893893596210e+00,2.316185087401e+00,9.573658715900e-01,0.000000000000e+00
8.920000000000e-02,1.335838205785e+00,1.924544724120e+00,2.342719809788e+00,9.640369719967e-01,0.000000000000e+00
8.960000000000e-02,1.338197880792e+00,1.955667898616e+00,2.369685738201e+00,9.707080402355e-01,0.000000000000e+00
9.000000000000e-02,1.340448459367e+00,1.987270992437e+00,2.397091585568e+00,9.773784152854e-01,0.000000000000e+00
9.040000000000e-02,1.342587413781e+00,2.019361892687e+00,2.424946064818e+00,9.840474361248e-01,0.000000000000e+00
9.080000000000e-02,1.344612114713e+00,2.051948600869e+00,2.453257996958e+00,9.907144510859e-01,0.000000000000e+00
9.120000000000e-02,1.346519949166e+00,2.085039549086e+00,2.482036642509e+00,9.973788465372e-01,0.000000000000e+00
9.160000000000e-02,1.348308188440e+00,2.118643290553e+00,2.511291373700e+00,1.004040018515e+00,0.000000000000e+00
9.200000000000e-02,1.349973947242e+00,2.152768390867e+00,2.541031562761e+00,1.010697363055e+00,0.000000000000e+00
9.240000000000e-02,1.351514265586e+00,2.187423512358e+00,2.571266698050e+00,1.017350267817e+00,0.000000000000e+00
9.280000000000e-02,1.352926346935e+00,2.222617676853e+00,2.602006732829e+00,1.023998086926e+00,0.000000000000e+00
9.320000000000e-02,1.354207317812e+00,2.258360005463e+00,2.633261736685e+00,1.030640166117e+00,0.000000000000e+00
9.360000000000e-02,1.355354150755e+00,2.294659628589e+00,2.665041779230e+00,1.037275851128e+00,0.000000000000e+00
9.400000000000e-02,1.356363705921e+00,2.331525828638e+00,2.697357075425e+00,1.043904502636e+00,0.000000000000e+00
9.440000000000e-02,1.357232813912e+00,2.368968381935e+00,2.730218325659e+00,1.050525531218e+00,0.000000000000e+00
9.480000000000e-02,1.357958162221e+00,2.406997175463e+00,2.763636331544e+00,1.057138357854e+00,0.000000000000e+00
9.520000000000e-02,1.358536270477e+00,2.445622103136e+00,2.797621895387e+00,1.063742403484e+00,0.000000000000e+00
9.560000000000e-02,1.358963623528e+00,2.484853225964e+00,2.832186025786e+00,1.070337076564e+00,0.000000000000e+00
9.600000000000e-02,1.359236851260e+00,2.524701000731e+00,2.867340224130e+00,1.076921755731e+00,0.000000000000e+00
9.640000000000e-02,1.359352461960e+00,2.565175947191e+00,2.903096063840e+00,1.083495815268e+00,0.000000000000e+00
9.680000000000e-02,1.359306801716e+00,2.606288593619e+00,2.939465123865e+00,1.090058630057e+00,0.000000000000e+00
9.720000000000e-02,1.359096108677e+00,2.648049784299e+00,2.976459287938e+00,1.096609608283e+00,0.000000000000e+00
9.760000000000e-02,1.358716525769e+00,2.690470839878e+00,3.014090897374e+00,1.103148208124e+00,0.000000000000e+00
9.800000000000e-02,1.358164019782e+00,2.733563122274e+00,3.052372331169e+00,1.109673891876e+00,0.000000000000e+00
9.840000000000e-02,1.357434393618e+00,2.777338013795e+00,3.091315994176e+00,1.116186120559e+00,0.000000000000e+00
9.880000000000e-02,1.356523527495e+00,2.821807259651e+00,3.130934731237e+00,1.122684333498e+00,0.000000000000e+00
9.920000000000e-02,1.355427334889e+00,2.866982910694e+00,3.171241755271e+00,1.129167951868e+00,0.000000000000e+00
9.960000000000e-02,1.354141559445e+00,2.912877025550e+00,3.212250290528e+00,1.135636396285e+00,0.000000000000e+00
1.000000000000e-01,1.352661782169e+00,2.959501750525e+00,3.253973648986e+00,1.142089096888e+00,0.000000000000e+00
1.004000000000e-01,1.350983462013e+00,3.006869821389e+00,3.296425706339e+00,1.148525545000e+00,0.000000000000e+00
1.008000000000e-01,1.349101885789e+00,3.054994205362e+00,3.339620561237e+00,1.154945256142e+00,0.000000000000e+00
1.012000000000e-01,1.347012148043e+00,3.103887864400e+00,3.383572313657e+00,1.161347745867e+00,0.000000000000e+00
1.016000000000e-01,1.344709280692e+00,3.153563960030e+00,3.428295305189e+00,1.167732520285e+00,0.000000000000e+00
1.020000000000e-01,1.342188428693e+00,3.204036150060e+00,3.473804460388e+00,1.174099062735e+00,0.000000000000e+00
1.024000000000e-01,1.339444592606e+00,3.255318159247e+00,3.520114789973e+00,1.180446853186e+00,0.000000000000e+00
1.028000000000e-01,1.336472590818e+00,3.307423729430e+00,3.567241330777e+00,1.186775374310e+00,0.000000000000e+00
1.032000000000e-01,1.333267074359e+00,3.360367097021e+00,3.615199595916e+00,1.193084158016e+00,0.000000000000e+00
1.036000000000e-01,1.329822505993e+00,3.414162930043e+00,3.664005514505e+00,1.199372779223e+00,0.000000000000e+00
1.040000000000e-01,1.326133143573e+00,3.468825898103e+00,3.713675029649e+00,1.205640814294e+00,0.000000000000e+00
1.044000000000e-01,1.322193115365e+00,3.524370790224e+00,3.764224236320e+00,1.211887835032e+00,0.000000000000e+00
1.048000000000e-01,1.317996644983e+00,3.580812952563e+00,3.815669870079e+00,1.218113393992e+00,0.000000000000e+00
1.052000000000e-01,1.313537833429e+00,3.638167867385e+00,3.868028835353e+00,1.224317038656e+00,0.000000000000e+00
1.056000000000e-01,1.308810587549e+00,3.696451016213e+00,3.921318052561e+00,1.230498318047e+00,0.000000000000e+00
1.060000000000e-01,1.303808612408e+00,3.755678331157e+00,3.975554882644e+00,1.236656823612e+00,0.000000000000e+00
1.064000000000e-01,1.298525391544e+00,3.815866243013e+00,4.030757171681e+00,1.242792193523e+00,0.000000000000e+00
1.068000000000e-01,1.292954192524e+00,3.877031187707e+00,4.086942790696e+00,1.248904068353e+00,0.000000000000e+00
1.072000000000e-01,1.287088138480e+00,3.939189724172e+00,4.144129771043e+00,1.254992085105e+00,0.000000000000e+00
1.076000000000e-01,1.280920406796e+00,4.002358989227e+00,4.202336798400e+00,1.261055866221e+00,0.000000000000e+00
1.080000000000e-01,1.274444032887e+00,4.066556249706e+00,4.261582725348e+00,1.267095030426e+00,0.000000000000e+00
1.084000000000e-01,1.267651848268e+00,4.131798778341e+00,4.321886434546e+00,1.273109199140e+00,0.000000000000e+00
1.088000000000e-01,1.260536445579e+00,4.198104357417e+00,4.383267311766e+00,1.279098038815e+00,0.000000000000e+00
1.092000000000e-01,1.253090166371e+00,4.265491185602e+00,4.445745159082e+00,1.285061253168e+00,0.000000000000e+00
1.096000000000e-01,1.245305130491e+00,4.333977445142e+00,4.509339792368e+00,1.290998547020e+00,0.000000000000e+00
1.100000000000e-01,1.237173336066e+00,4.403581538770e+00,4.574071297222e+00,1.296909621002e+00,0.000000000000e+00
1.104000000000e-01,1.228686772797e+00,4.474322403217e+00,4.639960361208e+00,1.302794166408e+00,0.000000000000e+00
1.108000000000e-01,1.219837245365e+00,4.546219018672e+00,4.707027753361e+00,1.308651873267e+00,0.000000000000e+00
1.112000000000e-01,1.210616340074e+00,4.619290436733e+00,4.775294342943e+00,1.314482440155e+00,0.000000000000e+00
1.116000000000e-01,1.201015354166e+00,4.693556298014e+00,4.844781584712e+00,1.320285615575e+00,0.000000000000e+00
1.120000000000e-01,1.191025331312e+00,4.769036431083e+00,4.915511145428e+00,1.326061166115e+00,0.000000000000e+00
1.124000000000e-01,1.180637103674e+00,4.845750652505e+00,4.987504722487e+00,1.331808858098e+00,0.000000000000e+00
1.128000000000e-01,1.169841419233e+00,4.923719177434e+00,5.060784473220e+00,1.337528453551e+00,0.000000000000e+00
1.132000000000e-01,1.158628911834e+00,5.002962521425e+00,5.135372912080e+00,1.343219711159e+00,0.000000000000e+00
1.136000000000e-01,1.146990007620e+00,5.083501171579e+00,5.211292568934e+00,1.348882390051e+00,0.000000000000e+00
1.140000000000e-01,1.134914863389e+00,5.165355883877e+00,5.288566266413e+00,1.354516275002e+00,0.000000000000e+00
1.144000000000e-01,1.122393326446e+00,5.248547815399e+00,5.367217244511e+00,1.360121187348e+00,0.000000000000e+00
1.148000000000e-01,1.109415019084e+00,5.333098108162e+00,5.447268775804e+00,1.365696951222e+00,0.000000000000e+00
1.152000000000e-01,1.095969392053e+00,5.419028025296e+00,5.528744310173e+00,1.371243390323e+00,0.000000000000e+00
1.156000000000e-01,1.082045779560e+00,5.506359188034e+00,5.611667717953e+00,1.376760327311e+00,0.000000000000e+00
1.160000000000e-01,1.067633325626e+00,5.595113224016e+00,5.696062930441e+00,1.382247584697e+00,0.000000000000e+00
1.164000000000e-01,1.052720939728e+00,5.685311804239e+00,5.781953968025e+00,1.387704994993e+00,0.000000000000e+00
1.168000000000e-01,1.037297191166e+00,5.776976894511e+00,5.869365170316e+00,1.393132426546e+00,0.000000000000e+00
1.172000000000e-01,1.021350414581e+00,5.870130480211e+00,5.958320948394e+00,1.398529755726e+00,0.000000000000e+00
1.176000000000e-01,1.004868753779e+00,5.964794531042e+00,6.048845758479e+00,1.403896859490e+00,0.000000000000e+00
1.180000000000e-01,9.878401838983e-01,6.060991171394e+00,6.140964273519e+00,1.409233617600e+00,0.000000000000e+00
1.184000000000e-01,9.702525024184e-01,6.158742528047e+00,6.234701231432e+00,1.414539910660e+00,0.000000000000e+00
1.188000000000e-01,9.520933026033e-01,6.258070675181e+00,6.330081376446e+00,1.419815624155e+00,0.000000000000e+00
1.192000000000e-01,9.333498402109e-01,6.358997683346e+00,6.427129488428e+00,1.425060671200e+00,0.000000000000e+00
1.196000000000e-01,9.140091406778e-01,6.461545576977e+00,6.525870359775e+00,1.430274974619e+00,0.000000000000e+00
1.200000000000e-01,8.940580554064e-01,6.565736292692e+00,6.626328762717e+00,1.435458458305e+00,0.000000000000e+00
1.204000000000e-01,8.734832240088e-01,6.671591585799e+00,6.728529351228e+00,1.440611052341e+00,0.000000000000e+00
1.208000000000e-01,8.522711193460e-01,6.779133100260e+00,6.832496736326e+00,1.445732689062e+00,0.000000000000e+00
1.212000000000e-01,8.304080422553e-01,6.888382342170e+00,6.938255458583e+00,1.450823304642e+00,0.000000000000e+00
1.216000000000e-01,8.078799788128e-01,6.999360389435e+00,7.045829682966e+00,1.455882855747e+00,0.000000000000e+00
1.220000000000e-01,7.846727320377e-01,7.112088127095e+00,7.155243449665e+00,1.460911305844e+00,0.000000000000e+00
1.224000000000e-01,7.607719612712e-01,7.226586226674e+00,7.266520657689e+00,1.465908620604e+00,0.000000000000e+00
1.228000000000e-01,7.361630934006e-01,7.342874688899e+00,7.379684600101e+00,1.470874775127e+00,0.000000000000e+00
1.232000000000e-01,7.108314340480e-01,7.460973277945e+00,7.494758407170e+00,1.475809747044e+00,0.000000000000e+00
1.236000000000e-01,6.847621500951e-01,7.580901377088e+00,7.611764899899e+00,1.480713518475e+00,0.000000000000e+00
1.240000000000e-01,6.579401563509e-01,7.702677356479e+00,7.730725949570e+00,1.485586085310e+00,0.000000000000e+00
1.244000000000e-01,6.303502858538e-01,7.826319324715e+00,7.851663241332e+00,1.490427446120e+00,0.000000000000e+00
1.248000000000e-01,6.019772460680e-01,7.951844730731e+00,7.974597872397e+00,1.495237605103e+00,0.000000000000e+00
1.252000000000e-01,5.728055501380e-01,8.079269785732e+00,8.099549769518e+00,1.500016577662e+00,0.000000000000e+00
1.256000000000e-01,5.428196897258e-01,8.208610450954e+00,8.226538685928e+00,1.504764380686e+00,0.000000000000e+00
1.260000000000e-01,5.120040554697e-01,8.339881484744e+00,8.355583243101e+00,1.509481036159e+00,0.000000000000e+00
1.264000000000e-01,4.803429453859e-01,8.473096224358e+00,8.486700711844e+00,1.514166572144e+00,0.000000000000e+00
1.268000000000e-01,4.478206960408e-01,8.608267699390e+00,8.619908129450e+00,1.518821018111e+00,0.000000000000e+00
1.272000000000e-01,4.144215205962e-01,8.745407048533e+00,8.755220707741e+00,1.523444415916e+00,0.000000000000e+00
1.276000000000e-01,3.801296121405e-01,8.884524149040e+00,8.892652465767e+00,1.528036815507e+00,0.000000000000e+00
1.280000000000e-01,3.449292606593e-01,9.025628243058e+00,9.032216858377e+00,1.532598267457e+00,0.000000000000e+00
1.284000000000e-01,3.088047810718e-01,9.168725814666e+00,9.173924648553e+00,1.537128824714e+00,0.000000000000e+00
1.288000000000e-01,2.717406440602e-01,9.313822440043e+00,9.317785757479e+00,1.541628541019e+00,0.000000000000e+00
1.292000000000e-01,2.337214180500e-01,9.460922173639e+00,9.463808645409e+00,1.546097477582e+00,0.000000000000e+00
1.296000000000e-01,1.947316930455e-01,9.610026040210e+00,9.611998799719e+00,1.550535710830e+00,0.000000000000e+00
1.300000000000e-01,1.547563059341e-01,9.761134460578e+00,9.762361162736e+00,1.554943318930e+00,0.000000000000e+00
1.304000000000e-01,1.137803570213e-01,9.914244734636e+00,9.914897610561e+00,1.559320378282e+00,0.000000000000e+00
1.308000000000e-01,7.178927855452e-02,1.006935157821e+01,1.006960748520e+01,1.563666963827e+00,0.000000000000e+00
1.312000000000e-01,2.876883993589e-02,1.022644863093e+01,1.022648909681e+01,1.567983154297e+00,0.000000000000e+00
1.316000000000e-01,-1.529497688448e-02,1.038552502507e+01,1.038553628768e+01,1.572269046353e+00,0.000000000000e+00
1.320000000000e-01,-6.041578228334e-02,1.054656849123e+01,1.054674153504e+01,1.576524741823e+00,0.000000000000e+00
1.324000000000e-01,-1.066066477642e-01,1.070956365789e+01,1.071009424420e+01,1.580750338947e+00,0.000000000000e+00
1.328000000000e-01,-1.538800059301e-01,1.087449067025e+01,1.087557935898e+01,1.584945930758e+00,0.000000000000e+00
1.332000000000e-01,-2.022477004741e-01,1.104132854523e+01,1.104318070920e+01,1.589111612360e+00,0.000000000000e+00
1.336000000000e-01,-2.517210521337e-01,1.121005066742e+01,1.121287650223e+01,1.593247497126e+00,0.000000000000e+00
1.340000000000e-01,-3.023107321718e-01,1.138062786987e+01,1.138464239629e+01,1.597353706545e+00,0.000000000000e+00
1.344000000000e-01,-3.540265522315e-01,1.155302757432e+01,1.155845062855e+01,1.601430357429e+00,0.000000000000e+00
1.348000000000e-01,-4.068772618249e-01,1.172721107791e+01,1.173426728740e+01,1.605477558082e+00,0.000000000000e+00
1.352000000000e-01,-4.608707263351e-01,1.190313815734e+01,1.191205690966e+01,1.609495418377e+00,0.000000000000e+00
1.356000000000e-01,-5.160138879413e-01,1.208076159586e+01,1.209177700210e+01,1.613484067257e+00,0.000000000000e+00
1.360000000000e-01,-5.723127024795e-01,1.226003086926e+01,1.227338171591e+01,1.617443642466e+00,0.000000000000e+00
1.364000000000e-01,-6.297718427178e-01,1.244089091309e+01,1.245682059297e+01,1.621374275191e+00,0.000000000000e+00
1.368000000000e-01,-6.883944240127e-01,1.262327946910e+01,1.264203588977e+01,1.625276086132e+00,0.000000000000e+00
1.372000000000e-01,-7.481823354838e-01,1.280713211293e+01,1.282896760325e+01,1.629149198829e+00,0.000000000000e+00
1.376000000000e-01,-8.091360404598e-01,1.299237564567e+01,1.301754685224e+01,1.632993757571e+00,0.000000000000e+00
1.380000000000e-01,-8.712546274185e-01,1.317893365142e+01,1.320770142055e+01,1.636809913325e+00,0.000000000000e+00
1.384000000000e-01,-9.345352947765e-01,1.336672284214e+01,1.339935206477e+01,1.640597806965e+00,0.000000000000e+00
1.388000000000e-01,-9.989732222650e-01,1.355565295723e+01,1.359241239059e+01,1.644357569102e+00,0.000000000000e+00
1.392000000000e-01,-1.064561939973e+00,1.374562995934e+01,1.378679205266e+01,1.648089337466e+00,0.000000000000e+00
1.396000000000e-01,-1.131292984948e+00,1.393654986565e+01,1.398239056726e+01,1.651793270949e+00,0.000000000000e+00
1.400000000000e-01,-1.199156090752e+00,1.412830585544e+01,1.417910440313e+01,1.655469530260e+00,0.000000000000e+00
1.404000000000e-01,-1.268138290419e+00,1.432078110007e+01,1.437681974707e+01,1.659118261394e+00,0.000000000000e+00
1.408000000000e-01,-1.338224335899e+00,1.451385385787e+01,1.457541759885e+01,1.662739603846e+00,0.000000000000e+00
1.412000000000e-01,-1.409396708265e+00,1.470739496659e+01,1.477477125997e+01,1.666333711982e+00,0.000000000000e+00
1.416000000000e-01,-1.481635473744e+00,1.490126703121e+01,1.497474550076e+01,1.669900756711e+00,0.000000000000e+00
1.420000000000e-01,-1.554918209260e+00,1.509532796808e+01,1.517520006792e+01,1.673440903145e+00,0.000000000000e+00
1.424000000000e-01,-1.629219138160e+00,1.528942493702e+01,1.537598354269e+01,1.676954300153e+00,0.000000000000e+00
1.428000000000e-01,-1.704510045321e+00,1.548340168224e+01,1.557694071852e+01,1.680441098224e+00,0.000000000000e+00
1.432000000000e-01,-1.780759716517e+00,1.567709098435e+01,1.577790502251e+01,1.683901469560e+00,0.000000000000e+00
1.436000000000e-01,-1.857934343813e+00,1.587032141346e+01,1.597870526021e+01,1.687335592343e+00,0.000000000000e+00
1.440000000000e-01,-1.935996541289e+00,1.606291225021e+01,1.617916044070e+01,1.690743629636e+00,0.000000000000e+00
1.444000000000e-01,-2.014905692453e+00,1.625467663237e+01,1.637908292221e+01,1.694125735070e+00,0.000000000000e+00
1.448000000000e-01,-2.094618185094e+00,1.644542085743e+01,1.657827773079e+01,1.697482076658e+00,0.000000000000e+00
1.452000000000e-01,-2.175087253695e+00,1.663494331798e+01,1.677654147176e+01,1.700812839240e+00,0.000000000000e+00
1.456000000000e-01,-2.256262917067e+00,1.682303769597e+01,1.697366547540e+01,1.704118200115e+00,0.000000000000e+00
1.460000000000e-01,-2.338091222414e+00,1.700948892080e+01,1.716943167117e+01,1.707398319984e+00,0.000000000000e+00
1.464000000000e-01,-2.420515264687e+00,1.719407859260e+01,1.736361807905e+01,1.710653364304e+00,0.000000000000e+00
1.468000000000e-01,-2.503474740066e+00,1.737657986112e+01,1.755599366154e+01,1.713883519988e+00,0.000000000000e+00
1.472000000000e-01,-2.586906346598e+00,1.755676315079e+01,1.774632403567e+01,1.717088974711e+00,0.000000000000e+00
1.476000000000e-01,-2.670742796415e+00,1.773439184337e+01,1.793436704037e+01,1.720269898160e+00,0.000000000000e+00
1.480000000000e-01,-2.754913694320e+00,1.790922677432e+01,1.811987729311e+01,1.723426456907e+00,0.000000000000e+00
1.484000000000e-01,-2.839345554944e+00,1.808102360995e+01,1.830260358429e+01,1.726558837398e+00,0.000000000000e+00
1.488000000000e-01,-2.923962011014e+00,1.824953565412e+01,1.848229167157e+01,1.729667233935e+00,0.000000000000e+00
1.492000000000e-01,-3.008683287915e+00,1.841451323521e+01,1.865868357673e+01,1.732751825298e+00,0.000000000000e+00
1.496000000000e-01,-3.093426524843e+00,1.857570496348e+01,1.883151885948e+01,1.735812781388e+00,0.000000000000e+00
1.500000000000e-01,-3.178106377075e+00,1.873285838340e+01,1.900053534394e+01,1.738850288126e+00,0.000000000000e+00
1.504000000000e-01,-3.262635057979e+00,1.888572033822e+01,1.916546947547e+01,1.741864544112e+00,0.000000000000e+00
1.508000000000e-01,-3.346922177803e+00,1.903403857312e+01,1.932605786153e+01,1.744855735727e+00,0.000000000000e+00
1.512000000000e-01,-3.430874809568e+00,1.917756184079e+01,1.948203737077e+01,1.747824037104e+00,0.000000000000e+00
1.516000000000e-01,-3.514398297037e+00,1.931604136953e+01,1.963314670601e+01,1.750769634783e+00,0.000000000000e+00
1.520000000000e-01,-3.597396469053e+00,1.944923124352e+01,1.977912680883e+01,1.753692730372e+00,0.000000000000e+00
1.524000000000e-01,-3.679771488563e+00,1.957688973748e+01,1.991972213665e+01,1.756593515995e+00,0.000000000000e+00
1.528000000000e-01,-3.761424072748e+00,1.969878041952e+01,2.005468177437e+01,1.759472170123e+00,0.000000000000e+00
1.532000000000e-01,-3.842254144230e+00,1.981467246316e+01,2.018375985120e+01,1.762328881119e+00,0.000000000000e+00
1.536000000000e-01,-3.922161445804e+00,1.992434252105e+01,2.030671749208e+01,1.765163853006e+00,0.000000000000e+00
1.540000000000e-01,-4.001045162345e+00,2.002757450760e+01,2.042332252716e+01,1.767977281999e+00,0.000000000000e+00
1.544000000000e-01,-4.078804498287e+00,2.012416240697e+01,2.053335234971e+01,1.770769350592e+00,0.000000000000e+00
1.548000000000e-01,-4.155339029442e+00,2.021390888268e+01,2.063659261523e+01,1.773540249883e+00,0.000000000000e+00
1.552000000000e-01,-4.230549703085e+00,2.029662866130e+01,2.073284075579e+01,1.776290186063e+00,0.000000000000e+00
1.556000000000e-01,-4.304338209975e+00,2.037214683618e+01,2.082190419104e+01,1.779019358105e+00,0.000000000000e+00
1.560000000000e-01,-4.376607861116e+00,2.044030276048e+01,2.090360431386e+01,1.781727952080e+00,0.000000000000e+00
1.564000000000e-01,-4.447263725886e+00,2.050094758988e+01,2.097777411287e+01,1.784416162433e+00,0.000000000000e+00
1.568000000000e-01,-4.516213770989e+00,2.055394809769e+01,2.104426214500e+01,1.787084197317e+00,0.000000000000e+00
1.572000000000e-01,-4.583368163978e+00,2.059918454033e+01,2.110293030489e+01,1.789732257429e+00,0.000000000000e+00
1.576000000000e-01,-4.648640166037e+00,2.063655414271e+01,2.115365742084e+01,1.792360532051e+00,0.000000000000e+00
1.580000000000e-01,-4.711946326158e+00,2.066596897884e+01,2.119633723111e+01,1.794969219307e+00,0.000000000000e+00
1.584000000000e-01,-4.773207337802e+00,2.068735850686e+01,2.123088105287e+01,1.797558529004e+00,0.000000000000e+00
1.588000000000e-01,-4.832347610314e+00,2.070066856263e+01,2.125721671261e+01,1.800128662795e+00,0.000000000000e+00
1.592000000000e-01,-4.889295752821e+00,2.070586260260e+01,2.127528987056e+01,1.802679812985e+00,0.000000000000e+00
1.596000000000e-01,-4.943985187994e+00,2.070292157834e+01,2.128506404543e+01,1.805212181445e+00,0.000000000000e+00
1.600000000000e-01,-4.996354255617e+00,2.069184346848e+01,2.128652019405e+01,1.807725979182e+00,0.000000000000e+00
1.604000000000e-01,-5.046346413498e+00,2.067264483953e+01,2.127965828641e+01,1.810221408327e+00,0.000000000000e+00
1.608000000000e-01,-5.093909922132e+00,2.064535845529e+01,2.126449491623e+01,1.812698664191e+00,0.000000000000e+00
1.612000000000e-01,-5.138999150543e+00,2.061003624457e+01,2.124106650505e+01,1.815157952200e+00,0.000000000000e+00
1.616000000000e-01,-5.181573632239e+00,2.056674498261e+01,2.120942489758e+01,1.817599484014e+00,0.000000000000e+00
1.620000000000e-01,-5.221599056812e+00,2.051557085089e+01,2.116964203873e+01,1.820023462089e+00,0.000000000000e+00
1.624000000000e-01,-5.259046050697e+00,2.045661338055e+01,2.112180381418e+01,1.822430084841e+00,0.000000000000e+00
1.628000000000e-01,-5.293892122451e+00,2.038999120367e+01,2.106601611814e+01,1.824819560797e+00,0.000000000000e+00
1.632000000000e-01,-5.326119790632e+00,2.031583467410e+01,2.100239725673e+01,1.827192101757e+00,0.000000000000e+00
1.636000000000e-01,-5.355718125287e+00,2.023429224837e+01,2.093108452589e+01,1.829547910683e+00,0.000000000000e+00
1.640000000000e-01,-5.382680976971e+00,2.014552251462e+01,2.085222606550e+01,1.831887189222e+00,0.000000000000e+00
1.644000000000e-01,-5.407009074410e+00,2.004970078158e+01,2.076598778198e+01,1.834210148349e+00,0.000000000000e+00
1.648000000000e-01,-5.428707811454e+00,1.994701101691e+01,2.067254500565e+01,1.836516999667e+00,0.000000000000e+00
1.652000000000e-01,-5.447788717532e+00,1.983765159807e+01,2.057208844131e+01,1.838807947110e+00,0.000000000000e+00
1.656000000000e-01,-5.464267834867e+00,1.972182827999e+01,2.046481697149e+01,1.841083195621e+00,0.000000000000e+00
1.660000000000e-01,-5.478167253762e+00,1.959975900012e+01,2.035094271337e+01,1.843342957902e+00,0.000000000000e+00
1.664000000000e-01,-5.489513297977e+00,1.947166775189e+01,2.023068464706e+01,1.845587445342e+00,0.000000000000e+00
1.668000000000e-01,-5.498337338220e+00,1.933778766497e+01,2.010427181621e+01,1.847816863497e+00,0.000000000000e+00
1.672000000000e-01,-5.504674837613e+00,1.919835681631e+01,1.997193905243e+01,1.850031420495e+00,0.000000000000e+00
1.676000000000e-01,-5.508565975816e+00,1.905362010779e+01,1.983392896836e+01,1.852231330207e+00,0.000000000000e+00
1.680000000000e-01,-5.510054511918e+00,1.890382580699e+01,1.969048833486e+01,1.854416804223e+00,0.000000000000e+00
1.684000000000e-01,-5.509187917005e+00,1.874922610334e+01,1.954186866651e+01,1.856588050357e+00,0.000000000000e+00
1.688000000000e-01,-5.506017012159e+00,1.859007537805e+01,1.938832447376e+01,1.858745279693e+00,0.000000000000e+00
1.692000000000e-01,-5.500595941711e+00,1.842663014055e+01,1.923011320951e+01,1.860888707059e+00,0.000000000000e+00
1.696000000000e-01,-5.492981446255e+00,1.825914707032e+01,1.906749319928e+01,1.863018545014e+00,0.000000000000e+00
1.700000000000e-01,-5.483232755487e+00,1.808788275668e+01,1.890072337425e+01,1.865135004204e+00,0.000000000000e+00
1.704000000000e-01,-5.471411362450e+00,1.791309275602e+01,1.873006231658e+01,1.867238298470e+00,0.000000000000e+00
1.708000000000e-01,-5.457580896742e+00,1.773503141419e+01,1.855576806566e+01,1.869328643790e+00,0.000000000000e+00
1.712000000000e-01,-5.441806351012e+00,1.755394976105e+01,1.837809589091e+01,1.871406254697e+00,0.000000000000e+00
1.716000000000e-01,-5.424154239478e+00,1.737009618953e+01,1.819729899868e+01,1.873471345215e+00,0.000000000000e+00
1.720000000000e-01,-5.404692071646e+00,1.718371479957e+01,1.801362680590e+01,1.875524131914e+00,0.000000000000e+00
1.724000000000e-01,-5.383488566265e+00,1.699504641750e+01,1.782732598782e+01,1.877564832516e+00,0.000000000000e+00
1.728000000000e-01,-5.360612544771e+00,1.680432541321e+01,1.763863711992e+01,1.879593664688e+00,0.000000000000e+00
1.732000000000e-01,-5.336133598943e+00,1.661178207410e+01,1.744779715216e+01,1.881610846399e+00,0.000000000000e+00
1.736000000000e-01,-5.310121119891e+00,1.641763975886e+01,1.725503641143e+01,1.883616597209e+00,0.000000000000e+00
1.740000000000e-01,-5.282644961348e+00,1.622211729529e+01,1.706058109590e+01,1.885611137561e+00,0.000000000000e+00
1.744000000000e-01,-5.253774033795e+00,1.602542488510e+01,1.686464895413e+01,1.887594689487e+00,0.000000000000e+00
1.748000000000e-01,-5.223577378274e+00,1.582776777528e+01,1.666745311603e+01,1.889567475586e+00,0.000000000000e+00
1.752000000000e-01,-5.192122921149e+00,1.562934274069e+01,1.646919836951e+01,1.891529719033e+00,0.000000000000e+00
1.756000000000e-01,-5.159478401180e+00,1.543034115954e+01,1.627008437814e+01,1.893481644279e+00,0.000000000000e+00
1.760000000000e-01,-5.125709916135e+00,1.523094483002e+01,1.607030125914e+01,1.895423479033e+00,0.000000000000e+00
1.764000000000e-01,-5.090883118212e+00,1.503133000767e+01,1.587003379716e+01,1.897355451422e+00,0.000000000000e+00
1.768000000000e-01,-5.055061972824e+00,1.483166402449e+01,1.566945784910e+01,1.899277789233e+00,0.000000000000e+00
1.772000000000e-01,-5.018309707800e+00,1.463210825661e+01,1.546874346405e+01,1.901190722462e+00,0.000000000000e+00
1.776000000000e-01,-4.980687534535e+00,1.443281452629e+01,1.526805106970e+01,1.903094485933e+00,0.000000000000e+00
1.780000000000e-01,-4.942255745889e+00,1.423392882623e+01,1.506753535545e+01,1.904989314499e+00,0.000000000000e+00
1.784000000000e-01,-4.903072653176e+00,1.403558853560e+01,1.486734229723e+01,1.906875441931e+00,0.000000000000e+00
1.788000000000e-01,-4.863195428022e+00,1.383792489740e+01,1.466761177688e+01,1.908753105481e+00,0.000000000000e+00
1.792000000000e-01,-4.822679078977e+00,1.364106021675e+01,1.446847460293e+01,1.910622548741e+00,0.000000000000e+00
1.796000000000e-01,-4.781577372953e+00,1.344511104328e+01,1.427005582118e+01,1.912484014870e+00,0.000000000000e+00
1.800000000000e-01,-4.739941984746e+00,1.325018603151e+01,1.407247241562e+01,1.914337745330e+00,0.000000000000e+00
1.804000000000e-01,-4.697823223200e+00,1.305638792745e+01,1.387583542525e+01,1.916183986499e+00,0.000000000000e+00
1.808000000000e-01,-4.655269225787e+00,1.286381141689e+01,1.368024764885e+01,1.918022992692e+00,0.000000000000e+00
1.812000000000e-01,-4.612326731603e+00,1.267254585706e+01,1.348580647860e+01,1.919855017370e+00,0.000000000000e+00
1.816000000000e-01,-4.569040383479e+00,1.248267357911e+01,1.329260206688e+01,1.921680311748e+00,0.000000000000e+00
1.820000000000e-01,-4.525453401548e+00,1.229427158888e+01,1.310071915547e+01,1.923499133357e+00,0.000000000000e+00
1.824000000000e-01,-4.481606901229e+00,1.210740976171e+01,1.291023514716e+01,1.925311749551e+00,0.000000000000e+00
1.828000000000e-01,-4.437540593401e+00,1.192215334521e+01,1.272122269693e+01,1.927118426568e+00,0.000000000000e+00
1.832000000000e-01,-4.393292144475e+00,1.173856143328e+01,1.253374805833e+01,1.928919427813e+00,0.000000000000e+00
1.836000000000e-01,-4.348897877090e+00,1.155668862322e+01,1.234787288076e+01,1.930715024186e+00,0.000000000000e+00
1.840000000000e-01,-4.304392116361e+00,1.137658326137e+01,1.216365233777e+01,1.932505498795e+00,0.000000000000e+00
1.844000000000e-01,-4.259807889812e+00,1.119828992250e+01,1.198113769416e+01,1.934291133667e+00,0.000000000000e+00
1.848000000000e-01,-4.215176263207e+00,1.102184784354e+01,1.180037460490e+01,1.936072207309e+00,0.000000000000e+00
1.852000000000e-01,-4.170527123497e+00,1.084729270550e+01,1.162140505820e+01,1.937849006403e+00,0.000000000000e+00
1.856000000000e-01,-4.125888496785e+00,1.067465474447e+01,1.144426536749e+01,1.939621832960e+00,0.000000000000e+00
1.860000000000e-01,-4.081287283582e+00,1.050396130588e+01,1.126898881917e+01,1.941390988418e+00,0.000000000000e+00
1.864000000000e-01,-4.036748531713e+00,1.033523515837e+01,1.109560383608e+01,1.943156769895e+00,0.000000000000e+00
1.868000000000e-01,-3.992296304856e+00,1.016849643249e+01,1.092413609781e+01,1.944919482542e+00,0.000000000000e+00
1.872000000000e-01,-3.947952977898e+00,1.000376057634e+01,1.075460637980e+01,1.946679450837e+00,0.000000000000e+00
1.876000000000e-01,-3.903739986210e+00,9.841040927140e+00,1.058703322039e+01,1.948436999948e+00,0.000000000000e+00
1.880000000000e-01,-3.859677058890e+00,9.680346992778e+00,1.042143103895e+01,1.950192449874e+00,0.000000000000e+00
1.884000000000e-01,-3.815783108891e+00,9.521686413959e+00,1.025781228625e+01,1.951946127382e+00,0.000000000000e+00
1.888000000000e-01,-3.772075583201e+00,9.365062929582e+00,1.009618531330e+01,1.953698383278e+00,0.000000000000e+00
1.892000000000e-01,-3.728571142026e+00,9.210478736652e+00,9.936556814081e+00,1.955449571580e+00,0.000000000000e+00
1.896000000000e-01,-3.685284942648e+00,9.057932994849e+00,9.778930168872e+00,1.957200040372e+00,0.000000000000e+00
1.900000000000e-01,-3.642231419746e+00,8.907423520461e+00,9.623307305071e+00,1.958950142070e+00,0.000000000000e+00
1.904000000000e-01,-3.599423827472e+00,8.758945091934e+00,9.469686954345e+00,1.960700257689e+00,0.000000000000e+00
1.908000000000e-01,-3.556874721814e+00,8.612491236235e+00,9.318066488328e+00,1.962450776102e+00,0.000000000000e+00
1.912000000000e-01,-3.514595425190e+00,8.468053305174e+00,9.168440858839e+00,1.964202079863e+00,0.000000000000e+00
1.916000000000e-01,-3.472596543578e+00,8.325621567039e+00,9.020803801880e+00,1.965954552521e+00,0.000000000000e+00
1.920000000000e-01,-3.430887822713e+00,8.185184178823e+00,8.875146832211e+00,1.967708608905e+00,0.000000000000e+00
1.924000000000e-01,-3.389478357781e+00,8.046728119112e+00,8.731460184916e+00,1.969464679742e+00,0.000000000000e+00
1.928000000000e-01,-3.348376306341e+00,7.910239028083e+00,8.589732555224e+00,1.971223189857e+00,0.000000000000e+00
1.932000000000e-01,-3.307589074325e+00,7.775701579931e+00,8.449951511384e+00,1.972984561336e+00,0.000000000000e+00
1.936000000000e-01,-3.267123489162e+00,7.643099194186e+00,8.312103294931e+00,1.974749246358e+00,0.000000000000e+00
1.940000000000e-01,-3.226985795065e+00,7.512414126368e+00,8.176172902257e+00,1.976517725300e+00,0.000000000000e+00
1.944000000000e-01,-3.187181560853e+00,7.383627959596e+00,8.042144499297e+00,1.978290474706e+00,0.000000000000e+00
1.948000000000e-01,-3.147715592365e+00,7.256721439593e+00,7.910001232760e+00,1.980067964980e+00,0.000000000000e+00
1.952000000000e-01,-3.108592289193e+00,7.131674708256e+00,7.779725584159e+00,1.981850690041e+00,0.000000000000e+00
1.956000000000e-01,-3.069815602040e+00,7.008466848555e+00,7.651298935333e+00,1.983639187807e+00,0.000000000000e+00
1.960000000000e-01,-3.031388993396e+00,6.887076660440e+00,7.524702263616e+00,1.985433997812e+00,0.000000000000e+00
1.964000000000e-01,-2.993315221918e+00,6.767482348034e+00,7.399915766325e+00,1.987235651131e+00,0.000000000000e+00
1.968000000000e-01,-2.955596676896e+00,6.649661883127e+00,7.276919325950e+00,1.989044691191e+00,0.000000000000e+00
1.972000000000e-01,-2.918235488912e+00,6.533592453116e+00,7.155692049841e+00,1.990861719682e+00,0.000000000000e+00
1.976000000000e-01,-2.881233422860e+00,6.419251064967e+00,7.036212779052e+00,1.992687352360e+00,0.000000000000e+00
1.980000000000e-01,-2.844591667279e+00,6.306614473211e+00,6.918459934644e+00,1.994522195863e+00,0.000000000000e+00
1.984000000000e-01,-2.808310996892e+00,6.195659343817e+00,6.802411731136e+00,1.996366858050e+00,0.000000000000e+00
1.988000000000e-01,-2.772392069750e+00,6.086361942391e+00,6.688046013762e+00,1.998222006925e+00,0.000000000000e+00
1.992000000000e-01,-2.736835325967e+00,5.978698312995e+00,6.575340380488e+00,2.000088349788e+00,0.000000000000e+00
1.996000000000e-01,-2.701640757674e+00,5.872644526653e+00,6.464272311711e+00,2.001966587237e+00,0.000000000000e+00
2.000000000000e-01,-2.666807917886e+00,5.768176678989e+00,6.354819169019e+00,2.003857412793e+00,0.000000000000e+00
2.004000000000e-01,-2.632336235366e+00,5.665270775594e+00,6.246958221152e+00,2.005761564552e+00,0.000000000000e+00
2.008000000000e-01,-2.598225148092e+00,5.563902609928e+00,6.140666590277e+00,2.007679855986e+00,0.000000000000e+00
2.012000000000e-01,-2.564473741971e+00,5.464048095264e+00,6.035921401130e+00,2.009613103779e+00,0.000000000000e+00
2.016000000000e-01,-2.531080699373e+00,5.365683340960e+00,5.932699825729e+00,2.011562113219e+00,0.000000000000e+00
2.020000000000e-01,-2.498044455498e+00,5.268784545729e+00,5.830979050808e+00,2.013527707686e+00,0.000000000000e+00
2.024000000000e-01,-2.465363647927e+00,5.173327804678e+00,5.730736295728e+00,2.015510814054e+00,0.000000000000e+00
2.028000000000e-01,-2.433036711991e+00,5.079289294576e+00,5.631948808352e+00,2.017512391240e+00,0.000000000000e+00
2.032000000000e-01,-2.401061723912e+00,4.986645517631e+00,5.534594015874e+00,2.019533386646e+00,0.000000000000e+00
2.036000000000e-01,-2.369436429785e+00,4.895373212136e+00,5.438649453761e+00,2.021574745037e+00,0.000000000000e+00
2.040000000000e-01,-2.338158722699e+00,4.805449146690e+00,5.344092786803e+00,2.023637503585e+00,0.000000000000e+00
2.044000000000e-01,-2.307226614998e+00,4.716850132150e+00,5.250901810367e+00,2.025722792470e+00,0.000000000000e+00
2.048000000000e-01,-2.276637776179e+00,4.629553278747e+00,5.159054479717e+00,2.027831738739e+00,0.000000000000e+00
2.052000000000e-01,-2.246389553462e+00,4.543536121489e+00,5.068529028543e+00,2.029965456392e+00,0.000000000000e+00
2.056000000000e-01,-2.216479173858e+00,4.458776336227e+00,4.979303801200e+00,2.032125104433e+00,0.000000000000e+00
2.060000000000e-01,-2.186904316947e+00,4.375251644782e+00,4.891357423727e+00,2.034312002258e+00,0.000000000000e+00
2.064000000000e-01,-2.157662435593e+00,4.292939960079e+00,4.804668634444e+00,2.036527501716e+00,0.000000000000e+00
2.068000000000e-01,-2.128750666016e+00,4.211819715532e+00,4.719216536058e+00,2.038772939056e+00,0.000000000000e+00
2.072000000000e-01,-2.100165837602e+00,4.131869650705e+00,4.634980405120e+00,2.041049653214e+00,0.000000000000e+00
2.076000000000e-01,-2.071905163585e+00,4.053068578284e+00,4.551939796083e+00,2.043359141878e+00,0.000000000000e+00
2.080000000000e-01,-2.043966064951e+00,3.975395419137e+00,4.470074497496e+00,2.045703034590e+00,0.000000000000e+00
2.084000000000e-01,-2.016345598360e+00,3.898829501484e+00,4.389364538708e+00,2.048082954741e+00,0.000000000000e+00
2.088000000000e-01,-1.989040495907e+00,3.823350694993e+00,4.309790323353e+00,2.050500509460e+00,0.000000000000e+00
2.092000000000e-01,-1.962047432838e+00,3.748939027868e+00,4.231332409937e+00,2.052957382455e+00,0.000000000000e+00
2.096000000000e-01,-1.935363788772e+00,3.675574561414e+00,4.153971756212e+00,2.055455514416e+00,0.000000000000e+00
2.100000000000e-01,-1.908986703726e+00,3.603237586928e+00,4.077689461307e+00,2.057996896061e+00,0.000000000000e+00
2.104000000000e-01,-1.882912964069e+00,3.531909020786e+00,4.002467059374e+00,2.060583497622e+00,0.000000000000e+00
2.108000000000e-01,-1.857139004547e+00,3.461570153903e+00,3.928286294633e+00,2.063217292872e+00,0.000000000000e+00
2.112000000000e-01,-1.831661813137e+00,3.392202298079e+00,3.855129236328e+00,2.065900505783e+00,0.000000000000e+00
2.116000000000e-01,-1.806478779366e+00,3.323786828562e+00,3.782978252914e+00,2.068635589644e+00,0.000000000000e+00
2.120000000000e-01,-1.781586846938e+00,3.256305571300e+00,3.711815952719e+00,2.071424994048e+00,0.000000000000e+00
2.124000000000e-01,-1.756982565135e+00,3.189741003070e+00,3.641625378983e+00,2.074271145441e+00,0.000000000000e+00
2.128000000000e-01,-1.732662362428e+00,3.124075785577e+00,3.572389729047e+00,2.077176569472e+00,0.000000000000e+00
2.132000000000e-01,-1.708623708168e+00,3.059292457810e+00,3.504092652675e+00,2.080144228544e+00,0.000000000000e+00
2.136000000000e-01,-1.684863885320e+00,2.995373771419e+00,3.436717960869e+00,2.083177199695e+00,0.000000000000e+00
2.140000000000e-01,-1.661379691121e+00,2.932303166253e+00,3.370249892350e+00,2.086278533442e+00,0.000000000000e+00
2.144000000000e-01,-1.638167444839e+00,2.870064589380e+00,3.304672952736e+00,2.089451273278e+00,0.000000000000e+00
2.148000000000e-01,-1.615224052200e+00,2.808641921212e+00,3.239971941298e+00,2.092698821891e+00,0.000000000000e+00
2.152000000000e-01,-1.592547267093e+00,2.748018908470e+00,3.176132037437e+00,2.096025052920e+00,0.000000000000e+00
2.156000000000e-01,-1.570134265743e+00,2.688179755444e+00,3.113138610798e+00,2.099433859770e+00,0.000000000000e+00
2.160000000000e-01,-1.547981670385e+00,2.629109466692e+00,3.050977521991e+00,2.102929099663e+00,0.000000000000e+00
2.164000000000e-01,-1.526085744203e+00,2.570793348890e+00,2.989634783942e+00,2.106514721685e+00,0.000000000000e+00
2.168000000000e-01,-1.504444173881e+00,2.513216304448e+00,2.929096868536e+00,2.110195415133e+00,0.000000000000e+00
2.172000000000e-01,-1.483054769232e+00,2.456363303167e+00,2.869350471045e+00,2.113976204346e+00,0.000000000000e+00
2.176000000000e-01,-1.461914593311e+00,2.400220066610e+00,2.810382651222e+00,2.117862083191e+00,0.000000000000e+00
2.180000000000e-01,-1.441020006199e+00,2.344773069983e+00,2.752180845799e+00,2.121858013637e+00,0.000000000000e+00
2.184000000000e-01,-1.420367677591e+00,2.290008746333e+00,2.694732713615e+00,2.125969385979e+00,0.000000000000e+00
2.188000000000e-01,-1.399955996071e+00,2.235912906751e+00,2.638026405764e+00,2.130202624229e+00,0.000000000000e+00
2.192000000000e-01,-1.379782706013e+00,2.182471782452e+00,2.582050231311e+00,2.134564295547e+00,0.000000000000e+00
2.196000000000e-01,-1.359844680920e+00,2.129672617355e+00,2.526793029383e+00,2.139060910854e+00,0.000000000000e+00
2.200000000000e-01,-1.340138006114e+00,2.077503271698e+00,2.472243863244e+00,2.143699016787e+00,0.000000000000e+00
2.204000000000e-01,-1.320660331614e+00,2.025950936903e+00,2.418392215964e+00,2.148486291020e+00,0.000000000000e+00
2.208000000000e-01,-1.301410418490e+00,1.975002331177e+00,2.365227956352e+00,2.153431447764e+00,0.000000000000e+00
2.212000000000e-01,-1.282385877977e+00,1.924645017902e+00,2.312741227412e+00,2.158543207018e+00,0.000000000000e+00
2.216000000000e-01,-1.263583239438e+00,1.874867738638e+00,2.260922740912e+00,2.163830217596e+00,0.000000000000e+00
2.220000000000e-01,-1.244998580353e+00,1.825659547082e+00,2.209763391618e+00,2.169301481416e+00,0.000000000000e+00
2.224000000000e-01,-1.226630852691e+00,1.777008050563e+00,2.159254700247e+00,2.174968106200e+00,0.000000000000e+00
2.228000000000e-01,-1.208478884971e+00,1.728900916881e+00,2.109388441186e+00,2.180841954074e+00,0.000000000000e+00
2.232000000000e-01,-1.190540031873e+00,1.681327150309e+00,2.060156924571e+00,2.186934811861e+00,0.000000000000e+00
2.236000000000e-01,-1.172810254325e+00,1.634277009146e+00,2.011552941206e+00,2.193258404863e+00,0.000000000000e+00
2.240000000000e-01,-1.155286350411e+00,1.587740265447e+00,1.963569632575e+00,2.199825796634e+00,0.000000000000e+00
2.244000000000e-01,-1.137968424595e+00,1.541704788509e+00,1.916200874201e+00,2.206652998988e+00,0.000000000000e+00
2.248000000000e-01,-1.120855149456e+00,1.496159273766e+00,1.869440782303e+00,2.213756394249e+00,0.000000000000e+00
2.252000000000e-01,-1.103943417318e+00,1.451094311824e+00,1.823284336150e+00,2.221152232940e+00,0.000000000000e+00
2.256000000000e-01,-1.087228513811e+00,1.406501686342e+00,1.777726872983e+00,2.228856878915e+00,0.000000000000e+00
2.260000000000e-01,-1.070708909467e+00,1.362371159396e+00,1.732764480466e+00,2.236890097573e+00,0.000000000000e+00
2.264000000000e-01,-1.054385368715e+00,1.318690886393e+00,1.688393958653e+00,2.245274878582e+00,0.000000000000e+00
2.268000000000e-01,-1.038256208924e+00,1.275450779853e+00,1.644612613109e+00,2.254034268390e+00,0.000000000000e+00
2.272000000000e-01,-1.022317556513e+00,1.232643214971e+00,1.601418896407e+00,2.263191144574e+00,0.000000000000e+00
2.276000000000e-01,-1.006564358763e+00,1.190261269065e+00,1.558811629726e+00,2.272769320690e+00,0.000000000000e+00
2.280000000000e-01,-9.909974457242e-01,1.148293952985e+00,1.516791000729e+00,2.282799177851e+00,0.000000000000e+00
2.284000000000e-01,-9.756176232396e-01,1.106729837848e+00,1.475357814484e+00,2.293313839088e+00,0.000000000000e+00
2.288000000000e-01,-9.604226367032e-01,1.065560417593e+00,1.434514079622e+00,2.304346301185e+00,0.000000000000e+00
2.292000000000e-01,-9.454074744814e-01,1.024780116296e+00,1.394263095531e+00,2.315929419716e+00,0.000000000000e+00
2.296000000000e-01,-9.305679072087e-01,9.843824609566e-01,1.354608969174e+00,2.328099561551e+00,0.000000000000e+00
2.300000000000e-01,-9.159069394894e-01,9.443553695968e-01,1.315557899102e+00,2.340902983953e+00,0.000000000000e+00
2.304000000000e-01,-9.014247656964e-01,9.046881068029e-01,1.277116744390e+00,2.354387660949e+00,0.000000000000e+00
2.308000000000e-01,-8.871184820893e-01,8.653741772038e-01,1.239294826841e+00,2.368601497452e+00,0.000000000000e+00
2.312000000000e-01,-8.729818790159e-01,8.264100993325e-01,1.202102746594e+00,2.383592598786e+00,0.000000000000e+00
2.316000000000e-01,-8.590131761855e-01,7.877884550409e-01,1.165553210607e+00,2.399417886860e+00,0.000000000000e+00
2.320000000000e-01,-8.452160527595e-01,7.494966154599e-01,1.129661609699e+00,2.416145562039e+00,0.000000000000e+00
2.324000000000e-01,-8.315896633573e-01,7.115250330323e-01,1.094444718035e+00,2.433844726616e+00,0.000000000000e+00
2.328000000000e-01,-8.181309359159e-01,6.738691387516e-01,1.059923508780e+00,2.452585058144e+00,0.000000000000e+00
2.332000000000e-01,-8.048334801176e-01,6.365264569200e-01,1.026120295617e+00,2.472437666906e+00,0.000000000000e+00
2.336000000000e-01,-7.916981367070e-01,5.994883284429e-01,9.930620300891e-01,2.493487807325e+00,0.000000000000e+00
2.340000000000e-01,-7.787266869834e-01,5.627434403410e-01,9.607785554783e-01,2.515829402779e+00,0.000000000000e+00
2.344000000000e-01,-7.659179056769e-01,5.262836505329e-01,9.293033514707e-01,2.539557945599e+00,0.000000000000e+00
2.348000000000e-01,-7.532701905640e-01,4.901038979168e-01,8.986755870422e-01,2.564771214315e+00,0.000000000000e+00
2.352000000000e-01,-7.407789583366e-01,4.541998757643e-01,8.689367021012e-01,2.591568680587e+00,0.000000000000e+00
2.356000000000e-01,-7.284440169969e-01,4.185664219833e-01,8.401360220289e-01,2.620056466754e+00,0.000000000000e+00
2.360000000000e-01,-7.162631830485e-01,3.831968996750e-01,8.123255574653e-01,2.650342884370e+00,0.000000000000e+00
2.364000000000e-01,-7.042376046391e-01,3.480820325874e-01,7.855645773569e-01,2.682541241297e+00,0.000000000000e+00
2.368000000000e-01,-6.923697919155e-01,3.132081807830e-01,7.599179516675e-01,2.716768553747e+00,0.000000000000e+00
2.372000000000e-01,-6.806564893813e-01,2.785689115435e-01,7.354548898576e-01,2.753124769721e+00,0.000000000000e+00
2.376000000000e-01,-6.690912599645e-01,2.441746290825e-01,7.122530194029e-01,2.791675408311e+00,0.000000000000e+00
2.380000000000e-01,-6.576707656880e-01,2.100250228060e-01,6.903921684414e-01,2.832482390444e+00,0.000000000000e+00
2.384000000000e-01,-6.463999142750e-01,1.761033688483e-01,6.699591373319e-01,2.875610635068e+00,0.000000000000e+00
2.388000000000e-01,-6.352845390643e-01,1.423760365581e-01,6.510433022159e-01,2.921121862440e+00,0.000000000000e+00
2.392000000000e-01,-6.243180636847e-01,1.088452892994e-01,6.337352299231e-01,2.968984838371e+00,0.000000000000e+00
2.396000000000e-01,-6.134934635779e-01,7.554005734194e-02,6.181266295154e-01,3.019078336680e+00,0.000000000000e+00
2.400000000000e-01,-6.028125361797e-01,4.246153521691e-02,6.043061606077e-01,3.071269768018e+00,0.000000000000e+00
2.404000000000e-01,-5.922769303541e-01,9.587341406799e-03,5.923545216717e-01,3.125406805948e+00,0.000000000000e+00
2.408000000000e-01,-5.818892343877e-01,-2.312595521173e-02,5.823485991232e-01,3.181314630870e+00,0.000000000000e+00
2.412000000000e-01,-5.716415114521e-01,-5.566822745151e-02,5.743456878596e-01,3.238669658913e+00,0.000000000000e+00
2.416000000000e-01,-5.615364864275e-01,-8.802171873181e-02,5.683933924298e-01,3.297078962104e+00,0.000000000000e+00
2.420000000000e-01,-5.515765892514e-01,-1.201868684573e-01,5.645189254222e-01,3.356136134865e+00,0.000000000000e+00
2.424000000000e-01,-5.417595739465e-01,-1.521704331142e-01,5.627248676546e-01,3.415418911503e+00,0.000000000000e+00
2.428000000000e-01,-5.320894360566e-01,-1.839895037344e-01,5.630020474629e-01,3.474509146338e+00,0.000000000000e+00
2.432000000000e-01,-5.225539894849e-01,-2.156618117491e-01,5.653076056215e-01,3.533005319422e+00,0.000000000000e+00
2.436000000000e-01,-5.131527400509e-01,-2.471970555273e-01,5.695894301013e-01,3.590511377525e+00,0.000000000000e+00
2.440000000000e-01,-5.038841420154e-01,-2.785925423407e-01,5.757716849780e-01,3.646652025828e+00,0.000000000000e+00
2.444000000000e-01,-4.947609238414e-01,-3.098270894866e-01,5.837646761668e-01,3.701065747896e+00,0.000000000000e+00
2.448000000000e-01,-4.857924144262e-01,-3.409005414717e-01,5.934706809016e-01,3.753486238596e+00,0.000000000000e+00
2.452000000000e-01,-4.769565223765e-01,-3.718490453498e-01,6.047803210795e-01,3.803788122934e+00,0.000000000000e+00
2.456000000000e-01,-4.682431682618e-01,-4.026872394116e-01,6.175829316042e-01,3.851861346567e+00,0.000000000000e+00
2.460000000000e-01,-4.596560518646e-01,-4.334110722441e-01,6.317664470036e-01,3.897611806645e+00,0.000000000000e+00
2.464000000000e-01,-4.512168070000e-01,-4.639996547900e-01,6.472188861309e-01,3.940956930147e+00,0.000000000000e+00
2.468000000000e-01,-4.429275959162e-01,-4.944599232644e-01,6.638339181894e-01,3.981909947872e+00,0.000000000000e+00
2.472000000000e-01,-4.347715784274e-01,-5.248127730426e-01,6.815091871404e-01,4.020550407583e+00,0.000000000000e+00
2.476000000000e-01,-4.267413071712e-01,-5.550663600569e-01,7.001477039261e-01,4.056956920684e+00,0.000000000000e+00
2.480000000000e-01,-4.188424648978e-01,-5.852213313297e-01,7.196617379331e-01,4.091204133572e+00,0.000000000000e+00
2.484000000000e-01,-4.110839722497e-01,-6.152729088843e-01,7.399667456362e-01,4.123372092140e+00,0.000000000000e+00
2.488000000000e-01,-4.034659177663e-01,-6.452282953603e-01,7.609890274718e-01,4.153568766468e+00,0.000000000000e+00
2.492000000000e-01,-3.959832810012e-01,-6.750939252915e-01,7.826586527970e-01,4.181910244237e+00,0.000000000000e+00
2.496000000000e-01,-3.886344186656e-01,-7.048752910650e-01,8.049135899744e-01,4.208508339553e+00,0.000000000000e+00
2.500000000000e-01,-3.814187859335e-01,-7.345772880601e-01,8.276980623372e-01,4.233471462140e+00,0.000000000000e+00
2.504000000000e-01,-3.743360550034e-01,-7.642028615747e-01,8.509603373333e-01,4.256903491361e+00,0.000000000000e+00
2.508000000000e-01,-3.673906087766e-01,-7.937554724007e-01,8.746562807088e-01,4.278899603268e+00,0.000000000000e+00
2.512000000000e-01,-3.605833168430e-01,-8.232376430893e-01,8.987438708468e-01,4.299553614213e+00,0.000000000000e+00
2.516000000000e-01,-3.539132051025e-01,-8.526551812454e-01,9.231876379429e-01,4.318957485112e+00,0.000000000000e+00
2.520000000000e-01,-3.473747869973e-01,-8.820139078868e-01,9.479545222990e-01,4.337201817154e+00,0.000000000000e+00
2.524000000000e-01,-3.409686893926e-01,-9.113174873384e-01,9.730155239640e-01,4.354364444238e+00,0.000000000000e+00
2.528000000000e-01,-3.347007732407e-01,-9.405680557156e-01,9.983450681205e-01,4.370512464111e+00,0.000000000000e+00
2.532000000000e-01,-3.285726978148e-01,-9.697686218926e-01,1.023919526993e+00,4.385712564119e+00,0.000000000000e+00
2.536000000000e-01,-3.225819233340e-01,-9.989249043240e-01,1.049719039429e+00,4.400031275507e+00,0.000000000000e+00
2.540000000000e-01,-3.167229097376e-01,-1.028042017571e+00,1.075724774952e+00,4.413532615980e+00,0.000000000000e+00
2.544000000000e-01,-3.109994771401e-01,-1.057123076314e+00,1.101920992294e+00,4.426267082686e+00,0.000000000000e+00
2.548000000000e-01,-3.054161782789e-01,-1.086170470009e+00,1.128293105480e+00,4.438280626831e+00,0.000000000000e+00
2.552000000000e-01,-2.999736539140e-01,-1.115188112950e+00,1.154828437608e+00,4.449619424933e+00,0.000000000000e+00
2.556000000000e-01,-2.946684031147e-01,-1.144181087800e+00,1.181515903182e+00,4.460329806614e+00,0.000000000000e+00
2.560000000000e-01,-2.894980072100e-01,-1.173153611113e+00,1.208345352723e+00,4.470453511408e+00,0.000000000000e+00
2.564000000000e-01,-2.844671670557e-01,-1.202108653011e+00,1.235308375580e+00,4.480023279565e+00,0.000000000000e+00
2.568000000000e-01,-2.795787211656e-01,-1.231049175600e+00,1.262397058803e+00,4.489070871439e+00,0.000000000000e+00
2.572000000000e-01,-2.748322866624e-01,-1.259979435748e+00,1.289604964437e+00,4.497628368341e+00,0.000000000000e+00
2.576000000000e-01,-2.702246903307e-01,-1.288903867420e+00,1.316926179675e+00,4.505727571631e+00,0.000000000000e+00
2.580000000000e-01,-2.657568412208e-01,-1.317826115060e+00,1.344355744656e+00,4.513394841150e+00,0.000000000000e+00
2.584000000000e-01,-2.614325575688e-01,-1.346749269113e+00,1.371889418289e+00,4.520652469322e+00,0.000000000000e+00
2.588000000000e-01,-2.572534193993e-01,-1.375676780369e+00,1.399523463840e+00,4.527522785557e+00,0.000000000000e+00
2.592000000000e-01,-2.532185128119e-01,-1.404612807123e+00,1.427254971322e+00,4.534028348301e+00,0.000000000000e+00
2.596000000000e-01,-2.493261310213e-01,-1.433561316466e+00,1.455081292464e+00,4.540190637056e+00,0.000000000000e+00
2.600000000000e-01,-2.455789916059e-01,-1.462525727610e+00,1.483000520917e+00,4.546026630399e+00,0.000000000000e+00
2.604000000000e-01,-2.419797518783e-01,-1.491509306536e+00,1.511010989967e+00,4.551552172864e+00,0.000000000000e+00
2.608000000000e-01,-2.385292213882e-01,-1.520515776424e+00,1.539111567045e+00,4.556783277265e+00,0.000000000000e+00
2.612000000000e-01,-2.352264594608e-01,-1.549549078987e+00,1.567301450079e+00,4.561736011288e+00,0.000000000000e+00
2.616000000000e-01,-2.320718177732e-01,-1.578612892571e+00,1.595580143144e+00,4.566424552431e+00,0.000000000000e+00
2.620000000000e-01,-2.290681900953e-01,-1.607710609926e+00,1.623947548716e+00,4.570860580611e+00,0.000000000000e+00
2.624000000000e-01,-2.262174442449e-01,-1.636845676406e+00,1.652403734094e+00,4.575055651426e+00,0.000000000000e+00
2.628000000000e-01,-2.235200266942e-01,-1.666021884481e+00,1.680949172909e+00,4.579021458533e+00,0.000000000000e+00
2.632000000000e-01,-2.209755732441e-01,-1.695242997048e+00,1.709584459163e+00,4.582769432252e+00,0.000000000000e+00
2.636000000000e-01,-2.185860140614e-01,-1.724512562351e+00,1.738310508295e+00,4.586308972143e+00,0.000000000000e+00
2.640000000000e-01,-2.163538001008e-01,-1.753834017745e+00,1.767128384871e+00,4.589648610325e+00,0.000000000000e+00
2.644000000000e-01,-2.142803537973e-01,-1.783210969990e+00,1.796039374155e+00,4.592796953376e+00,0.000000000000e+00
2.648000000000e-01,-2.123660677880e-01,-1.812647172704e+00,1.825044963682e+00,4.595762672442e+00,0.000000000000e+00
2.652000000000e-01,-2.106117292391e-01,-1.842146282914e+00,1.854146765536e+00,4.598553717011e+00,0.000000000000e+00
2.656000000000e-01,-2.090198493687e-01,-1.871711828720e+00,1.883346613664e+00,4.601176664923e+00,0.000000000000e+00
2.660000000000e-01,-2.075924923151e-01,-1.901347334188e+00,1.912646420039e+00,4.603637960132e+00,0.000000000000e+00
2.664000000000e-01,-2.063308981839e-01,-1.931056504677e+00,1.942048316546e+00,4.605944124684e+00,0.000000000000e+00
2.668000000000e-01,-2.052357688355e-01,-1.960843049076e+00,1.971554509498e+00,4.608101597199e+00,0.000000000000e+00
2.672000000000e-01,-2.043090649652e-01,-1.990710591262e+00,2.001167372358e+00,4.610115839845e+00,0.000000000000e+00
2.676000000000e-01,-2.035532494798e-01,-2.020662695220e+00,2.030889374936e+00,4.611991779845e+00,0.000000000000e+00
2.680000000000e-01,-2.029701976439e-01,-2.050703008399e+00,2.060723108472e+00,4.613734380258e+00,0.000000000000e+00
2.684000000000e-01,-2.025611760486e-01,-2.080835273319e+00,2.090671295238e+00,4.615348646962e+00,0.000000000000e+00
2.688000000000e-01,-2.023276516845e-01,-2.111063191685e+00,2.120736729988e+00,4.616839238649e+00,0.000000000000e+00
2.692000000000e-01,-2.022721933039e-01,-2.141390413805e+00,2.150922347394e+00,4.618210072556e+00,0.000000000000e+00
2.696000000000e-01,-2.023971456242e-01,-2.171820585458e+00,2.181231134011e+00,4.619464982103e+00,0.000000000000e+00
2.700000000000e-01,-2.027043618874e-01,-2.202357470307e+00,2.211666223765e+00,4.620607847676e+00,0.000000000000e+00
2.704000000000e-01,-2.031953940246e-01,-2.233004838054e+00,2.242230803223e+00,4.621642503719e+00,0.000000000000e+00
2.708000000000e-01,-2.038726132649e-01,-2.263766429651e+00,2.272928175384e+00,4.622572248848e+00,0.000000000000e+00
2.712000000000e-01,-2.047387131377e-01,-2.294645958552e+00,2.303761709847e+00,4.623400095884e+00,0.000000000000e+00
2.716000000000e-01,-2.057960342323e-01,-2.325647203643e+00,2.334734872211e+00,4.624129082000e+00,0.000000000000e+00
2.720000000000e-01,-2.070465597152e-01,-2.356774009433e+00,2.365851223012e+00,4.624762268681e+00,0.000000000000e+00
2.724000000000e-01,-2.084924982465e-01,-2.388030203797e+00,2.397114385271e+00,4.625302494500e+00,0.000000000000e+00
2.728000000000e-01,-2.101367515654e-01,-2.419419602469e+00,2.428528086551e+00,4.625752197465e+00,0.000000000000e+00
2.732000000000e-01,-2.119820697302e-01,-2.450946028786e+00,2.460096102576e+00,4.626113783132e+00,0.000000000000e+00
2.736000000000e-01,-2.140309071836e-01,-2.482613402911e+00,2.491822332660e+00,4.626389687168e+00,0.000000000000e+00
2.740000000000e-01,-2.162856042055e-01,-2.514425646193e+00,2.523710718925e+00,4.626582298367e+00,0.000000000000e+00
2.744000000000e-01,-2.187491246893e-01,-2.546386684441e+00,2.555765311262e+00,4.626693673873e+00,0.000000000000e+00
2.748000000000e-01,-2.214245739051e-01,-2.578500432921e+00,2.587990209507e+00,4.626725744728e+00,0.000000000000e+00
2.752000000000e-01,-2.243148398708e-01,-2.610770882143e+00,2.620389617296e+00,4.626680462763e+00,0.000000000000e+00
2.756000000000e-01,-2.274226213962e-01,-2.643202064902e+00,2.652967810703e+00,4.626559787712e+00,0.000000000000e+00
2.760000000000e-01,-2.307509282534e-01,-2.675798017876e+00,2.685729141845e+00,4.626365499883e+00,0.000000000000e+00
2.764000000000e-01,-2.343031714140e-01,-2.708562782936e+00,2.718678047368e+00,4.626099177909e+00,0.000000000000e+00
2.768000000000e-01,-2.380826434854e-01,-2.741500433041e+00,2.751819029204e+00,4.625762399782e+00,0.000000000000e+00
2.772000000000e-01,-2.420924698499e-01,-2.774615124540e+00,2.785156701747e+00,4.625356762096e+00,0.000000000000e+00
2.776000000000e-01,-2.463358354270e-01,-2.807911014099e+00,2.818695727976e+00,4.624883796309e+00,0.000000000000e+00
2.780000000000e-01,-2.508164029005e-01,-2.841392285926e+00,2.852440882907e+00,4.624344827392e+00,0.000000000000e+00
2.784000000000e-01,-2.555378525307e-01,-2.875063125772e+00,2.886396987812e+00,4.623741144064e+00,0.000000000000e+00
2.788000000000e-01,-2.605037410125e-01,-2.908927815406e+00,2.920568991536e+00,4.623074052065e+00,0.000000000000e+00
2.792000000000e-01,-2.657175786777e-01,-2.942990652055e+00,2.954961896489e+00,4.622344844931e+00,0.000000000000e+00
2.796000000000e-01,-2.711832547670e-01,-2.977255966025e+00,2.989580814244e+00,4.621554663683e+00,0.000000000000e+00
2.800000000000e-01,-2.769048333463e-01,-3.011728091915e+00,3.024430919423e+00,4.620704572104e+00,0.000000000000e+00
2.804000000000e-01,-2.828863027034e-01,-3.046411438422e+00,3.059517496666e+00,4.619795645042e+00,0.000000000000e+00
2.808000000000e-01,-2.891315877161e-01,-3.081310465484e+00,3.094845918575e+00,4.618828963414e+00,0.000000000000e+00
2.812000000000e-01,-2.956448453844e-01,-3.116429655548e+00,3.130421644536e+00,4.617805519270e+00,0.000000000000e+00
2.816000000000e-01,-3.024305228216e-01,-3.151773517891e+00,3.166250231617e+00,4.616726202943e+00,0.000000000000e+00
2.820000000000e-01,-3.094930474298e-01,-3.187346601944e+00,3.202337319417e+00,4.615591905782e+00,0.000000000000e+00
2.824000000000e-01,-3.168368009986e-01,-3.223153545390e+00,3.238688675317e+00,4.614403529844e+00,0.000000000000e+00
2.828000000000e-01,-3.244662861007e-01,-3.259198996469e+00,3.275310133316e+00,4.613161934803e+00,0.000000000000e+00
2.832000000000e-01,-3.323863400667e-01,-3.295487654864e+00,3.312207656900e+00,4.611867877543e+00,0.000000000000e+00
2.836000000000e-01,-3.406018452257e-01,-3.332024234027e+00,3.349387274280e+00,4.610522103195e+00,0.000000000000e+00
2.840000000000e-01,-3.491176664057e-01,-3.368813558320e+00,3.386855168991e+00,4.609125367463e+00,0.000000000000e+00
2.844000000000e-01,-3.579387320104e-01,-3.405860462167e+00,3.424617587940e+00,4.607678409949e+00,0.000000000000e+00
2.848000000000e-01,-3.670702911430e-01,-3.443169844604e+00,3.462680923422e+00,4.606181883212e+00,0.000000000000e+00
2.852000000000e-01,-3.765177055532e-01,-3.480746611374e+00,3.501051635607e+00,4.604636415344e+00,0.000000000000e+00
2.856000000000e-01,-3.862863487014e-01,-3.518595779896e+00,3.539736346890e+00,4.603042643296e+00,0.000000000000e+00
2.860000000000e-01,-3.963816421010e-01,-3.556722393803e+00,3.578741761119e+00,4.601401200278e+00,0.000000000000e+00
2.864000000000e-01,-4.068092860657e-01,-3.595131559802e+00,3.618074726635e+00,4.599712654172e+00,0.000000000000e+00
2.868000000000e-01,-4.175751535781e-01,-3.633828401336e+00,3.657742180532e+00,4.597977539020e+00,0.000000000000e+00
2.872000000000e-01,-4.286851580771e-01,-3.672818139719e+00,3.697751215564e+00,4.596196395397e+00,0.000000000000e+00
2.876000000000e-01,-4.401452671863e-01,-3.712106047545e+00,3.738109035923e+00,4.594369765621e+00,0.000000000000e+00
2.880000000000e-01,-4.519616875311e-01,-3.751697451434e+00,3.778822982635e+00,4.592498145735e+00,0.000000000000e+00
2.884000000000e-01,-4.641408413044e-01,-3.791597712505e+00,3.819900513631e+00,4.590581994073e+00,0.000000000000e+00
2.888000000000e-01,-4.766892196833e-01,-3.831812271769e+00,3.861349232877e+00,4.588621772997e+00,0.000000000000e+00
2.892000000000e-01,-4.896133846420e-01,-3.872346647216e+00,3.903176888462e+00,4.586617948824e+00,0.000000000000e+00
2.896000000000e-01,-5.029201104877e-01,-3.913206400632e+00,3.945391358468e+00,4.584570955643e+00,0.000000000000e+00
2.900000000000e-01,-5.166164140368e-01,-3.954397147084e+00,3.988000666515e+00,4.582481190478e+00,0.000000000000e+00
2.904000000000e-01,-5.307094085814e-01,-3.995924565639e+00,4.031012975746e+00,4.580349052233e+00,0.000000000000e+00
2.908000000000e-01,-5.452062996468e-01,-4.037794434148e+00,4.074436623830e+00,4.578174944482e+00,0.000000000000e+00
2.912000000000e-01,-5.601144929294e-01,-4.080012566308e+00,4.118280076248e+00,4.575959247983e+00,0.000000000000e+00
2.916000000000e-01,-5.754416527029e-01,-4.122584845169e+00,4.162551969800e+00,4.573702309779e+00,0.000000000000e+00
2.920000000000e-01,-5.911955653415e-01,-4.165517206905e+00,4.207261080264e+00,4.571404477373e+00,0.000000000000e+00
2.924000000000e-01,-6.073841330062e-01,-4.208815702628e+00,4.252416384094e+00,4.569066102998e+00,0.000000000000e+00
2.928000000000e-01,-6.240154582692e-01,-4.252486414869e+00,4.298026989306e+00,4.566687521978e+00,0.000000000000e+00
2.932000000000e-01,-6.410979124428e-01,-4.296535507291e+00,4.344102197089e+00,4.564269040477e+00,0.000000000000e+00
2.936000000000e-01,-6.586400124484e-01,-4.340969191717e+00,4.390651453877e+00,4.561810964545e+00,0.000000000000e+00
2.940000000000e-01,-6.766504154904e-01,-4.385793805045e+00,4.437684428298e+00,4.559313604746e+00,0.000000000000e+00
2.944000000000e-01,-6.951379891240e-01,-4.431015714895e+00,4.485210930332e+00,4.556777258234e+00,0.000000000000e+00
2.948000000000e-01,-7.141118772432e-01,-4.476641376807e+00,4.533240980773e+00,4.554202197849e+00,0.000000000000e+00
2.952000000000e-01,-7.335813912321e-01,-4.522677295756e+00,4.581784759142e+00,4.551588696493e+00,0.000000000000e+00
2.956000000000e-01,-7.535560077316e-01,-4.569130105506e+00,4.630852683667e+00,4.548937031246e+00,0.000000000000e+00
2.960000000000e-01,-7.740454311953e-01,-4.616006473953e+00,4.680455330108e+00,4.546247467696e+00,0.000000000000e+00
2.964000000000e-01,-7.950596489474e-01,-4.663313157740e+00,4.730603497709e+00,4.543520251864e+00,0.000000000000e+00
2.968000000000e-01,-8.166088372368e-01,-4.711056971407e+00,4.781308166276e+00,4.540755630537e+00,0.000000000000e+00
2.972000000000e-01,-8.387033627872e-01,-4.759244853989e+00,4.832580564354e+00,4.537953854241e+00,0.000000000000e+00
2.976000000000e-01,-8.613538436529e-01,-4.807883787644e+00,4.884432102043e+00,4.535115162971e+00,0.000000000000e+00
2.980000000000e-01,-8.845711863227e-01,-4.856980836212e+00,4.936874418800e+00,4.532239781685e+00,0.000000000000e+00
2.984000000000e-01,-9.083665088670e-01,-4.906543139025e+00,4.989919367038e+00,4.529327937101e+00,0.000000000000e+00
2.988000000000e-01,-9.327511450896e-01,-4.956577944773e+00,5.043579048779e+00,4.526379859077e+00,0.000000000000e+00
2.992000000000e-01,-9.577367085993e-01,-5.007092562096e+00,5.097865781716e+00,4.523395767428e+00,0.000000000000e+00
2.996000000000e-01,-9.833351055550e-01,-5.058094364261e+00,5.152792109875e+00,4.520375871247e+00,0.000000000000e+00
3.000000000000e-01,-1.009558479291e+00,-5.109590828317e+00,5.208370835101e+00,4.517320382446e+00,0.000000000000e+00
3.004000000000e-01,-1.036419214161e+00,-5.161589512413e+00,5.264614998472e+00,4.514229515222e+00,0.000000000000e+00
3.008000000000e-01,-1.063930006245e+00,-5.214098060096e+00,5.321537901630e+00,4.511103474203e+00,0.000000000000e+00
3.012000000000e-01,-1.092103846959e+00,-5.267124153202e+00,5.379153061383e+00,4.507942457345e+00,0.000000000000e+00
3.016000000000e-01,-1.120953994297e+00,-5.320675613552e+00,5.437474307247e+00,4.504746666373e+00,0.000000000000e+00
3.020000000000e-01,-1.150493973490e+00,-5.374760305573e+00,5.496515689544e+00,4.501516304100e+00,0.000000000000e+00
3.024000000000e-01,-1.180737653648e+00,-5.429386207353e+00,5.556291568603e+00,4.498251564675e+00,0.000000000000e+00
3.028000000000e-01,-1.211699203075e+00,-5.484561309220e+00,5.616816510563e+00,4.494952639244e+00,0.000000000000e+00
3.032000000000e-01,-1.243393088240e+00,-5.540293771071e+00,5.678105444746e+00,4.491619723388e+00,0.000000000000e+00
3.036000000000e-01,-1.275834073481e+00,-5.596591762946e+00,5.740173511674e+00,4.488253012238e+00,0.000000000000e+00
3.040000000000e-01,-1.309037292404e+00,-5.653463578786e+00,5.803036194059e+00,4.484852693974e+00,0.000000000000e+00
3.044000000000e-01,-1.343018189666e+00,-5.710917526045e+00,5.866709200826e+00,4.481418956960e+00,0.000000000000e+00
3.048000000000e-01,-1.377792536114e+00,-5.768962070963e+00,5.931208616191e+00,4.477951994022e+00,0.000000000000e+00
3.052000000000e-01,-1.413376441291e+00,-5.827605695604e+00,5.996550767585e+00,4.474451996057e+00,0.000000000000e+00
3.056000000000e-01,-1.449786394218e+00,-5.886856969714e+00,6.062752309861e+00,4.470919149559e+00,0.000000000000e+00
3.060000000000e-01,-1.487039222203e+00,-5.946724527515e+00,6.129830197854e+00,4.467353643805e+00,0.000000000000e+00
3.064000000000e-01,-1.525152099652e+00,-6.007217093735e+00,6.197801718217e+00,4.463755671635e+00,0.000000000000e+00
3.068000000000e-01,-1.564142588202e+00,-6.068343455849e+00,6.266684477008e+00,4.460125423298e+00,0.000000000000e+00
3.072000000000e-01,-1.604028627806e+00,-6.130112419651e+00,6.336496359692e+00,4.456463087494e+00,0.000000000000e+00
3.076000000000e-01,-1.644828534588e+00,-6.192532926061e+00,6.407255648759e+00,4.452768857645e+00,0.000000000000e+00
3.080000000000e-01,-1.686560992957e+00,-6.255613919600e+00,6.478980899344e+00,4.449042929050e+00,0.000000000000e+00
3.084000000000e-01,-1.729245115319e+00,-6.319364443298e+00,6.551691051634e+00,4.445285494961e+00,0.000000000000e+00
3.088000000000e-01,-1.772900397968e+00,-6.383793526623e+00,6.625405316784e+00,4.441496750047e+00,0.000000000000e+00
3.092000000000e-01,-1.817546743324e+00,-6.448910334346e+00,6.700143331646e+00,4.437676894282e+00,0.000000000000e+00
3.096000000000e-01,-1.863204461813e+00,-6.514724020213e+00,6.775925023645e+00,4.433826127996e+00,0.000000000000e+00
3.100000000000e-01,-1.909894301513e+00,-6.581243779367e+00,6.852770675165e+00,4.429944650998e+00,0.000000000000e+00
3.104000000000e-01,-1.957637426453e+00,-6.648478862478e+00,6.930700937010e+00,4.426032667513e+00,0.000000000000e+00
3.108000000000e-01,-2.006455418501e+00,-6.716438542531e+00,7.009736802621e+00,4.422090385681e+00,0.000000000000e+00
3.112000000000e-01,-2.056370318956e+00,-6.785132135819e+00,7.089899645919e+00,4.418118013851e+00,0.000000000000e+00
3.116000000000e-01,-2.107404600384e+00,-6.854568912234e+00,7.171211133574e+00,4.414115762004e+00,0.000000000000e+00
3.120000000000e-01,-2.159581186924e+00,-6.924758248654e+00,7.253693383734e+00,4.410083846393e+00,0.000000000000e+00
3.124000000000e-01,-2.212923444256e+00,-6.995709463899e+00,7.337368811326e+00,4.406022485229e+00,0.000000000000e+00
3.128000000000e-01,-2.267455215814e+00,-7.067431885580e+00,7.422260209197e+00,4.401931897760e+00,0.000000000000e+00
3.132000000000e-01,-2.323200797485e+00,-7.139934837400e+00,7.508390734888e+00,4.397812308177e+00,0.000000000000e+00
3.136000000000e-01,-2.380184942111e+00,-7.213227631083e+00,7.595783910597e+00,4.393663945675e+00,0.000000000000e+00
3.140000000000e-01,-2.438432891327e+00,-7.287319557866e+00,7.684463631508e+00,4.389487041095e+00,0.000000000000e+00
3.144000000000e-01,-2.497970350299e+00,-7.362219813340e+00,7.774454093434e+00,4.385281828019e+00,0.000000000000e+00
3.148000000000e-01,-2.558823504637e+00,-7.437937635029e+00,7.865779935293e+00,4.381048547271e+00,0.000000000000e+00
3.152000000000e-01,-2.621019012015e+00,-7.514482146656e+00,7.958466095534e+00,4.376787442408e+00,0.000000000000e+00
3.156000000000e-01,-2.684584025165e+00,-7.591862392320e+00,8.052537859091e+00,4.372498759244e+00,0.000000000000e+00
3.160000000000e-01,-2.749546173563e+00,-7.670087366884e+00,8.148020887074e+00,4.368182750148e+00,0.000000000000e+00
3.164000000000e-01,-2.815933559185e+00,-7.749165953349e+00,8.244941163058e+00,4.363839672667e+00,0.000000000000e+00
3.168000000000e-01,-2.883774788026e+00,-7.829106929880e+00,8.343325017495e+00,4.359469786919e+00,0.000000000000e+00
3.172000000000e-01,-2.953098937513e+00,-7.909918911735e+00,8.443199069367e+00,4.355073357634e+00,0.000000000000e+00
3.176000000000e-01,-3.023935564116e+00,-7.991610436037e+00,8.544590315358e+00,4.350650657375e+00,0.000000000000e+00
3.180000000000e-01,-3.096314708656e+00,-8.074189846477e+00,8.647526030721e+00,4.346201961739e+00,0.000000000000e+00
3.184000000000e-01,-3.170266889247e+00,-8.157665271133e+00,8.752033753643e+00,4.341727549744e+00,0.000000000000e+00
3.188000000000e-01,-3.245823090872e+00,-8.242044716509e+00,8.858141376506e+00,4.337227709275e+00,0.000000000000e+00
3.192000000000e-01,-3.323014758749e+00,-8.327335932408e+00,8.965877024476e+00,4.332702732525e+00,0.000000000000e+00
3.196000000000e-01,-3.401873811452e+00,-8.413546410391e+00,9.075269066471e+00,4.328152914863e+00,0.000000000000e+00
3.200000000000e-01,-3.482432607733e+00,-8.500683412509e+00,9.186346136909e+00,4.323578559707e+00,0.000000000000e+00
3.204000000000e-01,-3.564723940643e+00,-8.588753919267e+00,9.299137092156e+00,4.318979977030e+00,0.000000000000e+00
3.208000000000e-01,-3.648781048517e+00,-8.677764573650e+00,9.413670970228e+00,4.314357480006e+00,0.000000000000e+00
3.212000000000e-01,-3.734637579379e+00,-8.767721678128e+00,9.529976981841e+00,4.309711388411e+00,0.000000000000e+00
3.216000000000e-01,-3.822327574790e+00,-8.858631217180e+00,9.648084531709e+00,4.305042030927e+00,0.000000000000e+00
3.220000000000e-01,-3.911885472693e+00,-8.950498735773e+00,9.768023114763e+00,4.300349739603e+00,0.000000000000e+00
3.224000000000e-01,-4.003346082081e+00,-9.043329335928e+00,9.889822310384e+00,4.295634851822e+00,0.000000000000e+00
3.228000000000e-01,-4.096744541972e+00,-9.137127724186e+00,1.001351181605e+01,4.290897715593e+00,0.000000000000e+00
3.232000000000e-01,-4.192116323917e+00,-9.231898068587e+00,1.013912132396e+01,4.286138682808e+00,0.000000000000e+00
3.236000000000e-01,-4.289497211272e+00,-9.327643981889e+00,1.026668050435e+01,4.281358109819e+00,0.000000000000e+00
3.240000000000e-01,-4.388923232062e+00,-9.424368567250e+00,1.039621902560e+01,4.276556364456e+00,0.000000000000e+00
3.244000000000e-01,-4.490430665012e+00,-9.522074294064e+00,1.052776644968e+01,4.271733819374e+00,0.000000000000e+00
3.248000000000e-01,-4.594056011889e+00,-9.620762941086e+00,1.066135217545e+01,4.266890851124e+00,0.000000000000e+00
3.252000000000e-01,-4.699835913188e+00,-9.720435642065e+00,1.079700544977e+01,4.262027847956e+00,0.000000000000e+00
3.256000000000e-01,-4.807807152429e+00,-9.821092791476e+00,1.093475528916e+01,4.257145204119e+00,0.000000000000e+00
3.260000000000e-01,-4.918006614391e+00,-9.922733933174e+00,1.107463036709e+01,4.252243317363e+00,0.000000000000e+00
3.264000000000e-01,-5.030471191310e+00,-1.002535781721e+01,1.121665902886e+01,4.247322597154e+00,0.000000000000e+00
3.268000000000e-01,-5.145237778547e+00,-1.012896232658e+01,1.136086922779e+01,4.242383460055e+00,0.000000000000e+00
3.272000000000e-01,-5.262343215519e+00,-1.023354431290e+01,1.150728835660e+01,4.237426325843e+00,0.000000000000e+00
3.276000000000e-01,-5.381824184158e+00,-1.033909967052e+01,1.165594327140e+01,4.232451626113e+00,0.000000000000e+00
3.280000000000e-01,-5.503717192508e+00,-1.044562327170e+01,1.180686022910e+01,4.227459800375e+00,0.000000000000e+00
3.284000000000e-01,-5.628058496728e+00,-1.055310875903e+01,1.196006467050e+01,4.222451291155e+00,0.000000000000e+00
3.288000000000e-01,-5.754883987321e+00,-1.066154863549e+01,1.211558124955e+01,4.217426553146e+00,0.000000000000e+00
3.292000000000e-01,-5.884229162266e+00,-1.077093419823e+01,1.227343376308e+01,4.212386049362e+00,0.000000000000e+00
3.296000000000e-01,-6.016129028764e+00,-1.088125530190e+01,1.243364489745e+01,4.207330245741e+00,0.000000000000e+00
3.300000000000e-01,-6.150617967272e+00,-1.099250045606e+01,1.259623624961e+01,4.202259621064e+00,0.000000000000e+00
3.304000000000e-01,-6.287729699950e+00,-1.110465675031e+01,1.276122824503e+01,4.197174662335e+00,0.000000000000e+00
3.308000000000e-01,-6.427497172516e+00,-1.121770961013e+01,1.292863986659e+01,4.192075859564e+00,0.000000000000e+00
3.312000000000e-01,-6.569952380732e+00,-1.133164288369e+01,1.309848864291e+01,4.186963716595e+00,0.000000000000e+00
3.316000000000e-01,-6.715126341524e+00,-1.144643875028e+01,1.327079055093e+01,4.181838744822e+00,0.000000000000e+00
3.320000000000e-01,-6.863048959679e+00,-1.156207750492e+01,1.344555975974e+01,4.176701459075e+00,0.000000000000e+00
3.324000000000e-01,-7.013748798629e+00,-1.167853760508e+01,1.362280855050e+01,4.171552389154e+00,0.000000000000e+00
3.328000000000e-01,-7.167253057591e+00,-1.179579554983e+01,1.380254719408e+01,4.166392071145e+00,0.000000000000e+00
3.332000000000e-01,-7.323587430061e+00,-1.191382574163e+01,1.398478375405e+01,4.161221045669e+00,0.000000000000e+00
3.336000000000e-01,-7.482775814582e+00,-1.203260046916e+01,1.416952391373e+01,4.156039869157e+00,0.000000000000e+00
3.340000000000e-01,-7.644840282714e+00,-1.215208972780e+01,1.435677079641e+01,4.150849102639e+00,0.000000000000e+00
3.344000000000e-01,-7.809800925709e+00,-1.227226119823e+01,1.454652485705e+01,4.145649313854e+00,0.000000000000e+00
3.348000000000e-01,-7.977675553750e+00,-1.239308019238e+01,1.473878366405e+01,4.140441086128e+00,0.000000000000e+00
3.352000000000e-01,-8.148479590889e+00,-1.251450934568e+01,1.493354156945e+01,4.135225005841e+00,0.000000000000e+00
3.356000000000e-01,-8.322225908577e+00,-1.263650874528e+01,1.513078971313e+01,4.130001669360e+00,0.000000000000e+00
3.360000000000e-01,-8.498924581969e+00,-1.275903586965e+01,1.533051582215e+01,4.124771686815e+00,0.000000000000e+00
3.364000000000e-01,-8.678582665120e+00,-1.288204515579e+01,1.553270370770e+01,4.119535670731e+00,0.000000000000e+00
3.368000000000e-01,-8.861203984839e+00,-1.300548823408e+01,1.573733332772e+01,4.114294247437e+00,0.000000000000e+00
3.372000000000e-01,-9.046788963819e+00,-1.312931380845e+01,1.594438056610e+01,4.109048053561e+00,0.000000000000e+00
3.376000000000e-01,-9.235334375855e+00,-1.325346735270e+01,1.615381682151e+01,4.103797729310e+00,0.000000000000e+00
3.380000000000e-01,-9.426832985007e+00,-1.337789121276e+01,1.636560886211e+01,4.098543931554e+00,0.000000000000e+00
3.384000000000e-01,-9.621273443505e+00,-1.350252443108e+01,1.657971859491e+01,4.093287323204e+00,0.000000000000e+00
3.388000000000e-01,-9.818640043935e+00,-1.362730270615e+01,1.679610286220e+01,4.088028574724e+00,0.000000000000e+00
3.392000000000e-01,-1.001891234842e+01,-1.375215840138e+01,1.701471320187e+01,4.082768372723e+00,0.000000000000e+00
3.396000000000e-01,-1.022206496932e+01,-1.387702016845e+01,1.723549537996e+01,4.077507407145e+00,0.000000000000e+00
3.400000000000e-01,-1.042806732773e+01,-1.400181319906e+01,1.745838941749e+01,4.072246381135e+00,0.000000000000e+00
3.404000000000e-01,-1.063688339601e+01,-1.412645914273e+01,1.768332933278e+01,4.066986009628e+00,0.000000000000e+00
3.408000000000e-01,-1.084847141932e+01,-1.425087582908e+01,1.791024271281e+01,4.061727011956e+00,0.000000000000e+00
3.412000000000e-01,-1.106278352425e+01,-1.437497744235e+01,1.813905057528e+01,4.056470124485e+00,0.000000000000e+00
3.416000000000e-01,-1.127976558149e+01,-1.449867435506e+01,1.836966710715e+01,4.051216089829e+00,0.000000000000e+00
3.420000000000e-01,-1.149935692626e+01,-1.462187320314e+01,1.860199950774e+01,4.045965660553e+00,0.000000000000e+00
3.424000000000e-01,-1.172149004639e+01,-1.474447697404e+01,1.883594781649e+01,4.040719604221e+00,0.000000000000e+00
3.428000000000e-01,-1.194609029801e+01,-1.486638467253e+01,1.907140442232e+01,4.035478692891e+00,0.000000000000e+00
3.432000000000e-01,-1.217307564259e+01,-1.498749168027e+01,1.930825412787e+01,4.030243714511e+00,0.000000000000e+00
3.436000000000e-01,-1.240235646438e+01,-1.510768966630e+01,1.954637390727e+01,4.025015465973e+00,0.000000000000e+00
3.440000000000e-01,-1.263383533277e+01,-1.522686663626e+01,1.978563273626e+01,4.019794753044e+00,0.000000000000e+00
3.444000000000e-01,-1.286740671798e+01,-1.534490714792e+01,2.002589151634e+01,4.014582397344e+00,0.000000000000e+00
3.448000000000e-01,-1.310295678057e+01,-1.546169209209e+01,2.026700270745e+01,4.009379226226e+00,0.000000000000e+00
3.452000000000e-01,-1.334036320136e+01,-1.557709912883e+01,2.050881048754e+01,4.004186082309e+00,0.000000000000e+00
3.456000000000e-01,-1.357949504436e+01,-1.569100270193e+01,2.075115060549e+01,3.999003818278e+00,0.000000000000e+00
3.460000000000e-01,-1.382021261231e+01,-1.580327418600e+01,2.099385032926e+01,3.993833296477e+00,0.000000000000e+00
3.464000000000e-01,-1.406236729223e+01,-1.591378221295e+01,2.123672851884e+01,3.988675394628e+00,0.000000000000e+00
3.468000000000e-01,-1.430580145606e+01,-1.602239261384e+01,2.147959544247e+01,3.983530997682e+00,0.000000000000e+00
3.472000000000e-01,-1.455034841905e+01,-1.612896893352e+01,2.172225305935e+01,3.978401005897e+00,0.000000000000e+00
3.476000000000e-01,-1.479583245016e+01,-1.623337256376e+01,2.196449504739e+01,3.973286329612e+00,0.000000000000e+00
3.480000000000e-01,-1.504206878736e+01,-1.633546307669e+01,2.220610698284e+01,3.968187890624e+00,0.000000000000e+00
3.484000000000e-01,-1.528886368715e+01,-1.643509862063e+01,2.244686658566e+01,3.963106624798e+00,0.000000000000e+00
3.488000000000e-01,-1.553601452775e+01,-1.653213610618e+01,2.268654384519e+01,3.958043477094e+00,0.000000000000e+00
3.492000000000e-01,-1.578330994172e+01,-1.662643176138e+01,2.292490143560e+01,3.952999407546e+00,0.000000000000e+00
3.496000000000e-01,-1.603053005081e+01,-1.671784141144e+01,2.316169499773e+01,3.947975386315e+00,0.000000000000e+00
3.500000000000e-01,-1.627744672909e+01,-1.680622102038e+01,2.339667363119e+01,3.942972396668e+00,0.000000000000e+00
3.504000000000e-01,-1.652382390626e+01,-1.689142712775e+01,2.362958033689e+01,3.937991434420e+00,0.000000000000e+00
3.508000000000e-01,-1.676941793421e+01,-1.697331729517e+01,2.386015251114e+01,3.933033506705e+00,0.000000000000e+00
3.512000000000e-01,-1.701397801573e+01,-1.705175070258e+01,2.408812259066e+01,3.928099634347e+00,0.000000000000e+00
3.516000000000e-01,-1.725724666691e+01,-1.712658858073e+01,2.431321860503e+01,3.923190849463e+00,0.000000000000e+00
3.520000000000e-01,-1.749896029240e+01,-1.719769486047e+01,2.453516496437e+01,3.918308197295e+00,0.000000000000e+00
3.524000000000e-01,-1.773884976949e+01,-1.726493669751e+01,2.475368316662e+01,3.913452735352e+00,0.000000000000e+00
3.528000000000e-01,-1.797664113225e+01,-1.732818507756e+01,2.496849263532e+01,3.908625533310e+00,0.000000000000e+00
3.532000000000e-01,-1.821205627653e+01,-1.738731542008e+01,2.517931157392e+01,3.903827673591e+00,0.000000000000e+00
3.536000000000e-01,-1.844481373345e+01,-1.744220816355e+01,2.538585785988e+01,3.899060250811e+00,0.000000000000e+00
3.540000000000e-01,-1.867462951852e+01,-1.749274938658e+01,2.558785002214e+01,3.894324371578e+00,0.000000000000e+00
3.544000000000e-01,-1.890121797442e+01,-1.753883142313e+01,2.578500821418e+01,3.889621155649e+00,0.000000000000e+00
3.548000000000e-01,-1.912429275757e+01,-1.758035343626e+01,2.597705526847e+01,3.884951733453e+00,0.000000000000e+00
3.552000000000e-01,-1.934356774920e+01,-1.761722207299e+01,2.616371775640e+01,3.880317249332e+00,0.000000000000e+00
3.556000000000e-01,-1.955875812326e+01,-1.764935196327e+01,2.634472706344e+01,3.875718857608e+00,0.000000000000e+00
3.560000000000e-01,-1.976958133384e+01,-1.767666635576e+01,2.651982050407e+01,3.871157726003e+00,0.000000000000e+00
3.564000000000e-01,-1.997575821537e+01,-1.769909759082e+01,2.668874241714e+01,3.866635032858e+00,0.000000000000e+00
3.568000000000e-01,-2.017701405548e+01,-1.771658763080e+01,2.685124528723e+01,3.862151967988e+00,0.000000000000e+00
3.572000000000e-01,-2.037307967482e+01,-1.772908855169e+01,2.700709085241e+01,3.857709733474e+00,0.000000000000e+00
3.576000000000e-01,-2.056369257196e+01,-1.773656289634e+01,2.715605117777e+01,3.853309540150e+00,0.000000000000e+00
3.580000000000e-01,-2.074859794536e+01,-1.773898419567e+01,2.729790975501e+01,3.848952612880e+00,0.000000000000e+00
3.584000000000e-01,-2.092754987609e+01,-1.773633712659e+01,2.743246249399e+01,3.844640182809e+00,0.000000000000e+00
3.588000000000e-01,-2.110031227942e+01,-1.772861802160e+01,2.755951877746e+01,3.840373495880e+00,0.000000000000e+00
3.592000000000e-01,-2.126666004898e+01,-1.771583485918e+01,2.767890233367e+01,3.836153803120e+00,0.000000000000e+00
3.596000000000e-01,-2.142637992979e+01,-1.769800766134e+01,2.779045217474e+01,3.831982369334e+00,0.000000000000e+00
3.600000000000e-01,-2.157927156420e+01,-1.767516840500e+01,2.789402336319e+01,3.827860464818e+00,0.000000000000e+00
3.604000000000e-01,-2.172514829935e+01,-1.764736121890e+01,2.798948778772e+01,3.823789370989e+00,0.000000000000e+00
3.608000000000e-01,-2.186383806138e+01,-1.761464227543e+01,2.807673480420e+01,3.819770376320e+00,0.000000000000e+00
3.612000000000e-01,-2.199518409487e+01,-1.757707972394e+01,2.815567180852e+01,3.815804776704e+00,0.000000000000e+00
3.616000000000e-01,-2.211904561345e+01,-1.753475359740e+01,2.822622473112e+01,3.811893877121e+00,0.000000000000e+00
3.620000000000e-01,-2.223529845985e+01,-1.748775546364e+01,2.828833838801e+01,3.808038985950e+00,0.000000000000e+00
3.624000000000e-01,-2.234383550216e+01,-1.743618834687e+01,2.834197680147e+01,3.804241422416e+00,0.000000000000e+00
3.628000000000e-01,-2.244456719177e+01,-1.738016612313e+01,2.838712332895e+01,3.800502505536e+00,0.000000000000e+00
3.632000000000e-01,-2.253742170028e+01,-1.731981342504e+01,2.842378078255e+01,3.796823565952e+00,0.000000000000e+00
3.636000000000e-01,-2.262234534345e+01,-1.725526484941e+01,2.845197135281e+01,3.793205931556e+00,0.000000000000e+00
3.640000000000e-01,-2.269930247808e+01,-1.718666478727e+01,2.847173650309e+01,3.789650941116e+00,0.000000000000e+00
3.644000000000e-01,-2.276827573758e+01,-1.711416652741e+01,2.848313669508e+01,3.786159929549e+00,0.000000000000e+00
3.648000000000e-01,-2.282926573673e+01,-1.703793195599e+01,2.848625105933e+01,3.782734240259e+00,0.000000000000e+00
3.652000000000e-01,-2.288229108475e+01,-1.695813065076e+01,2.848117694997e+01,3.779375212963e+00,0.000000000000e+00
3.656000000000e-01,-2.292738794595e+01,-1.687493941224e+01,2.846802940477e+01,3.776084192243e+00,0.000000000000e+00
3.660000000000e-01,-2.296460980014e+01,-1.678854141060e+01,2.844694053793e+01,3.772862519919e+00,0.000000000000e+00
3.664000000000e-01,-2.299402690597e+01,-1.669912554352e+01,2.841805882306e+01,3.769711538360e+00,0.000000000000e+00
3.668000000000e-01,-2.301572580021e+01,-1.660688567247e+01,2.838154833424e+01,3.766632588330e+00,0.000000000000e+00
3.672000000000e-01,-2.302980870404e+01,-1.651201983067e+01,2.833758789723e+01,3.763627006642e+00,0.000000000000e+00
3.676000000000e-01,-2.303639277269e+01,-1.641472956102e+01,2.828637019024e+01,3.760696129418e+00,0.000000000000e+00
3.680000000000e-01,-2.303560947488e+01,-1.631521901980e+01,2.822810081361e+01,3.757841284610e+00,0.000000000000e+00
3.684000000000e-01,-2.302760362469e+01,-1.621369440795e+01,2.816299726681e+01,3.755063799723e+00,0.000000000000e+00
3.688000000000e-01,-2.301253275116e+01,-1.611036303123e+01,2.809128798438e+01,3.752364990545e+00,0.000000000000e+00
3.692000000000e-01,-2.299056596381e+01,-1.600543280212e+01,2.801321121398e+01,3.749746171659e+00,0.000000000000e+00
3.696000000000e-01,-2.296188331449e+01,-1.589911132336e+01,2.792901405744e+01,3.747208643336e+00,0.000000000000e+00
3.700000000000e-01,-2.292667456569e+01,-1.579160543083e+01,2.783895128636e+01,3.744753702683e+00,0.000000000000e+00
3.704000000000e-01,-2.288513853098e+01,-1.568312036336e+01,2.774328441108e+01,3.742382630963e+00,0.000000000000e+00
3.708000000000e-01,-2.283748182377e+01,-1.557385931819e+01,2.764228047962e+01,3.740096703151e+00,0.000000000000e+00
3.712000000000e-01,-2.278391815814e+01,-1.546402275525e+01,2.753621118476e+01,3.737897177706e+00,0.000000000000e+00
3.716000000000e-01,-2.272466715579e+01,-1.535380795505e+01,2.742535170352e+01,3.735785302891e+00,0.000000000000e+00
3.720000000000e-01,-2.265995359292e+01,-1.524340847587e+01,2.730997983880e+01,3.733762310157e+00,0.000000000000e+00
3.724000000000e-01,-2.259000632291e+01,-1.513301372379e+01,2.719037495206e+01,3.731829416603e+00,0.000000000000e+00
3.728000000000e-01,-2.251505746907e+01,-1.502280855338e+01,2.706681713218e+01,3.729987822053e+00,0.000000000000e+00
3.732000000000e-01,-2.243534149899e+01,-1.491297287889e+01,2.693958626748e+01,3.728238708103e+00,0.000000000000e+00
3.736000000000e-01,-2.235109437805e+01,-1.480368138570e+01,2.680896123437e+01,3.726583237966e+00,0.000000000000e+00
3.740000000000e-01,-2.226255280751e+01,-1.469510322453e+01,2.667521914224e+01,3.725022553463e+00,0.000000000000e+00
3.744000000000e-01,-2.216995336816e+01,-1.458740178582e+01,2.653863453924e+01,3.723557775922e+00,0.000000000000e+00
3.748000000000e-01,-2.207353191154e+01,-1.448073452266e+01,2.639947884648e+01,3.722190003087e+00,0.000000000000e+00
3.752000000000e-01,-2.197352273528e+01,-1.437525273676e+01,2.625801958723e+01,3.720920308958e+00,0.000000000000e+00
3.756000000000e-01,-2.187015809809e+01,-1.427110156744e+01,2.611452000676e+01,3.719749742746e+00,0.000000000000e+00
3.760000000000e-01,-2.176366747494e+01,-1.416841974935e+01,2.596923834373e+01,3.718679325674e+00,0.000000000000e+00
3.764000000000e-01,-2.165427715508e+01,-1.406733978021e+01,2.582242760859e+01,3.717710053607e+00,0.000000000000e+00
3.768000000000e-01,-2.154220962203e+01,-1.396798764013e+01,2.567433493032e+01,3.716842889763e+00,0.000000000000e+00
3.772000000000e-01,-2.142768319865e+01,-1.387048311162e+01,2.552520144899e+01,3.716078771274e+00,0.000000000000e+00
3.776000000000e-01,-2.131091158209e+01,-1.377493949657e+01,2.537526178375e+01,3.715418598528e+00,0.000000000000e+00
3.780000000000e-01,-2.119210351421e+01,-1.368146401281e+01,2.522474398068e+01,3.714863243960e+00,0.000000000000e+00
3.784000000000e-01,-2.107146246869e+01,-1.359015758113e+01,2.507386913999e+01,3.714413540616e+00,0.000000000000e+00
3.788000000000e-01,-2.094918635623e+01,-1.350111519528e+01,2.492285137187e+01,3.714070289805e+00,0.000000000000e+00
3.792000000000e-01,-2.082546732997e+01,-1.341442587204e+01,2.477189760571e+01,3.713834252889e+00,0.000000000000e+00
3.796000000000e-01,-2.070049155886e+01,-1.333017288154e+01,2.462120752177e+01,3.713706153386e+00,0.000000000000e+00
3.800000000000e-01,-2.057443909466e+01,-1.324843395147e+01,2.447097354471e+01,3.713686676546e+00,0.000000000000e+00
3.804000000000e-01,-2.044748376040e+01,-1.316928126070e+01,2.432138073908e+01,3.713776461544e+00,0.000000000000e+00
3.808000000000e-01,-2.031979301506e+01,-1.309278195838e+01,2.417260696707e+01,3.713976112619e+00,0.000000000000e+00
3.812000000000e-01,-2.019152799893e+01,-1.301899787302e+01,2.402482275792e+01,3.714286178645e+00,0.000000000000e+00
3.816000000000e-01,-2.006284334834e+01,-1.294798633930e+01,2.387819158694e+01,3.714707176979e+00,0.000000000000e+00
3.820000000000e-01,-1.993388740662e+01,-1.287979966388e+01,2.373286974897e+01,3.715239561411e+00,0.000000000000e+00
3.824000000000e-01,-1.980480198787e+01,-1.281448614499e+01,2.358900669674e+01,3.715883755039e+00,0.000000000000e+00
3.828000000000e-01,-1.967572271215e+01,-1.275208946253e+01,2.344674497464e+01,3.716640113228e+00,0.000000000000e+00
3.832000000000e-01,-1.954677877712e+01,-1.269264966702e+01,2.330622054584e+01,3.717508956430e+00,0.000000000000e+00
3.836000000000e-01,-1.941809331017e+01,-1.263620272807e+01,2.316756282364e+01,3.718490538885e+00,0.000000000000e+00
3.840000000000e-01,-1.928978325074e+01,-1.258278124052e+01,2.303089493718e+01,3.719585069934e+00,0.000000000000e+00
3.844000000000e-01,-1.916195959493e+01,-1.253241436091e+01,2.289633388190e+01,3.720792699774e+00,0.000000000000e+00
3.848000000000e-01,-1.903472749714e+01,-1.248512802538e+01,2.276399070243e+01,3.722113518959e+00,0.000000000000e+00
3.852000000000e-01,-1.890818629619e+01,-1.244094542586e+01,2.263397075417e+01,3.723547569738e+00,0.000000000000e+00
3.856000000000e-01,-1.878242990956e+01,-1.239988664410e+01,2.250637381042e+01,3.725094817964e+00,0.000000000000e+00
3.860000000000e-01,-1.865754659110e+01,-1.236196967782e+01,2.238129440212e+01,3.726755192106e+00,0.000000000000e+00
3.864000000000e-01,-1.853361960469e+01,-1.232720957213e+01,2.225882188002e+01,3.728528530279e+00,0.000000000000e+00
3.868000000000e-01,-1.841072677586e+01,-1.229561979467e+01,2.213904077756e+01,3.730414638438e+00,0.000000000000e+00
3.872000000000e-01,-1.828894130451e+01,-1.226721117928e+01,2.202203088176e+01,3.732413227221e+00,0.000000000000e+00
3.876000000000e-01,-1.816833131115e+01,-1.224199324755e+01,2.190786756635e+01,3.734523969545e+00,0.000000000000e+00
3.880000000000e-01,-1.804896053685e+01,-1.221997340967e+01,2.179662190785e+01,3.736746450109e+00,0.000000000000e+00
3.884000000000e-01,-1.793088812903e+01,-1.220115778841e+01,2.168836094483e+01,3.739080199334e+00,0.000000000000e+00
3.888000000000e-01,-1.781416899410e+01,-1.218555105848e+01,2.158314786006e+01,3.741524676182e+00,0.000000000000e+00
3.892000000000e-01,-1.769885401262e+01,-1.217315648607e+01,2.148104215801e+01,3.744079262132e+00,0.000000000000e+00
3.896000000000e-01,-1.758498990867e+01,-1.216397657685e+01,2.138209990272e+01,3.746743287933e+00,0.000000000000e+00
3.900000000000e-01,-1.747261994710e+01,-1.215801229828e+01,2.128637383072e+01,3.749515984200e+00,0.000000000000e+00
3.904000000000e-01,-1.736178335713e+01,-1.215526441105e+01,2.119391361317e+01,3.752396547030e+00,0.000000000000e+00
3.908000000000e-01,-1.725251635808e+01,-1.215573216773e+01,2.110476593615e+01,3.755384059867e+00,0.000000000000e+00
3.912000000000e-01,-1.714485140211e+01,-1.215941486732e+01,2.101897474940e+01,3.758477573651e+00,0.000000000000e+00
3.916000000000e-01,-1.703881817076e+01,-1.216631062747e+01,2.093658135753e+01,3.761676032319e+00,0.000000000000e+00
3.920000000000e-01,-1.693444303674e+01,-1.217641752217e+01,2.085762461641e+01,3.764978331891e+00,0.000000000000e+00
3.924000000000e-01,-1.683174963877e+01,-1.218973300656e+01,2.078214105123e+01,3.768383282970e+00,0.000000000000e+00
3.928000000000e-01,-1.673075888413e+01,-1.220625418434e+01,2.071016499335e+01,3.771889621842e+00,0.000000000000e+00
3.932000000000e-01,-1.663148888268e+01,-1.222597817110e+01,2.064172872351e+01,3.775496027767e+00,0.000000000000e+00
3.936000000000e-01,-1.653395558473e+01,-1.224890140202e+01,2.057686256051e+01,3.779201079250e+00,0.000000000000e+00
3.940000000000e-01,-1.643817211852e+01,-1.227502081687e+01,2.051559501093e+01,3.783003320998e+00,0.000000000000e+00
3.944000000000e-01,-1.634414986669e+01,-1.230433253518e+01,2.045795283016e+01,3.786901183124e+00,0.000000000000e+00
3.948000000000e-01,-1.625189755275e+01,-1.233683333714e+01,2.040396115594e+01,3.790893067745e+00,0.000000000000e+00
3.952000000000e-01,-1.616142229346e+01,-1.237251938609e+01,2.035364356833e+01,3.794977270818e+00,0.000000000000e+00
3.956000000000e-01,-1.607272894671e+01,-1.241138728704e+01,2.030702218897e+01,3.799152045395e+00,0.000000000000e+00
3.960000000000e-01,-1.598582066337e+01,-1.245343348981e+01,2.026411774459e+01,3.803415565004e+00,0.000000000000e+00
3.964000000000e-01,-1.590069885993e+01,-1.249865446161e+01,2.022494963121e+01,3.807765934362e+00,0.000000000000e+00
3.968000000000e-01,-1.581736306220e+01,-1.254704701436e+01,2.018953597837e+01,3.812201210416e+00,0.000000000000e+00
3.972000000000e-01,-1.573581154051e+01,-1.259860758490e+01,2.015789368751e+01,3.816719358689e+00,0.000000000000e+00
3.976000000000e-01,-1.565604058154e+01,-1.265333326672e+01,2.013003848604e+01,3.821318319687e+00,0.000000000000e+00
3.980000000000e-01,-1.557804548417e+01,-1.271122062111e+01,2.010598494940e+01,3.825995936245e+00,0.000000000000e+00
3.984000000000e-01,-1.550181970023e+01,-1.277226682951e+01,2.008574653785e+01,3.830750029268e+00,0.000000000000e+00
3.988000000000e-01,-1.542735567385e+01,-1.283646870551e+01,2.006933561219e+01,3.835578337985e+00,0.000000000000e+00
3.992000000000e-01,-1.535464435408e+01,-1.290382333999e+01,2.005676344852e+01,3.840478565012e+00,0.000000000000e+00
3.996000000000e-01,-1.528367548302e+01,-1.297432778025e+01,2.004804024386e+01,3.845448360004e+00,0.000000000000e+00
4.000000000000e-01,-1.521443770914e+01,-1.304797891728e+01,2.004317511352e+01,3.850485317016e+00,0.000000000000e+00
4.004000000000e-01,-1.514691827983e+01,-1.312477385703e+01,2.004217608380e+01,3.855587004054e+00,0.000000000000e+00
4.008000000000e-01,-1.508110362863e+01,-1.320470923076e+01,2.004505007543e+01,3.860750923600e+00,0.000000000000e+00
4.012000000000e-01,-1.501697874508e+01,-1.328778191071e+01,2.005180287996e+01,3.865974566076e+00,0.000000000000e+00
4.016000000000e-01,-1.495452785682e+01,-1.337398820072e+01,2.006243912921e+01,3.871255363135e+00,0.000000000000e+00
4.020000000000e-01,-1.489373390224e+01,-1.346332440621e+01,2.007696226070e+01,3.876590732643e+00,0.000000000000e+00
4.024000000000e-01,-1.483457892072e+01,-1.355578634577e+01,2.009537447293e+01,3.881978053975e+00,0.000000000000e+00
4.028000000000e-01,-1.477704390262e+01,-1.365136946807e+01,2.011767667633e+01,3.887414683947e+00,0.000000000000e+00
4.032000000000e-01,-1.472110877037e+01,-1.375006880250e+01,2.014386843440e+01,3.892897962358e+00,0.000000000000e+00
4.036000000000e-01,-1.466675256517e+01,-1.385187868252e+01,2.017394789929e+01,3.898425202482e+00,0.000000000000e+00
4.040000000000e-01,-1.461395318829e+01,-1.395679294162e+01,2.020791174280e+01,3.903993713953e+00,0.000000000000e+00
4.044000000000e-01,-1.456268767452e+01,-1.406480451556e+01,2.024575507029e+01,3.909600786249e+00,0.000000000000e+00
4.048000000000e-01,-1.451293196640e+01,-1.417590558737e+01,2.028747134276e+01,3.915243708878e+00,0.000000000000e+00
4.052000000000e-01,-1.446466103868e+01,-1.429008732698e+01,2.033305227398e+01,3.920919765184e+00,0.000000000000e+00
4.056000000000e-01,-1.441784886082e+01,-1.440733982705e+01,2.038248774476e+01,3.926626238860e+00,0.000000000000e+00
4.060000000000e-01,-1.437246834123e+01,-1.452765200955e+01,2.043576568495e+01,3.932360420123e+00,0.000000000000e+00
4.064000000000e-01,-1.432849138114e+01,-1.465101143742e+01,2.049287196561e+01,3.938119604927e+00,0.000000000000e+00
4.068000000000e-01,-1.428588882653e+01,-1.477740421670e+01,2.055379028178e+01,3.943901100955e+00,0.000000000000e+00
4.072000000000e-01,-1.424463039070e+01,-1.490681489016e+01,2.061850201002e+01,3.949702234404e+00,0.000000000000e+00
4.076000000000e-01,-1.420468481200e+01,-1.503922615180e+01,2.068698609883e+01,3.955520342606e+00,0.000000000000e+00
4.080000000000e-01,-1.416601952644e+01,-1.517461892476e+01,2.075921888548e+01,3.961352795930e+00,0.000000000000e+00
4.084000000000e-01,-1.412860102463e+01,-1.531297190190e+01,2.083517399451e+01,3.967196977812e+00,0.000000000000e+00
4.088000000000e-01,-1.409239444097e+01,-1.545426168255e+01,2.091482214203e+01,3.973050311604e+00,0.000000000000e+00
4.092000000000e-01,-1.405736382736e+01,-1.559846235877e+01,2.099813100571e+01,3.978910245249e+00,0.000000000000e+00
4.096000000000e-01,-1.402347199050e+01,-1.574554543985e+01,2.108506504298e+01,3.984774262511e+00,0.000000000000e+00
4.100000000000e-01,-1.399068035956e+01,-1.589547974004e+01,2.117558530689e+01,3.990639891846e+00,0.000000000000e+00
4.104000000000e-01,-1.395894932424e+01,-1.604823090737e+01,2.126964930348e+01,3.996504687405e+00,0.000000000000e+00
4.108000000000e-01,-1.392823757990e+01,-1.620376168389e+01,2.136721073960e+01,4.002366268146e+00,0.000000000000e+00
4.112000000000e-01,-1.389850289117e+01,-1.636203110783e+01,2.146821940892e+01,4.008222273794e+00,0.000000000000e+00
4.116000000000e-01,-1.386970120282e+01,-1.652299492970e+01,2.157262090944e+01,4.014070416875e+00,0.000000000000e+00
4.120000000000e-01,-1.384178738778e+01,-1.668660484349e+01,2.168035653054e+01,4.019908440435e+00,0.000000000000e+00
4.124000000000e-01,-1.381471466169e+01,-1.685280865519e+01,2.179136298519e+01,4.025734151531e+00,0.000000000000e+00
4.128000000000e-01,-1.378843477500e+01,-1.702154990729e+01,2.190557223153e+01,4.031545410647e+00,0.000000000000e+00
4.132000000000e-01,-1.376289816186e+01,-1.719276753202e+01,2.202291127948e+01,4.037340123774e+00,0.000000000000e+00
4.136000000000e-01,-1.373805332986e+01,-1.736639601066e+01,2.214330191487e+01,4.043116275820e+00,0.000000000000e+00
4.140000000000e-01,-1.371384777083e+01,-1.754236453235e+01,2.226666059533e+01,4.048871881547e+00,0.000000000000e+00
4.144000000000e-01,-1.369022676517e+01,-1.772059750063e+01,2.239289808535e+01,4.054605049211e+00,0.000000000000e+00
4.148000000000e-01,-1.366713459400e+01,-1.790101354304e+01,2.252191940929e+01,4.060313916958e+00,0.000000000000e+00
4.152000000000e-01,-1.364451343853e+01,-1.808352594928e+01,2.265362350116e+01,4.065996710604e+00,0.000000000000e+00
4.156000000000e-01,-1.362230415549e+01,-1.826804197970e+01,2.278790311277e+01,4.071651703933e+00,0.000000000000e+00
4.160000000000e-01,-1.360044591701e+01,-1.845446284790e+01,2.292464455877e+01,4.077277237482e+00,0.000000000000e+00
4.164000000000e-01,-1.357887607670e+01,-1.864268358774e+01,2.306372751441e+01,4.082871725777e+00,0.000000000000e+00
4.168000000000e-01,-1.355753079926e+01,-1.883259249401e+01,2.320502491743e+01,4.088433626766e+00,0.000000000000e+00
4.172000000000e-01,-1.353634403702e+01,-1.902407149089e+01,2.334840264299e+01,4.093961492850e+00,0.000000000000e+00
4.176000000000e-01,-1.351524885547e+01,-1.921699524025e+01,2.349371953712e+01,4.099453907463e+00,0.000000000000e+00
4.180000000000e-01,-1.349417606698e+01,-1.941123168883e+01,2.364082704568e+01,4.104909551777e+00,0.000000000000e+00
4.184000000000e-01,-1.347305554913e+01,-1.960664127930e+01,2.378956931273e+01,4.110327144227e+00,0.000000000000e+00
4.188000000000e-01,-1.345181532443e+01,-1.980307727506e+01,2.393978289552e+01,4.115705485253e+00,0.000000000000e+00
4.192000000000e-01,-1.343038214787e+01,-2.000038539650e+01,2.409129678217e+01,4.121043432457e+00,0.000000000000e+00
4.196000000000e-01,-1.340868154447e+01,-2.019840372645e+01,2.424393231012e+01,4.126339901301e+00,0.000000000000e+00
4.200000000000e-01,-1.338663741777e+01,-2.039696285349e+01,2.439750304850e+01,4.131593885560e+00,0.000000000000e+00
4.204000000000e-01,-1.336417304120e+01,-2.059588543099e+01,2.455181495861e+01,4.136804416558e+00,0.000000000000e+00
4.208000000000e-01,-1.334120994683e+01,-2.079498666095e+01,2.470666616673e+01,4.141970615193e+00,0.000000000000e+00
4.212000000000e-01,-1.331766937662e+01,-2.099407376793e+01,2.486184729658e+01,4.147091633134e+00,0.000000000000e+00
4.216000000000e-01,-1.329347113530e+01,-2.119294654702e+01,2.501714128692e+01,4.152166706248e+00,0.000000000000e+00
4.220000000000e-01,-1.326853477539e+01,-2.139139707707e+01,2.517232377026e+01,4.157195109701e+00,0.000000000000e+00
4.224000000000e-01,-1.324277907550e+01,-2.158921007749e+01,2.532716307470e+01,4.162176184664e+00,0.000000000000e+00
4.228000000000e-01,-1.321612244384e+01,-2.178616301183e+01,2.548142051042e+01,4.167109327525e+00,0.000000000000e+00
4.232000000000e-01,-1.318848330745e+01,-2.198202622479e+01,2.563485067049e+01,4.171993980016e+00,0.000000000000e+00
4.236000000000e-01,-1.315977969731e+01,-2.217656340090e+01,2.578720159219e+01,4.176829652255e+00,0.000000000000e+00
4.240000000000e-01,-1.312993036593e+01,-2.236953160554e+01,2.593821535236e+01,4.181615885433e+00,0.000000000000e+00
4.244000000000e-01,-1.309885392305e+01,-2.256068193956e+01,2.608762817267e+01,4.186352292431e+00,0.000000000000e+00
4.248000000000e-01,-1.306647016102e+01,-2.274975967991e+01,2.623517120132e+01,4.191038514583e+00,0.000000000000e+00
4.252000000000e-01,-1.303269935547e+01,-2.293650497351e+01,2.638057074610e+01,4.195674255976e+00,0.000000000000e+00
4.256000000000e-01,-1.299746320841e+01,-2.312065321425e+01,2.652354906319e+01,4.200259256388e+00,0.000000000000e+00
4.260000000000e-01,-1.296068475497e+01,-2.330193567985e+01,2.666382485214e+01,4.204793302875e+00,0.000000000000e+00
4.264000000000e-01,-1.292228865040e+01,-2.348008016858e+01,2.680111394490e+01,4.209276227948e+00,0.000000000000e+00
4.268000000000e-01,-1.288220175650e+01,-2.365481161648e+01,2.693513012232e+01,4.213707896970e+00,0.000000000000e+00
4.272000000000e-01,-1.284035287452e+01,-2.382585292126e+01,2.706558570154e+01,4.218088226470e+00,0.000000000000e+00
4.276000000000e-01,-1.279667374917e+01,-2.399292562212e+01,2.719219261022e+01,4.222417157624e+00,0.000000000000e+00
4.280000000000e-01,-1.275109861157e+01,-2.415575082212e+01,2.731466297764e+01,4.226694680961e+00,0.000000000000e+00
4.284000000000e-01,-1.270356516646e+01,-2.431404999696e+01,2.743271031438e+01,4.230920811320e+00,0.000000000000e+00
4.288000000000e-01,-1.265401436160e+01,-2.446754594421e+01,2.754605024310e+01,4.235095604111e+00,0.000000000000e+00
4.292000000000e-01,-1.260239099572e+01,-2.461596371855e+01,2.765440161353e+01,4.239219143419e+00,0.000000000000e+00
4.296000000000e-01,-1.254864391784e+01,-2.475903160530e+01,2.775748746211e+01,4.243291543333e+00,0.000000000000e+00
4.300000000000e-01,-1.249272618982e+01,-2.489648213452e+01,2.785503599581e+01,4.247312950442e+00,0.000000000000e+00
4.304000000000e-01,-1.243459563228e+01,-2.502805309584e+01,2.794678175223e+01,4.251283533408e+00,0.000000000000e+00
4.308000000000e-01,-1.237421471101e+01,-2.515348857386e+01,2.803246648352e+01,4.255203493458e+00,0.000000000000e+00
4.312000000000e-01,-1.231155118219e+01,-2.527254002100e+01,2.811184041689e+01,4.259073050573e+00,0.000000000000e+00
4.316000000000e-01,-1.224657796583e+01,-2.538496727621e+01,2.818466312532e+01,4.262892453041e+00,0.000000000000e+00
4.320000000000e-01,-1.217927360788e+01,-2.549053961467e+01,2.825070468967e+01,4.266661968190e+00,0.000000000000e+00
4.324000000000e-01,-1.210962231886e+01,-2.558903673961e+01,2.830974662491e+01,4.270381885357e+00,0.000000000000e+00
4.328000000000e-01,-1.203761416415e+01,-2.568024978094e+01,2.836158288207e+01,4.274052513771e+00,0.000000000000e+00
4.332000000000e-01,-1.196324525134e+01,-2.576398225211e+01,2.840602081304e+01,4.277674179593e+00,0.000000000000e+00
4.336000000000e-01,-1.188651772868e+01,-2.584005094482e+01,2.844288200140e+01,4.281247227831e+00,0.000000000000e+00
4.340000000000e-01,-1.180743997910e+01,-2.590828682693e+01,2.847200318149e+01,4.284772017874e+00,0.000000000000e+00
4.344000000000e-01,-1.172602658704e+01,-2.596853585160e+01,2.849323698346e+01,4.288248924857e+00,0.000000000000e+00
4.348000000000e-01,-1.164229839386e+01,-2.602065971562e+01,2.850645267177e+01,4.291678337407e+00,0.000000000000e+00
4.352000000000e-01,-1.155628246654e+01,-2.606453648880e+01,2.851153673204e+01,4.295060656327e+00,0.000000000000e+00
4.356000000000e-01,-1.146801201676e+01,-2.610006121702e+01,2.850839341578e+01,4.298396294597e+00,0.000000000000e+00
4.360000000000e-01,-1.137752634428e+01,-2.612714642691e+01,2.849694520695e+01,4.301685675360e+00,0.000000000000e+00
4.364000000000e-01,-1.128487070981e+01,-2.614572253510e+01,2.847713317417e+01,4.304929231048e+00,0.000000000000e+00
4.368000000000e-01,-1.119009614431e+01,-2.615573819116e+01,2.844891723851e+01,4.308127403912e+00,0.000000000000e+00
4.372000000000e-01,-1.109325937755e+01,-2.615716054073e+01,2.841227641657e+01,4.311280641942e+00,0.000000000000e+00
4.376000000000e-01,-1.099442249093e+01,-2.614997537241e+01,2.836720884907e+01,4.314389402460e+00,0.000000000000e+00
4.380000000000e-01,-1.089365280020e+01,-2.613418710110e+01,2.831373177041e+01,4.317454146518e+00,0.000000000000e+00
4.384000000000e-01,-1.079102246985e+01,-2.610981870132e+01,2.825188132781e+01,4.320475341832e+00,0.000000000000e+00
4.388000000000e-01,-1.068660826454e+01,-2.607691154089e+01,2.818171236301e+01,4.323453460509e+00,0.000000000000e+00
4.392000000000e-01,-1.058049127697e+01,-2.603552511805e+01,2.810329809532e+01,4.326388976795e+00,0.000000000000e+00
4.396000000000e-01,-1.047275645497e+01,-2.598573671997e+01,2.801672965649e+01,4.329282371027e+00,0.000000000000e+00
4.400000000000e-01,-1.036349248624e+01,-2.592764104255e+01,2.792211572470e+01,4.332134121945e+00,0.000000000000e+00
4.404000000000e-01,-1.025279117301e+01,-2.586134960980e+01,2.781958178114e+01,4.334944713845e+00,0.000000000000e+00
4.408000000000e-01,-1.014074723533e+01,-2.578699012418e+01,2.770926946268e+01,4.337714629392e+00,0.000000000000e+00
4.412000000000e-01,-1.002745781850e+01,-2.570470578174e+01,2.759133577100e+01,4.340444352529e+00,0.000000000000e+00
4.416000000000e-01,-9.913022075794e+00,-2.561465451461e+01,2.746595224233e+01,4.343134368704e+00,0.000000000000e+00
4.420000000000e-01,-9.797540927562e+00,-2.551700818438e+01,2.733330413450e+01,4.345785159221e+00,0.000000000000e+00
4.424000000000e-01,-9.681116446627e+00,-2.541195178259e+01,2.719358948455e+01,4.348397209083e+00,0.000000000000e+00
4.428000000000e-01,-9.563851713809e+00,-2.529968245161e+01,2.704701816755e+01,4.350970997228e+00,0.000000000000e+00
4.432000000000e-01,-9.445850202850e+00,-2.518040850615e+01,2.689381078596e+01,4.353507003590e+00,0.000000000000e+00
4.436000000000e-01,-9.327215496575e+00,-2.505434843739e+01,2.673419766033e+01,4.356005705338e+00,0.000000000000e+00
4.440000000000e-01,-9.208050977837e+00,-2.492172991438e+01,2.656841780641e+01,4.358467574555e+00,0.000000000000e+00
4.444000000000e-01,-9.088459300779e+00,-2.478278881336e+01,2.639671786093e+01,4.360893084676e+00,0.000000000000e+00
4.448000000000e-01,-8.968542316592e+00,-2.463776816810e+01,2.621935109017e+01,4.363282700533e+00,0.000000000000e+00
4.452000000000e-01,-8.848400487269e+00,-2.448691713138e+01,2.603657623003e+01,4.365636887235e+00,0.000000000000e+00
4.456000000000e-01,-8.728132724182e+00,-2.433048991494e+01,2.584865645158e+01,4.367956104329e+00,0.000000000000e+00
4.460000000000e-01,-8.607836112931e+00,-2.416874480952e+01,2.565585836051e+01,4.370240805494e+00,0.000000000000e+00
4.464000000000e-01,-8.487605515541e+00,-2.400194325950e+01,2.545845100590e+01,4.372491443979e+00,0.000000000000e+00
4.468000000000e-01,-8.367533554352e+00,-2.383034882322e+01,2.525670490819e+01,4.374708463040e+00,0.000000000000e+00
4.472000000000e-01,-8.247710160233e+00,-2.365422630743e+01,2.505089110372e+01,4.376892305055e+00,0.000000000000e+00
4.476000000000e-01,-8.128222508019e+00,-2.347384082359e+01,2.484128024380e+01,4.379043405765e+00,0.000000000000e+00
4.480000000000e-01,-8.009154860198e+00,-2.328945696959e+01,2.462814177953e+01,4.381162193753e+00,0.000000000000e+00
4.484000000000e-01,-7.890588279546e+00,-2.310133809586e+01,2.441174318266e+01,4.383249096403e+00,0.000000000000e+00
4.488000000000e-01,-7.772600681117e+00,-2.290974536438e+01,2.419234908000e+01,4.385304530406e+00,0.000000000000e+00
4.492000000000e-01,-7.655266560601e+00,-2.271493719575e+01,2.397022064814e+01,4.387328910005e+00,0.000000000000e+00
4.496000000000e-01,-7.538656988885e+00,-2.251716857950e+01,2.374561496432e+01,4.389322643380e+00,0.000000000000e+00
4.500000000000e-01,-7.422839608219e+00,-2.231669044440e+01,2.351878441248e+01,4.391286129734e+00,0.000000000000e+00
4.504000000000e-01,-7.307878405445e+00,-2.211374913581e+01,2.328997611915e+01,4.393219766841e+00,0.000000000000e+00
4.508000000000e-01,-7.193833850823e+00,-2.190858575558e+01,2.305943137380e+01,4.395123942219e+00,0.000000000000e+00
4.512000000000e-01,-7.080762817722e+00,-2.170143591034e+01,2.282738536607e+01,4.396999038532e+00,0.000000000000e+00
4.516000000000e-01,-6.968718582112e+00,-2.149252934600e+01,2.259406683989e+01,4.398845434332e+00,0.000000000000e+00
4.520000000000e-01,-6.857750909317e+00,-2.128208931758e+01,2.235969752156e+01,4.400663497467e+00,0.000000000000e+00
4.524000000000e-01,-6.747905946181e+00,-2.107033246646e+01,2.212449196944e+01,4.402453593514e+00,0.000000000000e+00
4.528000000000e-01,-6.639226403559e+00,-2.085746856900e+01,2.188865739018e+01,4.404216080178e+00,0.000000000000e+00
4.532000000000e-01,-6.531751627770e+00,-2.064370035177e+01,2.165239348295e+01,4.405951307034e+00,0.000000000000e+00
4.536000000000e-01,-6.425517523262e+00,-2.042922327821e+01,2.141589221099e+01,4.407659621321e+00,0.000000000000e+00
4.540000000000e-01,-6.320556745411e+00,-2.021422520426e+01,2.117933752931e+01,4.409341360012e+00,0.000000000000e+00
4.544000000000e-01,-6.216898780725e+00,-1.999888663826e+01,2.094290565370e+01,4.410996854956e+00,0.000000000000e+00
4.548000000000e-01,-6.114570022955e+00,-1.978338070523e+01,2.070676504656e+01,4.412626434002e+00,0.000000000000e+00
4.552000000000e-01,-6.013593865721e+00,-1.956787263761e+01,2.047107595472e+01,4.414230414439e+00,0.000000000000e+00
4.556000000000e-01,-5.913990771046e+00,-1.935252018555e+01,2.023599081765e+01,4.415809110403e+00,0.000000000000e+00
4.560000000000e-01,-5.815778466553e+00,-1.913747372548e+01,2.000165442571e+01,4.417362829879e+00,0.000000000000e+00
4.564000000000e-01,-5.718972044829e+00,-1.892287607268e+01,1.976820376543e+01,4.418891871616e+00,0.000000000000e+00
4.568000000000e-01,-5.623583936482e+00,-1.870886256418e+01,1.953576808666e+01,4.420396531880e+00,0.000000000000e+00
4.572000000000e-01,-5.529624186762e+00,-1.849556132217e+01,1.930446923044e+01,4.421877099093e+00,0.000000000000e+00
4.576000000000e-01,-5.437100575186e+00,-1.828309342104e+01,1.907442181843e+01,4.423333854189e+00,0.000000000000e+00
4.580000000000e-01,-5.346018574870e+00,-1.807157283479e+01,1.884573318621e+01,4.424767075591e+00,0.000000000000e+00
4.584000000000e-01,-5.256381587226e+00,-1.786110655795e+01,1.861850356138e+01,4.426177032856e+00,0.000000000000e+00
4.588000000000e-01,-5.168191096763e+00,-1.765179510815e+01,1.839282658410e+01,4.427563989605e+00,0.000000000000e+00
4.592000000000e-01,-5.081446670651e+00,-1.744373252035e+01,1.816878929671e+01,4.428928206650e+00,0.000000000000e+00
4.596000000000e-01,-4.996146102866e+00,-1.723700621466e+01,1.794647205234e+01,4.430269935519e+00,0.000000000000e+00
4.600000000000e-01,-4.912285597285e+00,-1.703169773858e+01,1.772594927352e+01,4.431589422945e+00,0.000000000000e+00
4.604000000000e-01,-4.829859805922e+00,-1.682788283554e+01,1.750728952384e+01,4.432886912550e+00,0.000000000000e+00
4.608000000000e-01,-4.748861904883e+00,-1.662563115201e+01,1.729055524252e+01,4.434162638661e+00,0.000000000000e+00
4.612000000000e-01,-4.669283780750e+00,-1.642500707649e+01,1.707580359714e+01,4.435416831548e+00,0.000000000000e+00
4.616000000000e-01,-4.591116091534e+00,-1.622606986564e+01,1.686308661694e+01,4.436649718214e+00,0.000000000000e+00
4.620000000000e-01,-4.514348305062e+00,-1.602887328972e+01,1.665245085738e+01,4.437861516553e+00,0.000000000000e+00
4.624000000000e-01,-4.438968874657e+00,-1.583346648182e+01,1.644393826007e+01,4.439052440820e+00,0.000000000000e+00
4.628000000000e-01,-4.364965302949e+00,-1.563989408460e+01,1.623758630688e+01,4.440222702058e+00,0.000000000000e+00
4.632000000000e-01,-4.292324164393e+00,-1.544819589262e+01,1.603342767686e+01,4.441372502445e+00,0.000000000000e+00
4.636000000000e-01,-4.221031269303e+00,-1.525840768473e+01,1.583149108738e+01,4.442502040697e+00,0.000000000000e+00
4.640000000000e-01,-4.151071709696e+00,-1.507056134101e+01,1.563180141481e+01,4.443611512575e+00,0.000000000000e+00
4.644000000000e-01,-4.082429883781e+00,-1.488468452861e+01,1.543437939381e+01,4.444701105247e+00,0.000000000000e+00
4.648000000000e-01,-4.015089649391e+00,-1.470080150193e+01,1.523924242513e+01,4.445771002372e+00,0.000000000000e+00
4.652000000000e-01,-3.949034334024e+00,-1.451893314031e+01,1.504640461054e+01,4.446821385063e+00,0.000000000000e+00
4.656000000000e-01,-3.884246781301e+00,-1.433909674376e+01,1.485587656400e+01,4.447852426220e+00,0.000000000000e+00
4.660000000000e-01,-3.820709486545e+00,-1.416130674948e+01,1.466766613451e+01,4.448864294926e+00,0.000000000000e+00
4.664000000000e-01,-3.758404563554e+00,-1.398557467202e+01,1.448177833590e+01,4.449857158180e+00,0.000000000000e+00
4.668000000000e-01,-3.697313831365e+00,-1.381190908688e+01,1.429821534989e+01,4.450831175416e+00,0.000000000000e+00
4.672000000000e-01,-3.637418914709e+00,-1.364031616233e+01,1.411697706202e+01,4.451786501615e+00,0.000000000000e+00
4.676000000000e-01,-3.578701179450e+00,-1.347079955233e+01,1.393806093798e+01,4.452723290077e+00,0.000000000000e+00
4.680000000000e-01,-3.521141862132e+00,-1.330336060354e+01,1.376146225373e+01,4.453641687620e+00,0.000000000000e+00
4.684000000000e-01,-3.464722116235e+00,-1.313799858376e+01,1.358717432469e+01,4.454541835601e+00,0.000000000000e+00
4.688000000000e-01,-3.409422953648e+00,-1.297471067187e+01,1.341518847783e+01,4.455423873939e+00,0.000000000000e+00
4.692000000000e-01,-3.355225385150e+00,-1.281349230008e+01,1.324549441543e+01,4.456287937630e+00,0.000000000000e+00
4.696000000000e-01,-3.302110413245e+00,-1.265433704150e+01,1.307808010150e+01,4.457134154968e+00,0.000000000000e+00
4.700000000000e-01,-3.250059024781e+00,-1.249723686253e+01,1.291293200101e+01,4.457962652769e+00,0.000000000000e+00
4.704000000000e-01,-3.199052279450e+00,-1.234218238098e+01,1.275003534944e+01,4.458773554739e+00,0.000000000000e+00
4.708000000000e-01,-3.149071295529e+00,-1.218916259285e+01,1.258937388194e+01,4.459566976915e+00,0.000000000000e+00
4.712000000000e-01,-3.100097290624e+00,-1.203816533456e+01,1.243093028834e+01,4.460343033330e+00,0.000000000000e+00
4.716000000000e-01,-3.052111583367e+00,-1.188917731792e+01,1.227468624505e+01,4.461101836348e+00,0.000000000000e+00
4.720000000000e-01,-3.005095630530e+00,-1.174218401170e+01,1.212062230718e+01,4.461843491034e+00,0.000000000000e+00
4.724000000000e-01,-2.959031061559e+00,-1.159716998787e+01,1.196871825012e+01,4.462568098929e+00,0.000000000000e+00
4.728000000000e-01,-2.913899631087e+00,-1.145411888194e+01,1.181895301716e+01,4.463275760656e+00,0.000000000000e+00
4.732000000000e-01,-2.869683299112e+00,-1.131301351815e+01,1.167130485846e+01,4.463966571619e+00,0.000000000000e+00
4.736000000000e-01,-2.826364231146e+00,-1.117383590629e+01,1.152575132596e+01,4.464640621309e+00,0.000000000000e+00
4.740000000000e-01,-2.783924771518e+00,-1.103656740212e+01,1.138226942024e+01,4.465297998359e+00,0.000000000000e+00
4.744000000000e-01,-2.742347487146e+00,-1.090118882568e+01,1.124083571419e+01,4.465938788951e+00,0.000000000000e+00
4.748000000000e-01,-2.701615181516e+00,-1.076768030698e+01,1.110142620488e+01,4.466563071676e+00,0.000000000000e+00
4.752000000000e-01,-2.661710890519e+00,-1.063602156486e+01,1.096401658120e+01,4.467170923249e+00,0.000000000000e+00
4.756000000000e-01,-2.622617865404e+00,-1.050619191261e+01,1.082858222357e+01,4.467762419630e+00,0.000000000000e+00
4.760000000000e-01,-2.584319623825e+00,-1.037817024423e+01,1.069509820134e+01,4.468337630604e+00,0.000000000000e+00
4.764000000000e-01,-2.546799943818e+00,-1.025193510605e+01,1.056353933927e+01,4.468896621155e+00,0.000000000000e+00
4.768000000000e-01,-2.510042834537e+00,-1.012746480444e+01,1.043388031350e+01,4.469439455920e+00,0.000000000000e+00
4.772000000000e-01,-2.474032563054e+00,-1.000473743768e+01,1.030609568750e+01,4.469966196913e+00,0.000000000000e+00
4.776000000000e-01,-2.438753682916e+00,-9.883730828826e+00,1.018015985251e+01,4.470476898575e+00,0.000000000000e+00
4.780000000000e-01,-2.404190999522e+00,-9.764422683219e+00,1.005604717067e+01,4.470971613917e+00,0.000000000000e+00
4.784000000000e-01,-2.370329562140e+00,-9.646790625080e+00,9.933732007523e+00,4.471450395590e+00,0.000000000000e+00
4.788000000000e-01,-2.337154706490e+00,-9.530812162875e+00,9.813188707351e+00,4.471913290297e+00,0.000000000000e+00
4.792000000000e-01,-2.304652043528e+00,-9.416464709865e+00,9.694391609269e+00,4.472360339546e+00,0.000000000000e+00
4.796000000000e-01,-2.272807432941e+00,-9.303725716849e+00,9.577315168751e+00,4.472791584804e+00,0.000000000000e+00
4.800000000000e-01,-2.241606984143e+00,-9.192572633519e+00,9.461933919336e+00,4.473207065899e+00,0.000000000000e+00
4.804000000000e-01,-2.211037110031e+00,-9.082982907322e+00,9.348222483266e+00,4.473606814782e+00,0.000000000000e+00
4.808000000000e-01,-2.181084470849e+00,-8.974934015764e+00,9.236155588571e+00,4.473990861259e+00,0.000000000000e+00
4.812000000000e-01,-2.151735973475e+00,-8.868403581989e+00,9.125708180332e+00,4.474359235409e+00,0.000000000000e+00
4.816000000000e-01,-2.122978785921e+00,-8.763369282947e+00,9.016855334027e+00,4.474711963110e+00,0.000000000000e+00
4.820000000000e-01,-2.094800364282e+00,-8.659808879821e+00,8.909572290588e+00,4.475049063126e+00,0.000000000000e+00
4.824000000000e-01,-2.067188398335e+00,-8.557700283117e+00,8.803834506048e+00,4.475370553910e+00,0.000000000000e+00
4.828000000000e-01,-2.040130809659e+00,-8.457021574018e+00,8.699617671135e+00,4.475676453858e+00,0.000000000000e+00
4.832000000000e-01,-2.013615798299e+00,-8.357750972130e+00,8.596897690173e+00,4.475966774628e+00,0.000000000000e+00
4.836000000000e-01,-1.987631815293e+00,-8.259866816205e+00,8.495650655165e+00,4.476241522847e+00,0.000000000000e+00
4.840000000000e-01,-1.962167541294e+00,-8.163347704116e+00,8.395852976226e+00,4.476500705685e+00,0.000000000000e+00
4.844000000000e-01,-1.937211871066e+00,-8.068172390264e+00,8.297481277617e+00,4.476744329312e+00,0.000000000000e+00
4.848000000000e-01,-1.912753985943e+00,-7.974319849056e+00,8.200512475802e+00,4.476972391569e+00,0.000000000000e+00
4.852000000000e-01,-1.888783281383e+00,-7.881769193947e+00,8.104923683212e+00,4.477184887336e+00,0.000000000000e+00
4.856000000000e-01,-1.865289374735e+00,-7.790499865689e+00,8.010692392596e+00,4.477381812427e+00,0.000000000000e+00
4.860000000000e-01,-1.842262086699e+00,-7.700491456687e+00,7.917796301408e+00,4.477563160274e+00,0.000000000000e+00
4.864000000000e-01,-1.819691515960e+00,-7.611723825302e+00,7.826213439840e+00,4.477728915448e+00,0.000000000000e+00
4.868000000000e-01,-1.797567949316e+00,-7.524176999844e+00,7.735922056057e+00,4.477879061084e+00,0.000000000000e+00
4.872000000000e-01,-1.775881879690e+00,-7.437831354480e+00,7.646900791059e+00,4.478013581415e+00,0.000000000000e+00
4.876000000000e-01,-1.754623999185e+00,-7.352667431922e+00,7.559128504197e+00,4.478132456830e+00,0.000000000000e+00
4.880000000000e-01,-1.733785257687e+00,-7.268666052374e+00,7.472584392344e+00,4.478235658971e+00,0.000000000000e+00
4.884000000000e-01,-1.713356775687e+00,-7.185808240959e+00,7.387247898685e+00,4.478323158995e+00,0.000000000000e+00
4.888000000000e-01,-1.693329860357e+00,-7.104075360933e+00,7.303098845681e+00,4.478394929220e+00,0.000000000000e+00
4.892000000000e-01,-1.673696013809e+00,-7.023448965676e+00,7.220117292683e+00,4.478450936920e+00,0.000000000000e+00
4.896000000000e-01,-1.654446973901e+00,-6.943910883109e+00,7.138283627176e+00,4.478491140801e+00,0.000000000000e+00
4.900000000000e-01,-1.635574634218e+00,-6.865443170089e+00,7.057578501570e+00,4.478515499654e+00,0.000000000000e+00
4.904000000000e-01,-1.617071056177e+00,-6.788028209194e+00,6.977982929869e+00,4.478523973500e+00,0.000000000000e+00
4.908000000000e-01,-1.598928487894e+00,-6.711648585837e+00,6.899478172236e+00,4.478516516504e+00,0.000000000000e+00
4.912000000000e-01,-1.581139394888e+00,-6.636287155815e+00,6.822045807565e+00,4.478493074178e+00,0.000000000000e+00
4.916000000000e-01,-1.563696383281e+00,-6.561927010361e+00,6.745667681437e+00,4.478453592410e+00,0.000000000000e+00
4.920000000000e-01,-1.546592210590e+00,-6.488551559840e+00,6.670325989827e+00,4.478398018474e+00,0.000000000000e+00
4.924000000000e-01,-1.529819807381e+00,-6.416144416124e+00,6.596003169467e+00,4.478326293443e+00,0.000000000000e+00
4.928000000000e-01,-1.513372309304e+00,-6.344689462369e+00,6.522681972967e+00,4.478238349200e+00,0.000000000000e+00
4.932000000000e-01,-1.497242976486e+00,-6.274170805228e+00,6.450345403451e+00,4.478134118041e+00,0.000000000000e+00
4.936000000000e-01,-1.481425206959e+00,-6.204572873393e+00,6.378976813334e+00,4.478013533925e+00,0.000000000000e+00
4.940000000000e-01,-1.465912552437e+00,-6.135880281580e+00,6.308559775517e+00,4.477876524825e+00,0.000000000000e+00
4.944000000000e-01,-1.450698763795e+00,-6.068077923541e+00,6.239078184271e+00,4.477723008469e+00,0.000000000000e+00
4.948000000000e-01,-1.435777699932e+00,-6.001150888775e+00,6.170516152921e+00,4.477552902702e+00,0.000000000000e+00
4.952000000000e-01,-1.421143346879e+00,-5.935084599916e+00,6.102858151763e+00,4.477366127418e+00,0.000000000000e+00
4.956000000000e-01,-1.406789819859e+00,-5.869864640213e+00,6.036088840606e+00,4.477162597420e+00,0.000000000000e+00
4.960000000000e-01,-1.392711432051e+00,-5.805476883647e+00,5.970193211239e+00,4.476942215751e+00,0.000000000000e+00
4.964000000000e-01,-1.378902590252e+00,-5.741907363721e+00,5.905156435435e+00,4.476704884785e+00,0.000000000000e+00
4.968000000000e-01,-1.365357818883e+00,-5.679142458573e+00,5.840964050424e+00,4.476450509361e+00,0.000000000000e+00
4.972000000000e-01,-1.352071744667e+00,-5.617168682404e+00,5.777601752398e+00,4.476178990831e+00,0.000000000000e+00
4.976000000000e-01,-1.339039190531e+00,-5.555972845158e+00,5.715055573650e+00,4.475890217197e+00,0.000000000000e+00
4.980000000000e-01,-1.326255065862e+00,-5.495541887761e+00,5.653311696683e+00,4.475584074208e+00,0.000000000000e+00
4.984000000000e-01,-1.313714385624e+00,-5.435863089268e+00,5.592356659965e+00,4.475260450392e+00,0.000000000000e+00
4.988000000000e-01,-1.301412244691e+00,-5.376923861969e+00,5.532177152626e+00,4.474919232839e+00,0.000000000000e+00
4.992000000000e-01,-1.289343921243e+00,-5.318711892127e+00,5.472760175515e+00,4.474560294598e+00,0.000000000000e+00
4.996000000000e-01,-1.277504787983e+00,-5.261214999394e+00,5.414092883685e+00,4.474183503559e+00,0.000000000000e+00
5.000000000000e-01,-1.265890304442e+00,-5.204421295440e+00,5.356162738688e+00,4.473788730368e+00,0.000000000000e+00
5.004000000000e-01,-1.254495998575e+00,-5.148319060906e+00,5.298957384555e+00,4.473375846331e+00,0.000000000000e+00
5.008000000000e-01,-1.243317549621e+00,-5.092896792691e+00,5.242464713300e+00,4.472944710048e+00,0.000000000000e+00
5.012000000000e-01,-1.232350756793e+00,-5.038143159346e+00,5.186672814226e+00,4.472495170403e+00,0.000000000000e+00
5.016000000000e-01,-1.221591482978e+00,-4.984047038700e+00,5.131569997112e+00,4.472027078300e+00,0.000000000000e+00
5.020000000000e-01,-1.211035658181e+00,-4.930597540910e+00,5.077144815328e+00,4.471540287067e+00,0.000000000000e+00
5.024000000000e-01,-1.200679315410e+00,-4.877783916896e+00,5.023385985406e+00,4.471034641183e+00,0.000000000000e+00
5.028000000000e-01,-1.190518640201e+00,-4.825595640254e+00,4.970282478482e+00,4.470509969932e+00,0.000000000000e+00
5.032000000000e-01,-1.180549865143e+00,-4.774022307404e+00,4.917823398179e+00,4.469966102452e+00,0.000000000000e+00
5.036000000000e-01,-1.170769289912e+00,-4.723053796332e+00,4.865998139462e+00,4.469402871448e+00,0.000000000000e+00
5.040000000000e-01,-1.161173270527e+00,-4.672680079585e+00,4.814796204445e+00,4.468820106143e+00,0.000000000000e+00
5.044000000000e-01,-1.151758327669e+00,-4.622891364267e+00,4.764207364417e+00,4.468217616996e+00,0.000000000000e+00
5.048000000000e-01,-1.142521039739e+00,-4.573677952656e+00,4.714221498918e+00,4.467595209505e+00,0.000000000000e+00
5.052000000000e-01,-1.133458038490e+00,-4.525030398008e+00,4.664828745830e+00,4.466952692858e+00,0.000000000000e+00
5.056000000000e-01,-1.124565993347e+00,-4.476939386432e+00,4.616019382886e+00,4.466289877182e+00,0.000000000000e+00
5.060000000000e-01,-1.115841699904e+00,-4.429395772515e+00,4.567783883769e+00,4.465606556623e+00,0.000000000000e+00
5.064000000000e-01,-1.107282059729e+00,-4.382390557727e+00,4.520112892424e+00,4.464902511619e+00,0.000000000000e+00
5.068000000000e-01,-1.098884004534e+00,-4.335914891173e+00,4.472997205333e+00,4.464177524610e+00,0.000000000000e+00
5.072000000000e-01,-1.090644506465e+00,-4.289960139332e+00,4.426427841560e+00,4.463431381737e+00,0.000000000000e+00
5.076000000000e-01,-1.082560596737e+00,-4.244517754862e+00,4.380395920113e+00,4.462663861533e+00,0.000000000000e+00
5.080000000000e-01,-1.074629458690e+00,-4.199579388419e+00,4.334892791421e+00,4.461874720040e+00,0.000000000000e+00
5.084000000000e-01,-1.066848305465e+00,-4.155136765046e+00,4.289909887528e+00,4.461063710124e+00,0.000000000000e+00
5.088000000000e-01,-1.059214385809e+00,-4.111181843253e+00,4.245438877595e+00,4.460230589272e+00,0.000000000000e+00
5.092000000000e-01,-1.051724969248e+00,-4.067706676268e+00,4.201471529726e+00,4.459375115073e+00,0.000000000000e+00
5.096000000000e-01,-1.044377452251e+00,-4.024703470641e+00,4.157999794295e+00,4.458497024003e+00,0.000000000000e+00
5.100000000000e-01,-1.037169317788e+00,-3.982164546184e+00,4.115015755334e+00,4.457596037422e+00,0.000000000000e+00
5.104000000000e-01,-1.030098062403e+00,-3.940082355994e+00,4.072511631682e+00,4.456671879362e+00,0.000000000000e+00
5.108000000000e-01,-1.023161204260e+00,-3.898449539982e+00,4.030479830701e+00,4.455724278150e+00,0.000000000000e+00
5.112000000000e-01,-1.016356307634e+00,-3.857258806896e+00,3.988912840292e+00,4.454752953256e+00,0.000000000000e+00
5.116000000000e-01,-1.009681085317e+00,-3.816503032540e+00,3.947803350147e+00,4.453757596080e+00,0.000000000000e+00
5.120000000000e-01,-1.003133269947e+00,-3.776175152633e+00,3.907144115673e+00,4.452737893416e+00,0.000000000000e+00
5.124000000000e-01,-9.967106101891e-01,-3.736268300855e+00,3.866928090415e+00,4.451693537351e+00,0.000000000000e+00
5.128000000000e-01,-9.904108602333e-01,-3.696775703670e+00,3.827148321573e+00,4.450624221253e+00,0.000000000000e+00
5.132000000000e-01,-9.842318811474e-01,-3.657690699521e+00,3.787797994776e+00,4.449529615342e+00,0.000000000000e+00
5.136000000000e-01,-9.781716337047e-01,-3.619006736740e+00,3.748870430617e+00,4.448409367277e+00,0.000000000000e+00
5.140000000000e-01,-9.722280755281e-01,-3.580717352559e+00,3.710359037851e+00,4.447263126370e+00,0.000000000000e+00
5.144000000000e-01,-9.663991721262e-01,-3.542816268390e+00,3.672257408115e+00,4.446090547665e+00,0.000000000000e+00
5.148000000000e-01,-9.606829040420e-01,-3.505297255469e+00,3.634559188033e+00,4.444891280785e+00,0.000000000000e+00
5.152000000000e-01,-9.550774001345e-01,-3.468154220257e+00,3.597258196979e+00,4.443664940239e+00,0.000000000000e+00
5.156000000000e-01,-9.495808250489e-01,-3.431381126711e+00,3.560348322854e+00,4.442411128449e+00,0.000000000000e+00
5.160000000000e-01,-9.441913376921e-01,-3.394972079889e+00,3.523823591697e+00,4.441129452903e+00,0.000000000000e+00
5.164000000000e-01,-9.389070905527e-01,-3.358921307487e+00,3.487678149512e+00,4.439819525386e+00,0.000000000000e+00
5.168000000000e-01,-9.337262918017e-01,-3.323223096568e+00,3.451906217956e+00,4.438480940099e+00,0.000000000000e+00
5.172000000000e-01,-9.286472905095e-01,-3.287871849951e+00,3.416502172086e+00,4.437113253310e+00,0.000000000000e+00
5.176000000000e-01,-9.236684304529e-01,-3.252862015916e+00,3.381460433601e+00,4.435716017560e+00,0.000000000000e+00
5.180000000000e-01,-9.187880469377e-01,-3.218188209357e+00,3.346775586448e+00,4.434288792396e+00,0.000000000000e+00
5.184000000000e-01,-9.140044609745e-01,-3.183845113014e+00,3.312442280002e+00,4.432831138526e+00,0.000000000000e+00
5.188000000000e-01,-9.093160999910e-01,-3.149827488898e+00,3.278455273375e+00,4.431342583585e+00,0.000000000000e+00
5.192000000000e-01,-9.047214920527e-01,-3.116130178458e+00,3.244809434663e+00,4.429822622352e+00,0.000000000000e+00
5.196000000000e-01,-9.002191418982e-01,-3.082748087256e+00,3.211499692187e+00,4.428270751012e+00,0.000000000000e+00
5.200000000000e-01,-8.958075382354e-01,-3.049676277681e+00,3.178521125337e+00,4.426686473403e+00,0.000000000000e+00
5.204000000000e-01,-8.914851604878e-01,-3.016909851751e+00,3.145868853745e+00,4.425069289192e+00,0.000000000000e+00
5.208000000000e-01,-8.872506344443e-01,-2.984443998312e+00,3.113538126855e+00,4.423418650154e+00,0.000000000000e+00
5.212000000000e-01,-8.831026396872e-01,-2.952273955948e+00,3.081524262957e+00,4.421733983351e+00,0.000000000000e+00
5.216000000000e-01,-8.790398246672e-01,-2.920395053603e+00,3.049822664100e+00,4.420014720581e+00,0.000000000000e+00
5.220000000000e-01,-8.750608121204e-01,-2.888802748936e+00,3.018428854085e+00,4.418260300871e+00,0.000000000000e+00
5.224000000000e-01,-8.711642328274e-01,-2.857492531065e+00,2.987338394901e+00,4.416470150947e+00,0.000000000000e+00
5.228000000000e-01,-8.673488851497e-01,-2.826459969431e+00,2.956546980409e+00,4.414643637995e+00,0.000000000000e+00
5.232000000000e-01,-8.636135816349e-01,-2.795700667023e+00,2.926050347820e+00,4.412780112366e+00,0.000000000000e+00
5.236000000000e-01,-8.599570983614e-01,-2.765210336879e+00,2.895844335976e+00,4.410878931471e+00,0.000000000000e+00
5.240000000000e-01,-8.563781762479e-01,-2.734984791983e+00,2.865924875696e+00,4.408939459077e+00,0.000000000000e+00
5.244000000000e-01,-8.528755899523e-01,-2.705019875933e+00,2.836287943973e+00,4.406961035512e+00,0.000000000000e+00
5.248000000000e-01,-8.494482852669e-01,-2.675311498246e+00,2.806929639658e+00,4.404942933810e+00,0.000000000000e+00
5.252000000000e-01,-8.460951943718e-01,-2.645855596828e+00,2.777846093146e+00,4.402884415944e+00,0.000000000000e+00
5.256000000000e-01,-8.428152067902e-01,-2.616648230132e+00,2.749033545276e+00,4.400784752819e+00,0.000000000000e+00
5.260000000000e-01,-8.396071688498e-01,-2.587685534093e+00,2.720488305679e+00,4.398643220608e+00,0.000000000000e+00
5.264000000000e-01,-8.364699879166e-01,-2.558963674167e+00,2.692206739162e+00,4.396459059077e+00,0.000000000000e+00
5.268000000000e-01,-8.334027374531e-01,-2.530478865905e+00,2.664185318927e+00,4.394231434956e+00,0.000000000000e+00
5.272000000000e-01,-8.304044583781e-01,-2.502227353586e+00,2.636420545651e+00,4.391959507642e+00,0.000000000000e+00
5.276000000000e-01,-8.274741415957e-01,-2.474205505708e+00,2.608909032428e+00,4.389642447071e+00,0.000000000000e+00
5.280000000000e-01,-8.246107280408e-01,-2.446409753231e+00,2.581647445626e+00,4.387279427306e+00,0.000000000000e+00
5.284000000000e-01,-8.218132435546e-01,-2.418836552697e+00,2.554632512896e+00,4.384869572533e+00,0.000000000000e+00
5.288000000000e-01,-8.190808748944e-01,-2.391482396448e+00,2.527861058709e+00,4.382411927719e+00,0.000000000000e+00
5.292000000000e-01,-8.164127624889e-01,-2.364343807329e+00,2.501329933857e+00,4.379905532712e+00,0.000000000000e+00
5.296000000000e-01,-8.138079886318e-01,-2.337417432457e+00,2.475036099922e+00,4.377349439302e+00,0.000000000000e+00
5.300000000000e-01,-8.112655791296e-01,-2.310699972792e+00,2.448976562595e+00,4.374742702523e+00,0.000000000000e+00
5.304000000000e-01,-8.087846625632e-01,-2.284188148228e+00,2.423148391433e+00,4.372084314522e+00,0.000000000000e+00
5.308000000000e-01,-8.063645283616e-01,-2.257878701909e+00,2.397548745100e+00,4.369373179560e+00,0.000000000000e+00
5.312000000000e-01,-8.040044089198e-01,-2.231768408537e+00,2.372174807831e+00,4.366608197683e+00,0.000000000000e+00
5.316000000000e-01,-8.017034698795e-01,-2.205854165989e+00,2.347023871891e+00,4.363788282196e+00,0.000000000000e+00
5.320000000000e-01,-7.994608130629e-01,-2.180132922460e+00,2.322093269276e+00,4.360912349364e+00,0.000000000000e+00
5.324000000000e-01,-7.972756531508e-01,-2.154601636889e+00,2.297380395318e+00,4.357979241008e+00,0.000000000000e+00
5.328000000000e-01,-7.951473741234e-01,-2.129257279646e+00,2.272882731137e+00,4.354987698041e+00,0.000000000000e+00
5.332000000000e-01,-7.930752944918e-01,-2.104096852068e+00,2.248597782089e+00,4.351936456685e+00,0.000000000000e+00
5.336000000000e-01,-7.910586570442e-01,-2.079117477643e+00,2.224523158954e+00,4.348824267692e+00,0.000000000000e+00
5.340000000000e-01,-7.890966319947e-01,-2.054316331050e+00,2.200656511736e+00,4.345649885388e+00,0.000000000000e+00
5.344000000000e-01,-7.871885026162e-01,-2.029690589419e+00,2.176995550621e+00,4.342411980943e+00,0.000000000000e+00
5.348000000000e-01,-7.853337406861e-01,-2.005237428824e+00,2.153538072619e+00,4.339109105464e+00,0.000000000000e+00
5.352000000000e-01,-7.835317466449e-01,-1.980954053765e+00,2.130281897104e+00,4.335739803069e+00,0.000000000000e+00
5.356000000000e-01,-7.817818359866e-01,-1.956837789998e+00,2.107224946569e+00,4.332302633559e+00,0.000000000000e+00
5.360000000000e-01,-7.800832416125e-01,-1.932886019668e+00,2.084365186064e+00,4.328796161950e+00,0.000000000000e+00
5.364000000000e-01,-7.784352970449e-01,-1.909096120637e+00,2.061700635281e+00,4.325218866237e+00,0.000000000000e+00
5.368000000000e-01,-7.768375550923e-01,-1.885465455180e+00,2.039229405849e+00,4.321569077656e+00,0.000000000000e+00
5.372000000000e-01,-7.752894955306e-01,-1.861991409427e+00,2.016949630174e+00,4.317845115280e+00,0.000000000000e+00
5.376000000000e-01,-7.737905037896e-01,-1.838671489019e+00,1.994859540992e+00,4.314045314666e+00,0.000000000000e+00
5.380000000000e-01,-7.723398724047e-01,-1.815503265890e+00,1.972957421478e+00,4.310168019161e+00,0.000000000000e+00
5.384000000000e-01,-7.709369667855e-01,-1.792484304309e+00,1.951241601634e+00,4.306211488475e+00,0.000000000000e+00
5.388000000000e-01,-7.695814119370e-01,-1.769612135627e+00,1.929710512009e+00,4.302173801183e+00,0.000000000000e+00
5.392000000000e-01,-7.682727658532e-01,-1.746884308143e+00,1.908362604116e+00,4.298053013550e+00,0.000000000000e+00
5.396000000000e-01,-7.670104826071e-01,-1.724298485315e+00,1.887196425094e+00,4.293847198379e+00,0.000000000000e+00
5.400000000000e-01,-7.657939143027e-01,-1.701852411992e+00,1.866210586024e+00,4.289554439483e+00,0.000000000000e+00
5.404000000000e-01,-7.646224425301e-01,-1.679543826907e+00,1.845403735263e+00,4.285172749422e+00,0.000000000000e+00
5.408000000000e-01,-7.634957503650e-01,-1.657370416618e+00,1.824774632306e+00,4.280699920806e+00,0.000000000000e+00
5.412000000000e-01,-7.624134741844e-01,-1.635329874331e+00,1.804322062021e+00,4.276133704779e+00,0.000000000000e+00
5.416000000000e-01,-7.613751364918e-01,-1.613419999282e+00,1.784044896450e+00,4.271471867880e+00,0.000000000000e+00
5.420000000000e-01,-7.603801511801e-01,-1.591638692586e+00,1.763942091466e+00,4.266712191451e+00,0.000000000000e+00
5.424000000000e-01,-7.594279087076e-01,-1.569983856130e+00,1.744012630984e+00,4.261852405510e+00,0.000000000000e+00
5.428000000000e-01,-7.585181261257e-01,-1.548453322516e+00,1.724255619006e+00,4.256889987104e+00,0.000000000000e+00
5.432000000000e-01,-7.576505192379e-01,-1.527044915040e+00,1.704670197385e+00,4.251822336594e+00,0.000000000000e+00
5.436000000000e-01,-7.568246791721e-01,-1.505756547116e+00,1.685255581266e+00,4.246646867080e+00,0.000000000000e+00
5.440000000000e-01,-7.560400852011e-01,-1.484586258760e+00,1.666011095440e+00,4.241361010750e+00,0.000000000000e+00
5.444000000000e-01,-7.552961425651e-01,-1.463532102225e+00,1.646936087775e+00,4.235962170905e+00,0.000000000000e+00
5.448000000000e-01,-7.545925673067e-01,-1.442592052489e+00,1.628030028144e+00,4.230447487133e+00,0.000000000000e+00
5.452000000000e-01,-7.539291540276e-01,-1.421764051251e+00,1.609292449097e+00,4.224813963833e+00,0.000000000000e+00
5.456000000000e-01,-7.533055622433e-01,-1.401046106724e+00,1.590722937307e+00,4.219058613126e+00,0.000000000000e+00
5.460000000000e-01,-7.527213412535e-01,-1.380436377882e+00,1.572321217486e+00,4.213178469863e+00,0.000000000000e+00
5.464000000000e-01,-7.521759288788e-01,-1.359933052228e+00,1.554087042134e+00,4.207170560042e+00,0.000000000000e+00
5.468000000000e-01,-7.516690036935e-01,-1.339534246553e+00,1.536020276169e+00,4.201031671093e+00,0.000000000000e+00
5.472000000000e-01,-7.512004299571e-01,-1.319238013961e+00,1.518120885650e+00,4.194758375817e+00,0.000000000000e+00
5.476000000000e-01,-7.507699344008e-01,-1.299042444518e+00,1.500388871946e+00,4.188347244055e+00,0.000000000000e+00
5.480000000000e-01,-7.503771394560e-01,-1.278945790942e+00,1.482824395397e+00,4.181794869163e+00,0.000000000000e+00
5.484000000000e-01,-7.500215419139e-01,-1.258946358902e+00,1.465427667245e+00,4.175097849547e+00,0.000000000000e+00
5.488000000000e-01,-7.497027609243e-01,-1.239042403415e+00,1.448198987431e+00,4.168252609043e+00,0.000000000000e+00
5.492000000000e-01,-7.494207042286e-01,-1.219232089317e+00,1.431138805129e+00,4.161255277737e+00,0.000000000000e+00
5.496000000000e-01,-7.491751631140e-01,-1.199513585953e+00,1.414247597810e+00,4.154101959267e+00,0.000000000000e+00
5.500000000000e-01,-7.489658303595e-01,-1.179885209987e+00,1.397526001115e+00,4.146788776901e+00,0.000000000000e+00
5.504000000000e-01,-7.487922884022e-01,-1.160345367076e+00,1.380974750698e+00,4.139311866318e+00,0.000000000000e+00
5.508000000000e-01,-7.486541119774e-01,-1.140892434432e+00,1.364594638098e+00,4.131667272224e+00,0.000000000000e+00
5.512000000000e-01,-7.485512031607e-01,-1.121524698071e+00,1.348386647863e+00,4.123850715303e+00,0.000000000000e+00
5.516000000000e-01,-7.484834104337e-01,-1.102240414707e+00,1.332351810712e+00,4.115857844590e+00,0.000000000000e+00
5.520000000000e-01,-7.484504849856e-01,-1.083037940219e+00,1.316491286879e+00,4.107684321251e+00,0.000000000000e+00
5.524000000000e-01,-7.484521099977e-01,-1.063915759564e+00,1.300806405430e+00,4.099325822267e+00,0.000000000000e+00
5.528000000000e-01,-7.484878805274e-01,-1.044872338953e+00,1.285298530305e+00,4.090777996884e+00,0.000000000000e+00
5.532000000000e-01,-7.485576334232e-01,-1.025906093001e+00,1.269969228845e+00,4.082036245429e+00,0.000000000000e+00
5.536000000000e-01,-7.486612545952e-01,-1.007015387867e+00,1.254820172587e+00,4.073095840783e+00,0.000000000000e+00
5.540000000000e-01,-7.487985317529e-01,-9.881986133658e-01,1.239853112515e+00,4.063952059301e+00,0.000000000000e+00
5.544000000000e-01,-7.489692476544e-01,-9.694543066265e-01,1.225070033332e+00,4.054600190738e+00,0.000000000000e+00
5.548000000000e-01,-7.491730939911e-01,-9.507809855095e-01,1.210472968375e+00,4.045035524339e+00,0.000000000000e+00
5.552000000000e-01,-7.494098367427e-01,-9.321771653186e-01,1.196064116571e+00,4.035253257578e+00,0.000000000000e+00
5.556000000000e-01,-7.496793500115e-01,-9.136413582722e-01,1.181845869553e+00,4.025248481126e+00,0.000000000000e+00
5.560000000000e-01,-7.499814312178e-01,-8.951720219891e-01,1.167820660942e+00,4.015016280143e+00,0.000000000000e+00
5.564000000000e-01,-7.503159317914e-01,-8.767677143346e-01,1.153991170850e+00,4.004551743787e+00,0.000000000000e+00
5.568000000000e-01,-7.506826888061e-01,-8.584269793916e-01,1.140360196701e+00,3.993849963155e+00,0.000000000000e+00
5.572000000000e-01,-7.510814870273e-01,-8.401483464348e-01,1.126930629707e+00,3.982906068960e+00,0.000000000000e+00
5.576000000000e-01,-7.515121269174e-01,-8.219305030701e-01,1.113705629321e+00,3.971715306075e+00,0.000000000000e+00
5.580000000000e-01,-7.519743788677e-01,-8.037720491516e-01,1.100688408893e+00,3.960272939651e+00,0.000000000000e+00
5.584000000000e-01,-7.524681010504e-01,-7.856715602073e-01,1.087882366627e+00,3.948574229702e+00,0.000000000000e+00
5.588000000000e-01,-7.529932732405e-01,-7.676275920713e-01,1.075291118560e+00,3.936614430198e+00,0.000000000000e+00
5.592000000000e-01,-7.535498351944e-01,-7.496385857506e-01,1.062918323940e+00,3.924388854011e+00,0.000000000000e+00
5.596000000000e-01,-7.541375270869e-01,-7.317033364482e-01,1.050767901266e+00,3.911893314520e+00,0.000000000000e+00
5.600000000000e-01,-7.547560302006e-01,-7.138206931340e-01,1.038843899280e+00,3.899123876478e+00,0.000000000000e+00
5.604000000000e-01,-7.554051401829e-01,-6.959893159099e-01,1.027150453281e+00,3.886076600438e+00,0.000000000000e+00
5.608000000000e-01,-7.560849175087e-01,-6.782077689488e-01,1.015691971193e+00,3.872747527523e+00,0.000000000000e+00
5.612000000000e-01,-7.567955115499e-01,-6.604743738347e-01,1.004472918896e+00,3.859132712283e+00,0.000000000000e+00
5.616000000000e-01,-7.575367832532e-01,-6.427877859353e-01,9.934979193382e-01,3.845228926541e+00,0.000000000000e+00
5.620000000000e-01,-7.583082595793e-01,-6.251471866932e-01,9.827718054445e-01,3.831033900978e+00,0.000000000000e+00
5.624000000000e-01,-7.591096255532e-01,-6.075514672767e-01,9.722994441002e-01,3.816545431063e+00,0.000000000000e+00
5.628000000000e-01,-7.599409047523e-01,-5.899992427821e-01,9.620859032327e-01,3.801761290486e+00,0.000000000000e+00
5.632000000000e-01,-7.608023845576e-01,-5.724887762674e-01,9.521363701176e-01,3.786679240009e+00,0.000000000000e+00
5.636000000000e-01,-7.616942637186e-01,-5.550182966596e-01,9.424560790874e-01,3.771297540303e+00,0.000000000000e+00
5.640000000000e-01,-7.626159918277e-01,-5.375871858309e-01,9.330504452391e-01,3.755616439405e+00,0.000000000000e+00
5.644000000000e-01,-7.635670974625e-01,-5.201947354646e-01,9.239249293813e-01,3.739636678876e+00,0.000000000000e+00
5.648000000000e-01,-7.645474766859e-01,-5.028397474553e-01,9.150850538216e-01,3.723358992615e+00,0.000000000000e+00
5.652000000000e-01,-7.655574088404e-01,-4.855205234486e-01,9.065364443420e-01,3.706784101623e+00,0.000000000000e+00
5.656000000000e-01,-7.665973776507e-01,-4.682349109800e-01,8.982847384217e-01,3.689912878815e+00,0.000000000000e+00
5.660000000000e-01,-7.676671015341e-01,-4.509819308620e-01,8.903356000643e-01,3.672748491995e+00,0.000000000000e+00
5.664000000000e-01,-7.687659230312e-01,-4.337613551264e-01,8.826947137120e-01,3.655295877290e+00,0.000000000000e+00
5.668000000000e-01,-7.698936139582e-01,-4.165723517708e-01,8.753677519040e-01,3.637560018826e+00,0.000000000000e+00
5.672000000000e-01,-7.710503033162e-01,-3.994134105035e-01,8.683603184935e-01,3.619545914048e+00,0.000000000000e+00
5.676000000000e-01,-7.722364753502e-01,-3.822823439951e-01,8.616779934475e-01,3.601258570240e+00,0.000000000000e+00
5.680000000000e-01,-7.734523690725e-01,-3.651773220289e-01,8.553262791169e-01,3.582704394639e+00,0.000000000000e+00
5.684000000000e-01,-7.746973002420e-01,-3.480982792857e-01,8.493104962520e-01,3.563893070880e+00,0.000000000000e+00
5.688000000000e-01,-7.759709497290e-01,-3.310448153640e-01,8.436359313132e-01,3.544834751829e+00,0.000000000000e+00
5.692000000000e-01,-7.772733141723e-01,-3.140157779214e-01,8.383076486040e-01,3.525539622236e+00,0.000000000000e+00
5.696000000000e-01,-7.786046302367e-01,-2.970092684038e-01,8.333304721080e-01,3.506017901340e+00,0.000000000000e+00
5.700000000000e-01,-7.799653929578e-01,-2.800229733255e-01,8.287091647869e-01,3.486280170128e+00,0.000000000000e+00
5.704000000000e-01,-7.813552704105e-01,-2.630561889374e-01,8.244480681866e-01,3.466340103801e+00,0.000000000000e+00
5.708000000000e-01,-7.827738693885e-01,-2.461087570378e-01,8.205513091137e-01,3.446212954218e+00,0.000000000000e+00
5.712000000000e-01,-7.842212128117e-01,-2.291799005770e-01,8.170228500185e-01,3.425914000178e+00,0.000000000000e+00
5.716000000000e-01,-7.856972729318e-01,-2.122681582242e-01,8.138660674143e-01,3.405458572323e+00,0.000000000000e+00
5.720000000000e-01,-7.872023497145e-01,-1.953715459485e-01,8.110842005380e-01,3.384862031110e+00,0.000000000000e+00
5.724000000000e-01,-7.887365724237e-01,-1.784885069121e-01,8.086801146179e-01,3.364140998620e+00,0.000000000000e+00
5.728000000000e-01,-7.902995916234e-01,-1.616185642814e-01,8.066560635367e-01,3.343314159153e+00,0.000000000000e+00
5.732000000000e-01,-7.918914778554e-01,-1.447610347000e-01,8.050142047613e-01,3.322400387836e+00,0.000000000000e+00
5.736000000000e-01,-7.935122048395e-01,-1.279148366854e-01,8.037560728688e-01,3.301418565104e+00,0.000000000000e+00
5.740000000000e-01,-7.951617379823e-01,-1.110786029855e-01,8.028827097355e-01,3.280387575596e+00,0.000000000000e+00
5.744000000000e-01,-7.968403398940e-01,-9.425087307311e-02,8.023950114236e-01,3.259326392269e+00,0.000000000000e+00
5.748000000000e-01,-7.985478716150e-01,-7.743043678667e-02,8.022930735098e-01,3.238254521529e+00,0.000000000000e+00
5.752000000000e-01,-8.002843361047e-01,-6.061623027578e-02,8.025766916547e-01,3.217191669262e+00,0.000000000000e+00
5.756000000000e-01,-8.020498984183e-01,-4.380722681026e-02,8.032453626841e-01,3.196157515651e+00,0.000000000000e+00
5.760000000000e-01,-8.038443836048e-01,-2.700245424756e-02,8.042977841499e-01,3.175171671070e+00,0.000000000000e+00
5.764000000000e-01,-8.056679286591e-01,-1.020115216602e-02,8.057325082032e-01,3.154253709973e+00,0.000000000000e+00
5.768000000000e-01,-8.075206468410e-01,6.597882878122e-03,8.075476005369e-01,3.133422291519e+00,0.000000000000e+00
5.772000000000e-01,-8.094024289317e-01,2.339642188012e-02,8.097405044317e-01,3.112694903776e+00,0.000000000000e+00
5.776000000000e-01,-8.113134442840e-01,4.019586175331e-02,8.123085695584e-01,3.092088948474e+00,0.000000000000e+00
5.780000000000e-01,-8.132536600591e-01,5.699716953710e-02,8.152485467235e-01,3.071621716026e+00,0.000000000000e+00
5.784000000000e-01,-8.152230941172e-01,7.380077934800e-02,8.185568081779e-01,3.051310426481e+00,0.000000000000e+00
5.788000000000e-01,-8.172220545656e-01,9.060699947901e-02,8.222295998217e-01,3.031171687107e+00,0.000000000000e+00
5.792000000000e-01,-8.192504419103e-01,1.074178127651e-01,8.262625932895e-01,3.011219187302e+00,0.000000000000e+00
5.796000000000e-01,-8.213082099564e-01,1.242352075941e-01,8.306512881755e-01,2.991465747088e+00,0.000000000000e+00
5.800000000000e-01,-8.233954398980e-01,1.410604801208e-01,8.353909919892e-01,2.971924132287e+00,0.000000000000e+00
5.804000000000e-01,-8.255121558288e-01,1.578942143527e-01,8.404765923850e-01,2.952606990573e+00,0.000000000000e+00
5.808000000000e-01,-8.276587246981e-01,1.747362995380e-01,8.459029134275e-01,2.933526862562e+00,0.000000000000e+00
5.812000000000e-01,-8.298353150215e-01,1.915877946733e-01,8.516645660850e-01,2.914693882680e+00,0.000000000000e+00
5.816000000000e-01,-8.320416973392e-01,2.084510806555e-01,8.577559321495e-01,2.896115597591e+00,0.000000000000e+00
5.820000000000e-01,-8.342778287599e-01,2.253278765845e-01,8.641713646762e-01,2.877799418739e+00,0.000000000000e+00
5.824000000000e-01,-8.365437840058e-01,2.422191513669e-01,8.709050578838e-01,2.859752689988e+00,0.000000000000e+00
5.828000000000e-01,-8.388398811651e-01,2.591251139793e-01,8.779511210357e-01,2.841982719056e+00,0.000000000000e+00
5.832000000000e-01,-8.411665862171e-01,2.760458755595e-01,8.853036491405e-01,2.824496020642e+00,0.000000000000e+00
5.836000000000e-01,-8.435237557635e-01,2.929834666498e-01,8.929566833097e-01,2.807295933557e+00,0.000000000000e+00
5.840000000000e-01,-8.459111879547e-01,3.099398848914e-01,9.009042513794e-01,2.790385001277e+00,0.000000000000e+00
5.844000000000e-01,-8.483288873914e-01,3.269164644389e-01,9.091404049452e-01,2.773765760275e+00,0.000000000000e+00
5.848000000000e-01,-8.507771180855e-01,3.439139085421e-01,9.176592402121e-01,2.757440733880e+00,0.000000000000e+00
5.852000000000e-01,-8.532563760237e-01,3.609323622191e-01,9.264548630787e-01,2.741412356842e+00,0.000000000000e+00
5.856000000000e-01,-8.557668518569e-01,3.779729222513e-01,9.355214774083e-01,2.725681276813e+00,0.000000000000e+00
5.860000000000e-01,-8.583083434552e-01,3.950375869152e-01,9.448533788481e-01,2.710246467097e+00,0.000000000000e+00
5.864000000000e-01,-8.608807426843e-01,4.121278874753e-01,9.544448903732e-01,2.695106839594e+00,0.000000000000e+00
5.868000000000e-01,-8.634842286716e-01,4.292449066743e-01,9.642905179822e-01,2.680261330386e+00,0.000000000000e+00
5.872000000000e-01,-8.661191917338e-01,4.463892771160e-01,9.743848526192e-01,2.665708886729e+00,0.000000000000e+00
5.876000000000e-01,-8.687860236583e-01,4.635615980976e-01,9.847225549031e-01,2.651448007795e+00,0.000000000000e+00
5.880000000000e-01,-8.714847146536e-01,4.807635003690e-01,9.952985236410e-01,2.637475650412e+00,0.000000000000e+00
5.884000000000e-01,-8.742151691035e-01,4.979965502230e-01,1.006107710896e+00,2.623788440168e+00,0.000000000000e+00
5.888000000000e-01,-8.769774462866e-01,5.152620115576e-01,1.017145211781e+00,2.610383024480e+00,0.000000000000e+00
5.892000000000e-01,-8.797718524921e-01,5.325609066843e-01,1.028406355370e+00,2.597256086470e+00,0.000000000000e+00
5.896000000000e-01,-8.825987363150e-01,5.498940041370e-01,1.039886505889e+00,2.584404273269e+00,0.000000000000e+00
5.900000000000e-01,-8.854583028920e-01,5.672624777729e-01,1.051581249761e+00,2.571823586625e+00,0.000000000000e+00
5.904000000000e-01,-8.883505905153e-01,5.846678167880e-01,1.063486355181e+00,2.559509500311e+00,0.000000000000e+00
5.908000000000e-01,-8.912756234985e-01,6.021113206295e-01,1.075597638280e+00,2.547457478327e+00,0.000000000000e+00
5.912000000000e-01,-8.942336291381e-01,6.195942036198e-01,1.087911191523e+00,2.535663021886e+00,0.000000000000e+00
5.916000000000e-01,-8.972248836797e-01,6.371175450382e-01,1.100423217716e+00,2.524121646963e+00,0.000000000000e+00
5.920000000000e-01,-9.002496236673e-01,6.546824009954e-01,1.113130015356e+00,2.512828769535e+00,0.000000000000e+00
5.924000000000e-01,-9.033080514021e-01,6.722901041505e-01,1.126028161223e+00,2.501779513781e+00,0.000000000000e+00
5.928000000000e-01,-9.064002858499e-01,6.899419385948e-01,1.139114286110e+00,2.490968951335e+00,0.000000000000e+00
5.932000000000e-01,-9.095264900000e-01,7.076391565642e-01,1.152385183832e+00,2.480392170969e+00,0.000000000000e+00
5.936000000000e-01,-9.126869204653e-01,7.253830284132e-01,1.165837875821e+00,2.470044285390e+00,0.000000000000e+00
5.940000000000e-01,-9.158817545278e-01,7.431747565219e-01,1.179469417581e+00,2.459920411179e+00,0.000000000000e+00
5.944000000000e-01,-9.191112469285e-01,7.610155818852e-01,1.193277084378e+00,2.450015691779e+00,0.000000000000e+00
5.948000000000e-01,-9.223756638902e-01,7.789067635165e-01,1.207258303591e+00,2.440325289225e+00,0.000000000000e+00
5.952000000000e-01,-9.256751868341e-01,7.968495373460e-01,1.221410552062e+00,2.430844369295e+00,0.000000000000e+00
5.956000000000e-01,-9.290100649925e-01,8.148452395737e-01,1.235731550667e+00,2.421568115484e+00,0.000000000000e+00
5.960000000000e-01,-9.323804737111e-01,8.328952224244e-01,1.250219100516e+00,2.412491717405e+00,0.000000000000e+00
5.964000000000e-01,-9.357865867267e-01,8.510007957891e-01,1.264871096330e+00,2.403610451205e+00,0.000000000000e+00
5.968000000000e-01,-9.392287723867e-01,8.691632096505e-01,1.279685653545e+00,2.394919797170e+00,0.000000000000e+00
5.972000000000e-01,-9.427073125969e-01,8.873837005326e-01,1.294660924410e+00,2.386415265213e+00,0.000000000000e+00
5.976000000000e-01,-9.462224568730e-01,9.056635934708e-01,1.309795206293e+00,2.378092371164e+00,0.000000000000e+00
5.980000000000e-01,-9.497744286151e-01,9.240043225284e-01,1.325086960657e+00,2.369946637552e+00,0.000000000000e+00
5.984000000000e-01,-9.533633408839e-01,9.424073219516e-01,1.340534676989e+00,2.361973615894e+00,0.000000000000e+00
5.988000000000e-01,-9.569895314652e-01,9.608739081130e-01,1.356137025019e+00,2.354169126313e+00,0.000000000000e+00
5.992000000000e-01,-9.606534020450e-01,9.794053410329e-01,1.371892773107e+00,2.346529135923e+00,0.000000000000e+00
5.996000000000e-01,-9.643552449961e-01,9.980029301459e-01,1.387800737545e+00,2.339049613872e+00,0.000000000000e+00
6.000000000000e-01,-9.680953326510e-01,1.016668137006e+00,1.403859919616e+00,2.331726531413e+00,0.000000000000e+00
6.004000000000e-01,-9.718738139376e-01,1.035402480850e+00,1.420069367167e+00,2.324555862165e+00,0.000000000000e+00
6.008000000000e-01,-9.756909053473e-01,1.054207414439e+00,1.436428214509e+00,2.317533742456e+00,0.000000000000e+00
6.012000000000e-01,-9.795470787852e-01,1.073084251421e+00,1.452935748822e+00,2.310656596312e+00,0.000000000000e+00
6.016000000000e-01,-9.834427117523e-01,1.092034323331e+00,1.469591280129e+00,2.303920877065e+00,0.000000000000e+00
6.020000000000e-01,-9.873781180274e-01,1.111059086867e+00,1.486394241939e+00,2.297323036216e+00,0.000000000000e+00
6.024000000000e-01,-9.913535280267e-01,1.130160112775e+00,1.503344171518e+00,2.290859523725e+00,0.000000000000e+00
6.028000000000e-01,-9.953690885313e-01,1.149338980840e+00,1.520440631949e+00,2.284526837711e+00,0.000000000000e+00
6.032000000000e-01,-9.994252356318e-01,1.168597114415e+00,1.537683328074e+00,2.278321778816e+00,0.000000000000e+00
6.036000000000e-01,-1.003522440715e+00,1.187935897863e+00,1.555072019699e+00,2.272241264772e+00,0.000000000000e+00
6.040000000000e-01,-1.007661070899e+00,1.207356792039e+00,1.572606516929e+00,2.266282211685e+00,0.000000000000e+00
6.044000000000e-01,-1.011841432868e+00,1.226861403027e+00,1.590286762664e+00,2.260441530681e+00,0.000000000000e+00
6.048000000000e-01,-1.016063709984e+00,1.246451391164e+00,1.608112724060e+00,2.254716137827e+00,0.000000000000e+00
6.052000000000e-01,-1.020328226416e+00,1.266128331413e+00,1.626084450829e+00,2.249103136391e+00,0.000000000000e+00
6.056000000000e-01,-1.024635518085e+00,1.285893686383e+00,1.644202091472e+00,2.243599853628e+00,0.000000000000e+00
6.060000000000e-01,-1.028986023245e+00,1.305748957135e+00,1.662465811706e+00,2.238203629334e+00,0.000000000000e+00
6.064000000000e-01,-1.033380111529e+00,1.325695774035e+00,1.680875884829e+00,2.232911797262e+00,0.000000000000e+00
6.068000000000e-01,-1.037818052463e+00,1.345735857790e+00,1.699432643255e+00,2.227721687847e+00,0.000000000000e+00
6.072000000000e-01,-1.042300092041e+00,1.365870923077e+00,1.718136449872e+00,2.222630700096e+00,0.000000000000e+00
6.076000000000e-01,-1.046826763088e+00,1.386102546977e+00,1.736987778499e+00,2.217636487902e+00,0.000000000000e+00
6.080000000000e-01,-1.051398580549e+00,1.406432303475e+00,1.755987129634e+00,2.212736764265e+00,0.000000000000e+00
6.084000000000e-01,-1.056015973175e+00,1.426861854703e+00,1.775135061906e+00,2.207929238074e+00,0.000000000000e+00
6.088000000000e-01,-1.060679296066e+00,1.447392981585e+00,1.794432225592e+00,2.203211611746e+00,0.000000000000e+00
6.092000000000e-01,-1.065388810033e+00,1.468027501538e+00,1.813879285348e+00,2.198581601257e+00,0.000000000000e+00
6.096000000000e-01,-1.070144977138e+00,1.488767139791e+00,1.833476988843e+00,2.194037108525e+00,0.000000000000e+00
6.100000000000e-01,-1.074948379291e+00,1.509613565213e+00,1.853226142277e+00,2.189576166560e+00,0.000000000000e+00
6.104000000000e-01,-1.079799508524e+00,1.530568498016e+00,1.873127573265e+00,2.185196809487e+00,0.000000000000e+00
6.108000000000e-01,-1.084698793603e+00,1.551633780463e+00,1.893182205050e+00,2.180897063700e+00,0.000000000000e+00
6.112000000000e-01,-1.089646567360e+00,1.572811316435e+00,1.913390989543e+00,2.176674954142e+00,0.000000000000e+00
6.116000000000e-01,-1.094643222287e+00,1.594102981600e+00,1.933754922436e+00,2.172528598156e+00,0.000000000000e+00
6.120000000000e-01,-1.099689373628e+00,1.615510563044e+00,1.954275082422e+00,2.168456288315e+00,0.000000000000e+00
6.124000000000e-01,-1.104785580722e+00,1.637035870673e+00,1.974952561770e+00,2.164456336372e+00,0.000000000000e+00
6.128000000000e-01,-1.109932336917e+00,1.658680812206e+00,1.995788523194e+00,2.160527047975e+00,0.000000000000e+00
6.132000000000e-01,-1.115130060845e+00,1.680447382007e+00,2.016784186841e+00,2.156666723793e+00,0.000000000000e+00
6.136000000000e-01,-1.120379130977e+00,1.702337589073e+00,2.037940790185e+00,2.152873694577e+00,0.000000000000e+00
6.140000000000e-01,-1.125680151482e+00,1.724353363502e+00,2.059259654745e+00,2.149146453378e+00,0.000000000000e+00
6.144000000000e-01,-1.131033748234e+00,1.746496628552e+00,2.080742130392e+00,2.145483547463e+00,0.000000000000e+00
6.148000000000e-01,-1.136440476674e+00,1.768769373530e+00,2.102389605606e+00,2.141883520716e+00,0.000000000000e+00
6.152000000000e-01,-1.141900834664e+00,1.791173692280e+00,2.124203547715e+00,2.138344910036e+00,0.000000000000e+00
6.156000000000e-01,-1.147415246807e+00,1.813711714414e+00,2.146185437377e+00,2.134866257831e+00,0.000000000000e+00
6.160000000000e-01,-1.152984281045e+00,1.836385528064e+00,2.168336818859e+00,2.131446215941e+00,0.000000000000e+00
6.164000000000e-01,-1.158608621356e+00,1.859197188926e+00,2.190659289984e+00,2.128083528333e+00,0.000000000000e+00
6.168000000000e-01,-1.164288886561e+00,1.882148792502e+00,2.213154465573e+00,2.124776940516e+00,0.000000000000e+00
6.172000000000e-01,-1.170025646406e+00,1.905242539284e+00,2.235824041991e+00,2.121525190880e+00,0.000000000000e+00
6.176000000000e-01,-1.175819400319e+00,1.928480683191e+00,2.258669742925e+00,2.118327015935e+00,0.000000000000e+00
6.180000000000e-01,-1.181670695539e+00,1.951865471612e+00,2.281693329956e+00,2.115181208929e+00,0.000000000000e+00
6.184000000000e-01,-1.187580255684e+00,1.975399111251e+00,2.304896638121e+00,2.112086673147e+00,0.000000000000e+00
6.188000000000e-01,-1.193548765137e+00,1.999083830134e+00,2.328281515337e+00,2.109042324119e+00,0.000000000000e+00
6.192000000000e-01,-1.199576860681e+00,2.022921944650e+00,2.351849875913e+00,2.106047071843e+00,0.000000000000e+00
6.196000000000e-01,-1.205665123797e+00,2.046915845326e+00,2.375603685084e+00,2.103099822073e+00,0.000000000000e+00
6.200000000000e-01,-1.211814117470e+00,2.071067937375e+00,2.399544926965e+00,2.100199502951e+00,0.000000000000e+00
6.204000000000e-01,-1.218024585298e+00,2.095380595714e+00,2.423675665449e+00,2.097345144727e+00,0.000000000000e+00
6.208000000000e-01,-1.224297278563e+00,2.119856203060e+00,2.447997987734e+00,2.094535806549e+00,0.000000000000e+00
6.212000000000e-01,-1.230632899989e+00,2.144497207877e+00,2.472514026073e+00,2.091770544071e+00,0.000000000000e+00
6.216000000000e-01,-1.237032110818e+00,2.169306151016e+00,2.497225984975e+00,2.089048407325e+00,0.000000000000e+00
6.220000000000e-01,-1.243495526221e+00,2.194285599684e+00,2.522136082116e+00,2.086368453012e+00,0.000000000000e+00
6.224000000000e-01,-1.250023899409e+00,2.219438110279e+00,2.547246606525e+00,2.083729814675e+00,0.000000000000e+00
6.228000000000e-01,-1.256618048178e+00,2.244766239827e+00,2.572559890551e+00,2.081131672503e+00,0.000000000000e+00
6.232000000000e-01,-1.263278742762e+00,2.270272590205e+00,2.598078292845e+00,2.078573205512e+00,0.000000000000e+00
6.236000000000e-01,-1.270006721818e+00,2.295959865613e+00,2.623804256794e+00,2.076053586696e+00,0.000000000000e+00
6.240000000000e-01,-1.276802673439e+00,2.321830807696e+00,2.649740245093e+00,2.073571989472e+00,0.000000000000e+00
6.244000000000e-01,-1.283667368420e+00,2.347888164013e+00,2.675888776362e+00,2.071127637350e+00,0.000000000000e+00
6.248000000000e-01,-1.290601687352e+00,2.374134684312e+00,2.702252433554e+00,2.068719811462e+00,0.000000000000e+00
6.252000000000e-01,-1.297606471418e+00,2.400573148456e+00,2.728833816075e+00,2.066347795297e+00,0.000000000000e+00
6.256000000000e-01,-1.304682535545e+00,2.427206437285e+00,2.755635608667e+00,2.064010866871e+00,0.000000000000e+00
6.260000000000e-01,-1.311830650856e+00,2.454037484287e+00,2.782660531005e+00,2.061708302172e+00,0.000000000000e+00
6.264000000000e-01,-1.319051623201e+00,2.481069238810e+00,2.809911342451e+00,2.059439406422e+00,0.000000000000e+00
6.268000000000e-01,-1.326346392581e+00,2.508304661130e+00,2.837390883569e+00,2.057203544826e+00,0.000000000000e+00
6.272000000000e-01,-1.333715875247e+00,2.535746733465e+00,2.865102010778e+00,2.055000089607e+00,0.000000000000e+00
6.276000000000e-01,-1.341160963269e+00,2.563398529970e+00,2.893047658240e+00,2.052828408543e+00,0.000000000000e+00
6.280000000000e-01,-1.348682515491e+00,2.591263195259e+00,2.921230815032e+00,2.050687866267e+00,0.000000000000e+00
6.284000000000e-01,-1.356281392554e+00,2.619343894592e+00,2.949654497381e+00,2.048577843097e+00,0.000000000000e+00
6.288000000000e-01,-1.363958593247e+00,2.647643816413e+00,2.978321813150e+00,2.046497774856e+00,0.000000000000e+00
6.292000000000e-01,-1.371715113356e+00,2.676166168707e+00,3.007235892766e+00,2.044447109468e+00,0.000000000000e+00
6.296000000000e-01,-1.379551925018e+00,2.704914239589e+00,3.036399933696e+00,2.042425291465e+00,0.000000000000e+00
6.300000000000e-01,-1.387469977539e+00,2.733891404947e+00,3.065817207959e+00,2.040431761601e+00,0.000000000000e+00
6.304000000000e-01,-1.395470204292e+00,2.763101064240e+00,3.095491008268e+00,2.038465968751e+00,0.000000000000e+00
6.308000000000e-01,-1.403553666096e+00,2.792546652106e+00,3.125424722786e+00,2.036527409046e+00,0.000000000000e+00
6.312000000000e-01,-1.411721443212e+00,2.822231625580e+00,3.155621774176e+00,2.034615595253e+00,0.000000000000e+00
6.316000000000e-01,-1.419974592382e+00,2.852159510421e+00,3.186085641645e+00,2.032730037638e+00,0.000000000000e+00
6.320000000000e-01,-1.428314156629e+00,2.882333935192e+00,3.216819896106e+00,2.030870242381e+00,0.000000000000e+00
6.324000000000e-01,-1.436741155571e+00,2.912758555278e+00,3.247828128066e+00,2.029035719815e+00,0.000000000000e+00
6.328000000000e-01,-1.445256720263e+00,2.943437071131e+00,3.279114023509e+00,2.027226018860e+00,0.000000000000e+00
6.332000000000e-01,-1.453862020623e+00,2.974373212550e+00,3.310681316972e+00,2.025440707952e+00,0.000000000000e+00
6.336000000000e-01,-1.462558203832e+00,3.005570768965e+00,3.342533791430e+00,2.023679353798e+00,0.000000000000e+00
6.340000000000e-01,-1.471346411078e+00,3.037033644906e+00,3.374675335745e+00,2.021941518969e+00,0.000000000000e+00
6.344000000000e-01,-1.480227758428e+00,3.068765775896e+00,3.407109860884e+00,2.020226768119e+00,0.000000000000e+00
6.348000000000e-01,-1.489203458639e+00,3.100771150468e+00,3.439841372621e+00,2.018534697183e+00,0.000000000000e+00
6.352000000000e-01,-1.498274777211e+00,3.133053795816e+00,3.472873938902e+00,2.016864922592e+00,0.000000000000e+00
6.356000000000e-01,-1.507442958661e+00,3.165617792961e+00,3.506211671409e+00,2.015217059671e+00,0.000000000000e+00
6.360000000000e-01,-1.516709248068e+00,3.198467348118e+00,3.539858799465e+00,2.013590719723e+00,0.000000000000e+00
6.364000000000e-01,-1.526074866653e+00,3.231606703111e+00,3.573819578857e+00,2.011985515080e+00,0.000000000000e+00
6.368000000000e-01,-1.535541121769e+00,3.265040159945e+00,3.608098361006e+00,2.010401083878e+00,0.000000000000e+00
6.372000000000e-01,-1.545109381601e+00,3.298772069244e+00,3.642699571188e+00,2.008837084174e+00,0.000000000000e+00
6.376000000000e-01,-1.554780995831e+00,3.332806833265e+00,3.677627677302e+00,2.007293173325e+00,0.000000000000e+00
6.380000000000e-01,-1.564557320452e+00,3.367148988366e+00,3.712887275266e+00,2.005769004858e+00,0.000000000000e+00
6.384000000000e-01,-1.574439690172e+00,3.401803110630e+00,3.748482992022e+00,2.004264232864e+00,0.000000000000e+00
6.388000000000e-01,-1.584429520484e+00,3.436773844145e+00,3.784419554064e+00,2.002778533451e+00,0.000000000000e+00
6.392000000000e-01,-1.594528290529e+00,3.472065890779e+00,3.820701770514e+00,2.001311601006e+00,0.000000000000e+00
6.396000000000e-01,-1.604737463906e+00,3.507684005578e+00,3.857334495613e+00,1.999863129353e+00,0.000000000000e+00
6.400000000000e-01,-1.615058515792e+00,3.543633086260e+00,3.894322721536e+00,1.998432808711e+00,0.000000000000e+00
6.404000000000e-01,-1.625492903054e+00,3.579918072946e+00,3.931671474944e+00,1.997020329777e+00,0.000000000000e+00
6.408000000000e-01,-1.636042163309e+00,3.616543983665e+00,3.969385890275e+00,1.995625402865e+00,0.000000000000e+00
6.412000000000e-01,-1.646707895854e+00,3.653515901244e+00,4.007471189530e+00,1.994247754212e+00,0.000000000000e+00
6.416000000000e-01,-1.657491688003e+00,3.690838967506e+00,4.045932646481e+00,1.992887109395e+00,0.000000000000e+00
6.420000000000e-01,-1.668395143465e+00,3.728518475188e+00,4.084775682281e+00,1.991543190615e+00,0.000000000000e+00
6.424000000000e-01,-1.679419850818e+00,3.766559760241e+00,4.124005754456e+00,1.990215720786e+00,0.000000000000e+00
6.428000000000e-01,-1.690567484228e+00,3.804968249703e+00,4.163628441633e+00,1.988904441031e+00,0.000000000000e+00
6.432000000000e-01,-1.701839772941e+00,3.843749438901e+00,4.203649409956e+00,1.987609105603e+00,0.000000000000e+00
6.436000000000e-01,-1.713238439071e+00,3.882908893642e+00,4.244074389714e+00,1.986329467798e+00,0.000000000000e+00
6.440000000000e-01,-1.724765225002e+00,3.922452337068e+00,4.284909266011e+00,1.985065277807e+00,0.000000000000e+00
6.444000000000e-01,-1.736421861986e+00,3.962385535222e+00,4.326159961504e+00,1.983816287080e+00,0.000000000000e+00
6.448000000000e-01,-1.748210175510e+00,4.002714362192e+00,4.367832538348e+00,1.982582264482e+00,0.000000000000e+00
6.452000000000e-01,-1.760132034920e+00,4.043444759068e+00,4.409933140081e+00,1.981362988926e+00,0.000000000000e+00
6.456000000000e-01,-1.772189309727e+00,4.084582756836e+00,4.452467995051e+00,1.980158237971e+00,0.000000000000e+00
6.460000000000e-01,-1.784383891553e+00,4.126134545146e+00,4.495443488364e+00,1.978967786413e+00,0.000000000000e+00
6.464000000000e-01,-1.796717667480e+00,4.168106357710e+00,4.538866046252e+00,1.977791411243e+00,0.000000000000e+00
6.468000000000e-01,-1.809192628847e+00,4.210504555869e+00,4.582742255819e+00,1.976628906219e+00,0.000000000000e+00
6.472000000000e-01,-1.821810795703e+00,4.253335561791e+00,4.627078773539e+00,1.975480071965e+00,0.000000000000e+00
6.476000000000e-01,-1.834574199128e+00,4.296605917025e+00,4.671882372055e+00,1.974344707325e+00,0.000000000000e+00
6.480000000000e-01,-1.847484890545e+00,4.340322313388e+00,4.717159972366e+00,1.973222608842e+00,0.000000000000e+00
6.484000000000e-01,-1.860544929442e+00,4.384491494775e+00,4.762918548771e+00,1.972113576731e+00,0.000000000000e+00
6.488000000000e-01,-1.873756485825e+00,4.429120350049e+00,4.809165254323e+00,1.971017426862e+00,0.000000000000e+00
6.492000000000e-01,-1.887121742273e+00,4.474215821314e+00,4.855907297906e+00,1.969933978981e+00,0.000000000000e+00
6.496000000000e-01,-1.900642906726e+00,4.519785008978e+00,4.903152046008e+00,1.968863050672e+00,0.000000000000e+00
6.500000000000e-01,-1.914322200936e+00,4.565835141624e+00,4.950906990591e+00,1.967804457831e+00,0.000000000000e+00
6.504000000000e-01,-1.928161877946e+00,4.612373522723e+00,4.999179706780e+00,1.966758022216e+00,0.000000000000e+00
6.508000000000e-01,-1.942164295420e+00,4.659407605488e+00,5.047977950079e+00,1.965723578956e+00,0.000000000000e+00
6.512000000000e-01,-1.956331813150e+00,4.706944897821e+00,5.097309528984e+00,1.964700964674e+00,0.000000000000e+00
6.516000000000e-01,-1.970666830940e+00,4.754993106136e+00,5.147182452368e+00,1.963690013560e+00,0.000000000000e+00
6.520000000000e-01,-1.985171753295e+00,4.803560031553e+00,5.197604820185e+00,1.962690559019e+00,0.000000000000e+00
6.524000000000e-01,-1.999849049679e+00,4.852653590976e+00,5.248584865991e+00,1.961702442876e+00,0.000000000000e+00
6.528000000000e-01,-2.014701271496e+00,4.902281834392e+00,5.300130979247e+00,1.960725516810e+00,0.000000000000e+00
6.532000000000e-01,-2.029730974870e+00,4.952452893414e+00,5.352251628225e+00,1.959759632303e+00,0.000000000000e+00
6.536000000000e-01,-2.044940763285e+00,5.003175117923e+00,5.404955502680e+00,1.958804638437e+00,0.000000000000e+00
6.540000000000e-01,-2.060333242040e+00,5.054456924660e+00,5.458251356570e+00,1.957860384937e+00,0.000000000000e+00
6.544000000000e-01,-2.075911116415e+00,5.106306895347e+00,5.512148135956e+00,1.956926731975e+00,0.000000000000e+00
6.548000000000e-01,-2.091677137652e+00,5.158733708690e+00,5.566654895478e+00,1.956003545406e+00,0.000000000000e+00
6.552000000000e-01,-2.107634081189e+00,5.211746188715e+00,5.621780834912e+00,1.955090689750e+00,0.000000000000e+00
6.556000000000e-01,-2.123784760963e+00,5.265353350759e+00,5.677535347248e+00,1.954188027654e+00,0.000000000000e+00
6.560000000000e-01,-2.140132011682e+00,5.319564286110e+00,5.733927905152e+00,1.953295424759e+00,0.000000000000e+00
6.564000000000e-01,-2.156678782483e+00,5.374388277487e+00,5.790968202987e+00,1.952412757182e+00,0.000000000000e+00
6.568000000000e-01,-2.173428037083e+00,5.429834677664e+00,5.848666006804e+00,1.951539903011e+00,0.000000000000e+00
6.572000000000e-01,-2.190382789937e+00,5.485913061759e+00,5.907031309180e+00,1.950676738358e+00,0.000000000000e+00
6.576000000000e-01,-2.207546073303e+00,5.542633130101e+00,5.966074226880e+00,1.949823138495e+00,0.000000000000e+00
6.580000000000e-01,-2.224920987448e+00,5.600004719566e+00,6.025805029998e+00,1.948978985000e+00,0.000000000000e+00
6.584000000000e-01,-2.242510718717e+00,5.658037825946e+00,6.086234169287e+00,1.948144166944e+00,0.000000000000e+00
6.588000000000e-01,-2.260318468941e+00,5.716742551333e+00,6.147372201132e+00,1.947318573081e+00,0.000000000000e+00
6.592000000000e-01,-2.278347499150e+00,5.776129244210e+00,6.209229933953e+00,1.946502090171e+00,0.000000000000e+00
6.596000000000e-01,-2.296601082543e+00,5.836208331660e+00,6.271818254930e+00,1.945694606036e+00,0.000000000000e+00
6.600000000000e-01,-2.315082605215e+00,5.896990444945e+00,6.335148283722e+00,1.944896017083e+00,0.000000000000e+00
6.604000000000e-01,-2.333795488415e+00,5.958486310297e+00,6.399231242247e+00,1.944106222909e+00,0.000000000000e+00
6.608000000000e-01,-2.352743201282e+00,6.020706862988e+00,6.464078565520e+00,1.943325121581e+00,0.000000000000e+00
6.612000000000e-01,-2.371929247532e+00,6.083663209721e+00,6.529701861847e+00,1.942552609998e+00,0.000000000000e+00
6.616000000000e-01,-2.391357186117e+00,6.147366582629e+00,6.596112877507e+00,1.941788589465e+00,0.000000000000e+00
6.620000000000e-01,-2.411030675930e+00,6.211828401920e+00,6.663323571250e+00,1.941032968376e+00,0.000000000000e+00
6.624000000000e-01,-2.430953394273e+00,6.277060191092e+00,6.731346005645e+00,1.940285655193e+00,0.000000000000e+00
6.628000000000e-01,-2.451129085681e+00,6.343073739115e+00,6.800192515989e+00,1.939546556563e+00,0.000000000000e+00
6.632000000000e-01,-2.471561511450e+00,6.409880924623e+00,6.869875528183e+00,1.938815579870e+00,0.000000000000e+00
6.636000000000e-01,-2.492254544664e+00,6.477493836168e+00,6.940407705099e+00,1.938092639768e+00,0.000000000000e+00
6.640000000000e-01,-2.513212098302e+00,6.545924665932e+00,7.011801821437e+00,1.937377653759e+00,0.000000000000e+00
6.644000000000e-01,-2.534438139275e+00,6.615185827958e+00,7.084070879109e+00,1.936670537947e+00,0.000000000000e+00
6.648000000000e-01,-2.555936671512e+00,6.685289907691e+00,7.157228054118e+00,1.935971207484e+00,0.000000000000e+00
6.652000000000e-01,-2.577711763888e+00,6.756249630352e+00,7.231286677024e+00,1.935279581834e+00,0.000000000000e+00
6.656000000000e-01,-2.599767576516e+00,6.828077897725e+00,7.306260276591e+00,1.934595586160e+00,0.000000000000e+00
6.660000000000e-01,-2.622108296564e+00,6.900787738714e+00,7.382162510653e+00,1.933919145329e+00,0.000000000000e+00
6.664000000000e-01,-2.644738176747e+00,6.974392437789e+00,7.459007299891e+00,1.933250182667e+00,0.000000000000e+00
6.668000000000e-01,-2.667661496134e+00,7.048905371070e+00,7.536808660717e+00,1.932588622937e+00,0.000000000000e+00
6.672000000000e-01,-2.690882646513e+00,7.124340123063e+00,7.615580844977e+00,1.931934397464e+00,0.000000000000e+00
6.676000000000e-01,-2.714406048259e+00,7.200710369688e+00,7.695338200687e+00,1.931287438982e+00,0.000000000000e+00
6.680000000000e-01,-2.738236187156e+00,7.278030037906e+00,7.776095334377e+00,1.930647678756e+00,0.000000000000e+00
6.684000000000e-01,-2.762377575554e+00,7.356313176341e+00,7.857866976370e+00,1.930015047879e+00,0.000000000000e+00
6.688000000000e-01,-2.786834815450e+00,7.435574000939e+00,7.940668045702e+00,1.929389482702e+00,0.000000000000e+00
6.692000000000e-01,-2.811612566842e+00,7.515826846814e+00,8.024513593814e+00,1.928770923000e+00,0.000000000000e+00
6.696000000000e-01,-2.836715534715e+00,7.597086231326e+00,8.109418859024e+00,1.928159307570e+00,0.000000000000e+00
6.700000000000e-01,-2.862148467985e+00,7.679366852432e+00,8.195399264650e+00,1.927554574249e+00,0.000000000000e+00
6.704000000000e-01,-2.887916170617e+00,7.762683517941e+00,8.282470356616e+00,1.926956664220e+00,0.000000000000e+00
6.708000000000e-01,-2.914023529919e+00,7.847051180930e+00,8.370647846437e+00,1.926365523529e+00,0.000000000000e+00
6.712000000000e-01,-2.940475461701e+00,7.932484909873e+00,8.459947564035e+00,1.925781097986e+00,0.000000000000e+00
6.716000000000e-01,-2.967276935904e+00,8.018999982801e+00,8.550385554962e+00,1.925203332151e+00,0.000000000000e+00
6.720000000000e-01,-2.994432953847e+00,8.106611753312e+00,8.641977946860e+00,1.924632172326e+00,0.000000000000e+00
6.724000000000e-01,-3.021948605737e+00,8.195335711425e+00,8.734741026423e+00,1.924067570203e+00,0.000000000000e+00
6.728000000000e-01,-3.049829005940e+00,8.285187422086e+00,8.828691159202e+00,1.923509478110e+00,0.000000000000e+00
6.732000000000e-01,-3.078079318677e+00,8.376182642236e+00,8.923844908343e+00,1.922957847114e+00,0.000000000000e+00
6.736000000000e-01,-3.106704730027e+00,8.468337195257e+00,9.020218907108e+00,1.922412628984e+00,0.000000000000e+00
6.740000000000e-01,-3.135710501772e+00,8.561666997483e+00,9.117829902269e+00,1.921873780658e+00,0.000000000000e+00
6.744000000000e-01,-3.165101923179e+00,8.656188017105e+00,9.216694698838e+00,1.921341260574e+00,0.000000000000e+00
6.748000000000e-01,-3.194884318570e+00,8.751916362742e+00,9.316830245823e+00,1.920815026046e+00,0.000000000000e+00
6.752000000000e-01,-3.225063030523e+00,8.848868204809e+00,9.418253556627e+00,1.920295034493e+00,0.000000000000e+00
6.756000000000e-01,-3.255643455283e+00,8.947059745544e+00,9.520981692991e+00,1.919781247968e+00,0.000000000000e+00
6.760000000000e-01,-3.286631017547e+00,9.046507210265e+00,9.625031748045e+00,1.919273630715e+00,0.000000000000e+00
6.764000000000e-01,-3.318031158713e+00,9.147226899639e+00,9.730420891393e+00,1.918772146034e+00,0.000000000000e+00
6.768000000000e-01,-3.349849331843e+00,9.249235154634e+00,9.837166334457e+00,1.918276757026e+00,0.000000000000e+00
6.772000000000e-01,-3.382091019925e+00,9.352548279556e+00,9.945285264309e+00,1.917787430916e+00,0.000000000000e+00
6.776000000000e-01,-3.414761727188e+00,9.457182554210e+00,1.005479485207e+01,1.917304137542e+00,0.000000000000e+00
6.780000000000e-01,-3.447866954694e+00,9.563154261851e+00,1.016571227083e+01,1.916826845968e+00,0.000000000000e+00
6.784000000000e-01,-3.481412202298e+00,9.670479680039e+00,1.027805468775e+01,1.916355524939e+00,0.000000000000e+00
6.788000000000e-01,-3.515402974929e+00,9.779174970807e+00,1.039183916281e+01,1.915890146990e+00,0.000000000000e+00
6.792000000000e-01,-3.549844782804e+00,9.889256203818e+00,1.050708267060e+01,1.915430687432e+00,0.000000000000e+00
6.796000000000e-01,-3.584743109523e+00,1.000073936848e+01,1.062380210083e+01,1.914977120915e+00,0.000000000000e+00
6.800000000000e-01,-3.620103418640e+00,1.011364037936e+01,1.074201426570e+01,1.914529421790e+00,0.000000000000e+00
6.804000000000e-01,-3.655931149678e+00,1.022797493524e+01,1.086173576585e+01,1.914087568073e+00,0.000000000000e+00
6.808000000000e-01,-3.692231724758e+00,1.034375855938e+01,1.098298303030e+01,1.913651540490e+00,0.000000000000e+00
6.812000000000e-01,-3.729010508160e+00,1.046100658763e+01,1.110577229175e+01,1.913221319158e+00,0.000000000000e+00
6.816000000000e-01,-3.766272821475e+00,1.057973419432e+01,1.123011961593e+01,1.912796884026e+00,0.000000000000e+00
6.820000000000e-01,-3.804023923788e+00,1.069995620119e+01,1.135604071497e+01,1.912378218786e+00,0.000000000000e+00
6.824000000000e-01,-3.842269030476e+00,1.082168716451e+01,1.148355103568e+01,1.911965309556e+00,0.000000000000e+00
6.828000000000e-01,-3.881013254949e+00,1.094494130738e+01,1.161266567620e+01,1.911558141862e+00,0.000000000000e+00
6.832000000000e-01,-3.920261644194e+00,1.106973259340e+01,1.174339946729e+01,1.911156701311e+00,0.000000000000e+00
6.836000000000e-01,-3.960019129350e+00,1.119607444516e+01,1.187576669047e+01,1.910760977470e+00,0.000000000000e+00
6.840000000000e-01,-4.000290570400e+00,1.132397993048e+01,1.200978126835e+01,1.910370961853e+00,0.000000000000e+00
6.844000000000e-01,-4.041080664585e+00,1.145346158718e+01,1.214545656889e+01,1.909986645384e+00,0.000000000000e+00
6.848000000000e-01,-4.082394017954e+00,1.158453158176e+01,1.228280557880e+01,1.909608019498e+00,0.000000000000e+00
6.852000000000e-01,-4.124235051046e+00,1.171720129871e+01,1.242184048484e+01,1.909235079818e+00,0.000000000000e+00
6.856000000000e-01,-4.166608080808e+00,1.185148166801e+01,1.256257300979e+01,1.908867823262e+00,0.000000000000e+00
6.860000000000e-01,-4.209517189217e+00,1.198738285416e+01,1.270501407549e+01,1.908506246208e+00,0.000000000000e+00
6.864000000000e-01,-4.252966328966e+00,1.212491448439e+01,1.284917405319e+01,1.908150346250e+00,0.000000000000e+00
6.868000000000e-01,-4.296959195528e+00,1.226408516024e+01,1.299506226017e+01,1.907800125148e+00,0.000000000000e+00
6.872000000000e-01,-4.341499320720e+00,1.240490285010e+01,1.314268736112e+01,1.907455585268e+00,0.000000000000e+00
6.876000000000e-01,-4.386589943689e+00,1.254737455389e+01,1.329205700897e+01,1.907116728585e+00,0.000000000000e+00
6.880000000000e-01,-4.432234090161e+00,1.269150641634e+01,1.344317797792e+01,1.906783559329e+00,0.000000000000e+00
6.884000000000e-01,-4.478434486414e+00,1.283730341297e+01,1.359605583857e+01,1.906456085348e+00,0.000000000000e+00
6.888000000000e-01,-4.525193575063e+00,1.298476952799e+01,1.375069513104e+01,1.906134314562e+00,0.000000000000e+00
6.892000000000e-01,-4.572513489118e+00,1.313390767740e+01,1.390709928370e+01,1.905818254859e+00,0.000000000000e+00
6.896000000000e-01,-4.620395995994e+00,1.328471939338e+01,1.406527029675e+01,1.905507917562e+00,0.000000000000e+00
6.900000000000e-01,-4.668842560446e+00,1.343720502926e+01,1.422520895638e+01,1.905203316507e+00,0.000000000000e+00
6.904000000000e-01,-4.717854187474e+00,1.359136341328e+01,1.438691445606e+01,1.904904465334e+00,0.000000000000e+00
6.908000000000e-01,-4.767431571327e+00,1.374719222725e+01,1.455038480317e+01,1.904611378459e+00,0.000000000000e+00
6.912000000000e-01,-4.817574867739e+00,1.390468718762e+01,1.471561597053e+01,1.904324074503e+00,0.000000000000e+00
6.916000000000e-01,-4.868283887999e+00,1.406384272496e+01,1.488260260191e+01,1.904042573238e+00,0.000000000000e+00
6.920000000000e-01,-4.919557859963e+00,1.422465134393e+01,1.505133732908e+01,1.903766894286e+00,0.000000000000e+00
6.924000000000e-01,-4.971395577519e+00,1.438710393287e+01,1.522181111312e+01,1.903497059592e+00,0.000000000000e+00
6.928000000000e-01,-5.023795254973e+00,1.455118926554e+01,1.539401272591e+01,1.903233094768e+00,0.000000000000e+00
6.932000000000e-01,-5.076754539800e+00,1.471689418406e+01,1.556792892719e+01,1.902975025668e+00,0.000000000000e+00
6.936000000000e-01,-5.130270532005e+00,1.488420363996e+01,1.574354450965e+01,1.902722878534e+00,0.000000000000e+00
6.940000000000e-01,-5.184339609569e+00,1.505310000493e+01,1.592084159037e+01,1.902476683577e+00,0.000000000000e+00
6.944000000000e-01,-5.238957622904e+00,1.522356371355e+01,1.609980028184e+01,1.902236473016e+00,0.000000000000e+00
6.948000000000e-01,-5.294119590235e+00,1.539557246704e+01,1.628039783985e+01,1.902002279065e+00,0.000000000000e+00
6.952000000000e-01,-5.349819941637e+00,1.556910183608e+01,1.646260931293e+01,1.901774135898e+00,0.000000000000e+00
6.956000000000e-01,-5.406052255258e+00,1.574412437308e+01,1.664640661710e+01,1.901552081776e+00,0.000000000000e+00
6.960000000000e-01,-5.462809364208e+00,1.592061008864e+01,1.683175902109e+01,1.901336155495e+00,0.000000000000e+00
6.964000000000e-01,-5.520083314391e+00,1.609852632473e+01,1.701863301285e+01,1.901126396334e+00,0.000000000000e+00
6.968000000000e-01,-5.577865197833e+00,1.627783707164e+01,1.720699159923e+01,1.900922847647e+00,0.000000000000e+00
6.972000000000e-01,-5.636145369325e+00,1.645850368391e+01,1.739679505361e+01,1.900725554971e+00,0.000000000000e+00
6.976000000000e-01,-5.694913101208e+00,1.664048397250e+01,1.758799994511e+01,1.900534564001e+00,0.000000000000e+00
6.980000000000e-01,-5.754156848267e+00,1.682373285113e+01,1.778055983597e+01,1.900349922826e+00,0.000000000000e+00
6.984000000000e-01,-5.813864006515e+00,1.700820152879e+01,1.797442443947e+01,1.900171683595e+00,0.000000000000e+00
6.988000000000e-01,-5.874020940376e+00,1.719383777261e+01,1.816953987746e+01,1.899999898992e+00,0.000000000000e+00
6.992000000000e-01,-5.934613067090e+00,1.738058612886e+01,1.836584891692e+01,1.899834622637e+00,0.000000000000e+00
6.996000000000e-01,-5.995624558818e+00,1.756838683701e+01,1.856328984596e+01,1.899675912759e+00,0.000000000000e+00
7.000000000000e-01,-6.057038643808e+00,1.775717686840e+01,1.876179755429e+01,1.899523829257e+00,0.000000000000e+00
7.004000000000e-01,-6.118837291649e+00,1.794688907644e+01,1.896130262729e+01,1.899378432409e+00,0.000000000000e+00
7.008000000000e-01,-6.181001330801e+00,1.813745234994e+01,1.916173152921e+01,1.899239786119e+00,0.000000000000e+00
7.012000000000e-01,-6.243510471900e+00,1.832879169149e+01,1.936300668499e+01,1.899107957632e+00,0.000000000000e+00
7.016000000000e-01,-6.306343055324e+00,1.852082765159e+01,1.956504586325e+01,1.898983014568e+00,0.000000000000e+00
7.020000000000e-01,-6.369476346164e+00,1.871347708621e+01,1.976776298878e+01,1.898865026779e+00,0.000000000000e+00
7.024000000000e-01,-6.432886235615e+00,1.890665213180e+01,1.997106707598e+01,1.898754068772e+00,0.000000000000e+00
7.028000000000e-01,-6.496547352907e+00,1.910026076951e+01,2.017486279933e+01,1.898650215866e+00,0.000000000000e+00
7.032000000000e-01,-6.560433126655e+00,1.929420699161e+01,2.037905067084e+01,1.898553544568e+00,0.000000000000e+00
7.036000000000e-01,-6.624515530354e+00,1.948838981652e+01,2.058352602574e+01,1.898464136427e+00,0.000000000000e+00
7.040000000000e-01,-6.688765369727e+00,1.968270434908e+01,2.078818011911e+01,1.898382074703e+00,0.000000000000e+00
7.044000000000e-01,-6.753152069892e+00,1.987704123593e+01,2.099289954185e+01,1.898307443301e+00,0.000000000000e+00
7.048000000000e-01,-6.817643706428e+00,2.007128651597e+01,2.119756608939e+01,1.898240330705e+00,0.000000000000e+00
7.052000000000e-01,-6.882207174226e+00,2.026532223588e+01,2.140205739907e+01,1.898180828306e+00,0.000000000000e+00
7.056000000000e-01,-6.946807920831e+00,2.045902584665e+01,2.160624629320e+01,1.898129027929e+00,0.000000000000e+00
7.060000000000e-01,-7.011410190452e+00,2.065227072196e+01,2.181000134874e+01,1.898085025156e+00,0.000000000000e+00
7.064000000000e-01,-7.075977001552e+00,2.084492608914e+01,2.201318682491e+01,1.898048919622e+00,0.000000000000e+00
7.068000000000e-01,-7.140470013943e+00,2.103685690586e+01,2.221566250413e+01,1.898020811415e+00,0.000000000000e+00
7.072000000000e-01,-7.204849794546e+00,2.122792450376e+01,2.241728438726e+01,1.898000803534e+00,0.000000000000e+00
7.076000000000e-01,-7.269075704500e+00,2.141798614083e+01,2.261790423373e+01,1.897989003925e+00,0.000000000000e+00
7.080000000000e-01,-7.333105930432e+00,2.160689542316e+01,2.281736997145e+01,1.897985521172e+00,0.000000000000e+00
7.084000000000e-01,-7.396897664896e+00,2.179450276492e+01,2.301552619071e+01,1.897990466057e+00,0.000000000000e+00
7.088000000000e-01,-7.460407024082e+00,2.198065494374e+01,2.321221369712e+01,1.898003954882e+00,0.000000000000e+00
7.092000000000e-01,-7.523589173073e+00,2.216519583330e+01,2.340727024610e+01,1.898026104894e+00,0.000000000000e+00
7.096000000000e-01,-7.586398419687e+00,2.234796667529e+01,2.360053083094e+01,1.898057034982e+00,0.000000000000e+00
7.100000000000e-01,-7.648788228754e+00,2.252880585908e+01,2.379182747930e+01,1.898096869863e+00,0.000000000000e+00
7.104000000000e-01,-7.710711363245e+00,2.270754971228e+01,2.398099004759e+01,1.898145735550e+00,0.000000000000e+00
7.108000000000e-01,-7.772119934391e+00,2.288403270612e+01,2.416784643218e+01,1.898203759293e+00,0.000000000000e+00
7.112000000000e-01,-7.832965524769e+00,2.305808751660e+01,2.435222266725e+01,1.898271074285e+00,0.000000000000e+00
7.116000000000e-01,-7.893199298339e+00,2.322954572083e+01,2.453394362020e+01,1.898347815360e+00,0.000000000000e+00
7.120000000000e-01,-7.952772051525e+00,2.339823806018e+01,2.471283325773e+01,1.898434118276e+00,0.000000000000e+00
7.124000000000e-01,-8.011634424893e+00,2.356399473391e+01,2.488871499250e+01,1.898530124778e+00,0.000000000000e+00
7.128000000000e-01,-8.069736968454e+00,2.372664595942e+01,2.506141223522e+01,1.898635978501e+00,0.000000000000e+00
7.132000000000e-01,-8.127030219134e+00,2.388602235627e+01,2.523074878371e+01,1.898751823773e+00,0.000000000000e+00
7.136000000000e-01,-8.183464976364e+00,2.404195540257e+01,2.539654934432e+01,1.898877810937e+00,0.000000000000e+00
7.140000000000e-01,-8.238992322517e+00,2.419427786592e+01,2.555863994707e+01,1.899014092349e+00,0.000000000000e+00
7.144000000000e-01,-8.293563733469e+00,2.434282431194e+01,2.571684846327e+01,1.899160820877e+00,0.000000000000e+00
7.148000000000e-01,-8.347131402447e+00,2.448743167643e+01,2.587100525216e+01,1.899318155464e+00,0.000000000000e+00
7.152000000000e-01,-8.399648214983e+00,2.462793957716e+01,2.602094344853e+01,1.899486257027e+00,0.000000000000e+00
7.156000000000e-01,-8.451067886057e+00,2.476419090803e+01,2.616649956995e+01,1.899665286872e+00,0.000000000000e+00
7.160000000000e-01,-8.501345327483e+00,2.489603251137e+01,2.630751427224e+01,1.899855412475e+00,0.000000000000e+00
7.164000000000e-01,-8.550436572376e+00,2.502331536975e+01,2.644383250727e+01,1.900056803069e+00,0.000000000000e+00
7.168000000000e-01,-8.598298923576e+00,2.514589521759e+01,2.657530415015e+01,1.900269628227e+00,0.000000000000e+00
7.172000000000e-01,-8.644891366589e+00,2.526363331992e+01,2.670178487037e+01,1.900494063803e+00,0.000000000000e+00
7.176000000000e-01,-8.690174437189e+00,2.537639653890e+01,2.682313615236e+01,1.900730287016e+00,0.000000000000e+00
7.180000000000e-01,-8.734110360872e+00,2.548405787633e+01,2.693922585451e+01,1.900978475475e+00,0.000000000000e+00
7.184000000000e-01,-8.776663511156e+00,2.558649736506e+01,2.704992920139e+01,1.901238813153e+00,0.000000000000e+00
7.188000000000e-01,-8.817800220207e+00,2.568360201879e+01,2.715512867550e+01,1.901511484831e+00,0.000000000000e+00
7.192000000000e-01,-8.857488889632e+00,2.577526621827e+01,2.725471441884e+01,1.901796675872e+00,0.000000000000e+00
7.196000000000e-01,-8.895700477137e+00,2.586139268158e+01,2.734858530911e+01,1.902094577993e+00,0.000000000000e+00
7.200000000000e-01,-8.932408268301e+00,2.594189235116e+01,2.743664877916e+01,1.902405383030e+00,0.000000000000e+00
7.204000000000e-01,-8.967587943928e+00,2.601668455045e+01,2.751882098727e+01,1.902729283766e+00,0.000000000000e+00
7.208000000000e-01,-9.001218049685e+00,2.608569792822e+01,2.759502786338e+01,1.903066479157e+00,0.000000000000e+00
7.212000000000e-01,-9.033279773481e+00,2.614887040096e+01,2.766520498229e+01,1.903417167518e+00,0.000000000000e+00
7.216000000000e-01,-9.063756957536e+00,2.620614902047e+01,2.772929744275e+01,1.903781548661e+00,0.000000000000e+00
7.220000000000e-01,-9.092636488820e+00,2.625749074751e+01,2.778726072633e+01,1.904159828149e+00,0.000000000000e+00
7.224000000000e-01,-9.119908134809e+00,2.630286257873e+01,2.783906076402e+01,1.904552210151e+00,0.000000000000e+00
7.228000000000e-01,-9.145564498940e+00,2.634224110629e+01,2.788467350547e+01,1.904958901044e+00,0.000000000000e+00
7.232000000000e-01,-9.169601272252e+00,2.637561298792e+01,2.792408544573e+01,1.905380112249e+00,0.000000000000e+00
7.236000000000e-01,-9.192017159804e+00,2.640297531614e+01,2.795729395007e+01,1.905816053137e+00,0.000000000000e+00
7.240000000000e-01,-9.212813798605e+00,2.642433492471e+01,2.798430657173e+01,1.906266936096e+00,0.000000000000e+00
7.244000000000e-01,-9.231995835367e+00,2.643970849151e+01,2.800514117480e+01,1.906732977555e+00,0.000000000000e+00
7.248000000000e-01,-9.249570926254e+00,2.644912305464e+01,2.801982642129e+01,1.907214391439e+00,0.000000000000e+00
7.252000000000e-01,-9.265549666447e+00,2.645261522644e+01,2.802840100576e+01,1.907711395486e+00,0.000000000000e+00
7.256000000000e-01,-9.279945492002e+00,2.645023095123e+01,2.803091339411e+01,1.908224210202e+00,0.000000000000e+00
7.260000000000e-01,-9.292774684812e+00,2.644202592222e+01,2.802742221850e+01,1.908753053435e+00,0.000000000000e+00
7.264000000000e-01,-9.304056385789e+00,2.642806495077e+01,2.801799568620e+01,1.909298147501e+00,0.000000000000e+00
7.268000000000e-01,-9.313812329398e+00,2.640842141164e+01,2.800271096808e+01,1.909859716012e+00,0.000000000000e+00
7.272000000000e-01,-9.322066807058e+00,2.638317738339e+01,2.798165431848e+01,1.910437980130e+00,0.000000000000e+00
7.276000000000e-01,-9.328846781964e+00,2.635242328066e+01,2.795492076619e+01,1.911033165850e+00,0.000000000000e+00
7.280000000000e-01,-9.334181499428e+00,2.631625709571e+01,2.792261326938e+01,1.911645498941e+00,0.000000000000e+00
7.284000000000e-01,-9.338102403339e+00,2.627478421771e+01,2.788484251673e+01,1.912275203269e+00,0.000000000000e+00
7.288000000000e-01,-9.340643296229e+00,2.622811723319e+01,2.784172679245e+01,1.912922507515e+00,0.000000000000e+00
7.292000000000e-01,-9.341839907107e+00,2.617637515839e+01,2.779339110801e+01,1.913587638698e+00,0.000000000000e+00
7.296000000000e-01,-9.341729781706e+00,2.611968298662e+01,2.773996673819e+01,1.914270822774e+00,0.000000000000e+00
7.300000000000e-01,-9.340352393715e+00,2.605817145777e+01,2.768159104100e+01,1.914972290044e+00,0.000000000000e+00
7.304000000000e-01,-9.337748764335e+00,2.599197648944e+01,2.761840679354e+01,1.915692267964e+00,0.000000000000e+00
7.308000000000e-01,-9.333961337566e+00,2.592123850229e+01,2.755056151413e+01,1.916430983911e+00,0.000000000000e+00
7.312000000000e-01,-9.329033997740e+00,2.584610208157e+01,2.747820714934e+01,1.917188668739e+00,0.000000000000e+00
7.316000000000e-01,-9.323011773357e+00,2.576671563709e+01,2.740149965328e+01,1.917965549632e+00,0.000000000000e+00
7.320000000000e-01,-9.315940717345e+00,2.568323060278e+01,2.732059819339e+01,1.918761854649e+00,0.000000000000e+00
7.324000000000e-01,-9.307867839265e+00,2.559580103733e+01,2.723566475149e+01,1.919577814183e+00,0.000000000000e+00
7.328000000000e-01,-9.298840871052e+00,2.550458339692e+01,2.714686382984e+01,1.920413654534e+00,0.000000000000e+00
7.332000000000e-01,-9.288908176694e+00,2.540973573142e+01,2.705436166417e+01,1.921269603660e+00,0.000000000000e+00
7.336000000000e-01,-9.278118629707e+00,2.531141730873e+01,2.695832582865e+01,1.922145890556e+00,0.000000000000e+00
7.340000000000e-01,-9.266521413464e+00,2.520978838241e+01,2.685892494855e+01,1.923042740117e+00,0.000000000000e+00
7.344000000000e-01,-9.254165964415e+00,2.510500945787e+01,2.675632799127e+01,1.923960379394e+00,0.000000000000e+00
7.348000000000e-01,-9.241101827901e+00,2.499724100788e+01,2.665070394942e+01,1.924899035177e+00,0.000000000000e+00
7.352000000000e-01,-9.227378492809e+00,2.488664321254e+01,2.654222153924e+01,1.925858930486e+00,0.000000000000e+00
7.356000000000e-01,-9.213045340374e+00,2.477337527395e+01,2.643104853970e+01,1.926840290681e+00,0.000000000000e+00
7.360000000000e-01,-9.198151512441e+00,2.465759527873e+01,2.631735161781e+01,1.927843339690e+00,0.000000000000e+00
7.364000000000e-01,-9.182745791602e+00,2.453945993917e+01,2.620129604389e+01,1.928868298225e+00,0.000000000000e+00
7.368000000000e-01,-9.166876526543e+00,2.441912391798e+01,2.608304503263e+01,1.929915389230e+00,0.000000000000e+00
7.372000000000e-01,-9.150591532666e+00,2.429673985037e+01,2.596275972916e+01,1.930984833271e+00,0.000000000000e+00
7.376000000000e-01,-9.133938024593e+00,2.417245811805e+01,2.584059897344e+01,1.932076848351e+00,0.000000000000e+00
7.380000000000e-01,-9.116962514654e+00,2.404642619931e+01,2.571671865640e+01,1.933191654380e+00,0.000000000000e+00
7.384000000000e-01,-9.099710739361e+00,2.391878879419e+01,2.559127181133e+01,1.934329468203e+00,0.000000000000e+00
7.388000000000e-01,-9.082227646261e+00,2.378968765951e+01,2.546440845485e+01,1.935490504755e+00,0.000000000000e+00
7.392000000000e-01,-9.064557284728e+00,2.365926104260e+01,2.533627501923e+01,1.936674980423e+00,0.000000000000e+00
7.396000000000e-01,-9.046742734612e+00,2.352764381655e+01,2.520701445362e+01,1.937883108107e+00,0.000000000000e+00
7.400000000000e-01,-9.028826146975e+00,2.339496740107e+01,2.507676616491e+01,1.939115099376e+00,0.000000000000e+00
7.404000000000e-01,-9.010848648269e+00,2.326135932875e+01,2.494566557908e+01,1.940371166755e+00,0.000000000000e+00
7.408000000000e-01,-8.992850253548e+00,2.312694332505e+01,2.481384418510e+01,1.941651519091e+00,0.000000000000e+00
7.412000000000e-01,-8.974869952159e+00,2.299183931540e+01,2.468142957293e+01,1.942956364375e+00,0.000000000000e+00
7.416000000000e-01,-8.956945640744e+00,2.285616314938e+01,2.454854515287e+01,1.944285911085e+00,0.000000000000e+00
7.420000000000e-01,-8.939114016627e+00,2.272002660407e+01,2.441531012074e+01,1.945640364018e+00,0.000000000000e+00
7.424000000000e-01,-8.921410692082e+00,2.258353745437e+01,2.428183956560e+01,1.947019927478e+00,0.000000000000e+00
7.428000000000e-01,-8.903870163917e+00,2.244679935659e+01,2.414824435132e+01,1.948424805867e+00,0.000000000000e+00
7.432000000000e-01,-8.886525693766e+00,2.230991178928e+01,2.401463101843e+01,1.949855200037e+00,0.000000000000e+00
7.436000000000e-01,-8.869409431596e+00,2.217297015107e+01,2.388110192151e+01,1.951311310628e+00,0.000000000000e+00
7.440000000000e-01,-8.852552423012e+00,2.203606578832e+01,2.374775525874e+01,1.952793338076e+00,0.000000000000e+00
7.444000000000e-01,-8.835984488071e+00,2.189928590368e+01,2.361468494316e+01,1.954301479502e+00,0.000000000000e+00
7.448000000000e-01,-8.819734336881e+00,2.176271364700e+01,2.348198073107e+01,1.955835932034e+00,0.000000000000e+00
7.452000000000e-01,-8.803829612181e+00,2.162642826418e+01,2.334972837756e+01,1.957396892404e+00,0.000000000000e+00
7.456000000000e-01,-8.788296774980e+00,2.149050499816e+01,2.321800950299e+01,1.958984554319e+00,0.000000000000e+00
7.460000000000e-01,-8.773161203546e+00,2.135501515489e+01,2.308690169271e+01,1.960599111681e+00,0.000000000000e+00
7.464000000000e-01,-8.758447265163e+00,2.122002634488e+01,2.295647874945e+01,1.962240757920e+00,0.000000000000e+00
7.468000000000e-01,-8.744178211831e+00,2.108560238962e+01,2.282681056857e+01,1.963909683753e+00,0.000000000000e+00
7.472000000000e-01,-8.730376262449e+00,2.095180336227e+01,2.269796320851e+01,1.965606080285e+00,0.000000000000e+00
7.476000000000e-01,-8.717062694834e+00,2.081868588977e+01,2.256999920697e+01,1.967330138175e+00,0.000000000000e+00
7.480000000000e-01,-8.704257751436e+00,2.068630307016e+01,2.244297746989e+01,1.969082045685e+00,0.000000000000e+00
7.484000000000e-01,-8.691980709448e+00,2.055470449677e+01,2.231695332260e+01,1.970861991687e+00,0.000000000000e+00
7.488000000000e-01,-8.680249983440e+00,2.042393659063e+01,2.219197885798e+01,1.972670164725e+00,0.000000000000e+00
7.492000000000e-01,-8.669083039165e+00,2.029404252905e+01,2.206810283895e+01,1.974506751258e+00,0.000000000000e+00
7.496000000000e-01,-8.658496458460e+00,2.016506226581e+01,2.194537074431e+01,1.976371938613e+00,0.000000000000e+00
7.500000000000e-01,-8.648506043419e+00,2.003703286735e+01,2.182382512096e+01,1.978265914000e+00,0.000000000000e+00
7.504000000000e-01,-8.639126735632e+00,1.990998845128e+01,2.170350549760e+01,1.980188862837e+00,0.000000000000e+00
7.508000000000e-01,-8.630372682991e+00,1.978396021443e+01,2.158444843895e+01,1.982140971719e+00,0.000000000000e+00
7.512000000000e-01,-8.622257337549e+00,1.965897675129e+01,2.146668787919e+01,1.984122427417e+00,0.000000000000e+00
7.516000000000e-01,-8.614793377640e+00,1.953506400092e+01,2.135025504436e+01,1.986133415185e+00,0.000000000000e+00
7.520000000000e-01,-8.607992782816e+00,1.941224529271e+01,2.123517852653e+01,1.988174121810e+00,0.000000000000e+00
7.524000000000e-01,-8.601866918992e+00,1.929054162958e+01,2.112148457980e+01,1.990244734627e+00,0.000000000000e+00
7.528000000000e-01,-8.596426461632e+00,1.916997164378e+01,2.100919705114e+01,1.992345439722e+00,0.000000000000e+00
7.532000000000e-01,-8.591681483343e+00,1.905055166638e+01,2.089833748184e+01,1.994476425093e+00,0.000000000000e+00
7.536000000000e-01,-8.587641521532e+00,1.893229596178e+01,2.078892535190e+01,1.996637879759e+00,0.000000000000e+00
7.540000000000e-01,-8.584315502008e+00,1.881521669549e+01,2.068097802175e+01,1.998829991733e+00,0.000000000000e+00
7.544000000000e-01,-8.581711841352e+00,1.869932402917e+01,2.057451086359e+01,2.001052951340e+00,0.000000000000e+00
7.548000000000e-01,-8.579838494214e+00,1.858462629640e+01,2.046953744382e+01,2.003306950500e+00,0.000000000000e+00
7.552000000000e-01,-8.578702878140e+00,1.847112998887e+01,2.036606948179e+01,2.005592180366e+00,0.000000000000e+00
7.556000000000e-01,-8.578311989644e+00,1.835883987371e+01,2.026411700766e+01,2.007908834778e+00,0.000000000000e+00
7.560000000000e-01,-8.578672430748e+00,1.824775910414e+01,2.016368847698e+01,2.010257109872e+00,0.000000000000e+00
7.564000000000e-01,-8.579790337240e+00,1.813788923370e+01,2.006479075608e+01,2.012637201259e+00,0.000000000000e+00
7.568000000000e-01,-8.581671503639e+00,1.802923034698e+01,1.996742929626e+01,2.015049307553e+00,0.000000000000e+00
7.572000000000e-01,-8.584321391591e+00,1.792178110342e+01,1.987160818034e+01,2.017493630512e+00,0.000000000000e+00
7.576000000000e-01,-8.587745064932e+00,1.781553879079e+01,1.977733014606e+01,2.019970371629e+00,0.000000000000e+00
7.580000000000e-01,-8.591947314540e+00,1.771049945530e+01,1.968459676021e+01,2.022479735607e+00,0.000000000000e+00
7.584000000000e-01,-8.596932655578e+00,1.760665788341e+01,1.959340840457e+01,2.025021931312e+00,0.000000000000e+00
7.588000000000e-01,-8.602705271529e+00,1.750400770251e+01,1.950376434533e+01,2.027597167641e+00,0.000000000000e+00
7.592000000000e-01,-8.609269127784e+00,1.740254149531e+01,1.941566288878e+01,2.030205656770e+00,0.000000000000e+00
7.596000000000e-01,-8.616627968852e+00,1.730225073159e+01,1.932910132242e+01,2.032847616213e+00,0.000000000000e+00
7.600000000000e-01,-8.624785270426e+00,1.720312591517e+01,1.924407602911e+01,2.035523263899e+00,0.000000000000e+00
7.604000000000e-01,-8.633744331012e+00,1.710515667250e+01,1.916058261025e+01,2.038232820919e+00,0.000000000000e+00
7.608000000000e-01,-8.643508282540e+00,1.700833165036e+01,1.907861580302e+01,2.040976515017e+00,0.000000000000e+00
7.612000000000e-01,-8.654080046520e+00,1.691263869894e+01,1.899816962795e+01,2.043754574865e+00,0.000000000000e+00
7.616000000000e-01,-8.665462395055e+00,1.681806493094e+01,1.891923747251e+01,2.046567232008e+00,0.000000000000e+00
7.620000000000e-01,-8.677657988109e+00,1.672459660423e+01,1.884181200768e+01,2.049414726003e+00,0.000000000000e+00
7.624000000000e-01,-8.690669328252e+00,1.663221932159e+01,1.876588534907e+01,2.052297298053e+00,0.000000000000e+00
7.628000000000e-01,-8.704498785695e+00,1.654091806406e+01,1.869144910145e+01,2.055215191821e+00,0.000000000000e+00
7.632000000000e-01,-8.719148671687e+00,1.645067707836e+01,1.861849429722e+01,2.058168660218e+00,0.000000000000e+00
7.636000000000e-01,-8.734621187664e+00,1.636148006659e+01,1.854701154530e+01,2.061157958823e+00,0.000000000000e+00
7.640000000000e-01,-8.750918413304e+00,1.627331020565e+01,1.847699104631e+01,2.064183345252e+00,0.000000000000e+00
7.644000000000e-01,-8.768042416791e+00,1.618615005496e+01,1.840842256752e+01,2.067245087230e+00,0.000000000000e+00
7.648000000000e-01,-8.785995200225e+00,1.609998170820e+01,1.834129555574e+01,2.070343456622e+00,0.000000000000e+00
7.652000000000e-01,-8.804778653382e+00,1.601478681843e+01,1.827559914134e+01,2.073478726965e+00,0.000000000000e+00
7.656000000000e-01,-8.824394689746e+00,1.593054652889e+01,1.821132214722e+01,2.076651182219e+00,0.000000000000e+00
7.660000000000e-01,-8.844845199880e+00,1.584724156967e+01,1.814845315660e+01,2.079861112464e+00,0.000000000000e+00
7.664000000000e-01,-8.866131974068e+00,1.576485230681e+01,1.808698052294e+01,2.083108809246e+00,0.000000000000e+00
7.668000000000e-01,-8.888256844453e+00,1.568335869031e+01,1.802689239836e+01,2.086394574188e+00,0.000000000000e+00
7.672000000000e-01,-8.911221665441e+00,1.560274029048e+01,1.796817676179e+01,2.089718717494e+00,0.000000000000e+00
7.676000000000e-01,-8.935028207741e+00,1.552297638228e+01,1.791082144509e+01,2.093081550888e+00,0.000000000000e+00
7.680000000000e-01,-8.959678283535e+00,1.544404590245e+01,1.785481416261e+01,2.096483395154e+00,0.000000000000e+00
7.684000000000e-01,-8.985173775502e+00,1.536592743069e+01,1.780014251575e+01,2.099924582460e+00,0.000000000000e+00
7.688000000000e-01,-9.011516503300e+00,1.528859930775e+01,1.774679403391e+01,2.103405446908e+00,0.000000000000e+00
7.692000000000e-01,-9.038708312356e+00,1.521203959957e+01,1.769475619314e+01,2.106926330116e+00,0.000000000000e+00
7.696000000000e-01,-9.066751167543e+00,1.513622603489e+01,1.764401641672e+01,2.110487587893e+00,0.000000000000e+00
7.700000000000e-01,-9.095646994100e+00,1.506113614089e+01,1.759456211719e+01,2.114089578914e+00,0.000000000000e+00
7.704000000000e-01,-9.125397720170e+00,1.498674722294e+01,1.754638070588e+01,2.117732667591e+00,0.000000000000e+00
7.708000000000e-01,-9.156005434702e+00,1.491303627098e+01,1.749945960137e+01,2.121417234795e+00,0.000000000000e+00
7.712000000000e-01,-9.187472214313e+00,1.483998008853e+01,1.745378625733e+01,2.125143665903e+00,0.000000000000e+00
7.716000000000e-01,-9.219800119346e+00,1.476755530241e+01,1.740934817420e+01,2.128912350490e+00,0.000000000000e+00
7.720000000000e-01,-9.252991391014e+00,1.469573824961e+01,1.736613291390e+01,2.132723695579e+00,0.000000000000e+00
7.724000000000e-01,-9.287048295154e+00,1.462450507463e+01,1.732412810835e+01,2.136578115331e+00,0.000000000000e+00
7.728000000000e-01,-9.321973071854e+00,1.455383178366e+01,1.728332148458e+01,2.140476027088e+00,0.000000000000e+00
7.732000000000e-01,-9.357768132884e+00,1.448369412049e+01,1.724370087321e+01,2.144417864997e+00,0.000000000000e+00
7.736000000000e-01,-9.394435964917e+00,1.441406761589e+01,1.720525420720e+01,2.148404073990e+00,0.000000000000e+00
7.740000000000e-01,-9.431979028790e+00,1.434492769094e+01,1.716796956131e+01,2.152435101763e+00,0.000000000000e+00
7.744000000000e-01,-9.470399921421e+00,1.427624953186e+01,1.713183514302e+01,2.156511410738e+00,0.000000000000e+00
7.748000000000e-01,-9.509701375922e+00,1.420800808669e+01,1.709683930002e+01,2.160633478371e+00,0.000000000000e+00
7.752000000000e-01,-9.549886105316e+00,1.414017820486e+01,1.706297055878e+01,2.164801785163e+00,0.000000000000e+00
7.756000000000e-01,-9.590956907792e+00,1.407273453023e+01,1.703021760182e+01,2.169016823314e+00,0.000000000000e+00
7.760000000000e-01,-9.632916780520e+00,1.400565144612e+01,1.699856929658e+01,2.173279104198e+00,0.000000000000e+00
7.764000000000e-01,-9.675768710135e+00,1.393890322510e+01,1.696801471153e+01,2.177589143340e+00,0.000000000000e+00
7.768000000000e-01,-9.719515718537e+00,1.387246396617e+01,1.693854309837e+01,2.181947464746e+00,0.000000000000e+00
7.772000000000e-01,-9.764161072457e+00,1.380630749169e+01,1.691014393800e+01,2.186354614598e+00,0.000000000000e+00
7.776000000000e-01,-9.809708045489e+00,1.374040747901e+01,1.688280692382e+01,2.190811145359e+00,0.000000000000e+00
7.780000000000e-01,-9.856159914592e+00,1.367473746328e+01,1.685652197078e+01,2.195317615494e+00,0.000000000000e+00
7.784000000000e-01,-9.903520207135e+00,1.360927069488e+01,1.683127925440e+01,2.199874606302e+00,0.000000000000e+00
7.788000000000e-01,-9.951792493375e+00,1.354398022865e+01,1.680706917536e+01,2.204482708874e+00,0.000000000000e+00
7.792000000000e-01,-1.000098033683e+01,1.347883900171e+01,1.678388240342e+01,2.209142518945e+00,0.000000000000e+00
7.796000000000e-01,-1.005108751102e+01,1.341381966599e+01,1.676170988252e+01,2.213854653135e+00,0.000000000000e+00
7.800000000000e-01,-1.010211789053e+01,1.334889462156e+01,1.674054280756e+01,2.218619742554e+00,0.000000000000e+00
7.804000000000e-01,-1.015407534582e+01,1.328403615850e+01,1.672037268690e+01,2.223438422629e+00,0.000000000000e+00
7.808000000000e-01,-1.020696388736e+01,1.321921628867e+01,1.670119130734e+01,2.228311345919e+00,0.000000000000e+00
7.812000000000e-01,-1.026078769810e+01,1.315440672286e+01,1.668299075154e+01,2.233239184445e+00,0.000000000000e+00
7.816000000000e-01,-1.031555096047e+01,1.308957904058e+01,1.666576344119e+01,2.238222615149e+00,0.000000000000e+00
7.820000000000e-01,-1.037125792377e+01,1.302470455986e+01,1.664950208844e+01,2.243262327731e+00,0.000000000000e+00
7.824000000000e-01,-1.042791307326e+01,1.295975426064e+01,1.663419975712e+01,2.248359035339e+00,0.000000000000e+00
7.828000000000e-01,-1.048552089656e+01,1.289469894068e+01,1.661984985621e+01,2.253513457593e+00,0.000000000000e+00
7.832000000000e-01,-1.054408589678e+01,1.282950915900e+01,1.660644611768e+01,2.258726323136e+00,0.000000000000e+00
7.836000000000e-01,-1.060361283954e+01,1.276415511166e+01,1.659398267341e+01,2.263998385679e+00,0.000000000000e+00
7.840000000000e-01,-1.066410650418e+01,1.269860674133e+01,1.658245400125e+01,2.269330408020e+00,0.000000000000e+00
7.844000000000e-01,-1.072557167125e+01,1.263283377222e+01,1.657185495928e+01,2.274723159869e+00,0.000000000000e+00
7.848000000000e-01,-1.078801335043e+01,1.256680554959e+01,1.656218082773e+01,2.280177434319e+00,0.000000000000e+00
7.852000000000e-01,-1.085143659973e+01,1.250049108881e+01,1.655342725056e+01,2.285694037331e+00,0.000000000000e+00
7.856000000000e-01,-1.091584648828e+01,1.243385919280e+01,1.654559031833e+01,2.291273781106e+00,0.000000000000e+00
7.860000000000e-01,-1.098124823703e+01,1.236687827480e+01,1.653866654562e+01,2.296917497150e+00,0.000000000000e+00
7.864000000000e-01,-1.104764716855e+01,1.229951635387e+01,1.653265285730e+01,2.302626033839e+00,0.000000000000e+00
7.868000000000e-01,-1.111504862861e+01,1.223174121391e+01,1.652754667639e+01,2.308400246095e+00,0.000000000000e+00
7.872000000000e-01,-1.118345802757e+01,1.216352024290e+01,1.652334585228e+01,2.314241003295e+00,0.000000000000e+00
7.876000000000e-01,-1.125288093352e+01,1.209482039473e+01,1.652004871920e+01,2.320149194593e+00,0.000000000000e+00
7.880000000000e-01,-1.132332293368e+01,1.202560832841e+01,1.651765412910e+01,2.326125716535e+00,0.000000000000e+00
7.884000000000e-01,-1.139478961932e+01,1.195585030620e+01,1.651616138856e+01,2.332171476084e+00,0.000000000000e+00
7.888000000000e-01,-1.146728676841e+01,1.188551213672e+01,1.651557036802e+01,2.338287400520e+00,0.000000000000e+00
7.892000000000e-01,-1.154082016174e+01,1.181455924964e+01,1.651588145601e+01,2.344474425647e+00,0.000000000000e+00
7.896000000000e-01,-1.161539557048e+01,1.174295667621e+01,1.651709556061e+01,2.350733495499e+00,0.000000000000e+00
7.900000000000e-01,-1.169101892704e+01,1.167066898225e+01,1.651921420788e+01,2.357065571928e+00,0.000000000000e+00
7.904000000000e-01,-1.176769615311e+01,1.159766026881e+01,1.652223945059e+01,2.363471626466e+00,0.000000000000e+00
7.908000000000e-01,-1.184543318807e+01,1.152389422785e+01,1.652617395490e+01,2.369952638494e+00,0.000000000000e+00
7.912000000000e-01,-1.192423605413e+01,1.144933406595e+01,1.653102102195e+01,2.376509600493e+00,0.000000000000e+00
7.916000000000e-01,-1.200411076060e+01,1.137394246384e+01,1.653678452189e+01,2.383143514994e+00,0.000000000000e+00
7.920000000000e-01,-1.208506337079e+01,1.129768166007e+01,1.654346903065e+01,2.389855392905e+00,0.000000000000e+00
7.924000000000e-01,-1.216709993585e+01,1.122051337228e+01,1.655107975893e+01,2.396646253297e+00,0.000000000000e+00
7.928000000000e-01,-1.225022649706e+01,1.114239877467e+01,1.655962257067e+01,2.403517123624e+00,0.000000000000e+00
7.932000000000e-01,-1.233444915815e+01,1.106329853237e+01,1.656910409321e+01,2.410469040173e+00,0.000000000000e+00
7.936000000000e-01,-1.241977394297e+01,1.098317273954e+01,1.657953160439e+01,2.417503044003e+00,0.000000000000e+00
7.940000000000e-01,-1.250620685574e+01,1.090198097166e+01,1.659091314621e+01,2.424620180043e+00,0.000000000000e+00
7.944000000000e-01,-1.259375392738e+01,1.081968220250e+01,1.660325754021e+01,2.431821501520e+00,0.000000000000e+00
7.948000000000e-01,-1.268242109562e+01,1.073623477233e+01,1.661657431402e+01,2.439108065529e+00,0.000000000000e+00
7.952000000000e-01,-1.277221423336e+01,1.065159654650e+01,1.663087386196e+01,2.446480925731e+00,0.000000000000e+00
7.956000000000e-01,-1.286313916805e+01,1.056572469909e+01,1.664616735689e+01,2.453941141739e+00,0.000000000000e+00
7.960000000000e-01,-1.295520167552e+01,1.047857569972e+01,1.666246677860e+01,2.461489778237e+00,0.000000000000e+00
7.964000000000e-01,-1.304840737667e+01,1.039010556591e+01,1.667978503274e+01,2.469127887956e+00,0.000000000000e+00
7.968000000000e-01,-1.314276175335e+01,1.030026957828e+01,1.669813582082e+01,2.476856524167e+00,0.000000000000e+00
7.972000000000e-01,-1.323827030389e+01,1.020902223174e+01,1.671753377646e+01,2.484676747360e+00,0.000000000000e+00
7.976000000000e-01,-1.333493825877e+01,1.011631754120e+01,1.673799447244e+01,2.492589598762e+00,0.000000000000e+00
7.980000000000e-01,-1.343277060014e+01,1.002210881464e+01,1.675953433388e+01,2.500596110342e+00,0.000000000000e+00
7.984000000000e-01,-1.353177237770e+01,9.926348476532e+00,1.678217082977e+01,2.508697323032e+00,0.000000000000e+00
7.988000000000e-01,-1.363194827543e+01,9.828988383984e+00,1.680592236197e+01,2.516894254379e+00,0.000000000000e+00
7.992000000000e-01,-1.373330260655e+01,9.729979802735e+00,1.683080828257e+01,2.525187898027e+00,0.000000000000e+00
7.996000000000e-01,-1.383583974112e+01,9.629273002067e+00,1.685684904988e+01,2.533579256385e+00,0.000000000000e+00
8.000000000000e-01,-1.393956363577e+01,9.526817542092e+00,1.688406606348e+01,2.542069308644e+00,0.000000000000e+00
8.004000000000e-01,-1.404447773513e+01,9.422562575412e+00,1.691248179127e+01,2.550658991176e+00,0.000000000000e+00
8.008000000000e-01,-1.415058544933e+01,9.316456152622e+00,1.694211981431e+01,2.559349245581e+00,0.000000000000e+00
8.012000000000e-01,-1.425788978803e+01,9.208445430494e+00,1.697300469729e+01,2.568140994435e+00,0.000000000000e+00
8.016000000000e-01,-1.436639308072e+01,9.098477367395e+00,1.700516217373e+01,2.577035096238e+00,0.000000000000e+00
8.020000000000e-01,-1.447609745894e+01,8.986497762030e+00,1.703861906575e+01,2.586032406552e+00,0.000000000000e+00
8.024000000000e-01,-1.458700470737e+01,8.872451312600e+00,1.707340325264e+01,2.595133768362e+00,0.000000000000e+00
8.028000000000e-01,-1.469911574142e+01,8.756282691488e+00,1.710954383240e+01,2.604339940529e+00,0.000000000000e+00
8.032000000000e-01,-1.481243105526e+01,8.637935449321e+00,1.714707096251e+01,2.613651664568e+00,0.000000000000e+00
8.036000000000e-01,-1.492695085481e+01,8.517351832894e+00,1.718601594516e+01,2.623069675780e+00,0.000000000000e+00
8.040000000000e-01,-1.504267428538e+01,8.394474140852e+00,1.722641128493e+01,2.632594610410e+00,0.000000000000e+00
8.044000000000e-01,-1.515959979856e+01,8.269243726966e+00,1.726829053116e+01,2.642227065222e+00,0.000000000000e+00
8.048000000000e-01,-1.527772557884e+01,8.141600448509e+00,1.731168844236e+01,2.651967635646e+00,0.000000000000e+00
8.052000000000e-01,-1.539704857949e+01,8.011484186578e+00,1.735664091439e+01,2.661816809948e+00,0.000000000000e+00
8.056000000000e-01,-1.551756474708e+01,7.878834196707e+00,1.740318488034e+01,2.671775007495e+00,0.000000000000e+00
8.060000000000e-01,-1.563926970775e+01,7.743588072632e+00,1.745135849240e+01,2.681842648387e+00,0.000000000000e+00
8.064000000000e-01,-1.576215771933e+01,7.605683307186e+00,1.750120094560e+01,2.692020044602e+00,0.000000000000e+00
8.068000000000e-01,-1.588622169049e+01,7.465057210595e+00,1.755275245529e+01,2.702307404313e+00,0.000000000000e+00
8.072000000000e-01,-1.601145405516e+01,7.321645318438e+00,1.760605438846e+01,2.712704934508e+00,0.000000000000e+00
8.076000000000e-01,-1.613784577588e+01,7.175382867352e+00,1.766114904470e+01,2.723212739505e+00,0.000000000000e+00
8.080000000000e-01,-1.626538609924e+01,7.026205441006e+00,1.771807968874e+01,2.733830782151e+00,0.000000000000e+00
8.084000000000e-01,-1.639406353880e+01,6.874046821740e+00,1.777689058923e+01,2.744559017454e+00,0.000000000000e+00
8.088000000000e-01,-1.652386504883e+01,6.718840255627e+00,1.783762681896e+01,2.755397307924e+00,0.000000000000e+00
8.092000000000e-01,-1.665477547797e+01,6.560519904359e+00,1.790033428842e+01,2.766345337589e+00,0.000000000000e+00
8.096000000000e-01,-1.678677859662e+01,6.399018224304e+00,1.796505969616e+01,2.777402770951e+00,0.000000000000e+00
8.100000000000e-01,-1.691985650757e+01,6.234266901443e+00,1.803185037746e+01,2.788569192612e+00,0.000000000000e+00
8.104000000000e-01,-1.705398880206e+01,6.066199097811e+00,1.810075428139e+01,2.799843976042e+00,0.000000000000e+00
8.108000000000e-01,-1.718915357942e+01,5.894746517959e+00,1.817181986725e+01,2.811226458617e+00,0.000000000000e+00
8.112000000000e-01,-1.732532710592e+01,5.719839915929e+00,1.824509599841e+01,2.822715910470e+00,0.000000000000e+00
8.116000000000e-01,-1.746248272209e+01,5.541412035400e+00,1.832063181676e+01,2.834311365701e+00,0.000000000000e+00
8.120000000000e-01,-1.760059181126e+01,5.359394580950e+00,1.839847663208e+01,2.846011801592e+00,0.000000000000e+00
8.124000000000e-01,-1.773962366867e+01,5.173718233097e+00,1.847867983005e+01,2.857816138899e+00,0.000000000000e+00
8.128000000000e-01,-1.787954424912e+01,4.984316108205e+00,1.856129062385e+01,2.869723047678e+00,0.000000000000e+00
8.132000000000e-01,-1.802031704563e+01,4.791120880259e+00,1.864635797453e+01,2.881731117555e+00,0.000000000000e+00
8.136000000000e-01,-1.816190309864e+01,4.594064271507e+00,1.873393046574e+01,2.893838889683e+00,0.000000000000e+00
8.140000000000e-01,-1.830425969378e+01,4.393080836765e+00,1.882405594381e+01,2.906044650426e+00,0.000000000000e+00
8.144000000000e-01,-1.844734112163e+01,4.188105448375e+00,1.891678148376e+01,2.918346581700e+00,0.000000000000e+00
8.148000000000e-01,-1.859109874131e+01,3.979072279009e+00,1.901215318186e+01,2.930742822382e+00,0.000000000000e+00
8.152000000000e-01,-1.873547973678e+01,3.765918724021e+00,1.911021571838e+01,2.943231261946e+00,0.000000000000e+00
8.156000000000e-01,-1.888042774511e+01,3.548583390867e+00,1.921101236063e+01,2.955809664163e+00,0.000000000000e+00
8.160000000000e-01,-1.902588288647e+01,3.327004653098e+00,1.931458463368e+01,2.968475752847e+00,0.000000000000e+00
8.164000000000e-01,-1.917178067262e+01,3.101124538899e+00,1.942097184913e+01,2.981227015876e+00,0.000000000000e+00
8.168000000000e-01,-1.931805250588e+01,2.870887291297e+00,1.953021112173e+01,2.994060799812e+00,0.000000000000e+00
8.172000000000e-01,-1.946462559983e+01,2.636237627773e+00,1.964233689182e+01,3.006974412574e+00,0.000000000000e+00
8.176000000000e-01,-1.961142210975e+01,2.397124442974e+00,1.975738046306e+01,3.019964946231e+00,0.000000000000e+00
8.180000000000e-01,-1.975835951549e+01,2.153499937279e+00,1.987537000217e+01,3.033029343833e+00,0.000000000000e+00
8.184000000000e-01,-1.990535038107e+01,1.905317757723e+00,1.999632990204e+01,3.046164510121e+00,0.000000000000e+00
8.188000000000e-01,-2.005230174847e+01,1.652536385394e+00,2.012028036377e+01,3.059367159350e+00,0.000000000000e+00
8.192000000000e-01,-2.019911542463e+01,1.395118775015e+00,2.024723735065e+01,3.072633858395e+00,0.000000000000e+00
8.196000000000e-01,-2.034568755886e+01,1.133030575310e+00,2.037721179473e+01,3.085961136020e+00,0.000000000000e+00
8.200000000000e-01,-2.049190831299e+01,8.662430940118e-01,2.051020924823e+01,3.099345360034e+00,0.000000000000e+00
8.204000000000e-01,-2.063766207715e+01,5.947333549082e-01,2.064622977142e+01,3.112782762298e+00,0.000000000000e+00
8.208000000000e-01,-2.078282687590e+01,3.184825974440e-01,2.078526699656e+01,3.126269537413e+00,0.000000000000e+00
8.212000000000e-01,-2.092727430309e+01,3.747873193404e-02,2.092730786346e+01,3.139801751854e+00,0.000000000000e+00
8.216000000000e-01,-2.107086969431e+01,-2.482832950236e-01,2.107233243543e+01,3.153375356849e+00,0.000000000000e+00
8.220000000000e-01,-2.121347140198e+01,-5.388025409288e-01,2.122031284172e+01,3.166986268463e+00,0.000000000000e+00
8.224000000000e-01,-2.135493096380e+01,-8.340701937665e-01,2.137121310447e+01,3.180630310117e+00,0.000000000000e+00
8.228000000000e-01,-2.149509326401e+01,-1.134069003708e+00,2.152498889508e+01,3.194303218494e+00,0.000000000000e+00
8.232000000000e-01,-2.163379574131e+01,-1.438773720311e+00,2.168158638096e+01,3.208000698872e+00,0.000000000000e+00
8.236000000000e-01,-2.177086874539e+01,-1.748149860737e+00,2.184094214691e+01,3.221718401408e+00,0.000000000000e+00
8.240000000000e-01,-2.190613572588e+01,-2.062153025511e+00,2.200298292371e+01,3.235451923724e+00,0.000000000000e+00
8.244000000000e-01,-2.203941245430e+01,-2.380728642497e+00,2.216762436979e+01,3.249196837565e+00,0.000000000000e+00
8.248000000000e-01,-2.217050751185e+01,-2.703811427687e+00,2.233477108836e+01,3.262948698536e+00,0.000000000000e+00
8.252000000000e-01,-2.229922255519e+01,-3.031324645081e+00,2.250431637864e+01,3.276703046954e+00,0.000000000000e+00
8.256000000000e-01,-2.242535164388e+01,-3.363179132003e+00,2.267614099060e+01,3.290455404547e+00,0.000000000000e+00
8.260000000000e-01,-2.254868179402e+01,-3.699273492575e+00,2.285011323869e+01,3.304201316513e+00,0.000000000000e+00
8.264000000000e-01,-2.266899338160e+01,-4.039493334315e+00,2.302608884142e+01,3.317936350331e+00,0.000000000000e+00
8.268000000000e-01,-2.278605967111e+01,-4.383709620505e+00,2.320390970014e+01,3.331656063702e+00,0.000000000000e+00
8.272000000000e-01,-2.289964736309e+01,-4.731779621134e+00,2.338340410926e+01,3.345356077026e+00,0.000000000000e+00
8.276000000000e-01,-2.300951720582e+01,-5.083546138492e+00,2.356438676026e+01,3.359032068265e+00,0.000000000000e+00
8.280000000000e-01,-2.311542381812e+01,-5.438835303592e+00,2.374665761220e+01,3.372679715654e+00,0.000000000000e+00
8.284000000000e-01,-2.321711615710e+01,-5.797458287203e+00,2.393000219900e+01,3.386294797663e+00,0.000000000000e+00
8.288000000000e-01,-2.331433841140e+01,-6.159210519170e+00,2.411419187493e+01,3.399873181193e+00,0.000000000000e+00
8.292000000000e-01,-2.340683020124e+01,-6.523869109658e+00,2.429898286410e+01,3.413410744341e+00,0.000000000000e+00
8.296000000000e-01,-2.349432689887e+01,-6.891195294302e+00,2.448411666806e+01,3.426903499775e+00,0.000000000000e+00
8.300000000000e-01,-2.357656086497e+01,-7.260933659246e+00,2.466932061942e+01,3.440347573606e+00,0.000000000000e+00
8.304000000000e-01,-2.365326209075e+01,-7.632809415524e+00,2.485430721439e+01,3.453739114507e+00,0.000000000000e+00
8.308000000000e-01,-2.372415832091e+01,-8.006531521031e+00,2.503877463122e+01,3.467074435294e+00,0.000000000000e+00
8.312000000000e-01,-2.378897666406e+01,-8.381791942200e+00,2.522240763460e+01,3.480349980716e+00,0.000000000000e+00
8.316000000000e-01,-2.384744471462e+01,-8.758263033399e+00,2.540487730297e+01,3.493562229400e+00,0.000000000000e+00
8.320000000000e-01,-2.389929045696e+01,-9.135601249805e+00,2.558584168132e+01,3.506707847489e+00,0.000000000000e+00
8.324000000000e-01,-2.394424422816e+01,-9.513446499361e+00,2.576494703961e+01,3.519783645103e+00,0.000000000000e+00
8.328000000000e-01,-2.398204032487e+01,-9.891419873808e+00,2.594182810181e+01,3.532786476972e+00,0.000000000000e+00
8.332000000000e-01,-2.401241670135e+01,-1.026912784520e+01,2.611610887059e+01,3.545713401404e+00,0.000000000000e+00
8.336000000000e-01,-2.403511719332e+01,-1.064616177762e+01,2.628740419083e+01,3.558561626958e+00,0.000000000000e+00
8.340000000000e-01,-2.404989358110e+01,-1.102209622260e+01,2.645532056889e+01,3.571328416398e+00,0.000000000000e+00
8.344000000000e-01,-2.405650512256e+01,-1.139649347865e+01,2.661945721312e+01,3.584011244197e+00,0.000000000000e+00
8.348000000000e-01,-2.405472087119e+01,-1.176890333084e+01,2.677940779408e+01,3.596607736615e+00,0.000000000000e+00
8.352000000000e-01,-2.404432213836e+01,-1.213886206771e+01,2.693476191452e+01,3.609115582072e+00,0.000000000000e+00
8.356000000000e-01,-2.402510191128e+01,-1.250589727197e+01,2.708510639493e+01,3.621532680857e+00,0.000000000000e+00
8.360000000000e-01,-2.399686703199e+01,-1.286952783231e+01,2.723002706531e+01,3.633857082984e+00,0.000000000000e+00
8.364000000000e-01,-2.395944098687e+01,-1.322926377345e+01,2.736911091707e+01,3.646086906578e+00,0.000000000000e+00
8.368000000000e-01,-2.391266323595e+01,-1.358461112598e+01,2.750194761249e+01,3.658220474340e+00,0.000000000000e+00
8.372000000000e-01,-2.385639098270e+01,-1.393507221138e+01,2.762813110320e+01,3.670256254059e+00,0.000000000000e+00
8.376000000000e-01,-2.379050222191e+01,-1.428014631666e+01,2.774726247391e+01,3.682192785447e+00,0.000000000000e+00
8.380000000000e-01,-2.371489494356e+01,-1.461933444772e+01,2.785895155741e+01,3.694028799022e+00,0.000000000000e+00
8.384000000000e-01,-2.362948823749e+01,-1.495213984031e+01,2.796281817288e+01,3.705763163942e+00,0.000000000000e+00
8.388000000000e-01,-2.353422554800e+01,-1.527806946653e+01,2.805849566117e+01,3.717394823102e+00,0.000000000000e+00
8.392000000000e-01,-2.342907361575e+01,-1.559663839853e+01,2.814563234014e+01,3.728922891242e+00,0.000000000000e+00
8.396000000000e-01,-2.331402274918e+01,-1.590737047253e+01,2.822389222095e+01,3.740346613952e+00,0.000000000000e+00
8.400000000000e-01,-2.318909024640e+01,-1.620980058217e+01,2.829295921903e+01,3.751665310725e+00,0.000000000000e+00
8.404000000000e-01,-2.305431882030e+01,-1.650347827197e+01,2.835253800529e+01,3.762878450253e+00,0.000000000000e+00
8.408000000000e-01,-2.290977605259e+01,-1.678796851668e+01,2.840235422808e+01,3.773985623111e+00,0.000000000000e+00
8.412000000000e-01,-2.275555790196e+01,-1.706285470176e+01,2.844215930626e+01,3.784986492758e+00,0.000000000000e+00
8.416000000000e-01,-2.259178627095e+01,-1.732774096581e+01,2.847173008249e+01,3.795880847166e+00,0.000000000000e+00
8.420000000000e-01,-2.241860794724e+01,-1.758225319319e+01,2.849086888183e+01,3.806668586030e+00,0.000000000000e+00
8.424000000000e-01,-2.223619793600e+01,-1.782604241824e+01,2.849940853678e+01,3.817349679993e+00,0.000000000000e+00
8.428000000000e-01,-2.204475587998e+01,-1.805878544963e+01,2.849721027967e+01,3.827924199367e+00,0.000000000000e+00
8.432000000000e-01,-2.184450514457e+01,-1.828018641426e+01,2.848416437867e+01,3.838392314748e+00,0.000000000000e+00
8.436000000000e-01,-2.163569529135e+01,-1.848997991555e+01,2.846019444799e+01,3.848754264581e+00,0.000000000000e+00
8.440000000000e-01,-2.141859745637e+01,-1.868792982801e+01,2.842525353017e+01,3.859010364258e+00,0.000000000000e+00
8.444000000000e-01,-2.119350437814e+01,-1.887383185783e+01,2.837932622216e+01,3.869161016491e+00,0.000000000000e+00
8.448000000000e-01,-2.096073089042e+01,-1.904751526704e+01,2.832243063914e+01,3.879206686910e+00,0.000000000000e+00
8.452000000000e-01,-2.072060907363e+01,-1.920884049784e+01,2.825461367022e+01,3.889147899991e+00,0.000000000000e+00
8.456000000000e-01,-2.047348958689e+01,-1.935770284012e+01,2.817595491037e+01,3.898985252620e+00,0.000000000000e+00
8.460000000000e-01,-2.021973919390e+01,-1.949403145639e+01,2.808656467943e+01,3.908719397126e+00,0.000000000000e+00
8.464000000000e-01,-1.995973711241e+01,-1.961778735383e+01,2.798658046737e+01,3.918351033303e+00,0.000000000000e+00
8.468000000000e-01,-1.969387686865e+01,-1.972896712061e+01,2.787617136128e+01,3.927880916208e+00,0.000000000000e+00
8.472000000000e-01,-1.942256108738e+01,-1.982759900853e+01,2.775553209067e+01,3.937309846097e+00,0.000000000000e+00
8.476000000000e-01,-1.914620038554e+01,-1.991374304503e+01,2.762488282811e+01,3.946638666489e+00,0.000000000000e+00
8.480000000000e-01,-1.886521351917e+01,-1.998749219515e+01,2.748447062207e+01,3.955868257554e+00,0.000000000000e+00
8.484000000000e-01,-1.858002206005e+01,-2.004896779648e+01,2.733456290955e+01,3.964999532639e+00,0.000000000000e+00
8.488000000000e-01,-1.829105108155e+01,-2.009832151853e+01,2.717544990483e+01,3.974033447520e+00,0.000000000000e+00
8.492000000000e-01,-1.799872639551e+01,-2.013573234592e+01,2.700744099256e+01,3.982970979109e+00,0.000000000000e+00
8.496000000000e-01,-1.770347227799e+01,-2.016140463534e+01,2.683086222184e+01,3.991813124751e+00,0.000000000000e+00
8.500000000000e-01,-1.740571085927e+01,-2.017556859799e+01,2.664605672081e+01,4.000560919817e+00,0.000000000000e+00
8.504000000000e-01,-1.710585870957e+01,-2.017847577158e+01,2.645337949405e+01,4.009215414671e+00,0.000000000000e+00
8.508000000000e-01,-1.680432746707e+01,-2.017039957123e+01,2.625319867147e+01,4.017777667421e+00,0.000000000000e+00
8.512000000000e-01,-1.650152053581e+01,-2.015163215561e+01,2.604589139440e+01,4.026248761683e+00,0.000000000000e+00
8.516000000000e-01,-1.619783196999e+01,-2.012248263511e+01,2.583184213191e+01,4.034629800542e+00,0.000000000000e+00
8.520000000000e-01,-1.589364643770e+01,-2.008327580652e+01,2.561144205638e+01,4.042921883707e+00,0.000000000000e+00
8.524000000000e-01,-1.558933681542e+01,-2.003434926305e+01,2.538508563583e+01,4.051126119354e+00,0.000000000000e+00
8.528000000000e-01,-1.528526338740e+01,-1.997605243206e+01,2.515316973247e+01,4.059243639324e+00,0.000000000000e+00
8.532000000000e-01,-1.498177317381e+01,-1.990874386076e+01,2.491609137776e+01,4.067275570553e+00,0.000000000000e+00
8.536000000000e-01,-1.467919973752e+01,-1.983279008407e+01,2.467424704936e+01,4.075223031716e+00,0.000000000000e+00
8.540000000000e-01,-1.437786114751e+01,-1.974856306501e+01,2.442802968538e+01,4.083087157453e+00,0.000000000000e+00
8.544000000000e-01,-1.407806057594e+01,-1.965643960049e+01,2.417782883858e+01,4.090869088343e+00,0.000000000000e+00
8.548000000000e-01,-1.378008539686e+01,-1.955679802969e+01,2.392402772777e+01,4.098569945837e+00,0.000000000000e+00
8.552000000000e-01,-1.348420772864e+01,-1.945001866476e+01,2.366700412238e+01,4.106190850308e+00,0.000000000000e+00
8.556000000000e-01,-1.319068242739e+01,-1.933648033771e+01,2.340712658040e+01,4.113732934403e+00,0.000000000000e+00
8.560000000000e-01,-1.289974885465e+01,-1.921656070087e+01,2.314475590028e+01,4.121197319010e+00,0.000000000000e+00
8.564000000000e-01,-1.261163026578e+01,-1.909063377929e+01,2.288024291951e+01,4.128585104592e+00,0.000000000000e+00
8.568000000000e-01,-1.232653347205e+01,-1.895906919208e+01,2.261392783370e+01,4.135897395535e+00,0.000000000000e+00
8.572000000000e-01,-1.204464948383e+01,-1.882223177523e+01,2.234614038685e+01,4.143135299434e+00,0.000000000000e+00
8.576000000000e-01,-1.176615322627e+01,-1.868047869724e+01,2.207719742408e+01,4.150299900142e+00,0.000000000000e+00
8.580000000000e-01,-1.149120547411e+01,-1.853416156288e+01,2.180740580828e+01,4.157392266827e+00,0.000000000000e+00
8.584000000000e-01,-1.121995031324e+01,-1.838362177569e+01,2.153705724149e+01,4.164413471225e+00,0.000000000000e+00
8.588000000000e-01,-1.095251870484e+01,-1.822919461213e+01,2.126643369695e+01,4.171364580567e+00,0.000000000000e+00
8.592000000000e-01,-1.068902613810e+01,-1.807120307679e+01,2.099580101886e+01,4.178246632754e+00,0.000000000000e+00
8.596000000000e-01,-1.042957628402e+01,-1.790996348902e+01,2.072541564462e+01,4.185060656068e+00,0.000000000000e+00
8.600000000000e-01,-1.017425756817e+01,-1.774577878822e+01,2.045551714976e+01,4.191807677708e+00,0.000000000000e+00
8.604000000000e-01,-9.923147724278e+00,-1.757894467491e+01,2.018633588944e+01,4.198488715351e+00,0.000000000000e+00
8.608000000000e-01,-9.676310972395e+00,-1.740974267107e+01,1.991808559845e+01,4.205104756301e+00,0.000000000000e+00
8.612000000000e-01,-9.433801897503e+00,-1.723844669905e+01,1.965097104057e+01,4.211656780157e+00,0.000000000000e+00
8.616000000000e-01,-9.195662244942e+00,-1.706531632029e+01,1.938518055719e+01,4.218145762127e+00,0.000000000000e+00
8.620000000000e-01,-8.961925330359e+00,-1.689060331126e+01,1.912089396041e+01,4.224572666095e+00,0.000000000000e+00
8.624000000000e-01,-8.732613341138e+00,-1.671454486800e+01,1.885827526340e+01,4.230938425830e+00,0.000000000000e+00
8.628000000000e-01,-8.507741110252e+00,-1.653737055596e+01,1.859748057411e+01,4.237243967392e+00,0.000000000000e+00
8.632000000000e-01,-8.287313075008e+00,-1.635929554018e+01,1.833865067485e+01,4.243490209752e+00,0.000000000000e+00
8.636000000000e-01,-8.071327509123e+00,-1.618052765541e+01,1.808191922798e+01,4.249678061815e+00,0.000000000000e+00
8.640000000000e-01,-7.859773831616e+00,-1.600126043012e+01,1.782740530859e+01,4.255808402502e+00,0.000000000000e+00
8.644000000000e-01,-7.652636320673e+00,-1.582168048568e+01,1.757522165002e+01,4.261882102129e+00,0.000000000000e+00
8.648000000000e-01,-7.449891189219e+00,-1.564196076031e+01,1.732546724213e+01,4.267900021701e+00,0.000000000000e+00
8.652000000000e-01,-7.251510368493e+00,-1.546226754170e+01,1.707823527638e+01,4.273863014872e+00,0.000000000000e+00
8.656000000000e-01,-7.057459273167e+00,-1.528275424116e+01,1.683360652350e+01,4.279771906888e+00,0.000000000000e+00
8.660000000000e-01,-6.867699705680e+00,-1.510356752516e+01,1.659165607269e+01,4.285627511604e+00,0.000000000000e+00
8.664000000000e-01,-6.682188016414e+00,-1.492484276945e+01,1.635244839098e+01,4.291430632902e+00,0.000000000000e+00
8.668000000000e-01,-6.500877206096e+00,-1.474670812333e+01,1.611604185039e+01,4.297182068091e+00,0.000000000000e+00
8.672000000000e-01,-6.323716453616e+00,-1.456928229969e+01,1.588248647138e+01,4.302882592630e+00,0.000000000000e+00
8.676000000000e-01,-6.150651871416e+00,-1.439267587643e+01,1.565182536727e+01,4.308532964015e+00,0.000000000000e+00
8.680000000000e-01,-5.981626967376e+00,-1.421699228193e+01,1.542409578294e+01,4.314133931969e+00,0.000000000000e+00
8.684000000000e-01,-5.816582138362e+00,-1.404232602345e+01,1.519932721936e+01,4.319686236303e+00,0.000000000000e+00
8.688000000000e-01,-5.655456423829e+00,-1.386876637575e+01,1.497754546469e+01,4.325190606264e+00,0.000000000000e+00
8.692000000000e-01,-5.498186199830e+00,-1.369639326984e+01,1.475876824434e+01,4.330647745937e+00,0.000000000000e+00
8.696000000000e-01,-5.344707159123e+00,-1.352528250292e+01,1.454301074058e+01,4.336058353215e+00,0.000000000000e+00
8.700000000000e-01,-5.194952818351e+00,-1.335550146140e+01,1.433028101854e+01,4.341423113509e+00,0.000000000000e+00
8.704000000000e-01,-5.048856159231e+00,-1.318711317143e+01,1.412058434742e+01,4.346742706638e+00,0.000000000000e+00
8.708000000000e-01,-4.906349100718e+00,-1.302017415483e+01,1.391392096140e+01,4.352017793007e+00,0.000000000000e+00
8.712000000000e-01,-4.767362936695e+00,-1.285473544987e+01,1.371028711794e+01,4.357249017707e+00,0.000000000000e+00
8.716000000000e-01,-4.631828775395e+00,-1.269084390605e+01,1.350967641552e+01,4.362437019134e+00,0.000000000000e+00
8.720000000000e-01,-4.499676941055e+00,-1.252854014419e+01,1.331207762591e+01,4.367582423792e+00,0.000000000000e+00
8.724000000000e-01,-4.370838173478e+00,-1.236786189414e+01,1.311747819404e+01,4.372685852905e+00,0.000000000000e+00
8.728000000000e-01,-4.245242859575e+00,-1.220884106456e+01,1.292586117349e+01,4.377747905680e+00,0.000000000000e+00
8.732000000000e-01,-4.122821852992e+00,-1.205150644281e+01,1.273720799754e+01,4.382769173345e+00,0.000000000000e+00
8.736000000000e-01,-4.003506227106e+00,-1.189588284195e+01,1.255149754809e+01,4.387750237893e+00,0.000000000000e+00
8.740000000000e-01,-3.887227303138e+00,-1.174199103475e+01,1.236870605869e+01,4.392691671737e+00,0.000000000000e+00
8.744000000000e-01,-3.773917190738e+00,-1.158984940337e+01,1.218880880789e+01,4.397594041026e+00,0.000000000000e+00
8.748000000000e-01,-3.663508363994e+00,-1.143947204101e+01,1.201177814106e+01,4.402457891404e+00,0.000000000000e+00
8.752000000000e-01,-3.555934195077e+00,-1.129087092447e+01,1.183758565894e+01,4.407283763430e+00,0.000000000000e+00
8.756000000000e-01,-3.451128726751e+00,-1.114405499079e+01,1.166620122946e+01,4.412072187677e+00,0.000000000000e+00
8.760000000000e-01,-3.349026758063e+00,-1.099903041519e+01,1.149759323948e+01,4.416823686188e+00,0.000000000000e+00
8.764000000000e-01,-3.249564107877e+00,-1.085580156730e+01,1.133172954847e+01,4.421538775470e+00,0.000000000000e+00
8.768000000000e-01,-3.152677425233e+00,-1.071436987341e+01,1.116857630729e+01,4.426217953301e+00,0.000000000000e+00
8.772000000000e-01,-3.058304418236e+00,-1.057473514067e+01,1.100809925509e+01,4.430861712951e+00,0.000000000000e+00
8.776000000000e-01,-2.966383789608e+00,-1.043689519998e+01,1.085026332411e+01,4.435470538941e+00,0.000000000000e+00
8.780000000000e-01,-2.876855233557e+00,-1.030084589090e+01,1.069503259008e+01,4.440044906506e+00,0.000000000000e+00
8.784000000000e-01,-2.789659561682e+00,-1.016658177444e+01,1.054237095944e+01,4.444585287581e+00,0.000000000000e+00
8.788000000000e-01,-2.704738679977e+00,-1.003409557180e+01,1.039224159029e+01,4.449092137424e+00,0.000000000000e+00
8.792000000000e-01,-2.622035602635e+00,-9.903378687725e+00,1.024460736846e+01,4.453565905209e+00,0.000000000000e+00
8.796000000000e-01,-2.541494468717e+00,-9.774421357404e+00,1.009943102390e+01,4.458007034637e+00,0.000000000000e+00
8.800000000000e-01,-2.463060548154e+00,-9.647212506394e+00,9.956674967448e+00,4.462415958198e+00,0.000000000000e+00
8.804000000000e-01,-2.386680212053e+00,-9.521740074189e+00,9.816301568056e+00,4.466793106388e+00,0.000000000000e+00
8.808000000000e-01,-2.312301012156e+00,-9.397991012300e+00,9.678273143391e+00,4.471138897999e+00,0.000000000000e+00
8.812000000000e-01,-2.239871655144e+00,-9.275951324690e+00,9.542551965252e+00,4.475453741357e+00,0.000000000000e+00
8.816000000000e-01,-2.169341927152e+00,-9.155606191584e+00,9.409100335965e+00,4.479738042883e+00,0.000000000000e+00
8.820000000000e-01,-2.100662808865e+00,-9.036940170545e+00,9.277880786180e+00,4.483992198070e+00,0.000000000000e+00
8.824000000000e-01,-2.033786370784e+00,-8.919937113417e+00,9.148855945379e+00,4.488216597679e+00,0.000000000000e+00
8.828000000000e-01,-1.968665755799e+00,-8.804580213114e+00,9.021988560579e+00,4.492411628565e+00,0.000000000000e+00
8.832000000000e-01,-1.905255316305e+00,-8.690852304612e+00,8.897241797371e+00,4.496577663688e+00,0.000000000000e+00
8.836000000000e-01,-1.843510428057e+00,-8.578735598120e+00,8.774578916439e+00,4.500715072877e+00,0.000000000000e+00
8.840000000000e-01,-1.783387529061e+00,-8.468211880076e+00,8.653963457553e+00,4.504824221182e+00,0.000000000000e+00
8.844000000000e-01,-1.724844210132e+00,-8.359262835099e+00,8.535359552795e+00,4.508905463505e+00,0.000000000000e+00
8.848000000000e-01,-1.667839015650e+00,-8.251869588481e+00,8.418731417940e+00,4.512959153314e+00,0.000000000000e+00
8.852000000000e-01,-1.612331544872e+00,-8.146013051074e+00,8.304043692013e+00,4.516985636883e+00,0.000000000000e+00
8.856000000000e-01,-1.558282496184e+00,-8.041674134048e+00,8.191261637631e+00,4.520985249882e+00,0.000000000000e+00
8.860000000000e-01,-1.505653461336e+00,-7.938833242274e+00,8.080350586099e+00,4.524958326913e+00,0.000000000000e+00
8.864000000000e-01,-1.454407052117e+00,-7.837470786440e+00,7.971276447442e+00,4.528905195862e+00,0.000000000000e+00
8.868000000000e-01,-1.404506903224e+00,-7.737567299138e+00,7.864005808104e+00,4.532826176757e+00,0.000000000000e+00
8.872000000000e-01,-1.355917485532e+00,-7.639102862878e+00,7.758505318501e+00,4.536721588871e+00,0.000000000000e+00
8.876000000000e-01,-1.308604249255e+00,-7.542057691100e+00,7.654742275024e+00,4.540591743598e+00,0.000000000000e+00
8.880000000000e-01,-1.262533608034e+00,-7.446412180298e+00,7.552684653175e+00,4.544436944058e+00,0.000000000000e+00
8.884000000000e-01,-1.217672756539e+00,-7.352146326809e+00,7.452300487288e+00,4.548257492723e+00,0.000000000000e+00
8.888000000000e-01,-1.173989805702e+00,-7.259240363512e+00,7.353558507221e+00,4.552053685501e+00,0.000000000000e+00
8.892000000000e-01,-1.131453769994e+00,-7.167674826750e+00,7.256428188555e+00,4.555825811264e+00,0.000000000000e+00
8.896000000000e-01,-1.090034391442e+00,-7.077429898133e+00,7.160879061785e+00,4.559574158354e+00,0.000000000000e+00
8.900000000000e-01,-1.049702259683e+00,-6.988485994904e+00,7.066881301886e+00,4.563299008683e+00,0.000000000000e+00
8.904000000000e-01,-1.010428823243e+00,-6.900823939038e+00,6.974405884693e+00,4.567000636170e+00,0.000000000000e+00
8.908000000000e-01,-9.721862086518e-01,-6.814424245002e+00,6.883423843929e+00,4.570679314171e+00,0.000000000000e+00
8.912000000000e-01,-9.349473087097e-01,-6.729267624121e+00,6.793906772035e+00,4.574335311360e+00,0.000000000000e+00
8.916000000000e-01,-8.986858319055e-01,-6.645335353434e+00,6.705827181196e+00,4.577968888711e+00,0.000000000000e+00
8.920000000000e-01,-8.633761214632e-01,-6.562608470501e+00,6.619157670294e+00,4.581580306470e+00,0.000000000000e+00
8.924000000000e-01,-8.289932030530e-01,-6.481068083898e+00,6.533871229128e+00,4.585169821451e+00,0.000000000000e+00
8.928000000000e-01,-7.955128778795e-01,-6.400695977477e+00,6.449941839657e+00,4.588737681759e+00,0.000000000000e+00
8.932000000000e-01,-7.629115485804e-01,-6.321473798472e+00,6.367343638891e+00,4.592284134137e+00,0.000000000000e+00
8.936000000000e-01,-7.311662196285e-01,-6.243383131630e+00,6.286050983651e+00,4.595809423605e+00,0.000000000000e+00
8.940000000000e-01,-7.002546174618e-01,-6.166406310830e+00,6.206039261842e+00,4.599313787117e+00,0.000000000000e+00
8.944000000000e-01,-6.701550490857e-01,-6.090525710451e+00,6.127284163435e+00,4.602797459261e+00,0.000000000000e+00
8.948000000000e-01,-6.408463565777e-01,-6.015723536064e+00,6.049761459355e+00,4.606260673971e+00,0.000000000000e+00
8.952000000000e-01,-6.123080290191e-01,-5.941982616374e+00,5.973447793000e+00,4.609703658123e+00,0.000000000000e+00
8.956000000000e-01,-5.845201296164e-01,-5.869286076698e+00,5.898320339897e+00,4.613126634293e+00,0.000000000000e+00
8.960000000000e-01,-5.574632068473e-01,-5.797616841278e+00,5.824356296215e+00,4.616529824895e+00,0.000000000000e+00
8.964000000000e-01,-5.311183659520e-01,-5.726958204133e+00,5.751533446877e+00,4.619913447887e+00,0.000000000000e+00
8.968000000000e-01,-5.054672822435e-01,-5.657294062597e+00,5.679830392196e+00,4.623277715056e+00,0.000000000000e+00
8.972000000000e-01,-4.804920837521e-01,-5.588608176226e+00,5.609225792383e+00,4.626622837737e+00,0.000000000000e+00
8.976000000000e-01,-4.561753679753e-01,-5.520884353467e+00,5.539698548721e+00,4.629949025409e+00,0.000000000000e+00
8.980000000000e-01,-4.325002764530e-01,-5.454107147498e+00,5.471228496921e+00,4.633256480366e+00,0.000000000000e+00
8.984000000000e-01,-4.094503894408e-01,-5.388261160686e+00,5.403795699060e+00,4.636545403159e+00,0.000000000000e+00
8.988000000000e-01,-3.870096968662e-01,-5.323330872707e+00,5.337380264304e+00,4.639815993988e+00,0.000000000000e+00
8.992000000000e-01,-3.651626673114e-01,-5.259301325409e+00,5.271963031457e+00,4.643068447583e+00,0.000000000000e+00
8.996000000000e-01,-3.438942139542e-01,-5.196157975651e+00,5.207525414082e+00,4.646302954363e+00,0.000000000000e+00
9.000000000000e-01,-3.231896232729e-01,-5.133886145278e+00,5.144048841648e+00,4.649519704630e+00,0.000000000000e+00
9.004000000000e-01,-3.030345782678e-01,-5.072471306504e+00,5.081515040904e+00,4.652718886458e+00,0.000000000000e+00
9.008000000000e-01,-2.834152001384e-01,-5.011899628070e+00,5.019906578565e+00,4.655900681633e+00,0.000000000000e+00
9.012000000000e-01,-2.643179666813e-01,-4.952157291088e+00,4.959206168651e+00,4.659065270837e+00,0.000000000000e+00
9.016000000000e-01,-2.457296968818e-01,-4.893230388835e+00,4.899396567145e+00,4.662212834434e+00,0.000000000000e+00
9.020000000000e-01,-2.276375981572e-01,-4.835105546689e+00,4.840461189156e+00,4.665343547806e+00,0.000000000000e+00
9.024000000000e-01,-2.100292402909e-01,-4.777769792481e+00,4.782383973681e+00,4.668457582375e+00,0.000000000000e+00
9.028000000000e-01,-1.928925038315e-01,-4.721210053064e+00,4.725148874182e+00,4.671555109456e+00,0.000000000000e+00
9.032000000000e-01,-1.762155895606e-01,-4.665413337505e+00,4.668740038144e+00,4.674636298919e+00,0.000000000000e+00
9.036000000000e-01,-1.599870516235e-01,-4.610367316952e+00,4.613142383875e+00,4.677701314915e+00,0.000000000000e+00
9.040000000000e-01,-1.441957431137e-01,-4.556059750719e+00,4.558341021080e+00,4.680750320173e+00,0.000000000000e+00
9.044000000000e-01,-1.288307984530e-01,-4.502478307497e+00,4.504321068054e+00,4.683783477354e+00,0.000000000000e+00
9.048000000000e-01,-1.138816555087e-01,-4.449610988901e+00,4.451068072273e+00,4.686800945806e+00,0.000000000000e+00
9.052000000000e-01,-9.933805613609e-02,-4.397446323723e+00,4.398568201065e+00,4.689802880086e+00,0.000000000000e+00
9.056000000000e-01,-8.519000247460e-02,-4.345972800692e+00,4.346807670104e+00,4.692789434381e+00,0.000000000000e+00
9.060000000000e-01,-7.142775343126e-02,-4.295178872394e+00,4.295772744201e+00,4.695760762508e+00,0.000000000000e+00
9.064000000000e-01,-5.804184552428e-02,-4.245053494226e+00,4.245450273489e+00,4.698717013915e+00,0.000000000000e+00
9.068000000000e-01,-4.502307210795e-02,-4.195585926915e+00,4.195827492539e+00,4.701658335180e+00,0.000000000000e+00
9.072000000000e-01,-3.236245989665e-02,-4.146765361942e+00,4.146891642642e+00,4.704584872829e+00,0.000000000000e+00
9.076000000000e-01,-2.005127067629e-02,-4.098581036637e+00,4.098630084227e+00,4.707496772440e+00,0.000000000000e+00
9.080000000000e-01,-8.081014847360e-03,-4.051022758438e+00,4.051030818469e+00,4.710394174478e+00,0.000000000000e+00
9.084000000000e-01,3.556574614847e-03,-4.004080481464e+00,4.004082061005e+00,4.713277217696e+00,0.000000000000e+00
9.088000000000e-01,1.486955381990e-02,-3.957744094783e+00,3.957772027722e+00,4.716146040846e+00,0.000000000000e+00
9.092000000000e-01,2.586576573255e-02,-3.912003615586e+00,3.912089125543e+00,4.719000781231e+00,0.000000000000e+00
9.096000000000e-01,3.655283735986e-02,-3.866849593979e+00,3.867022354781e+00,4.721841571643e+00,0.000000000000e+00
9.100000000000e-01,4.693819927147e-02,-3.822272636695e+00,3.822560830618e+00,4.724668544004e+00,0.000000000000e+00
9.104000000000e-01,5.702909093992e-02,-3.778263295599e+00,3.778693669522e+00,4.727481830225e+00,0.000000000000e+00
9.108000000000e-01,6.683255951942e-02,-3.734812313402e+00,3.735410232806e+00,4.730281560182e+00,0.000000000000e+00
9.112000000000e-01,7.635546275204e-02,-3.691910914576e+00,3.692700415394e+00,4.733067859318e+00,0.000000000000e+00
9.116000000000e-01,8.560448237367e-02,-3.649550343795e+00,3.650554182490e+00,4.735840852494e+00,0.000000000000e+00
9.120000000000e-01,9.458612724537e-02,-3.607721800081e+00,3.608961501907e+00,4.738600664550e+00,0.000000000000e+00
9.124000000000e-01,1.033067354397e-01,-3.566416693491e+00,3.567912598873e+00,4.741347418316e+00,0.000000000000e+00
9.128000000000e-01,1.117724808069e-01,-3.525626860633e+00,3.527398169740e+00,4.744081232949e+00,0.000000000000e+00
9.132000000000e-01,1.199893787719e-01,-3.485344145335e+00,3.487408961169e+00,4.746802227215e+00,0.000000000000e+00
9.136000000000e-01,1.279632881952e-01,-3.445560352445e+00,3.447935722351e+00,4.749510519855e+00,0.000000000000e+00
9.140000000000e-01,1.356999154351e-01,-3.406267490400e+00,3.408969445919e+00,4.752206227491e+00,0.000000000000e+00
9.144000000000e-01,1.432048222130e-01,-3.367457971890e+00,3.370501567060e+00,4.754889462894e+00,0.000000000000e+00
9.148000000000e-01,1.504834273752e-01,-3.329124219403e+00,3.332523567828e+00,4.757560338422e+00,0.000000000000e+00
9.152000000000e-01,1.575410081521e-01,-3.291258620860e+00,3.295026931398e+00,4.760218966430e+00,0.000000000000e+00
9.156000000000e-01,1.643827063295e-01,-3.253853726951e+00,3.258003338018e+00,4.762865457677e+00,0.000000000000e+00
9.160000000000e-01,1.710135386253e-01,-3.216902476753e+00,3.221444889383e+00,4.765499919522e+00,0.000000000000e+00
9.164000000000e-01,1.774383931680e-01,-3.180397831727e+00,3.185343741486e+00,4.768122458886e+00,0.000000000000e+00
9.168000000000e-01,1.836620297864e-01,-3.144332722726e+00,3.149692050406e+00,4.770733182688e+00,0.000000000000e+00
9.172000000000e-01,1.896890857362e-01,-3.108700188682e+00,3.114482109815e+00,4.773332196585e+00,0.000000000000e+00
9.176000000000e-01,1.955240887861e-01,-3.073493656053e+00,3.079706629388e+00,4.775919602417e+00,0.000000000000e+00
9.180000000000e-01,2.011714515686e-01,-3.038706602152e+00,3.045358397116e+00,4.778495501308e+00,0.000000000000e+00
9.184000000000e-01,2.066354706485e-01,-3.004332477893e+00,3.011430200993e+00,4.781059994378e+00,0.000000000000e+00
9.188000000000e-01,2.119203310148e-01,-2.970364781398e+00,2.977914901616e+00,4.783613182139e+00,0.000000000000e+00
9.192000000000e-01,2.170301233305e-01,-2.936797366762e+00,2.944805740257e+00,4.786155161901e+00,0.000000000000e+00
9.196000000000e-01,2.219688370995e-01,-2.903624188702e+00,2.912096082525e+00,4.788686029928e+00,0.000000000000e+00
9.200000000000e-01,2.267403566630e-01,-2.870839179292e+00,2.879779294095e+00,4.791205882485e+00,0.000000000000e+00
9.204000000000e-01,2.313484636271e-01,-2.838436275033e+00,2.847848766885e+00,4.793714815581e+00,0.000000000000e+00
9.208000000000e-01,2.357968542240e-01,-2.806409700270e+00,2.816298201936e+00,4.796212922225e+00,0.000000000000e+00
9.212000000000e-01,2.400891382361e-01,-2.774753860234e+00,2.785121501691e+00,4.798700293468e+00,0.000000000000e+00
9.216000000000e-01,2.442288304571e-01,-2.743463144066e+00,2.754312572035e+00,4.801177020332e+00,0.000000000000e+00
9.220000000000e-01,2.482193516719e-01,-2.712531925749e+00,2.723865322433e+00,4.803643193804e+00,0.000000000000e+00
9.224000000000e-01,2.520640425539e-01,-2.681954749488e+00,2.693773850911e+00,4.806098903212e+00,0.000000000000e+00
9.228000000000e-01,2.557661736263e-01,-2.651726419746e+00,2.664032533726e+00,4.808544235433e+00,0.000000000000e+00
9.232000000000e-01,2.593289305920e-01,-2.621841746499e+00,2.634635769500e+00,4.810979277147e+00,0.000000000000e+00
9.236000000000e-01,2.627554137119e-01,-2.592295523625e+00,2.605577956853e+00,4.813404115034e+00,0.000000000000e+00
9.240000000000e-01,2.660486440941e-01,-2.563082600660e+00,2.576853565655e+00,4.815818835040e+00,0.000000000000e+00
9.244000000000e-01,2.692115841465e-01,-2.534198117718e+00,2.548457371996e+00,4.818223519954e+00,0.000000000000e+00
9.248000000000e-01,2.722471240570e-01,-2.505637282516e+00,2.520384234218e+00,4.820618251718e+00,0.000000000000e+00
9.252000000000e-01,2.751580766554e-01,-2.477395288936e+00,2.492629010662e+00,4.823003112276e+00,0.000000000000e+00
9.256000000000e-01,2.779471791045e-01,-2.449467328282e+00,2.465186570362e+00,4.825378183469e+00,0.000000000000e+00
9.260000000000e-01,2.806171121974e-01,-2.421848788004e+00,2.438051991984e+00,4.827743545199e+00,0.000000000000e+00
9.264000000000e-01,2.831705020426e-01,-2.394535233733e+00,2.411220545453e+00,4.830099275592e+00,0.000000000000e+00
9.268000000000e-01,2.856099051912e-01,-2.367522226184e+00,2.384687507708e+00,4.832445452714e+00,0.000000000000e+00
9.272000000000e-01,2.879378086787e-01,-2.340805314712e+00,2.358448155684e+00,4.834782154626e+00,0.000000000000e+00
9.276000000000e-01,2.901566376721e-01,-2.314380108191e+00,2.332497836993e+00,4.837109458616e+00,0.000000000000e+00
9.280000000000e-01,2.922687762211e-01,-2.288242463423e+00,2.306832158820e+00,4.839427439126e+00,0.000000000000e+00
9.284000000000e-01,2.942765503963e-01,-2.262388286321e+00,2.281446787939e+00,4.841736169941e+00,0.000000000000e+00
9.288000000000e-01,2.961822232863e-01,-2.236813473040e+00,2.256337391119e+00,4.844035724849e+00,0.000000000000e+00
9.292000000000e-01,2.979879962035e-01,-2.211513915990e+00,2.231499640713e+00,4.846326177581e+00,0.000000000000e+00
9.296000000000e-01,2.996960269758e-01,-2.186485657547e+00,2.206929368885e+00,4.848607600304e+00,0.000000000000e+00
9.300000000000e-01,3.013084348157e-01,-2.161724909841e+00,2.182622587329e+00,4.850880063431e+00,0.000000000000e+00
9.304000000000e-01,3.028272828046e-01,-2.137227886108e+00,2.158575317279e+00,4.853143637279e+00,0.000000000000e+00
9.308000000000e-01,3.042545773715e-01,-2.112990791618e+00,2.134783579972e+00,4.855398392165e+00,0.000000000000e+00
9.312000000000e-01,3.055922723957e-01,-2.089009853667e+00,2.111243426435e+00,4.857644398059e+00,0.000000000000e+00
9.316000000000e-01,3.068422921676e-01,-2.065281500386e+00,2.087951117268e+00,4.859881722476e+00,0.000000000000e+00
9.320000000000e-01,3.080065195052e-01,-2.041802242066e+00,2.064903002992e+00,4.862110431882e+00,0.000000000000e+00
9.324000000000e-01,3.090867858987e-01,-2.018568582505e+00,2.042095434472e+00,4.864330592737e+00,0.000000000000e+00
9.328000000000e-01,3.100848719426e-01,-1.995577019086e+00,2.019524762639e+00,4.866542271502e+00,0.000000000000e+00
9.332000000000e-01,3.110025169372e-01,-1.972824110097e+00,1.997187406059e+00,4.868745533934e+00,0.000000000000e+00
9.336000000000e-01,3.118414378682e-01,-1.950306602407e+00,1.975079979587e+00,4.870940443757e+00,0.000000000000e+00
9.340000000000e-01,3.126033096661e-01,-1.928021272135e+00,1.953199133478e+00,4.873127064327e+00,0.000000000000e+00
9.344000000000e-01,3.132897610054e-01,-1.905964889854e+00,1.931541517987e+00,4.875305459000e+00,0.000000000000e+00
9.348000000000e-01,3.139023749587e-01,-1.884134222596e+00,1.910103785076e+00,4.877475691111e+00,0.000000000000e+00
9.352000000000e-01,3.144427039146e-01,-1.862526134303e+00,1.888882689583e+00,4.879637822708e+00,0.000000000000e+00
9.356000000000e-01,3.149122794935e-01,-1.841137642220e+00,1.867875146088e+00,4.881791913844e+00,0.000000000000e+00
9.360000000000e-01,3.153125932441e-01,-1.819965772491e+00,1.847078082946e+00,4.883938024399e+00,0.000000000000e+00
9.364000000000e-01,3.156450951080e-01,-1.799007546793e+00,1.826488428511e+00,4.886076214253e+00,0.000000000000e+00
9.368000000000e-01,3.159111945492e-01,-1.778259987446e+00,1.806103116047e+00,4.888206543230e+00,0.000000000000e+00
9.372000000000e-01,3.161122789824e-01,-1.757720230487e+00,1.785919197944e+00,4.890329069846e+00,0.000000000000e+00
9.376000000000e-01,3.162497160802e-01,-1.737385529233e+00,1.765933849301e+00,4.892443851260e+00,0.000000000000e+00
9.380000000000e-01,3.163248365322e-01,-1.717253138748e+00,1.746144250842e+00,4.894550944575e+00,0.000000000000e+00
9.384000000000e-01,3.163389335148e-01,-1.697320310520e+00,1.726547583289e+00,4.896650406888e+00,0.000000000000e+00
9.388000000000e-01,3.162932642317e-01,-1.677584300034e+00,1.707141034806e+00,4.898742295201e+00,0.000000000000e+00
9.392000000000e-01,3.161890693943e-01,-1.658042480895e+00,1.687921916457e+00,4.900826664871e+00,0.000000000000e+00
9.396000000000e-01,3.160275712718e-01,-1.638692323104e+00,1.668887640198e+00,4.902903569906e+00,0.000000000000e+00
9.400000000000e-01,3.158099585331e-01,-1.619531296563e+00,1.650035620966e+00,4.904973064276e+00,0.000000000000e+00
9.404000000000e-01,3.155373860620e-01,-1.600556868338e+00,1.631363273703e+00,4.907035201948e+00,0.000000000000e+00
9.408000000000e-01,3.152109765535e-01,-1.581766510116e+00,1.612868020721e+00,4.909090036805e+00,0.000000000000e+00
9.412000000000e-01,3.148318399025e-01,-1.563157802872e+00,1.594547397883e+00,4.911137621398e+00,0.000000000000e+00
9.416000000000e-01,3.144010703155e-01,-1.544728412775e+00,1.576399030148e+00,4.913178007232e+00,0.000000000000e+00
9.420000000000e-01,3.139197316533e-01,-1.526476005947e+00,1.558420544864e+00,4.915211245784e+00,0.000000000000e+00
9.424000000000e-01,3.133888572770e-01,-1.508398246287e+00,1.540609569380e+00,4.917237388531e+00,0.000000000000e+00
9.428000000000e-01,3.128094512586e-01,-1.490492800727e+00,1.522963736212e+00,4.919256486878e+00,0.000000000000e+00
9.432000000000e-01,3.121825062187e-01,-1.472757431821e+00,1.505480777085e+00,4.921268590808e+00,0.000000000000e+00
9.436000000000e-01,3.115090028350e-01,-1.455189988087e+00,1.488158513155e+00,4.923273749026e+00,0.000000000000e+00
9.440000000000e-01,3.107898946285e-01,-1.437788319315e+00,1.470994768774e+00,4.925272010190e+00,0.000000000000e+00
9.444000000000e-01,3.100261076151e-01,-1.420550273579e+00,1.453987368297e+00,4.927263422958e+00,0.000000000000e+00
9.448000000000e-01,3.092185409624e-01,-1.403473699494e+00,1.437134138223e+00,4.929248035962e+00,0.000000000000e+00
9.452000000000e-01,3.083680819853e-01,-1.386556518695e+00,1.420432981004e+00,4.931225896885e+00,0.000000000000e+00
9.456000000000e-01,3.074756109425e-01,-1.369796744046e+00,1.403881893652e+00,4.933197052223e+00,0.000000000000e+00
9.460000000000e-01,3.065419841774e-01,-1.353192392786e+00,1.387478879103e+00,4.935161548403e+00,0.000000000000e+00
9.464000000000e-01,3.055680331699e-01,-1.336741480860e+00,1.371221940295e+00,4.937119431848e+00,0.000000000000e+00
9.468000000000e-01,3.045545648050e-01,-1.320442023342e+00,1.355109080462e+00,4.939070748979e+00,0.000000000000e+00
9.472000000000e-01,3.035023716613e-01,-1.304292082303e+00,1.339138351913e+00,4.941015545463e+00,0.000000000000e+00
9.476000000000e-01,3.024122440313e-01,-1.288289819729e+00,1.323307910110e+00,4.942953865388e+00,0.000000000000e+00
9.480000000000e-01,3.012849522052e-01,-1.272433409291e+00,1.307615923544e+00,4.944885752642e+00,0.000000000000e+00
9.484000000000e-01,3.001212440220e-01,-1.256721023703e+00,1.292060560706e+00,4.946811251113e+00,0.000000000000e+00
9.488000000000e-01,2.989218450536e-01,-1.241150834845e+00,1.276639990086e+00,4.948730404688e+00,0.000000000000e+00
9.492000000000e-01,2.976874635699e-01,-1.225721035113e+00,1.261352401942e+00,4.950643256965e+00,0.000000000000e+00
9.496000000000e-01,2.964188082263e-01,-1.210429913513e+00,1.246196086255e+00,4.952549850207e+00,0.000000000000e+00
9.500000000000e-01,2.951165733383e-01,-1.195275786148e+00,1.231169361546e+00,4.954450226299e+00,0.000000000000e+00
9.504000000000e-01,2.937814328985e-01,-1.180256968452e+00,1.216270546340e+00,4.956344427123e+00,0.000000000000e+00
9.508000000000e-01,2.924140407419e-01,-1.165371775290e+00,1.201497959160e+00,4.958232494563e+00,0.000000000000e+00
9.512000000000e-01,2.910150319366e-01,-1.150618526344e+00,1.186849923949e+00,4.960114470411e+00,0.000000000000e+00
9.516000000000e-01,2.895850391541e-01,-1.135995615061e+00,1.172324840793e+00,4.961990395214e+00,0.000000000000e+00
9.520000000000e-01,2.881246890098e-01,-1.121501489137e+00,1.157921165949e+00,4.963860308594e+00,0.000000000000e+00
9.524000000000e-01,2.866345900368e-01,-1.107134597096e+00,1.143637356986e+00,4.965724250152e+00,0.000000000000e+00
9.528000000000e-01,2.851153325392e-01,-1.092893387114e+00,1.129471871472e+00,4.967582259489e+00,0.000000000000e+00
9.532000000000e-01,2.835674887819e-01,-1.078776307275e+00,1.115423167157e+00,4.969434376203e+00,0.000000000000e+00
9.536000000000e-01,2.819916217638e-01,-1.064781840432e+00,1.101489737791e+00,4.971280639380e+00,0.000000000000e+00
9.540000000000e-01,2.803882962191e-01,-1.050908546173e+00,1.087670156379e+00,4.973121086971e+00,0.000000000000e+00
9.544000000000e-01,2.787580627255e-01,-1.037154994091e+00,1.073963006486e+00,4.974955756776e+00,0.000000000000e+00
9.548000000000e-01,2.771014553359e-01,-1.023519753599e+00,1.060366871680e+00,4.976784686597e+00,0.000000000000e+00
9.552000000000e-01,2.754189917095e-01,-1.010001394017e+00,1.046880335526e+00,4.978607914235e+00,0.000000000000e+00
9.556000000000e-01,2.737111750413e-01,-9.965984916882e-01,1.033501988860e+00,4.980425477362e+00,0.000000000000e+00
9.560000000000e-01,2.719785098952e-01,-9.833096907754e-01,1.020230492495e+00,4.982237412422e+00,0.000000000000e+00
9.564000000000e-01,2.702214952583e-01,-9.701336732405e-01,1.007064546320e+00,4.984043755171e+00,0.000000000000e+00
9.568000000000e-01,2.684406152584e-01,-9.570691214196e-01,9.940028506474e-01,4.985844541358e+00,0.000000000000e+00
9.572000000000e-01,2.666363391768e-01,-9.441147176797e-01,9.810441057919e-01,4.987639806731e+00,0.000000000000e+00
9.576000000000e-01,2.648091215844e-01,-9.312691445586e-01,9.681870121424e-01,4.989429587039e+00,0.000000000000e+00
9.580000000000e-01,2.629594095896e-01,-9.185311111910e-01,9.554302974668e-01,4.991213917610e+00,0.000000000000e+00
9.584000000000e-01,2.610876538935e-01,-9.058993924738e-01,9.427727575084e-01,4.992992832733e+00,0.000000000000e+00
9.588000000000e-01,2.591942942823e-01,-8.933727733997e-01,9.302131983800e-01,4.994766366541e+00,0.000000000000e+00
9.592000000000e-01,2.572797570639e-01,-8.809500390974e-01,9.177504261947e-01,4.996534553163e+00,0.000000000000e+00
9.596000000000e-01,2.553444551724e-01,-8.686299748910e-01,9.053832470653e-01,4.998297426730e+00,0.000000000000e+00
9.600000000000e-01,2.533887889231e-01,-8.564113687041e-01,8.931104695375e-01,5.000055021328e+00,0.000000000000e+00
9.604000000000e-01,2.514131586314e-01,-8.442930557561e-01,8.809309509440e-01,5.001807370123e+00,0.000000000000e+00
9.608000000000e-01,2.494179641803e-01,-8.322739149482e-01,8.688435937262e-01,5.003554505433e+00,0.000000000000e+00
9.612000000000e-01,2.474035936806e-01,-8.203528270298e-01,8.568473020217e-01,5.005296459545e+00,0.000000000000e+00
9.616000000000e-01,2.453704231138e-01,-8.085286730167e-01,8.449409799680e-01,5.007033264744e+00,0.000000000000e+00
9.620000000000e-01,2.433188164247e-01,-7.968003342432e-01,8.331235317025e-01,5.008764953315e+00,0.000000000000e+00
9.624000000000e-01,2.412491279357e-01,-7.851667003472e-01,8.213938696288e-01,5.010491557411e+00,0.000000000000e+00
9.628000000000e-01,2.391617162070e-01,-7.736267157677e-01,8.097509628574e-01,5.012213108252e+00,0.000000000000e+00
9.632000000000e-01,2.370569352822e-01,-7.621793480864e-01,7.981938042949e-01,5.013929636671e+00,0.000000000000e+00
9.636000000000e-01,2.349351281999e-01,-7.508235652868e-01,7.867213869295e-01,5.015641173499e+00,0.000000000000e+00
9.640000000000e-01,2.327966270547e-01,-7.395583357217e-01,7.753327037494e-01,5.017347749566e+00,0.000000000000e+00
9.644000000000e-01,2.306417530800e-01,-7.283826281593e-01,7.640267477439e-01,5.019049395704e+00,0.000000000000e+00
9.648000000000e-01,2.284708212131e-01,-7.172954266753e-01,7.528025274102e-01,5.020746142430e+00,0.000000000000e+00
9.652000000000e-01,2.262841517300e-01,-7.062957681928e-01,7.416591059855e-01,5.022438019161e+00,0.000000000000e+00
9.656000000000e-01,2.240820583371e-01,-6.953827015676e-01,7.305955587793e-01,5.024125055069e+00,0.000000000000e+00
9.660000000000e-01,2.218648448002e-01,-6.845552760575e-01,7.196109611008e-01,5.025807279327e+00,0.000000000000e+00
9.664000000000e-01,2.196328050193e-01,-6.738125413625e-01,7.087043882593e-01,5.027484721106e+00,0.000000000000e+00
9.668000000000e-01,2.173862231258e-01,-6.631535477386e-01,6.978749156427e-01,5.029157409579e+00,0.000000000000e+00
9.672000000000e-01,2.151253796784e-01,-6.525773653903e-01,6.871216390142e-01,5.030825373558e+00,0.000000000000e+00
9.676000000000e-01,2.128505601301e-01,-6.420831102511e-01,6.764437015875e-01,5.032488641026e+00,0.000000000000e+00
9.680000000000e-01,2.105620428929e-01,-6.316699051162e-01,6.658402533166e-01,5.034147239844e+00,0.000000000000e+00
9.684000000000e-01,2.082600973954e-01,-6.213368732437e-01,6.553104441555e-01,5.035801197876e+00,0.000000000000e+00
9.688000000000e-01,2.059449841490e-01,-6.110831383892e-01,6.448534240584e-01,5.037450542985e+00,0.000000000000e+00
9.692000000000e-01,2.036169548710e-01,-6.009078250161e-01,6.344683431634e-01,5.039095303029e+00,0.000000000000e+00
9.696000000000e-01,2.012762592717e-01,-5.908100789615e-01,6.241543734918e-01,5.040735505397e+00,0.000000000000e+00
9.700000000000e-01,1.989231516644e-01,-5.807890867812e-01,6.139107293347e-01,5.042371176564e+00,0.000000000000e+00
9.704000000000e-01,1.965578796683e-01,-5.708440400955e-01,6.037366298083e-01,5.044002342903e+00,0.000000000000e+00
9.708000000000e-01,1.941806827915e-01,-5.609741310264e-01,5.936312940287e-01,5.045629030786e+00,0.000000000000e+00
9.712000000000e-01,1.917917924895e-01,-5.511785522283e-01,5.835939411121e-01,5.047251266586e+00,0.000000000000e+00
9.716000000000e-01,1.893914322719e-01,-5.414564970598e-01,5.736237903245e-01,5.048869076672e+00,0.000000000000e+00
9.720000000000e-01,1.869798239810e-01,-5.318071779180e-01,5.637200804132e-01,5.050482487048e+00,0.000000000000e+00
9.724000000000e-01,1.845571941901e-01,-5.222298442815e-01,5.538820887026e-01,5.052091522993e+00,0.000000000000e+00
9.728000000000e-01,1.821237635207e-01,-5.127237504341e-01,5.441090970551e-01,5.053696209698e+00,0.000000000000e+00
9.732000000000e-01,1.796797452512e-01,-5.032881511898e-01,5.344003873329e-01,5.055296572358e+00,0.000000000000e+00
9.736000000000e-01,1.772253453699e-01,-4.939223019197e-01,5.247552413984e-01,5.056892636164e+00,0.000000000000e+00
9.740000000000e-01,1.747607626397e-01,-4.846254586135e-01,5.151729411515e-01,5.058484426310e+00,0.000000000000e+00
9.744000000000e-01,1.722861935413e-01,-4.753968919073e-01,5.056527833603e-01,5.060071967644e+00,0.000000000000e+00
9.748000000000e-01,1.698018399319e-01,-4.662359083583e-01,4.961941022291e-01,5.061655284154e+00,0.000000000000e+00
9.752000000000e-01,1.673078988724e-01,-4.571418205265e-01,4.867962377621e-01,5.063234399694e+00,0.000000000000e+00
9.756000000000e-01,1.648045607824e-01,-4.481139415151e-01,4.774585299635e-01,5.064809338116e+00,0.000000000000e+00
9.760000000000e-01,1.622920094869e-01,-4.391515849946e-01,4.681803188373e-01,5.066380123275e+00,0.000000000000e+00
9.764000000000e-01,1.597704222636e-01,-4.302540652254e-01,4.589609443877e-01,5.067946779023e+00,0.000000000000e+00
9.768000000000e-01,1.572399728409e-01,-4.214207052162e-01,4.497997552733e-01,5.069509329042e+00,0.000000000000e+00
9.772000000000e-01,1.547008406092e-01,-4.126508616482e-01,4.406961353406e-01,5.071067796300e+00,0.000000000000e+00
9.776000000000e-01,1.521532019144e-01,-4.039439001494e-01,4.316494773780e-01,5.072622203588e+00,0.000000000000e+00
9.780000000000e-01,1.495972270807e-01,-3.952991868992e-01,4.226591741740e-01,5.074172573697e+00,0.000000000000e+00
9.784000000000e-01,1.470330804522e-01,-3.867160886487e-01,4.137246185170e-01,5.075718929417e+00,0.000000000000e+00
9.788000000000e-01,1.444609204351e-01,-3.781939727407e-01,4.048452031955e-01,5.077261293539e+00,0.000000000000e+00
9.792000000000e-01,1.418809007617e-01,-3.697322104101e-01,3.960203244983e-01,5.078799688766e+00,0.000000000000e+00
9.796000000000e-01,1.392931798649e-01,-3.613302016316e-01,3.872494087381e-01,5.080334137065e+00,0.000000000000e+00
9.800000000000e-01,1.366979159657e-01,-3.529873612414e-01,3.785318975008e-01,5.081864660026e+00,0.000000000000e+00
9.804000000000e-01,1.340952618712e-01,-3.447031047374e-01,3.698672324928e-01,5.083391279234e+00,0.000000000000e+00
9.808000000000e-01,1.314853649707e-01,-3.364768481837e-01,3.612548554208e-01,5.084914016277e+00,0.000000000000e+00
9.812000000000e-01,1.288683672728e-01,-3.283080082286e-01,3.526942079913e-01,5.086432892743e+00,0.000000000000e+00
9.816000000000e-01,1.262444056645e-01,-3.201960026964e-01,3.441847325265e-01,5.087947930203e+00,0.000000000000e+00
9.820000000000e-01,1.236136187743e-01,-3.121402681990e-01,3.357258908362e-01,5.089459149812e+00,0.000000000000e+00
9.824000000000e-01,1.209761484406e-01,-3.041402633733e-01,3.273171677385e-01,5.090966572226e+00,0.000000000000e+00
9.828000000000e-01,1.183321320221e-01,-2.961954486369e-01,3.189580493766e-01,5.092470218074e+00,0.000000000000e+00
9.832000000000e-01,1.156817019561e-01,-2.883052849660e-01,3.106480218942e-01,5.093970107983e+00,0.000000000000e+00
9.836000000000e-01,1.130249857928e-01,-2.804692339110e-01,3.023865714348e-01,5.095466262581e+00,0.000000000000e+00
9.840000000000e-01,1.103621062286e-01,-2.726867576125e-01,2.941731841423e-01,5.096958702498e+00,0.000000000000e+00
9.844000000000e-01,1.076931839972e-01,-2.649573260018e-01,2.860073538941e-01,5.098447448157e+00,0.000000000000e+00
9.848000000000e-01,1.050183452716e-01,-2.572804350747e-01,2.778886019898e-01,5.099932519263e+00,0.000000000000e+00
9.852000000000e-01,1.023377139549e-01,-2.496555870101e-01,2.698164558045e-01,5.101413935364e+00,0.000000000000e+00
9.856000000000e-01,9.965140948488e-02,-2.420822845310e-01,2.617904427134e-01,5.102891716004e+00,0.000000000000e+00
9.860000000000e-01,9.695954686361e-02,-2.345600309182e-01,2.538100900916e-01,5.104365880729e+00,0.000000000000e+00
9.864000000000e-01,9.426223668781e-02,-2.270883300237e-01,2.458749253143e-01,5.105836449086e+00,0.000000000000e+00
9.868000000000e-01,9.155958560530e-02,-2.196666873247e-01,2.379844768812e-01,5.107303440592e+00,0.000000000000e+00
9.872000000000e-01,8.885170330605e-02,-2.122946267969e-01,2.301382926573e-01,5.108766874322e+00,0.000000000000e+00
9.876000000000e-01,8.613870153366e-02,-2.049716880549e-01,2.223359368297e-01,5.110226768970e+00,0.000000000000e+00
9.880000000000e-01,8.342068816177e-02,-1.976974117151e-01,2.145769740961e-01,5.111683143221e+00,0.000000000000e+00
9.884000000000e-01,8.069776702811e-02,-1.904713389358e-01,2.068609691540e-01,5.113136015758e+00,0.000000000000e+00
9.888000000000e-01,7.797003796145e-02,-1.832930114285e-01,1.991874867009e-01,5.114585405266e+00,0.000000000000e+00
9.892000000000e-01,7.523759680822e-02,-1.761619714700e-01,1.915560914345e-01,5.116031330426e+00,0.000000000000e+00
9.896000000000e-01,7.250053782917e-02,-1.690777675205e-01,1.839663541391e-01,5.117473809755e+00,0.000000000000e+00
9.900000000000e-01,6.975896058103e-02,-1.620399702489e-01,1.764178691052e-01,5.118912861108e+00,0.000000000000e+00
9.904000000000e-01,6.701296312273e-02,-1.550481560656e-01,1.689102362968e-01,5.120348502183e+00,0.000000000000e+00
9.908000000000e-01,6.426263984779e-02,-1.481019019002e-01,1.614430556780e-01,5.121780750680e+00,0.000000000000e+00
9.912000000000e-01,6.150808150842e-02,-1.412007852118e-01,1.540159272130e-01,5.123209624296e+00,0.000000000000e+00
9.916000000000e-01,5.874937523940e-02,-1.343443839997e-01,1.466284508657e-01,5.124635140730e+00,0.000000000000e+00
9.920000000000e-01,5.598660468891e-02,-1.275322770594e-01,1.392802268685e-01,5.126057317674e+00,0.000000000000e+00
9.924000000000e-01,5.321985468952e-02,-1.207640546269e-01,1.319708673273e-01,5.127476172527e+00,0.000000000000e+00
9.928000000000e-01,5.044921315357e-02,-1.140393224198e-01,1.247000006647e-01,5.128891722284e+00,0.000000000000e+00
9.932000000000e-01,4.767476511346e-02,-1.073576877468e-01,1.174672564886e-01,5.130303983912e+00,0.000000000000e+00
9.936000000000e-01,4.489659227253e-02,-1.007187584303e-01,1.102722644069e-01,5.131712974378e+00,0.000000000000e+00
9.940000000000e-01,4.211477302662e-02,-9.412214281519e-02,1.031146540275e-01,5.133118710649e+00,0.000000000000e+00
9.944000000000e-01,3.932938248562e-02,-8.756744977789e-02,9.599405495813e-02,5.134521209692e+00,0.000000000000e+00
9.948000000000e-01,3.654049323070e-02,-8.105429037914e-02,8.891009860758e-02,5.135920488421e+00,0.000000000000e+00
9.952000000000e-01,3.374818321873e-02,-7.458229536942e-02,8.186243737597e-02,5.137316563144e+00,0.000000000000e+00
9.956000000000e-01,3.095253290158e-02,-6.815110836483e-02,7.485073723337e-02,5.138709449776e+00,0.000000000000e+00
9.960000000000e-01,2.815361983387e-02,-6.176037365952e-02,6.787466437717e-02,5.140099164226e+00,0.000000000000e+00
9.964000000000e-01,2.535151859943e-02,-5.540973602609e-02,6.093388500480e-02,5.141485722404e+00,0.000000000000e+00
9.968000000000e-01,2.254630083029e-02,-4.909884072368e-02,5.402806531368e-02,5.142869140217e+00,0.000000000000e+00
9.972000000000e-01,1.973803522553e-02,-4.282733350582e-02,4.715687150122e-02,5.144249433575e+00,0.000000000000e+00
9.976000000000e-01,1.692678756998e-02,-3.659486062823e-02,4.031996976486e-02,5.145626618386e+00,0.000000000000e+00
9.980000000000e-01,1.411262075291e-02,-3.040106885643e-02,3.351702630200e-02,5.147000710560e+00,0.000000000000e+00
9.984000000000e-01,1.129559478649e-02,-2.424560547325e-02,2.674770731007e-02,5.148371726004e+00,0.000000000000e+00
9.988000000000e-01,8.475766824200e-03,-1.812811828624e-02,2.001167898648e-02,5.149739680629e+00,0.000000000000e+00
9.992000000000e-01,5.653191179134e-03,-1.204825563491e-02,1.330860752866e-02,5.151104590342e+00,0.000000000000e+00
9.996000000000e-01,2.827919342164e-03,-6.005666397903e-03,6.638159134029e-03,5.152466471053e+00,0.000000000000e+00
1.000000000000e+00,-3.923124506864e-17,8.302269068712e-17,-9.182514774594e-17,5.153825338670e+00,0.000000000000e+00
