time_over_Tg,Tg_omega_x,Tg_omega_y,Tg_omega_envelope,phase_rad,Tg_delta
0.000000000000e+00,1.092485733763e-17,0.000000000000e+00,1.092485733763e-17,0.000000000000e+00,0.000000000000e+00
4.000000000000e-04,3.078713791706e-03,8.587601923211e-06,3.078725768585e-03,2.789340040189e-03,0.000000000000e+00
8.000000000000e-04,6.153866598542e-03,3.444978955805e-05,6.153963023991e-03,5.598013727782e-03,0.000000000000e+00
1.200000000000e-03,9.225524617502e-03,7.773783862927e-05,9.225852136235e-03,8.426187347782e-03,0.000000000000e+00
1.600000000000e-03,1.229375214333e-02,1.386059683650e-04,1.229453347534e-02,1.127402718519e-02,0.000000000000e+00
2.000000000000e-03,1.535861151689e-02,2.172113492501e-04,1.536014741131e-02,1.414169952502e-02,0.000000000000e+00
2.400000000000e-03,1.842016307268e-02,3.137141106676e-04,1.842283431417e-02,1.702937065227e-02,0.000000000000e+00
2.800000000000e-03,2.147846508547e-02,4.282773484127e-04,2.148273455394e-02,1.993720685194e-02,0.000000000000e+00
3.200000000000e-03,2.453357371612e-02,5.610671320587e-04,2.453998850063e-02,2.286537440905e-02,0.000000000000e+00
3.600000000000e-03,2.758554295646e-02,7.122525121607e-04,2.759473652426e-02,2.581403960858e-02,0.000000000000e+00
4.000000000000e-03,3.063442457326e-02,8.820055272752e-04,3.064711899485e-02,2.878336873556e-02,0.000000000000e+00
4.400000000000e-03,3.368026805136e-02,1.070501210778e-03,3.369727628242e-02,3.177352807498e-02,0.000000000000e+00
4.800000000000e-03,3.672312053578e-02,1.277917597463e-03,3.674534875697e-02,3.478468391184e-02,0.000000000000e+00
5.200000000000e-03,3.976302677296e-02,1.504435729896e-03,3.979147678854e-02,3.781700253116e-02,0.000000000000e+00
5.600000000000e-03,4.280002905097e-02,1.750239664510e-03,4.283580074713e-02,4.087065021793e-02,0.000000000000e+00
6.000000000000e-03,4.583416713884e-02,2.015516477416e-03,4.587846100276e-02,4.394579325716e-02,0.000000000000e+00
6.400000000000e-03,4.886547829268e-02,2.300456273284e-03,4.891959799342e-02,4.704259793742e-02,0.000000000000e+00
6.800000000000e-03,5.189400463227e-02,2.605252585453e-03,5.195935967474e-02,5.016123094193e-02,0.000000000000e+00
7.200000000000e-03,5.491979977689e-02,2.930102881866e-03,5.499790823687e-02,5.330185970113e-02,0.000000000000e+00
7.600000000000e-03,5.794291613933e-02,3.275208054897e-03,5.803540745556e-02,5.646465172870e-02,0.000000000000e+00
8.000000000000e-03,6.096340327342e-02,3.640772357008e-03,6.107202110650e-02,5.964977453834e-02,0.000000000000e+00
8.400000000000e-03,6.398130780409e-02,4.027003409508e-03,6.410791296542e-02,6.285739564372e-02,0.000000000000e+00
8.800000000000e-03,6.699667335642e-02,4.434112210928e-03,6.714324680804e-02,6.608768255852e-02,0.000000000000e+00
9.200000000000e-03,7.000954048333e-02,4.862313144975e-03,7.017818641008e-02,6.934080279643e-02,0.000000000000e+00
9.600000000000e-03,7.301994715383e-02,5.311824051072e-03,7.321289611194e-02,7.261692417315e-02,0.000000000000e+00
1.000000000000e-02,7.602793934446e-02,5.782867495513e-03,7.624755155043e-02,7.591622054576e-02,0.000000000000e+00
1.040000000000e-02,7.903357007259e-02,6.275670950759e-03,7.928233879182e-02,7.923887134918e-02,0.000000000000e+00
1.080000000000e-02,8.203688932006e-02,6.790465793139e-03,8.231744429342e-02,8.258505622742e-02,0.000000000000e+00
1.120000000000e-02,8.503794355991e-02,7.327487271453e-03,8.535305451249e-02,8.595495482450e-02,0.000000000000e+00
1.160000000000e-02,8.803677567078e-02,7.886974516769e-03,8.838935590632e-02,8.934874678441e-02,0.000000000000e+00
1.200000000000e-02,9.103342484976e-02,8.469170551650e-03,9.142653493220e-02,9.276661175119e-02,0.000000000000e+00
1.240000000000e-02,9.402792652379e-02,9.074322298785e-03,9.446477804741e-02,9.620872936882e-02,0.000000000000e+00
1.280000000000e-02,9.702031566059e-02,9.702680797872e-03,9.750427511420e-02,9.967527794218e-02,0.000000000000e+00
1.320000000000e-02,1.000106418096e-01,1.035450221653e-02,1.005452345530e-01,1.031664284773e-01,0.000000000000e+00
1.360000000000e-02,1.029989567488e-01,1.103004726386e-02,1.035878710757e-01,1.066823495058e-01,0.000000000000e+00
1.400000000000e-02,1.059853081084e-01,1.172958084595e-02,1.066323993993e-01,1.102232095572e-01,0.000000000000e+00
1.440000000000e-02,1.089697392671e-01,1.245337207747e-02,1.096790342410e-01,1.137891771613e-01,0.000000000000e+00
1.480000000000e-02,1.119522892524e-01,1.320169429286e-02,1.127279903177e-01,1.173804208475e-01,0.000000000000e+00
1.520000000000e-02,1.149329926393e-01,1.397482505663e-02,1.157794823464e-01,1.209971091456e-01,0.000000000000e+00
1.560000000000e-02,1.179118797110e-01,1.477304621832e-02,1.188337253121e-01,1.246394106888e-01,0.000000000000e+00
1.600000000000e-02,1.208889892129e-01,1.559664620686e-02,1.218909475138e-01,1.283074992606e-01,0.000000000000e+00
1.640000000000e-02,1.238643739763e-01,1.644592141302e-02,1.249513964374e-01,1.320015560671e-01,0.000000000000e+00
1.680000000000e-02,1.268380833121e-01,1.732117340071e-02,1.280153210607e-01,1.357217628913e-01,0.000000000000e+00
1.720000000000e-02,1.298101614180e-01,1.822270867412e-02,1.310829703615e-01,1.394683015162e-01,0.000000000000e+00
1.760000000000e-02,1.327806472560e-01,1.915083869017e-02,1.341545933177e-01,1.432413537249e-01,0.000000000000e+00
1.800000000000e-02,1.357495744278e-01,2.010587986993e-02,1.372304389072e-01,1.470411013004e-01,0.000000000000e+00
1.840000000000e-02,1.387169710486e-01,2.108815360875e-02,1.403107561078e-01,1.508677260259e-01,0.000000000000e+00
1.880000000000e-02,1.416828648446e-01,2.209798663099e-02,1.433957991146e-01,1.547214064497e-01,0.000000000000e+00
1.920000000000e-02,1.446473043258e-01,2.313571250141e-02,1.464858486055e-01,1.586023047028e-01,0.000000000000e+00
1.960000000000e-02,1.476103405237e-01,2.420167062823e-02,1.495811936399e-01,1.625105777194e-01,0.000000000000e+00
2.000000000000e-02,1.505720184626e-01,2.529620575586e-02,1.526821232808e-01,1.664463824318e-01,0.000000000000e+00
2.040000000000e-02,1.535323770166e-01,2.641966797842e-02,1.557889265913e-01,1.704098757724e-01,0.000000000000e+00
2.080000000000e-02,1.564914487687e-01,2.757241275191e-02,1.589018926341e-01,1.744012146734e-01,0.000000000000e+00
2.120000000000e-02,1.594492598668e-01,2.875480090482e-02,1.620213104722e-01,1.784205560671e-01,0.000000000000e+00
2.160000000000e-02,1.624058314043e-01,2.996719899563e-02,1.651474707338e-01,1.824680572834e-01,0.000000000000e+00
2.200000000000e-02,1.653612026093e-01,3.120998480530e-02,1.682806895634e-01,1.865438821330e-01,0.000000000000e+00
2.240000000000e-02,1.683154259343e-01,3.248354685157e-02,1.714213038788e-01,1.906481997027e-01,0.000000000000e+00
2.280000000000e-02,1.712685471631e-01,3.378828011725e-02,1.745696512016e-01,1.947811792327e-01,0.000000000000e+00
2.320000000000e-02,1.742206046491e-01,3.512458593209e-02,1.777260690535e-01,1.989429899633e-01,0.000000000000e+00
2.360000000000e-02,1.771716291407e-01,3.649287198433e-02,1.808908949562e-01,2.031338011347e-01,0.000000000000e+00
2.400000000000e-02,1.801216436036e-01,3.789355233015e-02,1.840644664314e-01,2.073537819873e-01,0.000000000000e+00
2.440000000000e-02,1.830706633944e-01,3.932704742594e-02,1.872471213528e-01,2.116031014941e-01,0.000000000000e+00
2.480000000000e-02,1.860187167946e-01,4.079378563958e-02,1.904392185048e-01,2.158819127665e-01,0.000000000000e+00
2.520000000000e-02,1.889658563197e-01,4.229420431387e-02,1.936411489668e-01,2.201903444179e-01,0.000000000000e+00
2.560000000000e-02,1.919121287913e-01,4.382874781851e-02,1.968533065827e-01,2.245285229649e-01,0.000000000000e+00
2.600000000000e-02,1.948575723591e-01,4.539786737074e-02,2.000760851963e-01,2.288965749241e-01,0.000000000000e+00
2.640000000000e-02,1.978022163045e-01,4.700202104456e-02,2.033098786514e-01,2.332946268120e-01,0.000000000000e+00
2.680000000000e-02,2.007460808410e-01,4.864167377721e-02,2.065550807917e-01,2.377228051452e-01,0.000000000000e+00
2.720000000000e-02,2.036891769844e-01,5.031729739312e-02,2.098120855374e-01,2.421812364507e-01,0.000000000000e+00
2.760000000000e-02,2.066315241365e-01,5.202937564927e-02,2.130813053682e-01,2.466700498299e-01,0.000000000000e+00
2.800000000000e-02,2.095731729151e-01,5.377841136816e-02,2.163631954261e-01,2.511893803006e-01,0.000000000000e+00
2.840000000000e-02,2.125141694242e-01,5.556491710046e-02,2.196582168243e-01,2.557393637090e-01,0.000000000000e+00
2.880000000000e-02,2.154545492513e-01,5.738941355979e-02,2.229668306762e-01,2.603201359010e-01,0.000000000000e+00
2.920000000000e-02,2.183943372242e-01,5.925242962642e-02,2.262894980953e-01,2.649318327228e-01,0.000000000000e+00
2.960000000000e-02,2.213335471635e-01,6.115450234723e-02,2.296266801949e-01,2.695745900206e-01,0.000000000000e+00
3.000000000000e-02,2.242721816697e-01,6.309617693524e-02,2.329788381264e-01,2.742485436090e-01,0.000000000000e+00
3.040000000000e-02,2.272102513468e-01,6.507800846495e-02,2.363464522747e-01,2.789538135039e-01,0.000000000000e+00
3.080000000000e-02,2.301478062202e-01,6.710056489805e-02,2.397300534301e-01,2.836904783151e-01,0.000000000000e+00
3.120000000000e-02,2.330848926582e-01,6.916442368732e-02,2.431301805401e-01,2.884586099523e-01,0.000000000000e+00
3.160000000000e-02,2.360215448337e-01,7.127017108576e-02,2.465473725520e-01,2.932582803250e-01,0.000000000000e+00
3.200000000000e-02,2.389577844552e-01,7.341840214027e-02,2.499821684132e-01,2.980895613428e-01,0.000000000000e+00
3.240000000000e-02,2.418936204921e-01,7.560972068053e-02,2.534351070711e-01,3.029525249151e-01,0.000000000000e+00
3.280000000000e-02,2.448290490080e-01,7.784473933938e-02,2.569067275899e-01,3.078472429563e-01,0.000000000000e+00
3.320000000000e-02,2.477640772477e-01,8.012408769875e-02,2.603975948505e-01,3.127737884206e-01,0.000000000000e+00
3.360000000000e-02,2.506987537219e-01,8.244842330597e-02,2.639083318567e-01,3.177322366038e-01,0.000000000000e+00
3.400000000000e-02,2.536331200086e-01,8.481841663241e-02,2.674395695579e-01,3.227226631218e-01,0.000000000000e+00
3.440000000000e-02,2.565672028652e-01,8.723474860848e-02,2.709919389038e-01,3.277451435905e-01,0.000000000000e+00
3.480000000000e-02,2.595010138966e-01,8.969811060067e-02,2.745660708440e-01,3.327997536259e-01,0.000000000000e+00
3.520000000000e-02,2.624345492179e-01,9.220920438225e-02,2.781625963281e-01,3.378865688438e-01,0.000000000000e+00
3.560000000000e-02,2.653677898843e-01,9.476874218976e-02,2.817821470645e-01,3.430056642458e-01,0.000000000000e+00
3.600000000000e-02,2.683007419739e-01,9.737745160728e-02,2.854253952003e-01,3.481570820900e-01,0.000000000000e+00
3.640000000000e-02,2.712334561635e-01,1.000360784841e-01,2.890930727999e-01,3.533408161199e-01,0.000000000000e+00
3.680000000000e-02,2.741659713342e-01,1.027453805403e-01,2.927859167720e-01,3.585568561563e-01,0.000000000000e+00
3.720000000000e-02,2.770983092822e-01,1.055061267489e-01,2.965046640251e-01,3.638051920200e-01,0.000000000000e+00
3.760000000000e-02,2.800304743583e-01,1.083190972876e-01,3.002500514680e-01,3.690858135320e-01,0.000000000000e+00
3.800000000000e-02,2.829624531020e-01,1.111850834810e-01,3.040228160092e-01,3.743987105130e-01,0.000000000000e+00
3.840000000000e-02,2.858942181299e-01,1.141048893746e-01,3.078236991190e-01,3.797438726007e-01,0.000000000000e+00
3.880000000000e-02,2.888257860439e-01,1.170793545684e-01,3.116535094460e-01,3.851212867313e-01,0.000000000000e+00
3.920000000000e-02,2.917572015255e-01,1.201093498724e-01,3.155131068097e-01,3.905309377837e-01,0.000000000000e+00
3.960000000000e-02,2.946884901532e-01,1.231957598347e-01,3.194033523149e-01,3.959728105851e-01,0.000000000000e+00
4.000000000000e-02,2.976196567675e-01,1.263394822096e-01,3.233251070662e-01,4.014468899628e-01,0.000000000000e+00
4.040000000000e-02,3.005506850335e-01,1.295414278700e-01,3.272792321684e-01,4.069531607439e-01,0.000000000000e+00
4.080000000000e-02,3.034815369987e-01,1.328025207108e-01,3.312665887261e-01,4.124916077558e-01,0.000000000000e+00
4.120000000000e-02,3.064121738121e-01,1.361237013648e-01,3.352880587398e-01,4.180622006191e-01,0.000000000000e+00
4.160000000000e-02,3.093426300818e-01,1.395059411266e-01,3.393446189282e-01,4.236648400250e-01,0.000000000000e+00
4.200000000000e-02,3.122729447078e-01,1.429502304166e-01,3.434372728354e-01,4.292994071430e-01,0.000000000000e+00
4.240000000000e-02,3.152031332655e-01,1.464575739133e-01,3.475670240068e-01,4.349657831417e-01,0.000000000000e+00
4.280000000000e-02,3.181331875463e-01,1.500289904251e-01,3.517348759880e-01,4.406638491894e-01,0.000000000000e+00
4.320000000000e-02,3.210630750965e-01,1.536655127485e-01,3.559418323247e-01,4.463934864545e-01,0.000000000000e+00
4.360000000000e-02,3.239927405434e-01,1.573681883047e-01,3.601888985174e-01,4.521545759086e-01,0.000000000000e+00
4.400000000000e-02,3.269221674946e-01,1.611381069782e-01,3.644771503399e-01,4.579469914509e-01,0.000000000000e+00
4.440000000000e-02,3.298513935417e-01,1.649764100523e-01,3.688077516745e-01,4.637705981132e-01,0.000000000000e+00
4.480000000000e-02,3.327804337784e-01,1.688842576159e-01,3.731818719823e-01,4.696252603656e-01,0.000000000000e+00
4.520000000000e-02,3.357092751467e-01,1.728628261494e-01,3.776006807248e-01,4.755108426784e-01,0.000000000000e+00
4.560000000000e-02,3.386378758989e-01,1.769133083249e-01,3.820653473632e-01,4.814272095218e-01,0.000000000000e+00
4.600000000000e-02,3.415661650584e-01,1.810369127912e-01,3.865770413587e-01,4.873742253660e-01,0.000000000000e+00
4.640000000000e-02,3.444940704078e-01,1.852348717559e-01,3.911369610003e-01,4.933517377304e-01,0.000000000000e+00
4.680000000000e-02,3.474216143506e-01,1.895084680242e-01,3.957464309009e-01,4.993595198548e-01,0.000000000000e+00
4.720000000000e-02,3.503488224257e-01,1.938590114805e-01,4.004068102659e-01,5.053973246386e-01,0.000000000000e+00
4.760000000000e-02,3.532756885028e-01,1.982878297002e-01,4.051194583013e-01,5.114649049803e-01,0.000000000000e+00
4.800000000000e-02,3.562021742358e-01,2.027962676713e-01,4.098857342135e-01,5.175620137789e-01,0.000000000000e+00
4.840000000000e-02,3.591282085184e-01,2.073856875005e-01,4.147069972085e-01,5.236884039330e-01,0.000000000000e+00
4.880000000000e-02,3.620536950101e-01,2.120574722139e-01,4.195846155333e-01,5.298438270847e-01,0.000000000000e+00
4.920000000000e-02,3.649786118851e-01,2.168130775484e-01,4.245200793008e-01,5.360280179355e-01,0.000000000000e+00
4.960000000000e-02,3.679029791714e-01,2.216540185789e-01,4.295149660202e-01,5.422406990382e-01,0.000000000000e+00
5.000000000000e-02,3.708267814121e-01,2.265818313463e-01,4.345708551073e-01,5.484815926804e-01,0.000000000000e+00
5.040000000000e-02,3.737499653506e-01,2.315980716224e-01,4.396893259778e-01,5.547504211500e-01,0.000000000000e+00
5.080000000000e-02,3.766724393258e-01,2.367043145139e-01,4.448719580477e-01,5.610469067346e-01,0.000000000000e+00
5.120000000000e-02,3.795940749349e-01,2.419021549583e-01,4.501203331323e-01,5.673707707305e-01,0.000000000000e+00
5.160000000000e-02,3.825148001608e-01,2.471932456203e-01,4.554361349546e-01,5.737216923345e-01,0.000000000000e+00
5.200000000000e-02,3.854346317188e-01,2.525793124227e-01,4.608211848343e-01,5.800992938996e-01,0.000000000000e+00
5.240000000000e-02,3.883535534750e-01,2.580621066661e-01,4.662773138312e-01,5.865031937551e-01,0.000000000000e+00
5.280000000000e-02,3.912715066514e-01,2.636434008628e-01,4.718063530049e-01,5.929330102304e-01,0.000000000000e+00
5.320000000000e-02,3.941883892393e-01,2.693249882137e-01,4.774101334151e-01,5.993883616547e-01,0.000000000000e+00
5.360000000000e-02,3.971040560445e-01,2.751086824256e-01,4.830904868376e-01,6.058688662465e-01,0.000000000000e+00
5.400000000000e-02,4.000183959404e-01,2.809963634723e-01,4.888493360693e-01,6.123741281221e-01,0.000000000000e+00
5.440000000000e-02,4.029314057491e-01,2.869900248643e-01,4.946887830855e-01,6.189037236379e-01,0.000000000000e+00
5.480000000000e-02,4.058430516190e-01,2.930916946972e-01,5.006109507870e-01,6.254572259081e-01,0.000000000000e+00
5.520000000000e-02,4.087532502575e-01,2.993034244722e-01,5.066179620748e-01,6.320342080470e-01,0.000000000000e+00
5.560000000000e-02,4.116618683321e-01,3.056272884183e-01,5.127119398498e-01,6.386342431687e-01,0.000000000000e+00
5.600000000000e-02,4.145687223128e-01,3.120653830356e-01,5.188950075008e-01,6.452569042737e-01,0.000000000000e+00
5.640000000000e-02,4.174736607176e-01,3.186198748892e-01,5.251693841680e-01,6.519017420055e-01,0.000000000000e+00
5.680000000000e-02,4.203766613947e-01,3.252930607637e-01,5.315374989842e-01,6.585682579770e-01,0.000000000000e+00
5.720000000000e-02,4.232776709083e-01,3.320872772824e-01,5.380018089396e-01,6.652559472970e-01,0.000000000000e+00
5.760000000000e-02,4.261765796142e-01,3.390048861433e-01,5.445647710242e-01,6.719643050741e-01,0.000000000000e+00
5.800000000000e-02,4.290732211168e-01,3.460482732574e-01,5.512288422280e-01,6.786928264170e-01,0.000000000000e+00
5.840000000000e-02,4.319673727884e-01,3.532198485704e-01,5.579964807934e-01,6.854410062455e-01,0.000000000000e+00
5.880000000000e-02,4.348588589674e-01,3.605221172308e-01,5.648702720404e-01,6.922083203115e-01,0.000000000000e+00
5.920000000000e-02,4.377476367534e-01,3.679577437904e-01,5.718530359266e-01,6.989942089750e-01,0.000000000000e+00
5.960000000000e-02,4.406336205705e-01,3.755294349511e-01,5.789476177442e-01,7.057981087751e-01,0.000000000000e+00
6.000000000000e-02,4.435166606249e-01,3.832399242491e-01,5.861568627853e-01,7.126194562503e-01,0.000000000000e+00
6.040000000000e-02,4.463965424426e-01,3.910919709759e-01,5.934836163421e-01,7.194576879395e-01,0.000000000000e+00
6.080000000000e-02,4.492729911191e-01,3.990883628397e-01,6.009307297045e-01,7.263122399036e-01,0.000000000000e+00
6.120000000000e-02,4.521458169733e-01,4.072320343182e-01,6.085012486276e-01,7.331825327044e-01,0.000000000000e+00
6.160000000000e-02,4.550149405057e-01,4.155260943533e-01,6.161984511275e-01,7.400679683930e-01,0.000000000000e+00
6.200000000000e-02,4.578802195795e-01,4.239736902006e-01,6.240256288522e-01,7.469679479337e-01,0.000000000000e+00
6.240000000000e-02,4.607414383377e-01,4.325779976298e-01,6.319860734501e-01,7.538818722912e-01,0.000000000000e+00
6.280000000000e-02,4.635983068478e-01,4.413422195963e-01,6.400830765692e-01,7.608091424298e-01,0.000000000000e+00
6.320000000000e-02,4.664504836694e-01,4.502696034715e-01,6.483199592221e-01,7.677491554367e-01,0.000000000000e+00
6.360000000000e-02,4.692977900958e-01,4.593636171657e-01,6.567003491429e-01,7.747012678999e-01,0.000000000000e+00
6.400000000000e-02,4.721401085428e-01,4.686278750398e-01,6.652280566537e-01,7.816648122986e-01,0.000000000000e+00
6.440000000000e-02,4.749772406188e-01,4.780660240491e-01,6.739068945010e-01,7.886391207917e-01,0.000000000000e+00
6.480000000000e-02,4.778089050433e-01,4.876817406361e-01,6.827406754314e-01,7.956235255383e-01,0.000000000000e+00
6.520000000000e-02,4.806347375459e-01,4.974787291395e-01,6.917332122156e-01,8.026173586980e-01,0.000000000000e+00
6.560000000000e-02,4.834543720715e-01,5.074608088282e-01,7.008884378927e-01,8.096199557518e-01,0.000000000000e+00
6.600000000000e-02,4.862676246860e-01,5.176321223765e-01,7.102106848913e-01,8.166306632097e-01,0.000000000000e+00
6.640000000000e-02,4.890742722691e-01,5.279969073331e-01,7.197043684381e-01,8.236488298683e-01,0.000000000000e+00
6.680000000000e-02,4.918739955789e-01,5.385594340079e-01,7.293739037597e-01,8.306738045239e-01,0.000000000000e+00
6.720000000000e-02,4.946663792259e-01,5.493240035700e-01,7.392237060827e-01,8.377049359732e-01,0.000000000000e+00
6.760000000000e-02,4.974509243243e-01,5.602949582401e-01,7.492582080568e-01,8.447415711757e-01,0.000000000000e+00
6.800000000000e-02,5.002272884285e-01,5.714769134824e-01,7.594821938215e-01,8.517830200319e-01,0.000000000000e+00
6.840000000000e-02,5.029952603909e-01,5.828747458004e-01,7.699007736504e-01,8.588285580569e-01,0.000000000000e+00
6.880000000000e-02,5.057545308916e-01,5.944933753762e-01,7.805190701601e-01,8.658774594642e-01,0.000000000000e+00
6.920000000000e-02,5.085046837795e-01,6.063377553135e-01,7.913422059667e-01,8.729289984675e-01,0.000000000000e+00
6.960000000000e-02,5.112451965607e-01,6.184128694919e-01,8.023753038071e-01,8.799824492906e-01,0.000000000000e+00
7.000000000000e-02,5.139755450218e-01,6.307238775094e-01,8.136236664090e-01,8.870371012654e-01,0.000000000000e+00
7.040000000000e-02,5.166954048938e-01,6.432764142199e-01,8.250931380941e-01,8.940922891850e-01,0.000000000000e+00
7.080000000000e-02,5.194043856878e-01,6.560762356402e-01,8.367896646372e-01,9.011473563583e-01,0.000000000000e+00
7.120000000000e-02,5.221019710871e-01,6.691291342775e-01,8.487191918132e-01,9.082016460942e-01,0.000000000000e+00
7.160000000000e-02,5.247875194830e-01,6.824409365122e-01,8.608876653971e-01,9.152545017016e-01,0.000000000000e+00
7.200000000000e-02,5.274603119946e-01,6.960175544139e-01,8.733011031607e-01,9.223052609113e-01,0.000000000000e+00
7.240000000000e-02,5.301198966124e-01,7.098653859839e-01,8.859661229429e-01,9.293532149614e-01,0.000000000000e+00
7.280000000000e-02,5.327658794456e-01,7.239910936936e-01,8.988896406395e-01,9.363976319970e-01,0.000000000000e+00
7.320000000000e-02,5.353977282676e-01,7.384013801901e-01,9.120785743020e-01,9.434377799962e-01,0.000000000000e+00
7.360000000000e-02,5.380147721979e-01,7.531029836565e-01,9.255398419817e-01,9.504729269371e-01,0.000000000000e+00
7.400000000000e-02,5.406162171116e-01,7.681026994770e-01,9.392803900582e-01,9.575023436001e-01,0.000000000000e+00
7.440000000000e-02,5.432014111898e-01,7.834078494210e-01,9.533077318751e-01,9.645253568531e-01,0.000000000000e+00
7.480000000000e-02,5.457698046709e-01,7.990262524948e-01,9.676299043883e-01,9.715413453629e-01,0.000000000000e+00
7.520000000000e-02,5.483206912268e-01,8.149657871688e-01,9.822549641937e-01,9.785496897390e-01,0.000000000000e+00
7.560000000000e-02,5.508531992648e-01,8.312343708581e-01,9.971909678873e-01,9.855497705910e-01,0.000000000000e+00
7.600000000000e-02,5.533663017201e-01,8.478399679025e-01,1.012445986239e+00,9.925409677821e-01,0.000000000000e+00
7.640000000000e-02,5.558591364878e-01,8.647910284709e-01,1.028028648697e+00,9.995226317504e-01,0.000000000000e+00
7.680000000000e-02,5.583310939819e-01,8.820966351220e-01,1.043948314909e+00,1.006494074475e+00,0.000000000000e+00
7.720000000000e-02,5.607814084608e-01,8.997659544010e-01,1.060214393778e+00,1.013454605340e+00,0.000000000000e+00
7.760000000000e-02,5.632091307612e-01,9.178081932243e-01,1.076836294207e+00,1.020403533732e+00,0.000000000000e+00
7.800000000000e-02,5.656131361616e-01,9.362326065487e-01,1.093823437929e+00,1.027340170172e+00,0.000000000000e+00
7.840000000000e-02,5.679923864890e-01,9.550490485733e-01,1.111185869371e+00,1.034263880382e+00,0.000000000000e+00
7.880000000000e-02,5.703460204745e-01,9.742682236587e-01,1.128934521884e+00,1.041174108883e+00,0.000000000000e+00
7.920000000000e-02,5.726729846583e-01,9.939009457032e-01,1.147080397020e+00,1.048070306242e+00,0.000000000000e+00
7.960000000000e-02,5.749720055800e-01,1.013958072028e+00,1.165634496329e+00,1.054951923025e+00,0.000000000000e+00
8.000000000000e-02,5.772416054187e-01,1.034450520352e+00,1.184607846540e+00,1.061818408966e+00,0.000000000000e+00
8.040000000000e-02,5.794805172888e-01,1.055389951012e+00,1.204012300026e+00,1.068669186434e+00,0.000000000000e+00
8.080000000000e-02,5.816877510608e-01,1.076788918487e+00,1.223860700697e+00,1.075503644944e+00,0.000000000000e+00
8.120000000000e-02,5.838620986130e-01,1.098660076564e+00,1.244165951163e+00,1.082321172063e+00,0.000000000000e+00
8.160000000000e-02,5.860021063951e-01,1.121016123211e+00,1.264940954036e+00,1.089121155357e+00,0.000000000000e+00
8.200000000000e-02,5.881061090322e-01,1.143869868583e+00,1.286198690613e+00,1.095902987740e+00,0.000000000000e+00
8.240000000000e-02,5.901726491633e-01,1.167235281422e+00,1.307953347034e+00,1.102666143974e+00,0.000000000000e+00
8.280000000000e-02,5.922003397136e-01,1.191127256955e+00,1.330220051202e+00,1.109410162796e+00,0.000000000000e+00
8.320000000000e-02,5.941875047782e-01,1.215560765455e+00,1.353013956080e+00,1.116134584647e+00,0.000000000000e+00
8.360000000000e-02,5.961321737604e-01,1.240550823117e+00,1.376350214636e+00,1.122838949968e+00,0.000000000000e+00
8.400000000000e-02,5.980322130563e-01,1.266112738639e+00,1.400244262547e+00,1.129522793782e+00,0.000000000000e+00
8.440000000000e-02,5.998859754683e-01,1.292263422991e+00,1.424713282721e+00,1.136185617628e+00,0.000000000000e+00
8.480000000000e-02,6.016917808336e-01,1.319020437071e+00,1.449775124816e+00,1.142826910267e+00,0.000000000000e+00
8.520000000000e-02,6.034476134176e-01,1.346401394712e+00,1.475447639810e+00,1.149446160436e+00,0.000000000000e+00
8.560000000000e-02,6.051511286153e-01,1.374423960013e+00,1.501748684142e+00,1.156042857126e+00,0.000000000000e+00
8.600000000000e-02,6.067999689884e-01,1.403106726796e+00,1.528697056040e+00,1.162616533186e+00,0.000000000000e+00
8.640000000000e-02,6.083920800322e-01,1.432470232925e+00,1.556313558144e+00,1.169166814815e+00,0.000000000000e+00
8.680000000000e-02,6.099250883159e-01,1.462535317111e+00,1.584619249901e+00,1.175693340170e+00,0.000000000000e+00
8.720000000000e-02,6.113962183089e-01,1.493322869674e+00,1.613635190758e+00,1.182195747409e+00,0.000000000000e+00
8.760000000000e-02,6.128023750285e-01,1.524854006990e+00,1.643382637572e+00,1.188673672723e+00,0.000000000000e+00
8.800000000000e-02,6.141409228147e-01,1.557151946804e+00,1.673885079243e+00,1.195126730072e+00,0.000000000000e+00
8.840000000000e-02,6.154093193929e-01,1.590241266030e+00,1.705167415412e+00,1.201554519360e+00,0.000000000000e+00
8.880000000000e-02,6.166045680858e-01,1.624146619147e+00,1.737254567953e+00,1.207956640274e+00,0.000000000000e+00
8.920000000000e-02,6.177232196809e-01,1.658892717954e+00,1.770171467913e+00,1.214332692764e+00,0.000000000000e+00
8.960000000000e-02,6.187617853206e-01,1.694505644191e+00,1.803944435166e+00,1.220682317314e+00,0.000000000000e+00
9.000000000000e-02,6.197171184720e-01,1.731014270088e+00,1.838602651520e+00,1.227005237920e+00,0.000000000000e+00
9.040000000000e-02,6.205856217752e-01,1.768447867444e+00,1.874175651806e+00,1.233301188883e+00,0.000000000000e+00
9.080000000000e-02,6.213631470052e-01,1.806835761330e+00,1.910692970856e+00,1.239569904505e+00,0.000000000000e+00
9.120000000000e-02,6.220452103891e-01,1.846207916440e+00,1.948184774217e+00,1.245811116331e+00,0.000000000000e+00
9.160000000000e-02,6.226279515512e-01,1.886597783173e+00,1.986684867191e+00,1.252024540022e+00,0.000000000000e+00
9.200000000000e-02,6.231073010684e-01,1.928040105822e+00,2.026228357886e+00,1.258209885548e+00,0.000000000000e+00
9.240000000000e-02,6.234785504160e-01,1.970569687056e+00,2.066850356067e+00,1.264366862874e+00,0.000000000000e+00
9.280000000000e-02,6.237364338349e-01,2.014221637809e+00,2.108586243224e+00,1.270495186548e+00,0.000000000000e+00
9.320000000000e-02,6.238760041307e-01,2.059034678754e+00,2.151475093243e+00,1.276594633405e+00,0.000000000000e+00
9.360000000000e-02,6.238922669869e-01,2.105050164014e+00,2.195558642765e+00,1.282665025196e+00,0.000000000000e+00
9.400000000000e-02,6.237794751523e-01,2.152309563609e+00,2.240878687307e+00,1.288706184666e+00,0.000000000000e+00
9.440000000000e-02,6.235311627527e-01,2.200854525270e+00,2.287477158864e+00,1.294717934390e+00,0.000000000000e+00
9.480000000000e-02,6.231411178488e-01,2.250730304606e+00,2.335399699585e+00,1.300700092319e+00,0.000000000000e+00
9.520000000000e-02,6.226033822447e-01,2.301986118094e+00,2.384696009868e+00,1.306652471349e+00,0.000000000000e+00
9.560000000000e-02,6.219111561502e-01,2.354671439777e+00,2.435415996384e+00,1.312574884117e+00,0.000000000000e+00
9.600000000000e-02,6.210567797922e-01,2.408835890990e+00,2.487609670637e+00,1.318467144202e+00,0.000000000000e+00
9.640000000000e-02,6.200326226204e-01,2.464533080191e+00,2.541331099339e+00,1.324329101610e+00,0.000000000000e+00
9.680000000000e-02,6.188312336398e-01,2.521821790856e+00,2.596639605445e+00,1.330160653558e+00,0.000000000000e+00
9.720000000000e-02,6.174441686513e-01,2.580761203672e+00,2.653594862028e+00,1.335961700410e+00,0.000000000000e+00
9.760000000000e-02,6.158619617553e-01,2.641410692750e+00,2.712256699450e+00,1.341732142575e+00,0.000000000000e+00
9.800000000000e-02,6.140752439079e-01,2.703834694052e+00,2.772690112137e+00,1.347471882058e+00,0.000000000000e+00
9.840000000000e-02,6.120748410853e-01,2.768103738720e+00,2.834966299518e+00,1.353180822774e+00,0.000000000000e+00
9.880000000000e-02,6.098503988967e-01,2.834288765878e+00,2.899156828704e+00,1.358858868750e+00,0.000000000000e+00
9.920000000000e-02,6.073903966577e-01,2.902461140744e+00,2.965333668827e+00,1.364505925756e+00,0.000000000000e+00
9.960000000000e-02,6.046834520662e-01,2.972699457181e+00,3.033576130564e+00,1.370121931363e+00,0.000000000000e+00
1.000000000000e-01,6.017179645891e-01,3.045088650727e+00,3.103969941816e+00,1.375706850934e+00,0.000000000000e+00
1.004000000000e-01,5.984808700377e-01,3.119713906342e+00,3.176601046595e+00,1.381260650773e+00,0.000000000000e+00
1.008000000000e-01,5.949578600390e-01,3.196661718271e+00,3.251556703532e+00,1.386783298428e+00,0.000000000000e+00
1.012000000000e-01,5.911350382160e-01,3.276029279328e+00,3.328935035777e+00,1.392274771767e+00,0.000000000000e+00
1.016000000000e-01,5.869977200316e-01,3.357919085203e+00,3.408839524837e+00,1.397735053747e+00,0.000000000000e+00
1.020000000000e-01,5.825294466964e-01,3.442433687880e+00,3.491373691217e+00,1.403164127362e+00,0.000000000000e+00
1.024000000000e-01,5.777126862229e-01,3.529679943195e+00,3.576645418436e+00,1.408561983427e+00,0.000000000000e+00
1.028000000000e-01,5.725302053887e-01,3.619778643649e+00,3.664776700578e+00,1.413928638049e+00,0.000000000000e+00
1.032000000000e-01,5.669630935021e-01,3.712853405928e+00,3.755892379090e+00,1.419264112436e+00,0.000000000000e+00
1.036000000000e-01,5.609903889117e-01,3.809028275360e+00,3.850117740919e+00,1.424568428292e+00,0.000000000000e+00
1.040000000000e-01,5.545906771530e-01,3.908439144510e+00,3.947590070603e+00,1.429841620569e+00,0.000000000000e+00
1.044000000000e-01,5.477419489817e-01,4.011234822104e+00,4.048459712130e+00,1.435083738645e+00,0.000000000000e+00
1.048000000000e-01,5.404197384634e-01,4.117564745132e+00,4.152877667844e+00,1.440294832624e+00,0.000000000000e+00
1.052000000000e-01,5.325976354949e-01,4.227582864110e+00,4.260999544033e+00,1.445474954996e+00,0.000000000000e+00
1.056000000000e-01,5.242491587743e-01,4.341464070431e+00,4.373002110143e+00,1.450624169220e+00,0.000000000000e+00
1.060000000000e-01,5.153455598979e-01,4.459389237601e+00,4.489068212730e+00,1.455742541903e+00,0.000000000000e+00
1.064000000000e-01,5.058551679775e-01,4.581540122345e+00,4.609381666084e+00,1.460830140648e+00,0.000000000000e+00
1.068000000000e-01,4.957452669245e-01,4.708117757171e+00,4.734145771422e+00,1.465887053124e+00,0.000000000000e+00
1.072000000000e-01,4.849815137655e-01,4.839341050424e+00,4.863581897224e+00,1.470913385604e+00,0.000000000000e+00
1.076000000000e-01,4.735259819398e-01,4.975429531182e+00,4.997912151622e+00,1.475909245059e+00,0.000000000000e+00
1.080000000000e-01,4.613383393413e-01,5.116615814411e+00,5.137371940558e+00,1.480874737760e+00,0.000000000000e+00
1.084000000000e-01,4.483770321645e-01,5.263162530649e+00,5.282226972310e+00,1.485809968377e+00,0.000000000000e+00
1.088000000000e-01,4.345965157394e-01,5.415336325754e+00,5.432747155218e+00,1.490715041357e+00,0.000000000000e+00
1.092000000000e-01,4.199474912349e-01,5.573411876870e+00,5.589210663827e+00,1.495590068329e+00,0.000000000000e+00
1.096000000000e-01,4.043787967458e-01,5.737702735353e+00,5.751934882327e+00,1.500435194971e+00,0.000000000000e+00
1.100000000000e-01,3.878348477270e-01,5.908533793228e+00,5.921248808725e+00,1.505250577050e+00,0.000000000000e+00
1.104000000000e-01,3.702551496696e-01,6.086235364885e+00,6.097487170354e+00,1.510036368836e+00,0.000000000000e+00
1.108000000000e-01,3.515765190051e-01,6.271182429779e+00,6.281029781515e+00,1.514792712808e+00,0.000000000000e+00
1.112000000000e-01,3.317308622744e-01,6.463770919984e+00,6.472277796188e+00,1.519519745868e+00,0.000000000000e+00
1.116000000000e-01,3.106439760076e-01,6.664401670517e+00,6.671637677949e+00,1.524217608477e+00,0.000000000000e+00
1.120000000000e-01,2.882372943211e-01,6.873527935382e+00,6.879568810348e+00,1.528886477801e+00,0.000000000000e+00
1.124000000000e-01,2.644260207119e-01,7.091633416010e+00,7.096561535525e+00,1.533526552479e+00,0.000000000000e+00
1.128000000000e-01,2.391178947522e-01,7.319208184856e+00,7.323113123588e+00,1.538138029459e+00,0.000000000000e+00
1.132000000000e-01,2.122149295805e-01,7.556806800318e+00,7.559785988615e+00,1.542721086159e+00,0.000000000000e+00
1.136000000000e-01,1.836113612456e-01,7.805020523314e+00,7.807179932686e+00,1.547275888785e+00,0.000000000000e+00
1.140000000000e-01,1.531923411327e-01,8.064451920443e+00,8.065906810181e+00,1.551802609646e+00,0.000000000000e+00
1.144000000000e-01,1.208345452985e-01,8.335788323626e+00,8.336664078853e+00,1.556301467040e+00,0.000000000000e+00
1.148000000000e-01,8.640409684877e-02,8.619754446237e+00,8.620187491080e+00,1.560772699834e+00,0.000000000000e+00
1.152000000000e-01,4.975603030297e-02,8.917099687922e+00,8.917238502299e+00,1.565216540129e+00,0.000000000000e+00
1.156000000000e-01,1.073422251603e-02,9.228682862050e+00,9.228689104733e+00,1.569633190317e+00,0.000000000000e+00
1.160000000000e-01,-3.083075197825e-02,9.555391872752e+00,9.555441610785e+00,1.574022844912e+00,0.000000000000e+00
1.164000000000e-01,-7.512262177224e-02,9.898175030416e+00,9.898460099483e+00,1.578385723750e+00,0.000000000000e+00
1.168000000000e-01,-1.223416438147e-01,1.025810671825e+01,1.025883623619e+01,1.582722098981e+00,0.000000000000e+00
1.172000000000e-01,-1.727050214731e-01,1.063628283449e+01,1.063768487781e+01,1.587032247613e+00,0.000000000000e+00
1.176000000000e-01,-2.264489767186e-01,1.103392690943e+01,1.103625036784e+01,1.591316418485e+00,0.000000000000e+00
1.180000000000e-01,-2.838307658595e-01,1.145237057519e+01,1.145588720681e+01,1.595574836478e+00,0.000000000000e+00
1.184000000000e-01,-3.451294185764e-01,1.189299451334e+01,1.189800121070e+01,1.599807740640e+00,0.000000000000e+00
1.188000000000e-01,-4.106522947744e-01,1.235738285882e+01,1.236420423751e+01,1.604015434392e+00,0.000000000000e+00
1.192000000000e-01,-4.807332185956e-01,1.284717874259e+01,1.285616996121e+01,1.608198237436e+00,0.000000000000e+00
1.196000000000e-01,-5.557374053275e-01,1.336419346933e+01,1.337574338679e+01,1.612356440783e+00,0.000000000000e+00
1.200000000000e-01,-6.360652579336e-01,1.391042201065e+01,1.392495671544e+01,1.616490304103e+00,0.000000000000e+00
1.204000000000e-01,-7.221518083674e-01,1.448794940716e+01,1.450593606972e+01,1.620600105802e+00,0.000000000000e+00
1.208000000000e-01,-8.144804727297e-01,1.509916158470e+01,1.512111302125e+01,1.624686197851e+00,0.000000000000e+00
1.212000000000e-01,-9.135760271657e-01,1.574653694268e+01,1.577301641553e+01,1.628748945281e+00,0.000000000000e+00
1.216000000000e-01,-1.020018874993e+00,1.643286534026e+01,1.646449215119e+01,1.632788673077e+00,0.000000000000e+00
1.220000000000e-01,-1.134443732245e+00,1.716113671142e+01,1.719859226244e+01,1.636805682303e+00,0.000000000000e+00
1.224000000000e-01,-1.257549224164e+00,1.793460866912e+01,1.797864339058e+01,1.640800325441e+00,0.000000000000e+00
1.228000000000e-01,-1.390109604815e+00,1.875689135323e+01,1.880833267332e+01,1.644773023546e+00,0.000000000000e+00
1.232000000000e-01,-1.532970029588e+00,1.963182030494e+01,1.969158108424e+01,1.648724182382e+00,0.000000000000e+00
1.236000000000e-01,-1.687070853528e+00,2.056371274573e+01,2.063280131135e+01,1.652654160638e+00,0.000000000000e+00
1.240000000000e-01,-1.853436358274e+00,2.155711734820e+01,2.163664795430e+01,1.656563337500e+00,0.000000000000e+00
1.244000000000e-01,-2.033213081951e+00,2.261717579258e+01,2.270838163034e+01,1.660452188595e+00,0.000000000000e+00
1.248000000000e-01,-2.227649542172e+00,2.374930521839e+01,2.385355153513e+01,1.664321199232e+00,0.000000000000e+00
1.252000000000e-01,-2.438137229282e+00,2.495958346903e+01,2.507838352239e+01,1.668170803793e+00,0.000000000000e+00
1.256000000000e-01,-2.666191734777e+00,2.625442945396e+01,2.638946085693e+01,1.672001447843e+00,0.000000000000e+00
1.260000000000e-01,-2.913503779826e+00,2.764100333855e+01,2.779412833382e+01,1.675813687910e+00,0.000000000000e+00
1.264000000000e-01,-3.181913919293e+00,2.912686767419e+01,2.930015352690e+01,1.679608097290e+00,0.000000000000e+00
1.268000000000e-01,-3.473457562107e+00,3.072033919955e+01,3.091608235160e+01,1.683385198660e+00,0.000000000000e+00
1.272000000000e-01,-3.790346370583e+00,3.243018953562e+01,3.265094055192e+01,1.687145552107e+00,0.000000000000e+00
1.276000000000e-01,-4.135013921562e+00,3.426592855782e+01,3.451452158239e+01,1.690889840716e+00,0.000000000000e+00
1.280000000000e-01,-4.510089376771e+00,3.623751257283e+01,3.651709495089e+01,1.694618739423e+00,0.000000000000e+00
1.284000000000e-01,-4.918414747968e+00,3.835542303236e+01,3.866948770832e+01,1.698332890116e+00,0.000000000000e+00
1.288000000000e-01,-5.363036273157e+00,4.063048381312e+01,4.098290342272e+01,1.702033049390e+00,0.000000000000e+00
1.292000000000e-01,-5.847190915393e+00,4.307371414398e+01,4.346877605544e+01,1.705720057773e+00,0.000000000000e+00
1.296000000000e-01,-6.374253673058e+00,4.569595513740e+01,4.613839426993e+01,1.709394718054e+00,0.000000000000e+00
1.300000000000e-01,-6.947693592820e+00,4.850754875259e+01,4.900257883260e+01,1.713057901447e+00,0.000000000000e+00
1.304000000000e-01,-7.571000879312e+00,5.151786414738e+01,5.207120490849e+01,1.716710627242e+00,0.000000000000e+00
1.308000000000e-01,-8.247510452432e+00,5.473428156398e+01,5.535217255888e+01,1.720353904781e+00,0.000000000000e+00
1.312000000000e-01,-8.980283207792e+00,5.816162746035e+01,5.885083173014e+01,1.723988798878e+00,0.000000000000e+00
1.316000000000e-01,-9.771845687405e+00,6.180076006776e+01,6.256854571660e+01,1.727616551353e+00,0.000000000000e+00
1.320000000000e-01,-1.062383418718e+01,6.564685506758e+01,6.650094309933e+01,1.731238421959e+00,0.000000000000e+00
1.324000000000e-01,-1.153668280560e+01,6.968810882814e+01,7.063658798526e+01,1.734855756904e+00,0.000000000000e+00
1.328000000000e-01,-1.250912885284e+01,7.390350957185e+01,7.495469986394e+01,1.738470086191e+00,0.000000000000e+00
1.332000000000e-01,-1.353756803424e+01,7.826012420319e+01,7.942236957294e+01,1.742082982095e+00,0.000000000000e+00
1.336000000000e-01,-1.461556526417e+01,8.271151463841e+01,8.399291280680e+01,1.745696166266e+00,0.000000000000e+00
1.340000000000e-01,-1.573325962780e+01,8.719580399530e+01,8.860385822809e+01,1.749311522488e+00,0.000000000000e+00
1.344000000000e-01,-1.687676119391e+01,9.163399155936e+01,9.317517629442e+01,1.752931023976e+00,0.000000000000e+00
1.348000000000e-01,-1.802786701083e+01,9.593011123734e+01,9.760937573291e+01,1.756556833560e+00,0.000000000000e+00
1.352000000000e-01,-1.916408809515e+01,9.997309182664e+01,1.017933267061e+02,1.760191257839e+00,0.000000000000e+00
1.356000000000e-01,-2.025913405524e+01,1.036407678759e+02,1.056022787565e+02,1.763836744530e+00,0.000000000000e+00
1.360000000000e-01,-2.128396455335e+01,1.068063072338e+02,1.089063561599e+02,1.767495913988e+00,0.000000000000e+00
1.364000000000e-01,-2.220842130136e+01,1.093468461330e+02,1.115793293399e+02,1.771171546108e+00,0.000000000000e+00
1.368000000000e-01,-2.300342054767e+01,1.111539429174e+02,1.135092788409e+02,1.774866526875e+00,0.000000000000e+00
1.372000000000e-01,-2.364342213807e+01,1.121441384589e+02,1.146094202109e+02,1.778583958065e+00,0.000000000000e+00
1.376000000000e-01,-2.410874541439e+01,1.122678227628e+02,1.148272425575e+02,1.782326968010e+00,0.000000000000e+00
1.380000000000e-01,-2.438743396393e+01,1.115148607235e+02,1.141503880743e+02,1.786098897347e+00,0.000000000000e+00
1.384000000000e-01,-2.447626303043e+01,1.099159042486e+02,1.126081411742e+02,1.789903108005e+00,0.000000000000e+00
1.388000000000e-01,-2.438074867810e+01,1.075389254046e+02,1.102680433456e+02,1.793743071387e+00,0.000000000000e+00
1.392000000000e-01,-2.411420172418e+01,1.044819063199e+02,1.072285571713e+02,1.797622368511e+00,0.000000000000e+00
1.396000000000e-01,-2.369601560331e+01,1.008629924865e+02,1.036090942379e+02,1.801544512587e+00,0.000000000000e+00
1.400000000000e-01,-2.314954959394e+01,9.680963297456e+01,9.953897067517e+01,1.805513271898e+00,0.000000000000e+00
1.404000000000e-01,-2.250000573646e+01,9.244908677557e+01,9.514769521002e+01,1.809532178852e+00,0.000000000000e+00
1.408000000000e-01,-2.177246082860e+01,8.790001727981e+01,9.055635310856e+01,1.813605112309e+00,0.000000000000e+00
1.412000000000e-01,-2.099045836105e+01,8.326761959732e+01,8.587255566018e+01,1.817735705960e+00,0.000000000000e+00
1.416000000000e-01,-2.017499449357e+01,7.864037244516e+01,8.118705919744e+01,1.821927828454e+00,0.000000000000e+00
1.420000000000e-01,-1.934401429098e+01,7.408936972060e+01,7.657300826326e+01,1.826185357884e+00,0.000000000000e+00
1.424000000000e-01,-1.851228901416e+01,6.966914279619e+01,7.208671377237e+01,1.830512070467e+00,0.000000000000e+00
1.428000000000e-01,-1.769147033852e+01,6.541893248681e+01,6.776890769706e+01,1.834912154579e+00,0.000000000000e+00
1.432000000000e-01,-1.689041007215e+01,6.136521208709e+01,6.364727179463e+01,1.839389423490e+00,0.000000000000e+00
1.436000000000e-01,-1.611552583876e+01,5.752373258820e+01,5.973851340583e+01,1.843948183898e+00,0.000000000000e+00
1.440000000000e-01,-1.537122143349e+01,5.390196630106e+01,5.605083781245e+01,1.848592666535e+00,0.000000000000e+00
1.444000000000e-01,-1.466027774377e+01,5.050108131942e+01,5.258595780201e+01,1.853327053993e+00,0.000000000000e+00
1.448000000000e-01,-1.398415482658e+01,4.731734171637e+01,4.934052506122e+01,1.858156132265e+00,0.000000000000e+00
1.452000000000e-01,-1.334331632003e+01,4.434377577420e+01,4.630782374857e+01,1.863084274584e+00,0.000000000000e+00
1.456000000000e-01,-1.273750746008e+01,4.157119641190e+01,4.347882780633e+01,1.868116331886e+00,0.000000000000e+00
1.460000000000e-01,-1.216593241509e+01,3.898900085016e+01,4.084301774872e+01,1.873257498340e+00,0.000000000000e+00
1.464000000000e-01,-1.162741092717e+01,3.658590164307e+01,3.838912455248e+01,1.878512565737e+00,0.000000000000e+00
1.468000000000e-01,-1.112053444961e+01,3.435032108951e+01,3.610555144846e+01,1.883887162738e+00,0.000000000000e+00
1.472000000000e-01,-1.064373950763e+01,3.227076736910e+01,3.398075363050e+01,1.889387005665e+00,0.000000000000e+00
1.476000000000e-01,-1.019537552062e+01,3.033608784361e+01,3.200349836599e+01,1.895017525645e+00,0.000000000000e+00
1.480000000000e-01,-9.773795141760e+00,2.853559033883e+01,3.016300693662e+01,1.900785218839e+00,0.000000000000e+00
1.484000000000e-01,-9.377352986781e+00,2.685914292552e+01,2.844904757162e+01,1.906696557920e+00,0.000000000000e+00
1.488000000000e-01,-9.004434365908e+00,2.529724282293e+01,2.685200798250e+01,1.912757766495e+00,0.000000000000e+00
1.492000000000e-01,-8.653519931834e+00,2.384104147323e+01,2.536293882300e+01,1.918976333442e+00,0.000000000000e+00
1.496000000000e-01,-8.323141463593e+00,2.248229594125e+01,2.397349191530e+01,1.925359799290e+00,0.000000000000e+00
1.500000000000e-01,-8.011900698349e+00,2.121341029537e+01,2.267596368756e+01,1.931915334300e+00,0.000000000000e+00
1.504000000000e-01,-7.718513849529e+00,2.002739690031e+01,2.146327287829e+01,1.938651533341e+00,0.000000000000e+00
1.508000000000e-01,-7.441757211119e+00,1.891777834619e+01,2.032884866255e+01,1.945577390923e+00,0.000000000000e+00
1.512000000000e-01,-7.180488315951e+00,1.787866594536e+01,1.926670984993e+01,1.952701292549e+00,0.000000000000e+00
1.516000000000e-01,-6.933653680136e+00,1.690463623046e+01,1.827135133044e+01,1.960032959536e+00,0.000000000000e+00
1.520000000000e-01,-6.700273691872e+00,1.599068989826e+01,1.733769970233e+01,1.967583253398e+00,0.000000000000e+00
1.524000000000e-01,-6.479438723540e+00,1.513230532913e+01,1.646116006684e+01,1.975362303650e+00,0.000000000000e+00
1.528000000000e-01,-6.270287794929e+00,1.432529224762e+01,1.563747124732e+01,1.983380915450e+00,0.000000000000e+00
1.532000000000e-01,-6.072060502592e+00,1.356583901668e+01,1.486276915563e+01,1.991652064220e+00,0.000000000000e+00
1.536000000000e-01,-5.884030081485e+00,1.285044102352e+01,1.413349371171e+01,2.000188419959e+00,0.000000000000e+00
1.540000000000e-01,-5.705510813943e+00,1.217589521152e+01,1.344638530795e+01,2.009002245557e+00,0.000000000000e+00
1.544000000000e-01,-5.535897748332e+00,1.153927165033e+01,1.279847467866e+01,2.018108318065e+00,0.000000000000e+00
1.548000000000e-01,-5.374619373597e+00,1.093784911057e+01,1.218700441358e+01,2.027522645761e+00,0.000000000000e+00
1.552000000000e-01,-5.221144533627e+00,1.036917873788e+01,1.160948827206e+01,2.037260250841e+00,0.000000000000e+00
1.556000000000e-01,-5.074964627152e+00,9.830974176498e+00,1.106360335631e+01,2.047337113054e+00,0.000000000000e+00
1.560000000000e-01,-4.935648254387e+00,9.321153400402e+00,1.054725198357e+01,2.057772646968e+00,0.000000000000e+00
1.564000000000e-01,-4.802770510368e+00,8.837780299542e+00,1.005847728030e+01,2.068586255728e+00,0.000000000000e+00
1.568000000000e-01,-4.675930289524e+00,8.379102571520e+00,9.595503320646e+00,2.079796405511e+00,0.000000000000e+00
1.572000000000e-01,-4.554762572174e+00,7.943485536150e+00,9.156681961928e+00,2.091424297849e+00,0.000000000000e+00
1.576000000000e-01,-4.438947383270e+00,7.529418226207e+00,8.740503000204e+00,2.103494485393e+00,0.000000000000e+00
1.580000000000e-01,-4.328169735504e+00,7.135514447893e+00,8.345574857098e+00,2.116030736667e+00,0.000000000000e+00
1.584000000000e-01,-4.222122382215e+00,6.760499893869e+00,7.970613290419e+00,2.129056250654e+00,0.000000000000e+00
1.588000000000e-01,-4.120542821597e+00,6.403189374184e+00,7.614440708698e+00,2.142598537519e+00,0.000000000000e+00
1.592000000000e-01,-4.023190286014e+00,6.062472500820e+00,7.275962678621e+00,2.156688139476e+00,0.000000000000e+00
1.596000000000e-01,-3.929828348420e+00,5.737340693970e+00,6.954180691263e+00,2.171354416476e+00,0.000000000000e+00
1.600000000000e-01,-3.840220905971e+00,5.426857097153e+00,6.648163247061e+00,2.186626483220e+00,0.000000000000e+00
1.604000000000e-01,-3.754174619256e+00,5.130147709267e+00,6.357062418348e+00,2.202538757159e+00,0.000000000000e+00
1.608000000000e-01,-3.671507319043e+00,4.846387160966e+00,6.080085074057e+00,2.219128564192e+00,0.000000000000e+00
1.612000000000e-01,-3.592039836220e+00,4.574827980093e+00,5.816511087622e+00,2.236431940548e+00,0.000000000000e+00
1.616000000000e-01,-3.515590859099e+00,4.314773624214e+00,5.565667122349e+00,2.254484659800e+00,0.000000000000e+00
1.620000000000e-01,-3.442012099631e+00,4.065570502853e+00,5.326941975249e+00,2.273327544659e+00,0.000000000000e+00
1.624000000000e-01,-3.371164488672e+00,3.826598606670e+00,5.099765377569e+00,2.293004333978e+00,0.000000000000e+00
1.628000000000e-01,-3.302911858467e+00,3.597292736696e+00,4.883619741369e+00,2.313557714995e+00,0.000000000000e+00
1.632000000000e-01,-3.237117680293e+00,3.377127077932e+00,4.678025029493e+00,2.335029792384e+00,0.000000000000e+00
1.636000000000e-01,-3.173661929749e+00,3.165608014518e+00,4.482544383039e+00,2.357464969438e+00,0.000000000000e+00
1.640000000000e-01,-3.112435171289e+00,2.962268396496e+00,4.296776320494e+00,2.380909473631e+00,0.000000000000e+00
1.644000000000e-01,-3.053332808322e+00,2.766672094169e+00,4.120353833717e+00,2.405409094551e+00,0.000000000000e+00
1.648000000000e-01,-2.996258068947e+00,2.578411719271e+00,3.952944397510e+00,2.431009049985e+00,0.000000000000e+00
1.652000000000e-01,-2.941112010170e+00,2.397108354163e+00,3.794241468062e+00,2.457751205647e+00,0.000000000000e+00
1.656000000000e-01,-2.887801547365e+00,2.222416233676e+00,3.643971966504e+00,2.485672892263e+00,0.000000000000e+00
1.660000000000e-01,-2.836242009703e+00,2.053997086233e+00,3.501881318357e+00,2.514811204716e+00,0.000000000000e+00
1.664000000000e-01,-2.786369171358e+00,1.891524210151e+00,3.367746575483e+00,2.545203409256e+00,0.000000000000e+00
1.668000000000e-01,-2.738111131095e+00,1.734688618834e+00,3.241357303744e+00,2.576879500351e+00,0.000000000000e+00
1.672000000000e-01,-2.691381565290e+00,1.583243552938e+00,3.122530204482e+00,2.609847075781e+00,0.000000000000e+00
1.676000000000e-01,-2.646105798543e+00,1.436938516525e+00,3.011090865011e+00,2.644109522525e+00,0.000000000000e+00
1.680000000000e-01,-2.602235687473e+00,1.295509734662e+00,2.906884250493e+00,2.679670619914e+00,0.000000000000e+00
1.684000000000e-01,-2.559730180046e+00,1.158683386221e+00,2.809762585014e+00,2.716530194509e+00,0.000000000000e+00
1.688000000000e-01,-2.518517750465e+00,1.026266762742e+00,2.719587308346e+00,2.754647476729e+00,0.000000000000e+00
1.692000000000e-01,-2.478529561753e+00,8.980947646553e-01,2.636225141141e+00,2.793958400995e+00,0.000000000000e+00
1.696000000000e-01,-2.439719445999e+00,7.739695010298e-01,2.559542881788e+00,2.834397982257e+00,0.000000000000e+00
1.700000000000e-01,-2.402056367363e+00,6.536619370933e-01,2.489407302953e+00,2.875900356871e+00,0.000000000000e+00
1.704000000000e-01,-2.365498943322e+00,5.369726366646e-01,2.425680288782e+00,2.918373640267e+00,0.000000000000e+00
1.708000000000e-01,-2.329987924595e+00,4.237867114549e-01,2.368214286243e+00,2.961675779968e+00,0.000000000000e+00
1.712000000000e-01,-2.295483610802e+00,3.139700144524e-01,2.316856097697e+00,3.005658865555e+00,0.000000000000e+00
1.716000000000e-01,-2.261949025888e+00,2.073613464434e-01,2.271433935583e+00,3.050174428770e+00,0.000000000000e+00
1.720000000000e-01,-2.229354609879e+00,1.037870509618e-01,2.231769192487e+00,3.095071491332e+00,0.000000000000e+00
1.724000000000e-01,-2.197660757393e+00,3.113113915962e-03,2.197662962345e+00,3.140176096542e+00,0.000000000000e+00
1.728000000000e-01,-2.166833059266e+00,-9.477006493569e-02,2.168904532693e+00,3.185301468791e+00,0.000000000000e+00
1.732000000000e-01,-2.136841406689e+00,-1.899747069077e-01,2.145269583667e+00,3.230263973124e+00,0.000000000000e+00
1.736000000000e-01,-2.107654811715e+00,-2.826077787665e-01,2.126517331687e+00,3.274883994022e+00,0.000000000000e+00
1.740000000000e-01,-2.079249427279e+00,-3.727747061041e-01,2.112401278724e+00,3.318991300886e+00,0.000000000000e+00
1.744000000000e-01,-2.051591475211e+00,-4.606054566821e-01,2.102661401150e+00,3.362441889794e+00,0.000000000000e+00
1.748000000000e-01,-2.024651553352e+00,-5.462062164029e-01,2.097034845521e+00,3.405097454602e+00,0.000000000000e+00
1.752000000000e-01,-1.998405143092e+00,-6.296605900840e-01,2.095255491495e+00,3.446827665137e+00,0.000000000000e+00
1.756000000000e-01,-1.972838442258e+00,-7.110215517774e-01,2.097055832910e+00,3.487507041739e+00,0.000000000000e+00
1.760000000000e-01,-1.947933483866e+00,-7.903709362274e-01,2.102172941125e+00,3.527044722636e+00,0.000000000000e+00
1.764000000000e-01,-1.923654650959e+00,-8.678287927092e-01,2.110349267209e+00,3.565390413559e+00,0.000000000000e+00
1.768000000000e-01,-1.899972211938e+00,-9.434809621541e-01,2.121332301193e+00,3.602497465151e+00,0.000000000000e+00
1.772000000000e-01,-1.876873486679e+00,-1.017387705206e+00,2.134884499851e+00,3.638323443520e+00,0.000000000000e+00
1.776000000000e-01,-1.854355094448e+00,-1.089583268276e+00,2.150773004018e+00,3.672830265267e+00,0.000000000000e+00
1.780000000000e-01,-1.832398682556e+00,-1.160143593148e+00,2.168782628240e+00,3.706015748230e+00,0.000000000000e+00
1.784000000000e-01,-1.810972031843e+00,-1.229156623177e+00,2.188708684228e+00,3.737898690869e+00,0.000000000000e+00
1.788000000000e-01,-1.790051855293e+00,-1.296687144789e+00,2.210358160140e+00,3.768497772692e+00,0.000000000000e+00
1.792000000000e-01,-1.769631381159e+00,-1.362784388314e+00,2.233556919851e+00,3.797831047456e+00,0.000000000000e+00
1.796000000000e-01,-1.749704653281e+00,-1.427485216296e+00,2.258136491990e+00,3.825919899116e+00,0.000000000000e+00
1.800000000000e-01,-1.730255910622e+00,-1.490851286088e+00,2.283949008510e+00,3.852803514145e+00,0.000000000000e+00
1.804000000000e-01,-1.711262018849e+00,-1.552941746925e+00,2.310853904187e+00,3.878526838663e+00,0.000000000000e+00
1.808000000000e-01,-1.692707194664e+00,-1.613806733564e+00,2.338723972632e+00,3.903133215723e+00,0.000000000000e+00
1.812000000000e-01,-1.674583299676e+00,-1.673490259007e+00,2.367445643420e+00,3.926664348464e+00,0.000000000000e+00
1.816000000000e-01,-1.656879727110e+00,-1.732030836168e+00,2.396910771711e+00,3.949162778328e+00,0.000000000000e+00
1.820000000000e-01,-1.639586289195e+00,-1.789474199200e+00,2.427027216435e+00,3.970674081921e+00,0.000000000000e+00
1.824000000000e-01,-1.622688174558e+00,-1.845862006924e+00,2.457706951704e+00,3.991244355346e+00,0.000000000000e+00
1.828000000000e-01,-1.606174099505e+00,-1.901234683279e+00,2.488872949514e+00,4.010918153122e+00,0.000000000000e+00
1.832000000000e-01,-1.590033469895e+00,-1.955631169202e+00,2.520456249440e+00,4.029738897027e+00,0.000000000000e+00
1.836000000000e-01,-1.574254328945e+00,-2.009086785717e+00,2.552392290527e+00,4.047748719005e+00,0.000000000000e+00
1.840000000000e-01,-1.558830929699e+00,-2.061635862401e+00,2.584626916312e+00,4.064986630823e+00,0.000000000000e+00
1.844000000000e-01,-1.543753809803e+00,-2.113310183016e+00,2.617108281084e+00,4.081491070090e+00,0.000000000000e+00
1.848000000000e-01,-1.529013988847e+00,-2.164142950829e+00,2.649792159720e+00,4.097299423510e+00,0.000000000000e+00
1.852000000000e-01,-1.514600187772e+00,-2.214167460314e+00,2.682638863342e+00,4.112448441980e+00,0.000000000000e+00
1.856000000000e-01,-1.500501325798e+00,-2.263414034578e+00,2.715611776497e+00,4.126972772737e+00,0.000000000000e+00
1.860000000000e-01,-1.486714038096e+00,-2.311909712503e+00,2.748680619832e+00,4.140902658078e+00,0.000000000000e+00
1.864000000000e-01,-1.473231888725e+00,-2.359680169908e+00,2.781816439345e+00,4.154267714486e+00,0.000000000000e+00
1.868000000000e-01,-1.460047364733e+00,-2.406752815404e+00,2.814995101544e+00,4.167096920001e+00,0.000000000000e+00
1.872000000000e-01,-1.447150027863e+00,-2.453155519177e+00,2.848195078363e+00,4.179418895037e+00,0.000000000000e+00
1.876000000000e-01,-1.434530266438e+00,-2.498913802592e+00,2.881396758191e+00,4.191260276039e+00,0.000000000000e+00
1.880000000000e-01,-1.422185742580e+00,-2.544049832988e+00,2.914584333850e+00,4.202643715755e+00,0.000000000000e+00
1.884000000000e-01,-1.410111750529e+00,-2.588584992643e+00,2.947742765764e+00,4.213591348731e+00,0.000000000000e+00
1.888000000000e-01,-1.398301986229e+00,-2.632541990034e+00,2.980859905126e+00,4.224124931171e+00,0.000000000000e+00
1.892000000000e-01,-1.386747514981e+00,-2.675944001774e+00,3.013925176732e+00,4.234266005513e+00,0.000000000000e+00
1.896000000000e-01,-1.375440105111e+00,-2.718812503432e+00,3.046929095264e+00,4.244034610263e+00,0.000000000000e+00
1.900000000000e-01,-1.364377793292e+00,-2.761166125194e+00,3.079864466782e+00,4.253447580753e+00,0.000000000000e+00
1.904000000000e-01,-1.353556957729e+00,-2.803022953566e+00,3.112724548692e+00,4.262521319646e+00,0.000000000000e+00
1.908000000000e-01,-1.342972367654e+00,-2.844401918426e+00,3.145504260660e+00,4.271272004483e+00,0.000000000000e+00
1.912000000000e-01,-1.332616686800e+00,-2.885322334966e+00,3.178199523408e+00,4.279715674710e+00,0.000000000000e+00
1.916000000000e-01,-1.322482850727e+00,-2.925802382944e+00,3.210806826096e+00,4.287867372647e+00,0.000000000000e+00
1.920000000000e-01,-1.312569002774e+00,-2.965857956391e+00,3.243324036314e+00,4.295739667640e+00,0.000000000000e+00
1.924000000000e-01,-1.302872277478e+00,-3.005504499696e+00,3.275749298880e+00,4.303344741624e+00,0.000000000000e+00
1.928000000000e-01,-1.293388383084e+00,-3.044757925435e+00,3.308081669789e+00,4.310694642414e+00,0.000000000000e+00
1.932000000000e-01,-1.284111424528e+00,-3.083634434410e+00,3.340320864181e+00,4.317801320591e+00,0.000000000000e+00
1.936000000000e-01,-1.275035339718e+00,-3.122149525788e+00,3.372466868467e+00,4.324676133875e+00,0.000000000000e+00
1.940000000000e-01,-1.266158277131e+00,-3.160316902391e+00,3.404520481108e+00,4.331328570620e+00,0.000000000000e+00
1.944000000000e-01,-1.257477943536e+00,-3.198149849168e+00,3.436482683823e+00,4.337767746395e+00,0.000000000000e+00
1.948000000000e-01,-1.248990848078e+00,-3.235661872237e+00,3.468354925613e+00,4.344002698155e+00,0.000000000000e+00
1.952000000000e-01,-1.240692302160e+00,-3.272866674084e+00,3.500139090804e+00,4.350042389620e+00,0.000000000000e+00
1.956000000000e-01,-1.232577146609e+00,-3.309777555889e+00,3.531837183650e+00,4.355895466980e+00,0.000000000000e+00
1.960000000000e-01,-1.224643496165e+00,-3.346406437679e+00,3.563451660798e+00,4.361569198461e+00,0.000000000000e+00
1.964000000000e-01,-1.216889512019e+00,-3.382764822719e+00,3.594985108493e+00,4.367070474097e+00,0.000000000000e+00
1.968000000000e-01,-1.209312375485e+00,-3.418864291815e+00,3.626440330041e+00,4.372406139645e+00,0.000000000000e+00
1.972000000000e-01,-1.201908371799e+00,-3.454716541727e+00,3.657820405362e+00,4.377582984447e+00,0.000000000000e+00
1.976000000000e-01,-1.194673179466e+00,-3.490333055770e+00,3.689128466987e+00,4.382607644240e+00,0.000000000000e+00
1.980000000000e-01,-1.187604873249e+00,-3.525724291128e+00,3.720367873211e+00,4.387485777758e+00,0.000000000000e+00
1.984000000000e-01,-1.180701981698e+00,-3.560900273874e+00,3.751542073609e+00,4.392222652147e+00,0.000000000000e+00
1.988000000000e-01,-1.173962246755e+00,-3.595871034862e+00,3.782654604397e+00,4.396823510226e+00,0.000000000000e+00
1.992000000000e-01,-1.167382730613e+00,-3.630646654497e+00,3.813709161636e+00,4.401293551736e+00,0.000000000000e+00
1.996000000000e-01,-1.160959879353e+00,-3.665237106450e+00,3.844709467302e+00,4.405637909756e+00,0.000000000000e+00
2.000000000000e-01,-1.154691757910e+00,-3.699651635545e+00,3.875659334897e+00,4.409861058372e+00,0.000000000000e+00
2.004000000000e-01,-1.148577186767e+00,-3.733899041602e+00,3.906562633165e+00,4.413967074087e+00,0.000000000000e+00
2.008000000000e-01,-1.142614375702e+00,-3.767988097140e+00,3.937423257887e+00,4.417960016844e+00,0.000000000000e+00
2.012000000000e-01,-1.136801007618e+00,-3.801927574185e+00,3.968245180212e+00,4.421843914818e+00,0.000000000000e+00
2.016000000000e-01,-1.131134214323e+00,-3.835726190888e+00,3.999032385750e+00,4.425622769764e+00,0.000000000000e+00
2.020000000000e-01,-1.125612105518e+00,-3.869392176136e+00,4.029788880926e+00,4.429300165756e+00,0.000000000000e+00
2.024000000000e-01,-1.120233726544e+00,-3.902933312459e+00,4.060518691447e+00,4.432879299978e+00,0.000000000000e+00
2.028000000000e-01,-1.114997679304e+00,-3.936357340557e+00,4.091225847764e+00,4.436363350376e+00,0.000000000000e+00
2.032000000000e-01,-1.109902147125e+00,-3.969671968734e+00,4.121914399347e+00,4.439755472916e+00,0.000000000000e+00
2.036000000000e-01,-1.104944858303e+00,-4.002884870839e+00,4.152588401116e+00,4.443058812286e+00,0.000000000000e+00
2.040000000000e-01,-1.100124032353e+00,-4.036003414681e+00,4.183251898927e+00,4.446276268516e+00,0.000000000000e+00
2.044000000000e-01,-1.095438882081e+00,-4.069034539951e+00,4.213908925415e+00,4.449410384766e+00,0.000000000000e+00
2.048000000000e-01,-1.090888339689e+00,-4.101985132424e+00,4.244563510692e+00,4.452463674274e+00,0.000000000000e+00
2.052000000000e-01,-1.086470998239e+00,-4.134862031529e+00,4.275219672695e+00,4.455438636318e+00,0.000000000000e+00
2.056000000000e-01,-1.082185092593e+00,-4.167672042881e+00,4.305881423314e+00,4.458337762870e+00,0.000000000000e+00
2.060000000000e-01,-1.078029016051e+00,-4.200421796471e+00,4.336552758553e+00,4.461163416381e+00,0.000000000000e+00
2.064000000000e-01,-1.074002102722e+00,-4.233117534065e+00,4.367237636523e+00,4.463917649718e+00,0.000000000000e+00
2.068000000000e-01,-1.070103564720e+00,-4.265765426904e+00,4.397940008299e+00,4.466602469948e+00,0.000000000000e+00
2.072000000000e-01,-1.066332337004e+00,-4.298371599828e+00,4.428663801097e+00,4.469219876062e+00,0.000000000000e+00
2.076000000000e-01,-1.062687076561e+00,-4.330942137067e+00,4.459412922943e+00,4.471771860556e+00,0.000000000000e+00
2.080000000000e-01,-1.059166405362e+00,-4.363483030318e+00,4.490191268768e+00,4.474260355091e+00,0.000000000000e+00
2.084000000000e-01,-1.055769744402e+00,-4.395999942677e+00,4.521002681840e+00,4.476687041657e+00,0.000000000000e+00
2.088000000000e-01,-1.052496545578e+00,-4.428498444253e+00,4.551850991542e+00,4.479053537909e+00,0.000000000000e+00
2.092000000000e-01,-1.049346034268e+00,-4.460984066621e+00,4.582740003784e+00,4.481361457312e+00,0.000000000000e+00
2.096000000000e-01,-1.046317216762e+00,-4.493462294157e+00,4.613673493768e+00,4.483612407846e+00,0.000000000000e+00
2.100000000000e-01,-1.043408980108e+00,-4.525938563437e+00,4.644655227224e+00,4.485807971752e+00,0.000000000000e+00
2.104000000000e-01,-1.040620814156e+00,-4.558418054509e+00,4.675688915927e+00,4.487949546340e+00,0.000000000000e+00
2.108000000000e-01,-1.037952377628e+00,-4.590905829412e+00,4.706778247671e+00,4.490038447025e+00,0.000000000000e+00
2.112000000000e-01,-1.035403146644e+00,-4.623406921596e+00,4.737926892507e+00,4.492075986950e+00,0.000000000000e+00
2.116000000000e-01,-1.032972421080e+00,-4.655926314041e+00,4.769138482420e+00,4.494063475140e+00,0.000000000000e+00
2.120000000000e-01,-1.030659359715e+00,-4.688468962361e+00,4.800416640959e+00,4.496002210911e+00,0.000000000000e+00
2.124000000000e-01,-1.028463528296e+00,-4.721039635634e+00,4.831764943607e+00,4.497893366640e+00,0.000000000000e+00
2.128000000000e-01,-1.026384761880e+00,-4.753642965554e+00,4.863186930747e+00,4.499738022011e+00,0.000000000000e+00
2.132000000000e-01,-1.024422756373e+00,-4.786283562115e+00,4.894686130974e+00,4.501537253864e+00,0.000000000000e+00
2.136000000000e-01,-1.022577063618e+00,-4.818965985913e+00,4.926266032648e+00,4.503292136336e+00,0.000000000000e+00
2.140000000000e-01,-1.020847102007e+00,-4.851694776730e+00,4.957930113689e+00,4.505003740324e+00,0.000000000000e+00
2.144000000000e-01,-1.019232533317e+00,-4.884474346930e+00,4.989681813782e+00,4.506673055496e+00,0.000000000000e+00
2.148000000000e-01,-1.017733343048e+00,-4.917308961955e+00,5.021524527957e+00,4.508300976641e+00,0.000000000000e+00
2.152000000000e-01,-1.016349422582e+00,-4.950202867089e+00,5.053461642688e+00,4.509888392938e+00,0.000000000000e+00
2.156000000000e-01,-1.015080544614e+00,-4.983160263230e+00,5.085496506841e+00,4.511436192082e+00,0.000000000000e+00
2.160000000000e-01,-1.013926366771e+00,-5.016185329745e+00,5.117632454523e+00,4.512945260718e+00,0.000000000000e+00
2.164000000000e-01,-1.012886669614e+00,-5.049282163714e+00,5.149872792048e+00,4.514416436985e+00,0.000000000000e+00
2.168000000000e-01,-1.011961569487e+00,-5.082454715724e+00,5.182220774485e+00,4.515850469476e+00,0.000000000000e+00
2.172000000000e-01,-1.011151134252e+00,-5.115706912930e+00,5.214679648386e+00,4.517248097057e+00,0.000000000000e+00
2.176000000000e-01,-1.010455334079e+00,-5.149042644972e+00,5.247252627986e+00,4.518610057976e+00,0.000000000000e+00
2.180000000000e-01,-1.009874043551e+00,-5.182465776529e+00,5.279942907715e+00,4.519937090072e+00,0.000000000000e+00
2.184000000000e-01,-1.009407181735e+00,-5.215980121254e+00,5.312753663013e+00,4.521229904080e+00,0.000000000000e+00
2.188000000000e-01,-1.009054982768e+00,-5.249589354756e+00,5.345688014823e+00,4.522489131773e+00,0.000000000000e+00
2.192000000000e-01,-1.008817676402e+00,-5.283297122534e+00,5.378749072898e+00,4.523715390615e+00,0.000000000000e+00
2.196000000000e-01,-1.008695412542e+00,-5.317107039423e+00,5.411939920579e+00,4.524909297964e+00,0.000000000000e+00
2.200000000000e-01,-1.008688262107e+00,-5.351022691639e+00,5.445263616809e+00,4.526071471071e+00,0.000000000000e+00
2.204000000000e-01,-1.008796296825e+00,-5.385047633657e+00,5.478723207577e+00,4.527202512749e+00,0.000000000000e+00
2.208000000000e-01,-1.009019861595e+00,-5.419185295676e+00,5.512321684187e+00,4.528302960212e+00,0.000000000000e+00
2.212000000000e-01,-1.009359337062e+00,-5.453439069032e+00,5.546062021918e+00,4.529373332060e+00,0.000000000000e+00
2.216000000000e-01,-1.009815039322e+00,-5.487812320195e+00,5.579947174958e+00,4.530414147038e+00,0.000000000000e+00
2.220000000000e-01,-1.010387218685e+00,-5.522308383865e+00,5.613980069273e+00,4.531425924076e+00,0.000000000000e+00
2.224000000000e-01,-1.011076106478e+00,-5.556930573445e+00,5.648163621141e+00,4.532409174529e+00,0.000000000000e+00
2.228000000000e-01,-1.011882157470e+00,-5.591682093663e+00,5.682500693990e+00,4.533364357717e+00,0.000000000000e+00
2.232000000000e-01,-1.012805894697e+00,-5.626566101086e+00,5.716994128931e+00,4.534291911144e+00,0.000000000000e+00
2.236000000000e-01,-1.013847790102e+00,-5.661585731666e+00,5.751646750149e+00,4.535192272474e+00,0.000000000000e+00
2.240000000000e-01,-1.015008260574e+00,-5.696744086674e+00,5.786461350263e+00,4.536065879808e+00,0.000000000000e+00
2.244000000000e-01,-1.016287697347e+00,-5.732044251043e+00,5.821440713405e+00,4.536913167295e+00,0.000000000000e+00
2.248000000000e-01,-1.017686669127e+00,-5.767489215072e+00,5.856587573194e+00,4.537734528789e+00,0.000000000000e+00
2.252000000000e-01,-1.019205834687e+00,-5.803081912438e+00,5.891904633981e+00,4.538530334825e+00,0.000000000000e+00
2.256000000000e-01,-1.020845813949e+00,-5.838825258721e+00,5.927394585965e+00,4.539300955899e+00,0.000000000000e+00
2.260000000000e-01,-1.022607180752e+00,-5.874722131728e+00,5.963060084482e+00,4.540046763118e+00,0.000000000000e+00
2.264000000000e-01,-1.024490483219e+00,-5.910775394497e+00,5.998903776058e+00,4.540768125529e+00,0.000000000000e+00
2.268000000000e-01,-1.026496409645e+00,-5.946987826326e+00,6.034928258520e+00,4.541465381154e+00,0.000000000000e+00
2.272000000000e-01,-1.028625749880e+00,-5.983362142540e+00,6.071136093195e+00,4.542138844771e+00,0.000000000000e+00
2.276000000000e-01,-1.030879265878e+00,-6.019901041308e+00,6.107529828659e+00,4.542788830812e+00,0.000000000000e+00
2.280000000000e-01,-1.033257681125e+00,-6.056607179338e+00,6.144111974925e+00,4.543415654427e+00,0.000000000000e+00
2.284000000000e-01,-1.035761696373e+00,-6.093483197969e+00,6.180885031742e+00,4.544019629677e+00,0.000000000000e+00
2.288000000000e-01,-1.038392124832e+00,-6.130531662003e+00,6.217851450762e+00,4.544601046501e+00,0.000000000000e+00
2.292000000000e-01,-1.041149884533e+00,-6.167755065756e+00,6.255013639731e+00,4.545160172809e+00,0.000000000000e+00
2.296000000000e-01,-1.044035874939e+00,-6.205155886027e+00,6.292373993816e+00,4.545697275898e+00,0.000000000000e+00
2.300000000000e-01,-1.047050963527e+00,-6.242736553474e+00,6.329934865091e+00,4.546212623816e+00,0.000000000000e+00
2.304000000000e-01,-1.050195999231e+00,-6.280499481366e+00,6.367698593074e+00,4.546706484028e+00,0.000000000000e+00
2.308000000000e-01,-1.053471924362e+00,-6.318447009802e+00,6.405667468039e+00,4.547179104763e+00,0.000000000000e+00
2.312000000000e-01,-1.056879783477e+00,-6.356581402342e+00,6.443843728810e+00,4.547630714159e+00,0.000000000000e+00
2.316000000000e-01,-1.060420610007e+00,-6.394904903629e+00,6.482229600731e+00,4.548061539578e+00,0.000000000000e+00
2.320000000000e-01,-1.064095410842e+00,-6.433419706083e+00,6.520827260248e+00,4.548471809138e+00,0.000000000000e+00
2.324000000000e-01,-1.067905178896e+00,-6.472127981844e+00,6.559638868450e+00,4.548861750600e+00,0.000000000000e+00
2.328000000000e-01,-1.071850988365e+00,-6.511031829273e+00,6.598666533707e+00,4.549231575826e+00,0.000000000000e+00
2.332000000000e-01,-1.075934009303e+00,-6.550133264416e+00,6.637912305385e+00,4.549581478877e+00,0.000000000000e+00
2.336000000000e-01,-1.080155406116e+00,-6.589434282071e+00,6.677378217466e+00,4.549911653032e+00,0.000000000000e+00
2.340000000000e-01,-1.084516321116e+00,-6.628936816934e+00,6.717066247528e+00,4.550222292296e+00,0.000000000000e+00
2.344000000000e-01,-1.089017887276e+00,-6.668642780150e+00,6.756978354860e+00,4.550513590398e+00,0.000000000000e+00
2.348000000000e-01,-1.093661312062e+00,-6.708554004160e+00,6.797116439509e+00,4.550785727316e+00,0.000000000000e+00
2.352000000000e-01,-1.098447889980e+00,-6.748672233776e+00,6.837482335329e+00,4.551038867669e+00,0.000000000000e+00
2.356000000000e-01,-1.103378913523e+00,-6.788999189117e+00,6.878077857704e+00,4.551273175422e+00,0.000000000000e+00
2.360000000000e-01,-1.108455656569e+00,-6.829536520268e+00,6.918904756119e+00,4.551488815225e+00,0.000000000000e+00
2.364000000000e-01,-1.113679388370e+00,-6.870285850526e+00,6.959964759107e+00,4.551685951408e+00,0.000000000000e+00
2.368000000000e-01,-1.119051449619e+00,-6.911248714637e+00,7.001259525433e+00,4.551864735849e+00,0.000000000000e+00
2.372000000000e-01,-1.124573257647e+00,-6.952426555558e+00,7.042790641660e+00,4.552025307539e+00,0.000000000000e+00
2.376000000000e-01,-1.130246229773e+00,-6.993820786329e+00,7.084559670947e+00,4.552167805041e+00,0.000000000000e+00
2.380000000000e-01,-1.136071767311e+00,-7.035432738063e+00,7.126568099183e+00,4.552292367545e+00,0.000000000000e+00
2.384000000000e-01,-1.142051271887e+00,-7.077263712095e+00,7.168817389093e+00,4.552399133765e+00,0.000000000000e+00
2.388000000000e-01,-1.148186215820e+00,-7.119314905609e+00,7.211308918042e+00,4.552488230665e+00,0.000000000000e+00
2.392000000000e-01,-1.154478136555e+00,-7.161587422345e+00,7.254043987713e+00,4.552559774797e+00,0.000000000000e+00
2.396000000000e-01,-1.160928572083e+00,-7.204082327577e+00,7.297023868125e+00,4.552613882532e+00,0.000000000000e+00
2.400000000000e-01,-1.167539046364e+00,-7.246800591803e+00,7.340249739767e+00,4.552650670803e+00,0.000000000000e+00
2.404000000000e-01,-1.174311089048e+00,-7.289743152454e+00,7.383722757703e+00,4.552670255772e+00,0.000000000000e+00
2.408000000000e-01,-1.181246300588e+00,-7.332910820889e+00,7.427443970153e+00,4.552672742195e+00,0.000000000000e+00
2.412000000000e-01,-1.188346334337e+00,-7.376304317661e+00,7.471414350515e+00,4.552658226862e+00,0.000000000000e+00
2.416000000000e-01,-1.195612843351e+00,-7.419924310453e+00,7.515634826416e+00,4.552626806610e+00,0.000000000000e+00
2.420000000000e-01,-1.203047468402e+00,-7.463771360690e+00,7.560106225172e+00,4.552578578748e+00,0.000000000000e+00
2.424000000000e-01,-1.210651862020e+00,-7.507845991105e+00,7.604829344382e+00,4.552513639327e+00,0.000000000000e+00
2.428000000000e-01,-1.218427746867e+00,-7.552148570829e+00,7.649804847852e+00,4.552432073230e+00,0.000000000000e+00
2.432000000000e-01,-1.226376886130e+00,-7.596679386537e+00,7.695033331225e+00,4.552333959752e+00,0.000000000000e+00
2.436000000000e-01,-1.234501040288e+00,-7.641438648619e+00,7.740515321287e+00,4.552219378384e+00,0.000000000000e+00
2.440000000000e-01,-1.242801959691e+00,-7.686426454953e+00,7.786251239102e+00,4.552088408989e+00,0.000000000000e+00
2.444000000000e-01,-1.251281413377e+00,-7.731642852045e+00,7.832241465062e+00,4.551941129379e+00,0.000000000000e+00
2.448000000000e-01,-1.259941237154e+00,-7.777087703806e+00,7.878486217147e+00,4.551777606666e+00,0.000000000000e+00
2.452000000000e-01,-1.268783295692e+00,-7.822760804653e+00,7.924985656659e+00,4.551597904545e+00,0.000000000000e+00
2.456000000000e-01,-1.277809446729e+00,-7.868661838156e+00,7.971739841804e+00,4.551402086972e+00,0.000000000000e+00
2.460000000000e-01,-1.287021541149e+00,-7.914790379071e+00,8.018748729822e+00,4.551190218156e+00,0.000000000000e+00
2.464000000000e-01,-1.296421456290e+00,-7.961145922252e+00,8.066012210983e+00,4.550962359016e+00,0.000000000000e+00
2.468000000000e-01,-1.306011128250e+00,-8.007727760647e+00,8.113529993520e+00,4.550718560896e+00,0.000000000000e+00
2.472000000000e-01,-1.315792511902e+00,-8.054535127596e+00,8.161301737839e+00,4.550458873441e+00,0.000000000000e+00
2.476000000000e-01,-1.325767549304e+00,-8.101567102417e+00,8.209326958390e+00,4.550183346557e+00,0.000000000000e+00
2.480000000000e-01,-1.335938180818e+00,-8.148822671060e+00,8.257605085456e+00,4.549892030210e+00,0.000000000000e+00
2.484000000000e-01,-1.346306380314e+00,-8.196300687196e+00,8.306135432594e+00,4.549584969448e+00,0.000000000000e+00
2.488000000000e-01,-1.356874167910e+00,-8.243999807076e+00,8.354917134635e+00,4.549262201720e+00,0.000000000000e+00
2.492000000000e-01,-1.367643573118e+00,-8.291918619269e+00,8.403949269936e+00,4.548923763872e+00,0.000000000000e+00
2.496000000000e-01,-1.378616606844e+00,-8.340055519089e+00,8.453230732102e+00,4.548569692974e+00,0.000000000000e+00
2.500000000000e-01,-1.389795285395e+00,-8.388408826688e+00,8.502760350554e+00,4.548200025724e+00,0.000000000000e+00
2.504000000000e-01,-1.401181661861e+00,-8.436976657145e+00,8.552536767694e+00,4.547814792307e+00,0.000000000000e+00
2.508000000000e-01,-1.412777821354e+00,-8.485756963016e+00,8.602558480353e+00,4.547414017865e+00,0.000000000000e+00
2.512000000000e-01,-1.424585846401e+00,-8.534747584956e+00,8.652823884298e+00,4.546997727478e+00,0.000000000000e+00
2.516000000000e-01,-1.436607799554e+00,-8.583946161575e+00,8.703331182631e+00,4.546565946372e+00,0.000000000000e+00
2.520000000000e-01,-1.448845755730e+00,-8.633350249090e+00,8.754078509322e+00,4.546118698444e+00,0.000000000000e+00
2.524000000000e-01,-1.461301823585e+00,-8.682957130671e+00,8.805063744953e+00,4.545656000254e+00,0.000000000000e+00
2.528000000000e-01,-1.473978130136e+00,-8.732763978040e+00,8.856284673850e+00,4.545177865878e+00,0.000000000000e+00
2.532000000000e-01,-1.486876784157e+00,-8.782767771456e+00,8.907738899328e+00,4.544684309461e+00,0.000000000000e+00
2.536000000000e-01,-1.499999879879e+00,-8.832965325085e+00,8.959423869524e+00,4.544175345188e+00,0.000000000000e+00
2.540000000000e-01,-1.513349528047e+00,-8.883353302619e+00,9.011336898218e+00,4.543650984083e+00,0.000000000000e+00
2.544000000000e-01,-1.526927863375e+00,-8.933928085625e+00,9.063475036600e+00,4.543111230752e+00,0.000000000000e+00
2.548000000000e-01,-1.540737024820e+00,-8.984685960147e+00,9.115835254222e+00,4.542556089032e+00,0.000000000000e+00
2.552000000000e-01,-1.554779118151e+00,-9.035622945673e+00,9.168414264343e+00,4.541985562790e+00,0.000000000000e+00
2.556000000000e-01,-1.569056244857e+00,-9.086734948958e+00,9.221208680652e+00,4.541399655542e+00,0.000000000000e+00
2.560000000000e-01,-1.583570520361e+00,-9.138017605912e+00,9.274214864824e+00,4.540798365519e+00,0.000000000000e+00
2.564000000000e-01,-1.598324072350e+00,-9.189466342619e+00,9.327428986724e+00,4.540181686979e+00,0.000000000000e+00
2.568000000000e-01,-1.613319011049e+00,-9.241076416741e+00,9.380847060445e+00,4.539549614069e+00,0.000000000000e+00
2.572000000000e-01,-1.628557411111e+00,-9.292842825307e+00,9.434464850596e+00,4.538902140918e+00,0.000000000000e+00
2.576000000000e-01,-1.644041348930e+00,-9.344760437187e+00,9.488278009492e+00,4.538239260024e+00,0.000000000000e+00
2.580000000000e-01,-1.659772905501e+00,-9.396823766765e+00,9.542281855064e+00,4.537560957775e+00,0.000000000000e+00
2.584000000000e-01,-1.675754161224e+00,-9.449027202334e+00,9.596471595295e+00,4.536867219116e+00,0.000000000000e+00
2.588000000000e-01,-1.691987151992e+00,-9.501364839410e+00,9.650842156729e+00,4.536158028922e+00,0.000000000000e+00
2.592000000000e-01,-1.708473890320e+00,-9.553830602212e+00,9.705388308031e+00,4.535433371883e+00,0.000000000000e+00
2.596000000000e-01,-1.725216384674e+00,-9.606418147039e+00,9.760104568584e+00,4.534693228664e+00,0.000000000000e+00
2.600000000000e-01,-1.742216638440e+00,-9.659120842786e+00,9.814985189536e+00,4.533937575592e+00,0.000000000000e+00
2.604000000000e-01,-1.759476629444e+00,-9.711931887215e+00,9.870024264989e+00,4.533166388726e+00,0.000000000000e+00
2.608000000000e-01,-1.776998279302e+00,-9.764844155157e+00,9.925215577465e+00,4.532379644011e+00,0.000000000000e+00
2.612000000000e-01,-1.794783495982e+00,-9.817850380355e+00,9.980552784715e+00,4.531577316146e+00,0.000000000000e+00
2.616000000000e-01,-1.812834169217e+00,-9.870942896835e+00,1.003602916485e+01,4.530759374263e+00,0.000000000000e+00
2.620000000000e-01,-1.831152173445e+00,-9.924113881835e+00,1.009163785626e+01,4.529925785909e+00,0.000000000000e+00
2.624000000000e-01,-1.849739320132e+00,-9.977355185493e+00,1.014737168187e+01,4.529076518482e+00,0.000000000000e+00
2.628000000000e-01,-1.868597379462e+00,-1.003065845538e+01,1.020322327576e+01,4.528211539147e+00,0.000000000000e+00
2.632000000000e-01,-1.887728096940e+00,-1.008401503670e+01,1.025918498851e+01,4.527330811264e+00,0.000000000000e+00
2.636000000000e-01,-1.907133191495e+00,-1.013741596167e+01,1.031524887679e+01,4.526434294246e+00,0.000000000000e+00
2.640000000000e-01,-1.926814335437e+00,-1.019085205603e+01,1.037140680482e+01,4.525521947228e+00,0.000000000000e+00
2.644000000000e-01,-1.946773124707e+00,-1.024431379919e+01,1.042765030174e+01,4.524593729163e+00,0.000000000000e+00
2.648000000000e-01,-1.967011123506e+00,-1.029779149729e+01,1.048397074021e+01,4.523649597464e+00,0.000000000000e+00
2.652000000000e-01,-1.987529852562e+00,-1.035127502487e+01,1.054035908095e+01,4.522689504321e+00,0.000000000000e+00
2.656000000000e-01,-2.008330795149e+00,-1.040475409379e+01,1.059680613841e+01,4.521713400767e+00,0.000000000000e+00
2.660000000000e-01,-2.029415343150e+00,-1.045821803743e+01,1.065330235905e+01,4.520721237609e+00,0.000000000000e+00
2.664000000000e-01,-2.050784833243e+00,-1.051165600109e+01,1.070983801547e+01,4.519712965212e+00,0.000000000000e+00
2.668000000000e-01,-2.072440550296e+00,-1.056505675208e+01,1.076640302093e+01,4.518688529574e+00,0.000000000000e+00
2.672000000000e-01,-2.094383730878e+00,-1.061840878932e+01,1.082298703821e+01,4.517647873759e+00,0.000000000000e+00
2.676000000000e-01,-2.116615528284e+00,-1.067170032959e+01,1.087957945966e+01,4.516590940599e+00,0.000000000000e+00
2.680000000000e-01,-2.139137005056e+00,-1.072491928639e+01,1.093616938539e+01,4.515517672708e+00,0.000000000000e+00
2.684000000000e-01,-2.161949167109e+00,-1.077805332352e+01,1.099274568276e+01,4.514428010083e+00,0.000000000000e+00
2.688000000000e-01,-2.185052953060e+00,-1.083108970840e+01,1.104929684093e+01,4.513321888214e+00,0.000000000000e+00
2.692000000000e-01,-2.208449228761e+00,-1.088401552043e+01,1.110581117456e+01,4.512199242045e+00,0.000000000000e+00
2.696000000000e-01,-2.232138740813e+00,-1.093681745302e+01,1.116227662079e+01,4.511060006249e+00,0.000000000000e+00
2.700000000000e-01,-2.256122166327e+00,-1.098948202556e+01,1.121868095720e+01,4.509904114318e+00,0.000000000000e+00
2.704000000000e-01,-2.280400100147e+00,-1.104199532185e+01,1.127501154343e+01,4.508731494731e+00,0.000000000000e+00
2.708000000000e-01,-2.304973062729e+00,-1.109434324427e+01,1.133125557216e+01,4.507542074555e+00,0.000000000000e+00
2.712000000000e-01,-2.329841444872e+00,-1.114651132701e+01,1.138739987536e+01,4.506335780580e+00,0.000000000000e+00
2.716000000000e-01,-2.355005542206e+00,-1.119848490852e+01,1.144343110043e+01,4.505112539088e+00,0.000000000000e+00
2.720000000000e-01,-2.380465560228e+00,-1.125024895826e+01,1.149933554195e+01,4.503872272001e+00,0.000000000000e+00
2.724000000000e-01,-2.406221617071e+00,-1.130178819757e+01,1.155509926107e+01,4.502614898530e+00,0.000000000000e+00
2.728000000000e-01,-2.432273702925e+00,-1.135308706168e+01,1.161070804025e+01,4.501340337623e+00,0.000000000000e+00
2.732000000000e-01,-2.458621682512e+00,-1.140412973016e+01,1.166614741378e+01,4.500048507932e+00,0.000000000000e+00
2.736000000000e-01,-2.485265323331e+00,-1.145490011297e+01,1.172140266033e+01,4.498739324843e+00,0.000000000000e+00
2.740000000000e-01,-2.512204290148e+00,-1.150538180662e+01,1.177645875939e+01,4.497412699838e+00,0.000000000000e+00
2.744000000000e-01,-2.539438122491e+00,-1.155555820329e+01,1.183130049350e+01,4.496068544012e+00,0.000000000000e+00
2.748000000000e-01,-2.566966208997e+00,-1.160541240095e+01,1.188591235515e+01,4.494706768193e+00,0.000000000000e+00
2.752000000000e-01,-2.594787829855e+00,-1.165492730926e+01,1.194027865948e+01,4.493327280988e+00,0.000000000000e+00
2.756000000000e-01,-2.622902150224e+00,-1.170408550133e+01,1.199438339858e+01,4.491929986304e+00,0.000000000000e+00
2.760000000000e-01,-2.651308208414e+00,-1.175286939916e+01,1.204821042021e+01,4.490514787346e+00,0.000000000000e+00
2.764000000000e-01,-2.680004875117e+00,-1.180126113601e+01,1.210174328479e+01,4.489081587040e+00,0.000000000000e+00
2.768000000000e-01,-2.708990896535e+00,-1.184924270539e+01,1.215496542030e+01,4.487630286871e+00,0.000000000000e+00
2.772000000000e-01,-2.738264896042e+00,-1.189679579089e+01,1.220785995705e+01,4.486160783293e+00,0.000000000000e+00
2.776000000000e-01,-2.767825363927e+00,-1.194390194984e+01,1.226040990475e+01,4.484672971567e+00,0.000000000000e+00
2.780000000000e-01,-2.797670614238e+00,-1.199054249701e+01,1.231259802959e+01,4.483166746692e+00,0.000000000000e+00
2.784000000000e-01,-2.827798818110e+00,-1.203669863247e+01,1.236440698637e+01,4.481642002699e+00,0.000000000000e+00
2.788000000000e-01,-2.858208019280e+00,-1.208235130911e+01,1.241581919320e+01,4.480098628633e+00,0.000000000000e+00
2.792000000000e-01,-2.888896120415e+00,-1.212748136715e+01,1.246681695964e+01,4.478536511766e+00,0.000000000000e+00
2.796000000000e-01,-2.919860844240e+00,-1.217206947331e+01,1.251738241857e+01,4.476955539137e+00,0.000000000000e+00
2.800000000000e-01,-2.951099753503e+00,-1.221609620169e+01,1.256749760947e+01,4.475355597091e+00,0.000000000000e+00
2.804000000000e-01,-2.982610280477e+00,-1.225954195672e+01,1.261714441044e+01,4.473736567199e+00,0.000000000000e+00
2.808000000000e-01,-3.014389709795e+00,-1.230238705193e+01,1.266630461098e+01,4.472098328713e+00,0.000000000000e+00
2.812000000000e-01,-3.046435144496e+00,-1.234461170293e+01,1.271495989714e+01,4.470440760679e+00,0.000000000000e+00
2.816000000000e-01,-3.078743514703e+00,-1.238619606623e+01,1.276309189109e+01,4.468763741609e+00,0.000000000000e+00
2.820000000000e-01,-3.111311618096e+00,-1.242712020869e+01,1.281068213118e+01,4.467067145463e+00,0.000000000000e+00
2.824000000000e-01,-3.144136101022e+00,-1.246736414440e+01,1.285771210328e+01,4.465350843455e+00,0.000000000000e+00
2.828000000000e-01,-3.177213427824e+00,-1.250690786590e+01,1.290416326354e+01,4.463614706613e+00,0.000000000000e+00
2.832000000000e-01,-3.210539882037e+00,-1.254573135493e+01,1.295001704880e+01,4.461858605525e+00,0.000000000000e+00
2.836000000000e-01,-3.244111614827e+00,-1.258381458352e+01,1.299525488946e+01,4.460082406380e+00,0.000000000000e+00
2.840000000000e-01,-3.277924625345e+00,-1.262113752481e+01,1.303985821509e+01,4.458285972344e+00,0.000000000000e+00
2.844000000000e-01,-3.311974732142e+00,-1.265768020812e+01,1.308380850048e+01,4.456469166419e+00,0.000000000000e+00
2.848000000000e-01,-3.346257569922e+00,-1.269342271231e+01,1.312708725795e+01,4.454631851218e+00,0.000000000000e+00
2.852000000000e-01,-3.380768644730e+00,-1.272834518834e+01,1.316967607281e+01,4.452773885004e+00,0.000000000000e+00
2.856000000000e-01,-3.415503312274e+00,-1.276242785295e+01,1.321155659179e+01,4.450895122901e+00,0.000000000000e+00
2.860000000000e-01,-3.450456752167e+00,-1.279565106139e+01,1.325271058627e+01,4.448995419903e+00,0.000000000000e+00
2.864000000000e-01,-3.485623961242e+00,-1.282799528507e+01,1.329311992848e+01,4.447074630628e+00,0.000000000000e+00
2.868000000000e-01,-3.520999816819e+00,-1.285944115478e+01,1.333276664925e+01,4.445132605285e+00,0.000000000000e+00
2.872000000000e-01,-3.556579048786e+00,-1.288996943591e+01,1.337163290660e+01,4.443169190984e+00,0.000000000000e+00
2.876000000000e-01,-3.592356220156e+00,-1.291956112277e+01,1.340970107114e+01,4.441184234766e+00,0.000000000000e+00
2.880000000000e-01,-3.628325715394e+00,-1.294819739211e+01,1.344695367740e+01,4.439177583263e+00,0.000000000000e+00
2.884000000000e-01,-3.664481815621e+00,-1.297585967624e+01,1.348337351387e+01,4.437149078540e+00,0.000000000000e+00
2.888000000000e-01,-3.700818657387e+00,-1.300252960809e+01,1.351894355873e+01,4.435098559768e+00,0.000000000000e+00
2.892000000000e-01,-3.737330225838e+00,-1.302818915063e+01,1.355364710185e+01,4.433025866129e+00,0.000000000000e+00
2.896000000000e-01,-3.774010334218e+00,-1.305282050912e+01,1.358746765391e+01,4.430930836301e+00,0.000000000000e+00
2.900000000000e-01,-3.810852716478e+00,-1.307640625083e+01,1.362038908635e+01,4.428813304176e+00,0.000000000000e+00
2.904000000000e-01,-3.847850963918e+00,-1.309892920209e+01,1.365239551441e+01,4.426673101118e+00,0.000000000000e+00
2.908000000000e-01,-3.884998539002e+00,-1.312037263021e+01,1.368347147487e+01,4.424510058596e+00,0.000000000000e+00
2.912000000000e-01,-3.922288741506e+00,-1.314072009540e+01,1.371360177333e+01,4.422324007389e+00,0.000000000000e+00
2.916000000000e-01,-3.959714822956e+00,-1.315995563352e+01,1.374277169116e+01,4.420114773272e+00,0.000000000000e+00
2.920000000000e-01,-3.997269893810e+00,-1.317806359019e+01,1.377096679943e+01,4.417882180003e+00,0.000000000000e+00
2.924000000000e-01,-4.034946964328e+00,-1.319502886572e+01,1.379817320417e+01,4.415626051549e+00,0.000000000000e+00
2.928000000000e-01,-4.072738896197e+00,-1.321083669866e+01,1.382437732396e+01,4.413346210852e+00,0.000000000000e+00
2.932000000000e-01,-4.110638536611e+00,-1.322547291238e+01,1.384956616414e+01,4.411042475752e+00,0.000000000000e+00
2.936000000000e-01,-4.148638596870e+00,-1.323892369245e+01,1.387372706745e+01,4.408714662685e+00,0.000000000000e+00
2.940000000000e-01,-4.186731718101e+00,-1.325117587730e+01,1.389684800991e+01,4.406362588387e+00,0.000000000000e+00
2.944000000000e-01,-4.224910418071e+00,-1.326221669951e+01,1.391891733668e+01,4.403986068046e+00,0.000000000000e+00
2.948000000000e-01,-4.263167227199e+00,-1.327203405723e+01,1.393992406089e+01,4.401584911917e+00,0.000000000000e+00
2.952000000000e-01,-4.301494557261e+00,-1.328061628581e+01,1.395985760519e+01,4.399158929480e+00,0.000000000000e+00
2.956000000000e-01,-4.339884773054e+00,-1.328795242846e+01,1.397870807995e+01,4.396707930564e+00,0.000000000000e+00
2.960000000000e-01,-4.378330159838e+00,-1.329403201022e+01,1.399646605673e+01,4.394231722752e+00,0.000000000000e+00
2.964000000000e-01,-4.416823026431e+00,-1.329884525017e+01,1.401312280096e+01,4.391730109241e+00,0.000000000000e+00
2.968000000000e-01,-4.455355599549e+00,-1.330238291689e+01,1.402867010041e+01,4.389202893009e+00,0.000000000000e+00
2.972000000000e-01,-4.493920070128e+00,-1.330463648296e+01,1.404310042478e+01,4.386649877345e+00,0.000000000000e+00
2.976000000000e-01,-4.532508613567e+00,-1.330559802765e+01,1.405640683836e+01,4.384070862537e+00,0.000000000000e+00
2.980000000000e-01,-4.571113420701e+00,-1.330526029576e+01,1.406858306450e+01,4.381465645389e+00,0.000000000000e+00
2.984000000000e-01,-4.609726656412e+00,-1.330361672514e+01,1.407962349697e+01,4.378834022948e+00,0.000000000000e+00
2.988000000000e-01,-4.648340450988e+00,-1.330066140204e+01,1.408952315304e+01,4.376175792353e+00,0.000000000000e+00
2.992000000000e-01,-4.686946995545e+00,-1.329638916311e+01,1.409827779964e+01,4.373490747154e+00,0.000000000000e+00
2.996000000000e-01,-4.725538476990e+00,-1.329079544671e+01,1.410588379024e+01,4.370778678563e+00,0.000000000000e+00
3.000000000000e-01,-4.764107121994e+00,-1.328387652514e+01,1.411233829686e+01,4.368039378365e+00,0.000000000000e+00
3.004000000000e-01,-4.802645126448e+00,-1.327562924934e+01,1.411763904400e+01,4.365272638000e+00,0.000000000000e+00
3.008000000000e-01,-4.841144815132e+00,-1.326605133409e+01,1.412178462942e+01,4.362478245149e+00,0.000000000000e+00
3.012000000000e-01,-4.879598499003e+00,-1.325514105146e+01,1.412477418600e+01,4.359655986348e+00,0.000000000000e+00
3.016000000000e-01,-4.917998580388e+00,-1.324289757899e+01,1.412660774299e+01,4.356805648896e+00,0.000000000000e+00
3.020000000000e-01,-4.956337462442e+00,-1.322932065935e+01,1.412728587342e+01,4.353927019086e+00,0.000000000000e+00
3.024000000000e-01,-4.994607704341e+00,-1.321441090667e+01,1.412681003378e+01,4.351019879952e+00,0.000000000000e+00
3.028000000000e-01,-5.032801882826e+00,-1.319816953860e+01,1.412518226295e+01,4.348084014390e+00,0.000000000000e+00
3.032000000000e-01,-5.070912677708e+00,-1.318059861634e+01,1.412240543498e+01,4.345119206030e+00,0.000000000000e+00
3.036000000000e-01,-5.108932843228e+00,-1.316170085157e+01,1.411848306663e+01,4.342125236907e+00,0.000000000000e+00
3.040000000000e-01,-5.146855266800e+00,-1.314147971289e+01,1.411341943619e+01,4.339101886861e+00,0.000000000000e+00
3.044000000000e-01,-5.184672925358e+00,-1.311993939466e+01,1.410721953690e+01,4.336048936286e+00,0.000000000000e+00
3.048000000000e-01,-5.222378881906e+00,-1.309708478088e+01,1.409988904012e+01,4.332966166069e+00,0.000000000000e+00
3.052000000000e-01,-5.259966361854e+00,-1.307292152668e+01,1.409143439720e+01,4.329853355367e+00,0.000000000000e+00
3.056000000000e-01,-5.297428684679e+00,-1.304745588982e+01,1.408186265613e+01,4.326710282375e+00,0.000000000000e+00
3.060000000000e-01,-5.334759335795e+00,-1.302069495547e+01,1.407118169502e+01,4.323536726252e+00,0.000000000000e+00
3.064000000000e-01,-5.371951878172e+00,-1.299264635940e+01,1.405939993036e+01,4.320332466300e+00,0.000000000000e+00
3.068000000000e-01,-5.409000091926e+00,-1.296331855326e+01,1.404652661365e+01,4.317097280648e+00,0.000000000000e+00
3.072000000000e-01,-5.445897847537e+00,-1.293272051469e+01,1.403257151334e+01,4.313830947502e+00,0.000000000000e+00
3.076000000000e-01,-5.482639212908e+00,-1.290086201327e+01,1.401754519966e+01,4.310533246146e+00,0.000000000000e+00
3.080000000000e-01,-5.519218373497e+00,-1.286775335470e+01,1.400145877584e+01,4.307203955949e+00,0.000000000000e+00
3.084000000000e-01,-5.555629717262e+00,-1.283340554520e+01,1.398432406100e+01,4.303842856142e+00,0.000000000000e+00
3.088000000000e-01,-5.591867780960e+00,-1.279783016836e+01,1.396615345391e+01,4.300449726720e+00,0.000000000000e+00
3.092000000000e-01,-5.627927276012e+00,-1.276103942289e+01,1.394695997616e+01,4.297024348637e+00,0.000000000000e+00
3.096000000000e-01,-5.663803100326e+00,-1.272304611528e+01,1.392675726832e+01,4.293566503675e+00,0.000000000000e+00
3.100000000000e-01,-5.699490310357e+00,-1.268386356395e+01,1.390555948917e+01,4.290075974344e+00,0.000000000000e+00
3.104000000000e-01,-5.734984184129e+00,-1.264350572640e+01,1.388338145574e+01,4.286552544324e+00,0.000000000000e+00
3.108000000000e-01,-5.770280147062e+00,-1.260198699945e+01,1.386023842905e+01,4.282995998332e+00,0.000000000000e+00
3.112000000000e-01,-5.805373849380e+00,-1.255932240237e+01,1.383614631094e+01,4.279406123339e+00,0.000000000000e+00
3.116000000000e-01,-5.840261093940e+00,-1.251552735029e+01,1.381112140637e+01,4.275782707427e+00,0.000000000000e+00
3.120000000000e-01,-5.874937929798e+00,-1.247061783434e+01,1.378518062446e+01,4.272125539953e+00,0.000000000000e+00
3.124000000000e-01,-5.909400565444e+00,-1.242461023495e+01,1.375834127115e+01,4.268434412474e+00,0.000000000000e+00
3.128000000000e-01,-5.943645412668e+00,-1.237752142381e+01,1.373062115814e+01,4.264709119878e+00,0.000000000000e+00
3.132000000000e-01,-5.977669089044e+00,-1.232936867233e+01,1.370203851974e+01,4.260949458300e+00,0.000000000000e+00
3.136000000000e-01,-6.011468427999e+00,-1.228016964886e+01,1.367261201327e+01,4.257155225254e+00,0.000000000000e+00
3.140000000000e-01,-6.045040449835e+00,-1.222994243519e+01,1.364236071977e+01,4.253326222979e+00,0.000000000000e+00
3.144000000000e-01,-6.078382350628e+00,-1.217870542773e+01,1.361130404832e+01,4.249462256906e+00,0.000000000000e+00
3.148000000000e-01,-6.111491583877e+00,-1.212647741874e+01,1.357946184380e+01,4.245563133825e+00,0.000000000000e+00
3.152000000000e-01,-6.144365784151e+00,-1.207327745307e+01,1.354685422333e+01,4.241628663120e+00,0.000000000000e+00
3.156000000000e-01,-6.177002769721e+00,-1.201912494708e+01,1.351350168205e+01,4.237658661428e+00,0.000000000000e+00
3.160000000000e-01,-6.209400555703e+00,-1.196403953559e+01,1.347942496067e+01,4.233652947584e+00,0.000000000000e+00
3.164000000000e-01,-6.241557413899e+00,-1.190804114096e+01,1.344464513350e+01,4.229611341881e+00,0.000000000000e+00
3.168000000000e-01,-6.273471777375e+00,-1.185114990337e+01,1.340918350138e+01,4.225533670878e+00,0.000000000000e+00
3.172000000000e-01,-6.305142245092e+00,-1.179338619516e+01,1.337306160455e+01,4.221419768485e+00,0.000000000000e+00
3.176000000000e-01,-6.336567659489e+00,-1.173477057595e+01,1.333630121786e+01,4.217269470177e+00,0.000000000000e+00
3.180000000000e-01,-6.367747082744e+00,-1.167532374992e+01,1.329892430143e+01,4.213082613897e+00,0.000000000000e+00
3.184000000000e-01,-6.398679709052e+00,-1.161506662213e+01,1.326095300706e+01,4.208859048732e+00,0.000000000000e+00
3.188000000000e-01,-6.429364917278e+00,-1.155402019833e+01,1.322240961334e+01,4.204598628722e+00,0.000000000000e+00
3.192000000000e-01,-6.459802347360e+00,-1.149220560414e+01,1.318331657872e+01,4.200301209335e+00,0.000000000000e+00
3.196000000000e-01,-6.489991805604e+00,-1.142964403660e+01,1.314369645268e+01,4.195966652773e+00,0.000000000000e+00
3.200000000000e-01,-6.519933209257e+00,-1.136635681217e+01,1.310357188841e+01,4.191594834271e+00,0.000000000000e+00
3.204000000000e-01,-6.549626704523e+00,-1.130236527045e+01,1.306296561564e+01,4.187185631537e+00,0.000000000000e+00
3.208000000000e-01,-6.579072678485e+00,-1.123769076766e+01,1.302190044112e+01,4.182738924457e+00,0.000000000000e+00
3.212000000000e-01,-6.608271608649e+00,-1.117235470844e+01,1.298039919975e+01,4.178254607089e+00,0.000000000000e+00
3.216000000000e-01,-6.637224118548e+00,-1.110637850599e+01,1.293848474583e+01,4.173732583271e+00,0.000000000000e+00
3.220000000000e-01,-6.665931079432e+00,-1.103978352294e+01,1.289617995335e+01,4.169172758321e+00,0.000000000000e+00
3.224000000000e-01,-6.694393549123e+00,-1.097259107642e+01,1.285350768937e+01,4.164575043990e+00,0.000000000000e+00
3.228000000000e-01,-6.722612618454e+00,-1.090482248611e+01,1.281049077403e+01,4.159939371371e+00,0.000000000000e+00
3.232000000000e-01,-6.750589589227e+00,-1.083649898224e+01,1.276715199229e+01,4.155265676143e+00,0.000000000000e+00
3.236000000000e-01,-6.778326003113e+00,-1.076764167027e+01,1.272351408000e+01,4.150553895847e+00,0.000000000000e+00
3.240000000000e-01,-6.805823473679e+00,-1.069827159107e+01,1.267959968576e+01,4.145803984215e+00,0.000000000000e+00
3.244000000000e-01,-6.833083691944e+00,-1.062840971318e+01,1.263543136471e+01,4.141015911254e+00,0.000000000000e+00
3.248000000000e-01,-6.860108581502e+00,-1.055807682004e+01,1.259103156568e+01,4.136189648824e+00,0.000000000000e+00
3.252000000000e-01,-6.886900267912e+00,-1.048729354269e+01,1.254642264355e+01,4.131325174618e+00,0.000000000000e+00
3.256000000000e-01,-6.913460836402e+00,-1.041608042186e+01,1.250162677779e+01,4.126422491666e+00,0.000000000000e+00
3.260000000000e-01,-6.939792552152e+00,-1.034445783518e+01,1.245666602951e+01,4.121481611192e+00,0.000000000000e+00
3.264000000000e-01,-6.965897906106e+00,-1.027244590509e+01,1.241156229132e+01,4.116502546004e+00,0.000000000000e+00
3.268000000000e-01,-6.991779460136e+00,-1.020006460911e+01,1.236633729320e+01,4.111485326245e+00,0.000000000000e+00
3.272000000000e-01,-7.017439768363e+00,-1.012733379051e+01,1.232101256419e+01,4.106430005821e+00,0.000000000000e+00
3.276000000000e-01,-7.042881603689e+00,-1.005427301606e+01,1.227560944170e+01,4.101336641357e+00,0.000000000000e+00
3.280000000000e-01,-7.068107944127e+00,-9.980901602664e+00,1.223014908788e+01,4.096205294714e+00,0.000000000000e+00
3.284000000000e-01,-7.093121672806e+00,-9.907238718660e+00,1.218465239938e+01,4.091036058275e+00,0.000000000000e+00
3.288000000000e-01,-7.117925806996e+00,-9.833303324284e+00,1.213914008739e+01,4.085829037476e+00,0.000000000000e+00
3.292000000000e-01,-7.142523571452e+00,-9.759114022835e+00,1.209363260065e+01,4.080584339186e+00,0.000000000000e+00
3.296000000000e-01,-7.166918268287e+00,-9.684689215193e+00,1.204815017582e+01,4.075302088153e+00,0.000000000000e+00
3.300000000000e-01,-7.191113106946e+00,-9.610047133156e+00,1.200271276080e+01,4.069982440563e+00,0.000000000000e+00
3.304000000000e-01,-7.215111500829e+00,-9.535205677551e+00,1.195734005883e+01,4.064625556712e+00,0.000000000000e+00
3.308000000000e-01,-7.238917061378e+00,-9.460182419218e+00,1.191205152887e+01,4.059231601649e+00,0.000000000000e+00
3.312000000000e-01,-7.262533269711e+00,-9.384994753477e+00,1.186686630987e+01,4.053800775218e+00,0.000000000000e+00
3.316000000000e-01,-7.285963687932e+00,-9.309659846455e+00,1.182180330231e+01,4.048333295761e+00,0.000000000000e+00
3.320000000000e-01,-7.309212067262e+00,-9.234194440082e+00,1.177688108123e+01,4.042829383082e+00,0.000000000000e+00
3.324000000000e-01,-7.332282241904e+00,-9.158615034227e+00,1.173211797674e+01,4.037289275106e+00,0.000000000000e+00
3.328000000000e-01,-7.355177881932e+00,-9.082937952708e+00,1.168753196905e+01,4.031713248253e+00,0.000000000000e+00
3.332000000000e-01,-7.377902843817e+00,-9.007179162196e+00,1.164314076324e+01,4.026101584786e+00,0.000000000000e+00
3.336000000000e-01,-7.400461168306e+00,-8.931354243589e+00,1.159896176940e+01,4.020454571427e+00,0.000000000000e+00
3.340000000000e-01,-7.422856744899e+00,-8.855478598749e+00,1.155501204968e+01,4.014772533042e+00,0.000000000000e+00
3.344000000000e-01,-7.445093494007e+00,-8.779567399573e+00,1.151130839037e+01,4.009055818146e+00,0.000000000000e+00
3.348000000000e-01,-7.467175506673e+00,-8.703635358662e+00,1.146786721688e+01,4.003304776941e+00,0.000000000000e+00
3.352000000000e-01,-7.489106957239e+00,-8.627696924315e+00,1.142470468917e+01,3.997519777940e+00,0.000000000000e+00
3.356000000000e-01,-7.510891805504e+00,-8.551766383817e+00,1.138183658279e+01,3.991701233805e+00,0.000000000000e+00
3.360000000000e-01,-7.532534177694e+00,-8.475857661812e+00,1.133927838275e+01,3.985849564759e+00,0.000000000000e+00
3.364000000000e-01,-7.554038366176e+00,-8.399984268814e+00,1.129704524882e+01,3.979965195436e+00,0.000000000000e+00
3.368000000000e-01,-7.575408500498e+00,-8.324159549010e+00,1.125515198239e+01,3.974048591007e+00,0.000000000000e+00
3.372000000000e-01,-7.596648703422e+00,-8.248396630742e+00,1.121361308862e+01,3.968100244202e+00,0.000000000000e+00
3.376000000000e-01,-7.617763247779e+00,-8.172708174818e+00,1.117244269665e+01,3.962120649822e+00,0.000000000000e+00
3.380000000000e-01,-7.638756483113e+00,-8.097106574096e+00,1.113165466050e+01,3.956110321270e+00,0.000000000000e+00
3.384000000000e-01,-7.659632518084e+00,-8.021604088208e+00,1.109126243761e+01,3.950069819622e+00,0.000000000000e+00
3.388000000000e-01,-7.680395606788e+00,-7.946212623214e+00,1.105127918976e+01,3.943999714770e+00,0.000000000000e+00
3.392000000000e-01,-7.701050147881e+00,-7.870943670146e+00,1.101171774242e+01,3.937900581259e+00,0.000000000000e+00
3.396000000000e-01,-7.721600371397e+00,-7.795808576909e+00,1.097259056301e+01,3.931773035466e+00,0.000000000000e+00
3.400000000000e-01,-7.742050480916e+00,-7.720818497253e+00,1.093390981838e+01,3.925617723136e+00,0.000000000000e+00
3.404000000000e-01,-7.762404805617e+00,-7.645984131458e+00,1.089568729841e+01,3.919435292571e+00,0.000000000000e+00
3.408000000000e-01,-7.782667737892e+00,-7.571315927027e+00,1.085793451745e+01,3.913226411096e+00,0.000000000000e+00
3.412000000000e-01,-7.802843427402e+00,-7.496824228962e+00,1.082066259859e+01,3.906991794417e+00,0.000000000000e+00
3.416000000000e-01,-7.822936147912e+00,-7.422519047885e+00,1.078388237095e+01,3.900732167493e+00,0.000000000000e+00
3.420000000000e-01,-7.842950293201e+00,-7.348410004294e+00,1.074760433273e+01,3.894448260481e+00,0.000000000000e+00
3.424000000000e-01,-7.862890087160e+00,-7.274506604017e+00,1.071183863091e+01,3.888140845249e+00,0.000000000000e+00
3.428000000000e-01,-7.882759726695e+00,-7.200818180831e+00,1.067659512121e+01,3.881810722149e+00,0.000000000000e+00
3.432000000000e-01,-7.902563504984e+00,-7.127353648677e+00,1.064188329120e+01,3.875458694651e+00,0.000000000000e+00
3.436000000000e-01,-7.922305759288e+00,-7.054121700737e+00,1.060771236000e+01,3.869085585654e+00,0.000000000000e+00
3.440000000000e-01,-7.941990605786e+00,-6.981130952703e+00,1.057409117424e+01,3.862692263748e+00,0.000000000000e+00
3.444000000000e-01,-7.961622261909e+00,-6.908389713068e+00,1.054102829277e+01,3.856279606320e+00,0.000000000000e+00
3.448000000000e-01,-7.981205038585e+00,-6.835905948169e+00,1.050853196218e+01,3.849848496746e+00,0.000000000000e+00
3.452000000000e-01,-8.000743081500e+00,-6.763687537457e+00,1.047661008917e+01,3.843399858044e+00,0.000000000000e+00
3.456000000000e-01,-8.020240524058e+00,-6.691742206333e+00,1.044527030860e+01,3.836934638032e+00,0.000000000000e+00
3.460000000000e-01,-8.039701562361e+00,-6.620077312566e+00,1.041451990426e+01,3.830453788352e+00,0.000000000000e+00
3.464000000000e-01,-8.059130414585e+00,-6.548700036925e+00,1.038436590327e+01,3.823958280032e+00,0.000000000000e+00
3.468000000000e-01,-8.078531120398e+00,-6.477617495888e+00,1.035481499044e+01,3.817449123423e+00,0.000000000000e+00
3.472000000000e-01,-8.097907793525e+00,-6.406836534798e+00,1.032587357157e+01,3.810927336625e+00,0.000000000000e+00
3.476000000000e-01,-8.117264614856e+00,-6.336363723508e+00,1.029754776945e+01,3.804393944595e+00,0.000000000000e+00
3.480000000000e-01,-8.136605614106e+00,-6.266205564978e+00,1.026984338255e+01,3.797850007196e+00,0.000000000000e+00
3.484000000000e-01,-8.155934829835e+00,-6.196368422389e+00,1.024276596308e+01,3.791296603262e+00,0.000000000000e+00
3.488000000000e-01,-8.175256328469e+00,-6.126858361820e+00,1.021632073801e+01,3.784734816360e+00,0.000000000000e+00
3.492000000000e-01,-8.194574178020e+00,-6.057681318593e+00,1.019051269155e+01,3.778165748176e+00,0.000000000000e+00
3.496000000000e-01,-8.213892325917e+00,-5.988843163809e+00,1.016534650577e+01,3.771590530023e+00,0.000000000000e+00
3.500000000000e-01,-8.233214759616e+00,-5.920349545952e+00,1.014082659472e+01,3.765010299964e+00,0.000000000000e+00
3.504000000000e-01,-8.252545510816e+00,-5.852205915916e+00,1.011695712605e+01,3.758426203447e+00,0.000000000000e+00
3.508000000000e-01,-8.271888487832e+00,-5.784417662821e+00,1.009374196485e+01,3.751839412770e+00,0.000000000000e+00
3.512000000000e-01,-8.291247622958e+00,-5.716990053201e+00,1.007118475720e+01,3.745251112720e+00,0.000000000000e+00
3.516000000000e-01,-8.310626846103e+00,-5.649928143348e+00,1.004928886042e+01,3.738662493854e+00,0.000000000000e+00
3.520000000000e-01,-8.330030075646e+00,-5.583236894454e+00,1.002805740314e+01,3.732074761227e+00,0.000000000000e+00
3.524000000000e-01,-8.349461172304e+00,-5.516921196466e+00,1.000749326034e+01,3.725489137883e+00,0.000000000000e+00
3.528000000000e-01,-8.368923996953e+00,-5.450985781986e+00,9.987599053936e+00,3.718906853351e+00,0.000000000000e+00
3.532000000000e-01,-8.388422438785e+00,-5.385435262515e+00,9.968377198835e+00,3.712329143935e+00,0.000000000000e+00
3.536000000000e-01,-8.407960307395e+00,-5.320274175154e+00,9.949829839226e+00,3.705757261366e+00,0.000000000000e+00
3.540000000000e-01,-8.427541433733e+00,-5.255506966472e+00,9.931958925203e+00,3.699192464789e+00,0.000000000000e+00
3.544000000000e-01,-8.447169627651e+00,-5.191137968325e+00,9.914766165901e+00,3.692636019829e+00,0.000000000000e+00
3.548000000000e-01,-8.466848688472e+00,-5.127171429187e+00,9.898253056866e+00,3.686089199471e+00,0.000000000000e+00
3.552000000000e-01,-8.486582410159e+00,-5.063611526884e+00,9.882420892656e+00,3.679553283711e+00,0.000000000000e+00
3.556000000000e-01,-8.506374548489e+00,-5.000462365207e+00,9.867270738407e+00,3.673029559778e+00,0.000000000000e+00
3.560000000000e-01,-8.526228882006e+00,-4.937727982425e+00,9.852803488184e+00,3.666519318516e+00,0.000000000000e+00
3.564000000000e-01,-8.546149165078e+00,-4.875412321458e+00,9.839019811749e+00,3.660023852997e+00,0.000000000000e+00
3.568000000000e-01,-8.566139148432e+00,-4.813519292309e+00,9.825920205646e+00,3.653544461735e+00,0.000000000000e+00
3.572000000000e-01,-8.586202560396e+00,-4.752052778475e+00,9.813504981278e+00,3.647082449050e+00,0.000000000000e+00
3.576000000000e-01,-8.606343138510e+00,-4.691016561986e+00,9.801774257888e+00,3.640639115646e+00,0.000000000000e+00
3.580000000000e-01,-8.626564639099e+00,-4.630414382892e+00,9.790728003057e+00,3.634215762240e+00,0.000000000000e+00
3.584000000000e-01,-8.646870757206e+00,-4.570250001339e+00,9.780365993487e+00,3.627813697899e+00,0.000000000000e+00
3.588000000000e-01,-8.667265220028e+00,-4.510527124754e+00,9.770687864088e+00,3.621434227815e+00,0.000000000000e+00
3.592000000000e-01,-8.687751779595e+00,-4.451249362226e+00,9.761693084121e+00,3.615078648394e+00,0.000000000000e+00
3.596000000000e-01,-8.708334148381e+00,-4.392420373837e+00,9.753380971763e+00,3.608748262701e+00,0.000000000000e+00
3.600000000000e-01,-8.729016034231e+00,-4.334043848586e+00,9.745750715431e+00,3.602444375749e+00,0.000000000000e+00
3.604000000000e-01,-8.749801189472e+00,-4.276123340777e+00,9.738801347231e+00,3.596168276160e+00,0.000000000000e+00
3.608000000000e-01,-8.770693372437e+00,-4.218662435446e+00,9.732531786620e+00,3.589921252006e+00,0.000000000000e+00
3.612000000000e-01,-8.791696286465e+00,-4.161664820127e+00,9.726940817571e+00,3.583704599180e+00,0.000000000000e+00
3.616000000000e-01,-8.812813692499e+00,-4.105134093488e+00,9.722027108798e+00,3.577519597618e+00,0.000000000000e+00
3.620000000000e-01,-8.834049396091e+00,-4.049073803192e+00,9.717789223701e+00,3.571367514373e+00,0.000000000000e+00
3.624000000000e-01,-8.855407140221e+00,-3.993487644172e+00,9.714225609035e+00,3.565249625772e+00,0.000000000000e+00
3.628000000000e-01,-8.876890698719e+00,-3.938379331514e+00,9.711334626914e+00,3.559167200580e+00,0.000000000000e+00
3.632000000000e-01,-8.898503921519e+00,-3.883752445797e+00,9.709114537461e+00,3.553121482630e+00,0.000000000000e+00
3.636000000000e-01,-8.920250632310e+00,-3.829610706563e+00,9.707563520629e+00,3.547113719920e+00,0.000000000000e+00
3.640000000000e-01,-8.942134635009e+00,-3.775957970565e+00,9.706679680822e+00,3.541145163318e+00,0.000000000000e+00
3.644000000000e-01,-8.964159827821e+00,-3.722797951852e+00,9.706461044533e+00,3.535217034576e+00,0.000000000000e+00
3.648000000000e-01,-8.986330133577e+00,-3.670134428142e+00,9.706905582639e+00,3.529330547884e+00,0.000000000000e+00
3.652000000000e-01,-9.008649425560e+00,-3.617971396482e+00,9.708011202013e+00,3.523486926819e+00,0.000000000000e+00
3.656000000000e-01,-9.031121656947e+00,-3.566312800479e+00,9.709775763293e+00,3.517687372518e+00,0.000000000000e+00
3.660000000000e-01,-9.053750856292e+00,-3.515162533897e+00,9.712197084467e+00,3.511933063472e+00,0.000000000000e+00
3.664000000000e-01,-9.076541011216e+00,-3.464524739387e+00,9.715272945116e+00,3.506225187834e+00,0.000000000000e+00
3.668000000000e-01,-9.099496146895e+00,-3.414403645752e+00,9.719001100086e+00,3.500564924178e+00,0.000000000000e+00
3.672000000000e-01,-9.122620404347e+00,-3.364803350275e+00,9.723379280262e+00,3.494953417067e+00,0.000000000000e+00
3.676000000000e-01,-9.145917918122e+00,-3.315728165226e+00,9.728405204898e+00,3.489391814244e+00,0.000000000000e+00
3.680000000000e-01,-9.169392821087e+00,-3.267182619610e+00,9.734076585752e+00,3.483881266014e+00,0.000000000000e+00
3.684000000000e-01,-9.193049375320e+00,-3.219171118257e+00,9.740391137202e+00,3.478422887152e+00,0.000000000000e+00
3.688000000000e-01,-9.216891882956e+00,-3.171698188918e+00,9.747346581695e+00,3.473017783399e+00,0.000000000000e+00
3.692000000000e-01,-9.240924632371e+00,-3.124768662089e+00,9.754940658597e+00,3.467667070168e+00,0.000000000000e+00
3.696000000000e-01,-9.265152020142e+00,-3.078387340288e+00,9.763171133048e+00,3.462371835895e+00,0.000000000000e+00
3.700000000000e-01,-9.289578534886e+00,-3.032559036093e+00,9.772035799320e+00,3.457133145853e+00,0.000000000000e+00
3.704000000000e-01,-9.314208664112e+00,-2.987288895975e+00,9.781532496835e+00,3.451952076210e+00,0.000000000000e+00
3.708000000000e-01,-9.339046966190e+00,-2.942582175687e+00,9.791659108516e+00,3.446829689423e+00,0.000000000000e+00
3.712000000000e-01,-9.364098137395e+00,-2.898444064397e+00,9.802413576319e+00,3.441767014694e+00,0.000000000000e+00
3.716000000000e-01,-9.389366897878e+00,-2.854880058182e+00,9.813793909064e+00,3.436765087525e+00,0.000000000000e+00
3.720000000000e-01,-9.414858011239e+00,-2.811895896024e+00,9.825798181414e+00,3.431824942465e+00,0.000000000000e+00
3.724000000000e-01,-9.440576403661e+00,-2.769497243006e+00,9.838424559470e+00,3.426947578394e+00,0.000000000000e+00
3.728000000000e-01,-9.466527056244e+00,-2.727690001560e+00,9.851671292283e+00,3.422133991790e+00,0.000000000000e+00
3.732000000000e-01,-9.492714992468e+00,-2.686480413765e+00,9.865536728520e+00,3.417385186685e+00,0.000000000000e+00
3.736000000000e-01,-9.519145391964e+00,-2.645874714256e+00,9.880019331808e+00,3.412702137333e+00,0.000000000000e+00
3.740000000000e-01,-9.545823529452e+00,-2.605879286315e+00,9.895117670361e+00,3.408085804952e+00,0.000000000000e+00
3.744000000000e-01,-9.572754739849e+00,-2.566500908472e+00,9.910830450698e+00,3.403537162419e+00,0.000000000000e+00
3.748000000000e-01,-9.599944490384e+00,-2.527746457011e+00,9.927156509765e+00,3.399057163055e+00,0.000000000000e+00
3.752000000000e-01,-9.627398388763e+00,-2.489622889285e+00,9.944094823905e+00,3.394646738638e+00,0.000000000000e+00
3.756000000000e-01,-9.655122125603e+00,-2.452137569551e+00,9.961644538946e+00,3.390306832403e+00,0.000000000000e+00
3.760000000000e-01,-9.683121502952e+00,-2.415298074881e+00,9.979804949569e+00,3.386038379115e+00,0.000000000000e+00
3.764000000000e-01,-9.711402505816e+00,-2.379112038754e+00,9.998575534691e+00,3.381842287927e+00,0.000000000000e+00
3.768000000000e-01,-9.739971221862e+00,-2.343587479022e+00,1.001795596290e+01,3.377719476052e+00,0.000000000000e+00
3.772000000000e-01,-9.768833847211e+00,-2.308732730311e+00,1.003794608246e+01,3.373670861730e+00,0.000000000000e+00
3.776000000000e-01,-9.797996790175e+00,-2.274556205051e+00,1.005854596998e+01,3.369697338413e+00,0.000000000000e+00
3.780000000000e-01,-9.827466580879e+00,-2.241066661292e+00,1.007975590868e+01,3.365799802675e+00,0.000000000000e+00
3.784000000000e-01,-9.857249877434e+00,-2.208273254917e+00,1.010157640740e+01,3.361979158772e+00,0.000000000000e+00
3.788000000000e-01,-9.887353559680e+00,-2.176185278276e+00,1.012400823684e+01,3.358236291045e+00,0.000000000000e+00
3.792000000000e-01,-9.917784655024e+00,-2.144812331308e+00,1.014705239959e+01,3.354572081896e+00,0.000000000000e+00
3.796000000000e-01,-9.948550352825e+00,-2.114164471058e+00,1.017071017842e+01,3.350987425545e+00,0.000000000000e+00
3.800000000000e-01,-9.979658061458e+00,-2.084251967743e+00,1.019498314313e+01,3.347483203011e+00,0.000000000000e+00
3.804000000000e-01,-1.001111537056e+01,-2.055085379344e+00,1.021987313420e+01,3.344060289830e+00,0.000000000000e+00
3.808000000000e-01,-1.004293006989e+01,-2.026675761343e+00,1.024538232719e+01,3.340719575432e+00,0.000000000000e+00
3.812000000000e-01,-1.007511016431e+01,-1.999034463223e+00,1.027151320927e+01,3.337461942908e+00,0.000000000000e+00
3.816000000000e-01,-1.010766388118e+01,-1.972173130121e+00,1.029826859186e+01,3.334288268697e+00,0.000000000000e+00
3.820000000000e-01,-1.014059968182e+01,-1.946103930192e+00,1.032565167019e+01,3.331199443639e+00,0.000000000000e+00
3.824000000000e-01,-1.017392624720e+01,-1.920839404949e+00,1.035366598375e+01,3.328196358438e+00,0.000000000000e+00
3.828000000000e-01,-1.020765252669e+01,-1.896392426558e+00,1.038231546145e+01,3.325279898239e+00,0.000000000000e+00
3.832000000000e-01,-1.024178773152e+01,-1.872776409008e+00,1.041160445924e+01,3.322450962263e+00,0.000000000000e+00
3.836000000000e-01,-1.027634130991e+01,-1.850005215453e+00,1.044153772272e+01,3.319710454783e+00,0.000000000000e+00
3.840000000000e-01,-1.031132302541e+01,-1.828093096323e+00,1.047212045878e+01,3.317059277294e+00,0.000000000000e+00
3.844000000000e-01,-1.034674292912e+01,-1.807054865325e+00,1.050335834519e+01,3.314498344916e+00,0.000000000000e+00
3.848000000000e-01,-1.038261133896e+01,-1.786905857730e+00,1.053525750802e+01,3.312028581962e+00,0.000000000000e+00
3.852000000000e-01,-1.041893893450e+01,-1.767661868503e+00,1.056782461068e+01,3.309650913759e+00,0.000000000000e+00
3.856000000000e-01,-1.045573671018e+01,-1.749339286928e+00,1.060106683752e+01,3.307366279153e+00,0.000000000000e+00
3.860000000000e-01,-1.049301596826e+01,-1.731955095457e+00,1.063499189294e+01,3.305175629458e+00,0.000000000000e+00
3.864000000000e-01,-1.053078841819e+01,-1.715526819678e+00,1.066960809860e+01,3.303079921204e+00,0.000000000000e+00
3.868000000000e-01,-1.056906611668e+01,-1.700072624727e+00,1.070492435789e+01,3.301080124916e+00,0.000000000000e+00
3.872000000000e-01,-1.060786147822e+01,-1.685611343311e+00,1.074095017873e+01,3.299177226255e+00,0.000000000000e+00
3.876000000000e-01,-1.064718737100e+01,-1.672162443151e+00,1.077769577180e+01,3.297372220269e+00,0.000000000000e+00
3.880000000000e-01,-1.068705705017e+01,-1.659746093609e+00,1.081517200458e+01,3.295666117117e+00,0.000000000000e+00
3.884000000000e-01,-1.072748418537e+01,-1.648383212404e+00,1.085339044549e+01,3.294059944367e+00,0.000000000000e+00
3.888000000000e-01,-1.076848295061e+01,-1.638095452603e+00,1.089236346113e+01,3.292554742890e+00,0.000000000000e+00
3.892000000000e-01,-1.081006795500e+01,-1.628905249086e+00,1.093210416627e+01,3.291151570318e+00,0.000000000000e+00
3.896000000000e-01,-1.085225428389e+01,-1.620835875790e+00,1.097262648496e+01,3.289851503745e+00,0.000000000000e+00
3.900000000000e-01,-1.089505758545e+01,-1.613911452649e+00,1.101394524988e+01,3.288655637125e+00,0.000000000000e+00
3.904000000000e-01,-1.093849400031e+01,-1.608156980449e+00,1.105607615153e+01,3.287565083211e+00,0.000000000000e+00
3.908000000000e-01,-1.098258021125e+01,-1.603598403216e+00,1.109903581107e+01,3.286580976126e+00,0.000000000000e+00
3.912000000000e-01,-1.102733353322e+01,-1.600262634676e+00,1.114284188853e+01,3.285704470047e+00,0.000000000000e+00
3.916000000000e-01,-1.107277184142e+01,-1.598177588729e+00,1.118751303272e+01,3.284936740186e+00,0.000000000000e+00
3.920000000000e-01,-1.111891362327e+01,-1.597372243825e+00,1.123306895942e+01,3.284278984965e+00,0.000000000000e+00
3.924000000000e-01,-1.116577808061e+01,-1.597876687866e+00,1.127953057777e+01,3.283732425609e+00,0.000000000000e+00
3.928000000000e-01,-1.121338505628e+01,-1.599722151361e+00,1.132691994242e+01,3.283298306740e+00,0.000000000000e+00
3.932000000000e-01,-1.126175507988e+01,-1.602941071619e+00,1.137526032925e+01,3.282977897925e+00,0.000000000000e+00
3.936000000000e-01,-1.131090949162e+01,-1.607567154006e+00,1.142457638962e+01,3.282772493755e+00,0.000000000000e+00
3.940000000000e-01,-1.136087036992e+01,-1.613635416875e+00,1.147489410935e+01,3.282683414665e+00,0.000000000000e+00
3.944000000000e-01,-1.141166056161e+01,-1.621182252833e+00,1.152624087335e+01,3.282712007622e+00,0.000000000000e+00
3.948000000000e-01,-1.146330383171e+01,-1.630245502191e+00,1.157864565204e+01,3.282859646086e+00,0.000000000000e+00
3.952000000000e-01,-1.151582480249e+01,-1.640864524010e+00,1.163213898076e+01,3.283127732022e+00,0.000000000000e+00
3.956000000000e-01,-1.156924896001e+01,-1.653080248931e+00,1.168675300535e+01,3.283517695167e+00,0.000000000000e+00
3.960000000000e-01,-1.162360281968e+01,-1.666935258136e+00,1.174252169103e+01,3.284030992265e+00,0.000000000000e+00
3.964000000000e-01,-1.167891390271e+01,-1.682473902762e+00,1.179948085216e+01,3.284669111596e+00,0.000000000000e+00
3.968000000000e-01,-1.173521071246e+01,-1.699742336385e+00,1.185766817195e+01,3.285433569732e+00,0.000000000000e+00
3.972000000000e-01,-1.179252288873e+01,-1.718788595305e+00,1.191712340779e+01,3.286325909801e+00,0.000000000000e+00
3.976000000000e-01,-1.185088125888e+01,-1.739662791995e+00,1.197788851350e+01,3.287347709913e+00,0.000000000000e+00
3.980000000000e-01,-1.191031778561e+01,-1.762417108007e+00,1.204000763359e+01,3.288500575590e+00,0.000000000000e+00
3.984000000000e-01,-1.197086567377e+01,-1.787105885131e+00,1.210352727201e+01,3.289786138071e+00,0.000000000000e+00
3.988000000000e-01,-1.203255951850e+01,-1.813785905534e+00,1.216849653315e+01,3.291206066926e+00,0.000000000000e+00
3.992000000000e-01,-1.209543525220e+01,-1.842516324911e+00,1.223496711674e+01,3.292762056031e+00,0.000000000000e+00
3.996000000000e-01,-1.215953018490e+01,-1.873358815779e+00,1.230299343941e+01,3.294455825171e+00,0.000000000000e+00
4.000000000000e-01,-1.222488319406e+01,-1.906377899129e+00,1.237263293736e+01,3.296289134117e+00,0.000000000000e+00
4.004000000000e-01,-1.229153477057e+01,-1.941640823247e+00,1.244394616280e+01,3.298263761217e+00,0.000000000000e+00
4.008000000000e-01,-1.235952697882e+01,-1.979217829189e+00,1.251699685850e+01,3.300381513568e+00,0.000000000000e+00
4.012000000000e-01,-1.242890358737e+01,-2.019182441676e+00,1.259185221153e+01,3.302644235917e+00,0.000000000000e+00
4.016000000000e-01,-1.249971031217e+01,-2.061611334923e+00,1.266858315615e+01,3.305053783728e+00,0.000000000000e+00
4.020000000000e-01,-1.257199470616e+01,-2.106584802685e+00,1.274726442899e+01,3.307612047445e+00,0.000000000000e+00
4.024000000000e-01,-1.264580623197e+01,-2.154186883559e+00,1.282797475776e+01,3.310320946141e+00,0.000000000000e+00
4.028000000000e-01,-1.272119655165e+01,-2.204505286593e+00,1.291079723582e+01,3.313182402213e+00,0.000000000000e+00
4.032000000000e-01,-1.279821954182e+01,-2.257632129213e+00,1.299581956905e+01,3.316198380930e+00,0.000000000000e+00
4.036000000000e-01,-1.287693133263e+01,-2.313663753806e+00,1.308313420060e+01,3.319370857530e+00,0.000000000000e+00
4.040000000000e-01,-1.295739044517e+01,-2.372700908432e+00,1.317283859878e+01,3.322701810315e+00,0.000000000000e+00
4.044000000000e-01,-1.303965799225e+01,-2.434849607974e+00,1.326503573943e+01,3.326193262152e+00,0.000000000000e+00
4.048000000000e-01,-1.312379784650e+01,-2.500220641664e+00,1.335983432430e+01,3.329847219356e+00,0.000000000000e+00
4.052000000000e-01,-1.320987660386e+01,-2.568930304705e+00,1.345734902571e+01,3.333665703838e+00,0.000000000000e+00
4.056000000000e-01,-1.329796370966e+01,-2.641100924272e+00,1.355770087130e+01,3.337650765104e+00,0.000000000000e+00
4.060000000000e-01,-1.338813194775e+01,-2.716860395798e+00,1.366101780471e+01,3.341804413503e+00,0.000000000000e+00
4.064000000000e-01,-1.348045729944e+01,-2.796343560561e+00,1.376743499388e+01,3.346128694440e+00,0.000000000000e+00
4.068000000000e-01,-1.357501914106e+01,-2.879691953040e+00,1.387709517242e+01,3.350625637256e+00,0.000000000000e+00
4.072000000000e-01,-1.367190048723e+01,-2.967053978238e+00,1.399014911437e+01,3.355297233736e+00,0.000000000000e+00
4.076000000000e-01,-1.377118814477e+01,-3.058586476568e+00,1.410675632998e+01,3.360145512673e+00,0.000000000000e+00
4.080000000000e-01,-1.387297313745e+01,-3.154453745514e+00,1.422708550987e+01,3.365172429238e+00,0.000000000000e+00
4.084000000000e-01,-1.397735060494e+01,-3.254829047037e+00,1.435131499407e+01,3.370379934324e+00,0.000000000000e+00
4.088000000000e-01,-1.408442001394e+01,-3.359895151579e+00,1.447963337101e+01,3.375769967959e+00,0.000000000000e+00
4.092000000000e-01,-1.419428577656e+01,-3.469843773846e+00,1.461224022939e+01,3.381344369618e+00,0.000000000000e+00
4.096000000000e-01,-1.430705717514e+01,-3.584878082297e+00,1.474934696444e+01,3.387105003494e+00,0.000000000000e+00
4.100000000000e-01,-1.442284885703e+01,-3.705211595178e+00,1.489117732477e+01,3.393053628497e+00,0.000000000000e+00
4.104000000000e-01,-1.454178093942e+01,-3.831069642316e+00,1.503796819701e+01,3.399191943884e+00,0.000000000000e+00
4.108000000000e-01,-1.466397914509e+01,-3.962690821598e+00,1.518997047118e+01,3.405521627550e+00,0.000000000000e+00
4.112000000000e-01,-1.478957578116e+01,-4.100325865311e+00,1.534745008099e+01,3.412044190404e+00,0.000000000000e+00
4.116000000000e-01,-1.491870942192e+01,-4.244241064360e+00,1.551068899269e+01,3.418761140410e+00,0.000000000000e+00
4.120000000000e-01,-1.505152567617e+01,-4.394717085714e+00,1.567998607920e+01,3.425673830210e+00,0.000000000000e+00
4.124000000000e-01,-1.518817738048e+01,-4.552050775391e+00,1.585565824564e+01,3.432783500635e+00,0.000000000000e+00
4.128000000000e-01,-1.532882474065e+01,-4.716557182991e+00,1.603804163824e+01,3.440091330370e+00,0.000000000000e+00
4.132000000000e-01,-1.547363656986e+01,-4.888568297717e+00,1.622749298868e+01,3.447598262920e+00,0.000000000000e+00
4.136000000000e-01,-1.562278988065e+01,-5.068437550862e+00,1.642439109562e+01,3.455305204505e+00,0.000000000000e+00
4.140000000000e-01,-1.577647107060e+01,-5.256538175136e+00,1.662913807231e+01,3.463212820593e+00,0.000000000000e+00
4.144000000000e-01,-1.593487593676e+01,-5.453266407772e+00,1.684216095499e+01,3.471321635909e+00,0.000000000000e+00
4.148000000000e-01,-1.609821017315e+01,-5.659043100265e+00,1.706391337266e+01,3.479632022706e+00,0.000000000000e+00
4.152000000000e-01,-1.626669055460e+01,-5.874313499509e+00,1.729487729617e+01,3.488144069667e+00,0.000000000000e+00
4.156000000000e-01,-1.644054458089e+01,-6.099552412521e+00,1.753556516766e+01,3.496857772360e+00,0.000000000000e+00
4.160000000000e-01,-1.662001237432e+01,-6.335262210247e+00,1.778652182398e+01,3.505772778339e+00,0.000000000000e+00
4.164000000000e-01,-1.680534607958e+01,-6.581978517135e+00,1.804832673835e+01,3.514888592676e+00,0.000000000000e+00
4.168000000000e-01,-1.699681133305e+01,-6.840269990166e+00,1.832159624677e+01,3.524204415864e+00,0.000000000000e+00
4.172000000000e-01,-1.719468774929e+01,-7.110741571252e+00,1.860698612050e+01,3.533719180002e+00,0.000000000000e+00
4.176000000000e-01,-1.739926930659e+01,-7.394038015922e+00,1.890519427523e+01,3.543431588063e+00,0.000000000000e+00
4.180000000000e-01,-1.761086603258e+01,-7.690844190905e+00,1.921696351629e+01,3.553339958522e+00,0.000000000000e+00
4.184000000000e-01,-1.782980353785e+01,-8.001891681599e+00,1.954308483025e+01,3.563442415202e+00,0.000000000000e+00
4.188000000000e-01,-1.805642534906e+01,-8.327957899885e+00,1.988440039751e+01,3.573736646030e+00,0.000000000000e+00
4.192000000000e-01,-1.829109227237e+01,-8.669873498866e+00,2.024180730574e+01,3.584220110241e+00,0.000000000000e+00
4.196000000000e-01,-1.853418436323e+01,-9.028522682308e+00,2.061626085970e+01,3.594889847517e+00,0.000000000000e+00
4.200000000000e-01,-1.878610100230e+01,-9.404849505602e+00,2.100877876250e+01,3.605742593115e+00,0.000000000000e+00
4.204000000000e-01,-1.904726206592e+01,-9.799860765805e+00,2.142044498223e+01,3.616774703764e+00,0.000000000000e+00
4.208000000000e-01,-1.931810877379e+01,-1.021463065894e+01,2.185241419374e+01,3.627982159975e+00,0.000000000000e+00
4.212000000000e-01,-1.959910407878e+01,-1.065030615706e+01,2.230591629882e+01,3.639360595172e+00,0.000000000000e+00
4.216000000000e-01,-1.989073390453e+01,-1.110811060625e+01,2.278226100503e+01,3.650905224221e+00,0.000000000000e+00
4.220000000000e-01,-2.019350709875e+01,-1.158935072725e+01,2.328284302284e+01,3.662610925045e+00,0.000000000000e+00
4.224000000000e-01,-2.050795643711e+01,-1.209542008638e+01,2.380914665191e+01,3.674472148944e+00,0.000000000000e+00
4.228000000000e-01,-2.083463850587e+01,-1.262780670002e+01,2.436275156306e+01,3.686483003468e+00,0.000000000000e+00
4.232000000000e-01,-2.117413382043e+01,-1.318809711670e+01,2.494533721170e+01,3.698637189072e+00,0.000000000000e+00
4.236000000000e-01,-2.152704682425e+01,-1.377798377538e+01,2.555868897044e+01,3.710928049628e+00,0.000000000000e+00
4.240000000000e-01,-2.189400453015e+01,-1.439926997731e+01,2.620470206367e+01,3.723348559490e+00,0.000000000000e+00
4.244000000000e-01,-2.227565656138e+01,-1.505387634511e+01,2.688538763445e+01,3.735891327660e+00,0.000000000000e+00
4.248000000000e-01,-2.267267174072e+01,-1.574384645010e+01,2.760287566372e+01,3.748548642216e+00,0.000000000000e+00
4.252000000000e-01,-2.308573783709e+01,-1.647135173630e+01,2.835942029563e+01,3.761312427124e+00,0.000000000000e+00
4.256000000000e-01,-2.351555543801e+01,-1.723869706918e+01,2.915740084783e+01,3.774174341408e+00,0.000000000000e+00
4.260000000000e-01,-2.396283677818e+01,-1.804832325705e+01,2.999932530656e+01,3.787125694103e+00,0.000000000000e+00
4.264000000000e-01,-2.442829609137e+01,-1.890281120316e+01,3.088782804456e+01,3.800157589596e+00,0.000000000000e+00
4.268000000000e-01,-2.491264643234e+01,-1.980488071588e+01,3.182566970911e+01,3.813260812844e+00,0.000000000000e+00
4.272000000000e-01,-2.541658568353e+01,-2.075739108443e+01,3.281572964967e+01,3.826426002315e+00,0.000000000000e+00
4.276000000000e-01,-2.594078941737e+01,-2.176333425789e+01,3.386099930033e+01,3.839643531286e+00,0.000000000000e+00
4.280000000000e-01,-2.648589200674e+01,-2.282582837330e+01,3.496456658275e+01,3.852903671520e+00,0.000000000000e+00
4.284000000000e-01,-2.705247220693e+01,-2.394810250099e+01,3.612959819739e+01,3.866196517070e+00,0.000000000000e+00
4.288000000000e-01,-2.764102934024e+01,-2.513347797579e+01,3.735931233505e+01,3.879512081340e+00,0.000000000000e+00
4.292000000000e-01,-2.825195675478e+01,-2.638534042871e+01,3.865694310228e+01,3.892840324285e+00,0.000000000000e+00
4.296000000000e-01,-2.888551319777e+01,-2.770710202353e+01,4.002569643667e+01,3.906171123461e+00,0.000000000000e+00
4.300000000000e-01,-2.954177891521e+01,-2.910215399872e+01,4.146868781190e+01,3.919494445928e+00,0.000000000000e+00
4.304000000000e-01,-3.022062036929e+01,-3.057380146241e+01,4.298887334378e+01,3.932800184185e+00,0.000000000000e+00
4.308000000000e-01,-3.092162653876e+01,-3.212518560828e+01,4.458895085297e+01,3.946078425988e+00,0.000000000000e+00
4.312000000000e-01,-3.164405913105e+01,-3.375918145999e+01,4.627125253479e+01,3.959319267384e+00,0.000000000000e+00
4.316000000000e-01,-3.238677531415e+01,-3.547827699802e+01,4.803760354137e+01,3.972513008575e+00,0.000000000000e+00
4.320000000000e-01,-3.314815121825e+01,-3.728442293841e+01,4.988915837172e+01,3.985650130443e+00,0.000000000000e+00
4.324000000000e-01,-3.392599932083e+01,-3.917885610226e+01,5.182621147063e+01,3.998721272614e+00,0.000000000000e+00
4.328000000000e-01,-3.471745974080e+01,-4.116188641036e+01,5.384796099866e+01,4.011717412111e+00,0.000000000000e+00
4.332000000000e-01,-3.551890889096e+01,-4.323265364956e+01,5.595225849228e+01,4.024629724604e+00,0.000000000000e+00
4.336000000000e-01,-3.632584617295e+01,-4.538885356577e+01,5.813531739138e+01,4.037449738453e+00,0.000000000000e+00
4.340000000000e-01,-3.713278921496e+01,-4.762643166082e+01,6.039139862286e+01,4.050169338579e+00,0.000000000000e+00
4.344000000000e-01,-3.793317789804e+01,-4.993925096847e+01,6.271247701005e+01,4.062780727744e+00,0.000000000000e+00
4.348000000000e-01,-3.871927733216e+01,-5.231874222301e+01,6.508788846569e+01,4.075276560894e+00,0.000000000000e+00
4.352000000000e-01,-3.948213344214e+01,-5.475357407677e+01,6.750402014194e+01,4.087649894850e+00,0.000000000000e+00
4.356000000000e-01,-4.021155293296e+01,-5.722933863004e+01,6.994402182683e+01,4.099894214310e+00,0.000000000000e+00
4.360000000000e-01,-4.089612021454e+01,-5.972827530411e+01,7.238756467382e+01,4.112003507739e+00,0.000000000000e+00
4.364000000000e-01,-4.152332204969e+01,-6.222912843942e+01,7.481076593895e+01,4.123972230857e+00,0.000000000000e+00
4.368000000000e-01,-4.207973290895e+01,-6.470711587432e+01,7.718623430678e+01,4.135795338966e+00,0.000000000000e+00
4.372000000000e-01,-4.255128822297e+01,-6.713406381775e+01,7.948329795699e+01,4.147468325289e+00,0.000000000000e+00
4.376000000000e-01,-4.292369395052e+01,-6.947880480193e+01,8.166852404117e+01,4.158987201573e+00,0.000000000000e+00
4.380000000000e-01,-4.318291293347e+01,-7.170779770444e+01,8.370646463112e+01,4.170348519748e+00,0.000000000000e+00
4.384000000000e-01,-4.331574619064e+01,-7.378602456638e+01,8.556068775648e+01,4.181549382726e+00,0.000000000000e+00
4.388000000000e-01,-4.331047948069e+01,-7.567814789030e+01,8.719506695309e+01,4.192587429469e+00,0.000000000000e+00
4.392000000000e-01,-4.315755302357e+01,-7.734989375140e+01,8.857528123768e+01,4.203460846377e+00,0.000000000000e+00
4.396000000000e-01,-4.285018065346e+01,-7.876953832826e+01,8.967038613991e+01,4.214168353870e+00,0.000000000000e+00
4.400000000000e-01,-4.238489814513e+01,-7.990946035329e+01,9.045441639149e+01,4.224709183272e+00,0.000000000000e+00
4.404000000000e-01,-4.176194577594e+01,-8.074757269396e+01,9.090781380584e+01,4.235083071937e+00,0.000000000000e+00
4.408000000000e-01,-4.098543895278e+01,-8.126849290451e+01,9.101853737082e+01,4.245290242039e+00,0.000000000000e+00
4.412000000000e-01,-4.006334529209e+01,-8.146442535983e+01,9.078284108355e+01,4.255331355811e+00,0.000000000000e+00
4.416000000000e-01,-3.900716575107e+01,-8.133548799561e+01,9.020543546492e+01,4.265207490622e+00,0.000000000000e+00
4.420000000000e-01,-3.783145776865e+01,-8.088967118239e+01,8.929926148013e+01,4.274920123108e+00,0.000000000000e+00
4.424000000000e-01,-3.655314724674e+01,-8.014223692215e+01,8.808467921567e+01,4.284471066149e+00,0.000000000000e+00
4.428000000000e-01,-3.519074812528e+01,-7.911474953505e+01,8.658829220865e+01,4.293862427227e+00,0.000000000000e+00
4.432000000000e-01,-3.376355258299e+01,-7.783383442397e+01,8.484151851637e+01,4.303096597529e+00,0.000000000000e+00
4.436000000000e-01,-3.229083425628e+01,-7.632971758238e+01,8.287897057260e+01,4.312176190488e+00,0.000000000000e+00
4.440000000000e-01,-3.079115806141e+01,-7.463476992340e+01,8.073688312216e+01,4.321103989080e+00,0.000000000000e+00
4.444000000000e-01,-2.928180534905e+01,-7.278211032018e+01,7.845163928918e+01,4.329882942573e+00,0.000000000000e+00
4.448000000000e-01,-2.777835649144e+01,-7.080438341739e+01,7.605851563423e+01,4.338516114705e+00,0.000000000000e+00
4.452000000000e-01,-2.629441871527e+01,-6.873274280597e+01,7.359066781329e+01,4.347006632223e+00,0.000000000000e+00
4.456000000000e-01,-2.484149619967e+01,-6.659609569745e+01,7.107840667588e+01,4.355357694542e+00,0.000000000000e+00
4.460000000000e-01,-2.342898675891e+01,-6.442059632540e+01,6.854874653463e+01,4.363572523586e+00,0.000000000000e+00
4.464000000000e-01,-2.206426468599e+01,-6.222934466605e+01,6.602517030420e+01,4.371654332071e+00,0.000000000000e+00
4.468000000000e-01,-2.075283085436e+01,-6.004228093833e+01,6.352759627711e+01,4.379606340590e+00,0.000000000000e+00
4.472000000000e-01,-1.949851249558e+01,-5.787623341123e+01,6.107250104107e+01,4.387431721226e+00,0.000000000000e+00
4.476000000000e-01,-1.830368125086e+01,-5.574508032566e+01,5.867315167815e+01,4.395133606543e+00,0.000000000000e+00
4.480000000000e-01,-1.716947538820e+01,-5.365998019287e+01,5.633990024312e+01,4.402715083199e+00,0.000000000000e+00
4.484000000000e-01,-1.609601271702e+01,-5.162963354470e+01,5.408050189621e+01,4.410179156213e+00,0.000000000000e+00
4.488000000000e-01,-1.508259196149e+01,-4.966058830386e+01,5.190046831159e+01,4.417528780665e+00,0.000000000000e+00
4.492000000000e-01,-1.412787120714e+01,-4.775752447874e+01,4.980339234613e+01,4.424766819282e+00,0.000000000000e+00
4.496000000000e-01,-1.323002533061e+01,-4.592354431901e+01,4.779127005080e+01,4.431896067783e+00,0.000000000000e+00
4.500000000000e-01,-1.238687852030e+01,-4.416042751950e+01,4.586478080381e+01,4.438919236190e+00,0.000000000000e+00
4.504000000000e-01,-1.159601573022e+01,-4.246886798162e+01,4.402354288850e+01,4.445838952559e+00,0.000000000000e+00
4.508000000000e-01,-1.085487427599e+01,-4.084868447893e+01,4.226633789680e+01,4.452657767235e+00,0.000000000000e+00
4.512000000000e-01,-1.016081634787e+01,-3.929899734575e+01,4.059129686567e+01,4.459378142343e+00,0.000000000000e+00
4.516000000000e-01,-9.511187676164e+00,-3.781838979643e+01,3.899606772234e+01,4.466002467551e+00,0.000000000000e+00
4.520000000000e-01,-8.903360825201e+00,-3.640503200510e+01,3.747794270335e+01,4.472533045109e+00,0.000000000000e+00
4.524000000000e-01,-8.334769684011e+00,-3.505679758923e+01,3.603397622935e+01,4.478972108132e+00,0.000000000000e+00
4.528000000000e-01,-7.802932555064e+00,-3.377134663028e+01,3.466106763620e+01,4.485321807113e+00,0.000000000000e+00
4.532000000000e-01,-7.305470087093e+00,-3.254620571896e+01,3.335603993123e+01,4.491584225973e+00,0.000000000000e+00
4.536000000000e-01,-6.840115267065e+00,-3.137882110841e+01,3.211569072931e+01,4.497761372727e+00,0.000000000000e+00
4.540000000000e-01,-6.404720626554e+00,-3.026661094040e+01,3.093684185760e+01,4.503855191087e+00,0.000000000000e+00
4.544000000000e-01,-5.997260295722e+00,-2.920699799256e+01,2.981636904105e+01,4.509867556388e+00,0.000000000000e+00
4.548000000000e-01,-5.615830576831e+00,-2.819744123481e+01,2.875123032599e+01,4.515800281890e+00,0.000000000000e+00
4.552000000000e-01,-5.258647613984e+00,-2.723545562212e+01,2.773848261302e+01,4.521655119883e+00,0.000000000000e+00
4.556000000000e-01,-4.924044046347e+00,-2.631862844993e+01,2.677529483041e+01,4.527433763373e+00,0.000000000000e+00
4.560000000000e-01,-4.610464612931e+00,-2.544463153445e+01,2.585895701437e+01,4.533137850540e+00,0.000000000000e+00
4.564000000000e-01,-4.316460657314e+00,-2.461122675473e+01,2.498688285839e+01,4.538768964511e+00,0.000000000000e+00
4.568000000000e-01,-4.040685028098e+00,-2.381627371717e+01,2.415661460693e+01,4.544328637579e+00,0.000000000000e+00
4.572000000000e-01,-3.781885737044e+00,-2.305772895122e+01,2.336581956867e+01,4.549818352674e+00,0.000000000000e+00
4.576000000000e-01,-3.538900761343e+00,-2.233365008539e+01,2.261229189479e+01,4.555239544210e+00,0.000000000000e+00
4.580000000000e-01,-3.310651698328e+00,-2.164219207895e+01,2.189394648412e+01,4.560593602714e+00,0.000000000000e+00
4.584000000000e-01,-3.096138438375e+00,-2.098160676519e+01,2.120881646106e+01,4.565881874055e+00,0.000000000000e+00
4.588000000000e-01,-2.894433677081e+00,-2.035024001708e+01,2.055504840821e+01,4.571105662632e+00,0.000000000000e+00
4.592000000000e-01,-2.704677552143e+00,-1.974652739117e+01,1.993089623352e+01,4.576266234651e+00,0.000000000000e+00
4.596000000000e-01,-2.526073238473e+00,-1.916899331329e+01,1.933471878903e+01,4.581364814757e+00,0.000000000000e+00
4.600000000000e-01,-2.357881909482e+00,-1.861624535984e+01,1.876497264578e+01,4.586402594384e+00,0.000000000000e+00
4.604000000000e-01,-2.199418592687e+00,-1.808697080490e+01,1.822020732712e+01,4.591380727447e+00,0.000000000000e+00
4.608000000000e-01,-2.050048014288e+00,-1.757993215283e+01,1.769905961793e+01,4.596300334293e+00,0.000000000000e+00
4.612000000000e-01,-1.909180732483e+00,-1.709396267260e+01,1.720024799012e+01,4.601162506227e+00,0.000000000000e+00
4.616000000000e-01,-1.776270120282e+00,-1.662796536358e+01,1.672257060600e+01,4.605968298154e+00,0.000000000000e+00
4.620000000000e-01,-1.650808652305e+00,-1.618090667772e+01,1.626489809743e+01,4.610718739384e+00,0.000000000000e+00
4.624000000000e-01,-1.532324976029e+00,-1.575181259759e+01,1.582616883336e+01,4.615414830157e+00,0.000000000000e+00
4.628000000000e-01,-1.420381258651e+00,-1.533976579569e+01,1.540538534365e+01,4.620057540213e+00,0.000000000000e+00
4.632000000000e-01,-1.314570589375e+00,-1.494390327792e+01,1.500161128060e+01,4.624647817981e+00,0.000000000000e+00
4.636000000000e-01,-1.214514679615e+00,-1.456341239701e+01,1.461396683150e+01,4.629186582251e+00,0.000000000000e+00
4.640000000000e-01,-1.119861510898e+00,-1.419752657965e+01,1.424162388155e+01,4.633674727856e+00,0.000000000000e+00
4.644000000000e-01,-1.030283365878e+00,-1.384552338855e+01,1.388380357528e+01,4.638113130898e+00,0.000000000000e+00
4.648000000000e-01,-9.454752769018e-01,-1.350672365087e+01,1.353977500848e+01,4.642502638267e+00,0.000000000000e+00
4.652000000000e-01,-8.651529545094e-01,-1.318048593459e+01,1.320884927262e+01,4.646844078165e+00,0.000000000000e+00
4.656000000000e-01,-7.890512639569e-01,-1.286620440216e+01,1.289037693845e+01,4.651138261506e+00,0.000000000000e+00
4.660000000000e-01,-7.169231179419e-01,-1.256330952488e+01,1.258374844691e+01,4.655385971857e+00,0.000000000000e+00
4.664000000000e-01,-6.485378077570e-01,-1.227126314809e+01,1.228838885037e+01,4.659587977604e+00,0.000000000000e+00
4.668000000000e-01,-5.836797993016e-01,-1.198955598188e+01,1.200375502711e+01,4.663745031163e+00,0.000000000000e+00
4.672000000000e-01,-5.221478941101e-01,-1.171770883497e+01,1.172933667197e+01,4.667857859799e+00,0.000000000000e+00
4.676000000000e-01,-4.637539234290e-01,-1.145526861949e+01,1.146465205953e+01,4.671927177890e+00,0.000000000000e+00
4.680000000000e-01,-4.083217977467e-01,-1.120180576423e+01,1.120924524979e+01,4.675953685597e+00,0.000000000000e+00
4.684000000000e-01,-3.556868693324e-01,-1.095691583534e+01,1.096268752504e+01,4.679938059666e+00,0.000000000000e+00
4.688000000000e-01,-3.056948893748e-01,-1.072021579661e+01,1.072457346897e+01,4.683880965506e+00,0.000000000000e+00
4.692000000000e-01,-2.582012737913e-01,-1.049134199326e+01,1.049451879399e+01,4.687783056528e+00,0.000000000000e+00
4.696000000000e-01,-2.130706149753e-01,-1.026995197598e+01,1.027216202539e+01,4.691644964039e+00,0.000000000000e+00
4.700000000000e-01,-1.701758410074e-01,-1.005572043433e+01,1.005716029853e+01,4.695467308892e+00,0.000000000000e+00
4.704000000000e-01,-1.293976567177e-01,-9.848338564738e+00,9.849188608168e+00,4.699250702239e+00,0.000000000000e+00
4.708000000000e-01,-9.062414511299e-02,-9.647515210271e+00,9.647940840826e+00,4.702995734790e+00,0.000000000000e+00
4.712000000000e-01,-5.375012269237e-02,-9.452972796952e+00,9.453125608792e+00,4.706702986720e+00,0.000000000000e+00
4.716000000000e-01,-1.867669119816e-02,-9.264448517328e+00,9.264467342973e+00,4.710373030287e+00,0.000000000000e+00
4.720000000000e-01,1.468910753584e-02,-9.081693424376e+00,9.081705303754e+00,4.714006420441e+00,0.000000000000e+00
4.724000000000e-01,4.643473513062e-02,-8.904469914215e+00,8.904590986553e+00,4.717603700034e+00,0.000000000000e+00
4.728000000000e-01,7.664256707928e-02,-8.732553630329e+00,8.732889956347e+00,4.721165405071e+00,0.000000000000e+00
4.732000000000e-01,1.053901727281e-01,-8.565730360163e+00,8.566378680138e+00,4.724692059136e+00,0.000000000000e+00
4.736000000000e-01,1.327506092016e-01,-8.403796691404e+00,8.404845123778e+00,4.728184170820e+00,0.000000000000e+00
4.740000000000e-01,1.587927968859e-01,-8.246559689296e+00,8.248088376192e+00,4.731642242535e+00,0.000000000000e+00
4.744000000000e-01,1.835817423116e-01,-8.093834537534e+00,8.095916240741e+00,4.735066769194e+00,0.000000000000e+00
4.748000000000e-01,2.071787615087e-01,-7.945446722039e+00,7.948147372311e+00,4.738458229017e+00,0.000000000000e+00
4.752000000000e-01,2.296417436980e-01,-7.801228940451e+00,7.804608145947e+00,4.741817093653e+00,0.000000000000e+00
4.756000000000e-01,2.510254071917e-01,-7.661022252136e+00,7.665133769399e+00,4.745143829427e+00,0.000000000000e+00
4.760000000000e-01,2.713814337762e-01,-7.524675288900e+00,7.529567456766e+00,4.748438889664e+00,0.000000000000e+00
4.764000000000e-01,2.907586498598e-01,-7.392043112586e+00,7.397759253368e+00,4.751702717339e+00,0.000000000000e+00
4.768000000000e-01,3.092032978964e-01,-7.262988407695e+00,7.269567200992e+00,4.754935750655e+00,0.000000000000e+00
4.772000000000e-01,3.267590991969e-01,-7.137378962580e+00,7.144854789595e+00,4.758138421311e+00,0.000000000000e+00
4.776000000000e-01,3.434674450153e-01,-7.015089713176e+00,7.023492974987e+00,4.761311146667e+00,0.000000000000e+00
4.780000000000e-01,3.593675147467e-01,-6.896000332156e+00,6.905357745385e+00,4.764454339155e+00,0.000000000000e+00
4.784000000000e-01,3.744964728842e-01,-6.779996334742e+00,6.790331207483e+00,4.767568407060e+00,0.000000000000e+00
4.788000000000e-01,3.888895177438e-01,-6.666968160078e+00,6.678300644963e+00,4.770653748356e+00,0.000000000000e+00
4.792000000000e-01,4.025799976336e-01,-6.556810907323e+00,6.569158235945e+00,4.773710751225e+00,0.000000000000e+00
4.796000000000e-01,4.155995920728e-01,-6.449424663662e+00,6.462801367301e+00,4.776739800099e+00,0.000000000000e+00
4.800000000000e-01,4.279783357376e-01,-6.344713117325e+00,6.359131229737e+00,4.779741275356e+00,0.000000000000e+00
4.804000000000e-01,4.397447606915e-01,-6.242584956928e+00,6.258054202307e+00,4.782715545036e+00,0.000000000000e+00
4.808000000000e-01,4.509259081105e-01,-6.142951843137e+00,6.159479809343e+00,4.785662971754e+00,0.000000000000e+00
4.812000000000e-01,4.615475454564e-01,-6.045730029453e+00,6.063322333981e+00,4.788583914667e+00,0.000000000000e+00
4.816000000000e-01,4.716341030789e-01,-5.950838409456e+00,5.969498848534e+00,4.791478727692e+00,0.000000000000e+00
4.820000000000e-01,4.812088354737e-01,-5.858200046135e+00,5.877930734866e+00,4.794347753339e+00,0.000000000000e+00
4.824000000000e-01,4.902938200230e-01,-5.767740490495e+00,5.788541992216e+00,4.797191330801e+00,0.000000000000e+00
4.828000000000e-01,4.989101174896e-01,-5.679388848244e+00,5.701260298820e+00,4.800009796300e+00,0.000000000000e+00
4.832000000000e-01,5.070777288423e-01,-5.593076673038e+00,5.616015891499e+00,4.802803479395e+00,0.000000000000e+00
4.836000000000e-01,5.148157040015e-01,-5.508738622152e+00,5.532742214876e+00,4.805572700356e+00,0.000000000000e+00
4.840000000000e-01,5.221421770020e-01,-5.426311706327e+00,5.451375164784e+00,4.808317776865e+00,0.000000000000e+00
4.844000000000e-01,5.290744484089e-01,-5.345735554746e+00,5.371853348076e+00,4.811039024095e+00,0.000000000000e+00
4.848000000000e-01,5.356289854033e-01,-5.266952101710e+00,5.294117759524e+00,4.813736749810e+00,0.000000000000e+00
4.852000000000e-01,5.418214753900e-01,-5.189905585600e+00,5.218111775215e+00,4.816411254277e+00,0.000000000000e+00
4.856000000000e-01,5.476668900812e-01,-5.114542400966e+00,5.143781001731e+00,4.819062835505e+00,0.000000000000e+00
4.860000000000e-01,5.531795149533e-01,-5.040810929209e+00,5.071073101405e+00,4.821691789334e+00,0.000000000000e+00
4.864000000000e-01,5.583729746713e-01,-4.968661606746e+00,4.999937853733e+00,4.824298404175e+00,0.000000000000e+00
4.868000000000e-01,5.632602548124e-01,-4.898046670927e+00,4.930326896386e+00,4.826882962041e+00,0.000000000000e+00
4.872000000000e-01,5.678537717717e-01,-4.828920222505e+00,4.862193786906e+00,4.829445742943e+00,0.000000000000e+00
4.876000000000e-01,5.721653821030e-01,-4.761237971325e+00,4.795493743512e+00,4.831987024999e+00,0.000000000000e+00
4.880000000000e-01,5.762064080279e-01,-4.694957351347e+00,4.730183754953e+00,4.834507079443e+00,0.000000000000e+00
4.884000000000e-01,5.799876532242e-01,-4.630037314138e+00,4.666222370205e+00,4.837006171540e+00,0.000000000000e+00
4.888000000000e-01,5.835194554446e-01,-4.566438324017e+00,4.603569693394e+00,4.839484564814e+00,0.000000000000e+00
4.892000000000e-01,5.868117050561e-01,-4.504122256737e+00,4.542187279365e+00,4.841942521128e+00,0.000000000000e+00
4.896000000000e-01,5.898738472492e-01,-4.443052337822e+00,4.482038066806e+00,4.844380296471e+00,0.000000000000e+00
4.900000000000e-01,5.927149153837e-01,-4.383193180661e+00,4.423086414474e+00,4.846798140727e+00,0.000000000000e+00
4.904000000000e-01,5.953435457264e-01,-4.324510534201e+00,4.365297847554e+00,4.849196302314e+00,0.000000000000e+00
4.908000000000e-01,5.977680292676e-01,-4.266971483435e+00,4.308639258195e+00,4.851575028121e+00,0.000000000000e+00
4.912000000000e-01,5.999962721857e-01,-4.210544078217e+00,4.253078527519e+00,4.853934560590e+00,0.000000000000e+00
4.916000000000e-01,6.020358642291e-01,-4.155197718483e+00,4.198584911789e+00,4.856275135569e+00,0.000000000000e+00
4.920000000000e-01,6.038940423874e-01,-4.100902578502e+00,4.145128462761e+00,4.858596987604e+00,0.000000000000e+00
4.924000000000e-01,6.055777879772e-01,-4.047630143659e+00,4.092680568668e+00,4.860900349751e+00,0.000000000000e+00
4.928000000000e-01,6.070937416856e-01,-3.995352531581e+00,4.041213266187e+00,4.863185452288e+00,0.000000000000e+00
4.932000000000e-01,6.084483061683e-01,-3.944043168221e+00,3.990699920324e+00,4.865452518479e+00,0.000000000000e+00
4.936000000000e-01,6.096475684756e-01,-3.893675999823e+00,3.941114429872e+00,4.867701770065e+00,0.000000000000e+00
4.940000000000e-01,6.106974236657e-01,-3.844226185891e+00,3.892431927672e+00,4.869933427402e+00,0.000000000000e+00
4.944000000000e-01,6.116034765947e-01,-3.795669362460e+00,3.844628034244e+00,4.872147709441e+00,0.000000000000e+00
4.948000000000e-01,6.123711378242e-01,-3.747982277456e+00,3.797679497083e+00,4.874344828604e+00,0.000000000000e+00
4.952000000000e-01,6.130055583855e-01,-3.701142186274e+00,3.751563580379e+00,4.876524994733e+00,0.000000000000e+00
4.956000000000e-01,6.135117154280e-01,-3.655127256992e+00,3.706258475845e+00,4.878688416643e+00,0.000000000000e+00
4.960000000000e-01,6.138943717004e-01,-3.609916235537e+00,3.661742963016e+00,4.880835302322e+00,0.000000000000e+00
4.964000000000e-01,6.141580983998e-01,-3.565488591458e+00,3.617996554123e+00,4.882965855146e+00,0.000000000000e+00
4.968000000000e-01,6.143072846084e-01,-3.521824489054e+00,3.574999464563e+00,4.885080274065e+00,0.000000000000e+00
4.972000000000e-01,6.143461306826e-01,-3.478904599477e+00,3.532732424137e+00,4.887178757350e+00,0.000000000000e+00
4.976000000000e-01,6.142787048648e-01,-3.436710363679e+00,3.491176943535e+00,4.889261502466e+00,0.000000000000e+00
4.980000000000e-01,6.141088762404e-01,-3.395223575944e+00,3.450314890343e+00,4.891328704812e+00,0.000000000000e+00
4.984000000000e-01,6.138403959479e-01,-3.354426852702e+00,3.410128962639e+00,4.893380554016e+00,0.000000000000e+00
4.988000000000e-01,6.134768260690e-01,-3.314303088540e+00,3.370602138911e+00,4.895417238552e+00,0.000000000000e+00
4.992000000000e-01,6.130216347984e-01,-3.274835918944e+00,3.331718148453e+00,4.897438946226e+00,0.000000000000e+00
4.996000000000e-01,6.124781268739e-01,-3.236009290854e+00,3.293461034595e+00,4.899445864256e+00,0.000000000000e+00
5.000000000000e-01,6.118494925151e-01,-3.197807752474e+00,3.255815446747e+00,4.901438175251e+00,0.000000000000e+00
5.004000000000e-01,6.111387890848e-01,-3.160216281400e+00,3.218766466327e+00,4.903416058599e+00,0.000000000000e+00
5.008000000000e-01,6.103489525468e-01,-3.123220253340e+00,3.182299576525e+00,4.905379693372e+00,0.000000000000e+00
5.012000000000e-01,6.094828318601e-01,-3.086805580608e+00,3.146400803268e+00,4.907329258295e+00,0.000000000000e+00
5.016000000000e-01,6.085431350913e-01,-3.050958421978e+00,3.111056418631e+00,4.909264930351e+00,0.000000000000e+00
5.020000000000e-01,6.075324970261e-01,-3.015665542487e+00,3.076253305416e+00,4.911186881447e+00,0.000000000000e+00
5.024000000000e-01,6.064534165870e-01,-2.980913895635e+00,3.041978533731e+00,4.913095282538e+00,0.000000000000e+00
5.028000000000e-01,6.053083339879e-01,-2.946690964268e+00,3.008219709079e+00,4.914990304451e+00,0.000000000000e+00
5.032000000000e-01,6.040995802117e-01,-2.912984480900e+00,2.974964686979e+00,4.916872117798e+00,0.000000000000e+00
5.036000000000e-01,6.028294002690e-01,-2.879782562726e+00,2.942201708654e+00,4.918740889700e+00,0.000000000000e+00
5.040000000000e-01,6.014999590120e-01,-2.847073707322e+00,2.909919396756e+00,4.920596783817e+00,0.000000000000e+00
5.044000000000e-01,6.001133219665e-01,-2.814846625905e+00,2.878106587076e+00,4.922439963730e+00,0.000000000000e+00
5.048000000000e-01,5.986715125235e-01,-2.783090486488e+00,2.846752577216e+00,4.924270593188e+00,0.000000000000e+00
5.052000000000e-01,5.971764467360e-01,-2.751794595004e+00,2.815846800100e+00,4.926088835274e+00,0.000000000000e+00
5.056000000000e-01,5.956299924080e-01,-2.720948698487e+00,2.785379131762e+00,4.927894848669e+00,0.000000000000e+00
5.060000000000e-01,5.940339277782e-01,-2.690542733228e+00,2.755339635449e+00,4.929688790337e+00,0.000000000000e+00
5.064000000000e-01,5.923899748140e-01,-2.660566930942e+00,2.725718671522e+00,4.931470817601e+00,0.000000000000e+00
5.068000000000e-01,5.906998047720e-01,-2.631011823600e+00,2.696506902509e+00,4.933241088157e+00,0.000000000000e+00
5.072000000000e-01,5.889650049684e-01,-2.601868099805e+00,2.667695144851e+00,4.934999758191e+00,0.000000000000e+00
5.076000000000e-01,5.871871268778e-01,-2.573126833065e+00,2.639274601289e+00,4.936746979694e+00,0.000000000000e+00
5.080000000000e-01,5.853676373112e-01,-2.544779203196e+00,2.611236577530e+00,4.938482904030e+00,0.000000000000e+00
5.084000000000e-01,5.835079756040e-01,-2.516816715441e+00,2.583572707844e+00,4.940207683390e+00,0.000000000000e+00
5.088000000000e-01,5.816095218884e-01,-2.489231051202e+00,2.556274801781e+00,4.941921470348e+00,0.000000000000e+00
5.092000000000e-01,5.796735981981e-01,-2.462014090063e+00,2.529334865161e+00,4.943624415168e+00,0.000000000000e+00
5.096000000000e-01,5.777014907640e-01,-2.435158001597e+00,2.502745193817e+00,4.945316664659e+00,0.000000000000e+00
5.100000000000e-01,5.756944155309e-01,-2.408655046227e+00,2.476498171165e+00,4.946998365629e+00,0.000000000000e+00
5.104000000000e-01,5.736535751682e-01,-2.382497789483e+00,2.450586489230e+00,4.948669666212e+00,0.000000000000e+00
5.108000000000e-01,5.715801117480e-01,-2.356678902404e+00,2.425002942922e+00,4.950330714817e+00,0.000000000000e+00
5.112000000000e-01,5.694751284310e-01,-2.331191273077e+00,2.399740542970e+00,4.951981657032e+00,0.000000000000e+00
5.116000000000e-01,5.673396913324e-01,-2.306027999574e+00,2.374792508869e+00,4.953622635725e+00,0.000000000000e+00
5.120000000000e-01,5.651748117912e-01,-2.281182274184e+00,2.350152151657e+00,4.955253794220e+00,0.000000000000e+00
5.124000000000e-01,5.629814936390e-01,-2.256647552480e+00,2.325813048870e+00,4.956875277670e+00,0.000000000000e+00
5.128000000000e-01,5.607606842433e-01,-2.232417362132e+00,2.301768846722e+00,4.958487231376e+00,0.000000000000e+00
5.132000000000e-01,5.585133040431e-01,-2.208485442972e+00,2.278013402641e+00,4.960089797607e+00,0.000000000000e+00
5.136000000000e-01,5.562402373410e-01,-2.184845691067e+00,2.254540728266e+00,4.961683116424e+00,0.000000000000e+00
5.140000000000e-01,5.539423259962e-01,-2.161492096676e+00,2.231344927285e+00,4.963267328766e+00,0.000000000000e+00
5.144000000000e-01,5.516204074347e-01,-2.138418872424e+00,2.208420328614e+00,4.964842577925e+00,0.000000000000e+00
5.148000000000e-01,5.492752688051e-01,-2.115620286879e+00,2.185761313404e+00,4.966409007294e+00,0.000000000000e+00
5.152000000000e-01,5.469076771550e-01,-2.093090802049e+00,2.163362455289e+00,4.967966757219e+00,0.000000000000e+00
5.156000000000e-01,5.445183665901e-01,-2.070825004663e+00,2.141218450203e+00,4.969515966120e+00,0.000000000000e+00
5.160000000000e-01,5.421080368607e-01,-2.048817567021e+00,2.119324077757e+00,4.971056773653e+00,0.000000000000e+00
5.164000000000e-01,5.396773864476e-01,-2.027063351980e+00,2.097674310846e+00,4.972589322469e+00,0.000000000000e+00
5.168000000000e-01,5.372270698341e-01,-2.005557268736e+00,2.076264164971e+00,4.974113755396e+00,0.000000000000e+00
5.172000000000e-01,5.347577248496e-01,-1.984294394861e+00,2.055088822840e+00,4.975630212329e+00,0.000000000000e+00
5.176000000000e-01,5.322699611764e-01,-1.963269916894e+00,2.034143573632e+00,4.977138831305e+00,0.000000000000e+00
5.180000000000e-01,5.297643584663e-01,-1.942479091597e+00,2.013423774766e+00,4.978639751833e+00,0.000000000000e+00
5.184000000000e-01,5.272414989121e-01,-1.921917343027e+00,1.992924953831e+00,4.980133117263e+00,0.000000000000e+00
5.188000000000e-01,5.247019267677e-01,-1.901580135582e+00,1.972642675193e+00,4.981619071356e+00,0.000000000000e+00
5.192000000000e-01,5.221461706107e-01,-1.881463073782e+00,1.952572641795e+00,4.983097755169e+00,0.000000000000e+00
5.196000000000e-01,5.195747366600e-01,-1.861561866082e+00,1.932710658175e+00,4.984569307779e+00,0.000000000000e+00
5.200000000000e-01,5.169881026326e-01,-1.841872272806e+00,1.913052578367e+00,4.986033869752e+00,0.000000000000e+00
5.204000000000e-01,5.143867526641e-01,-1.822390202955e+00,1.893594408300e+00,4.987491586591e+00,0.000000000000e+00
5.208000000000e-01,5.117711393978e-01,-1.803111604182e+00,1.874332189410e+00,4.988942604688e+00,0.000000000000e+00
5.212000000000e-01,5.091416987020e-01,-1.784032533629e+00,1.855262070545e+00,4.990387068082e+00,0.000000000000e+00
5.216000000000e-01,5.064988502898e-01,-1.765149154016e+00,1.836380304095e+00,4.991825118556e+00,0.000000000000e+00
5.220000000000e-01,5.038429854838e-01,-1.746457663211e+00,1.817683174651e+00,4.993256899100e+00,0.000000000000e+00
5.224000000000e-01,5.011745044750e-01,-1.727954388408e+00,1.799167099619e+00,4.994682558891e+00,0.000000000000e+00
5.228000000000e-01,4.984937839314e-01,-1.709635699939e+00,1.780828537261e+00,4.996102248902e+00,0.000000000000e+00
5.232000000000e-01,4.958011809691e-01,-1.691498045510e+00,1.762664020458e+00,4.997516118268e+00,0.000000000000e+00
5.236000000000e-01,4.930970423080e-01,-1.673537982261e+00,1.744670189808e+00,4.998924313464e+00,0.000000000000e+00
5.240000000000e-01,4.903816867000e-01,-1.655752092234e+00,1.726843707342e+00,5.000326981629e+00,0.000000000000e+00
5.244000000000e-01,4.876554408440e-01,-1.638137062168e+00,1.709181343051e+00,5.001724277079e+00,0.000000000000e+00
5.248000000000e-01,4.849186184112e-01,-1.620689633006e+00,1.691679920380e+00,5.003116357677e+00,0.000000000000e+00
5.252000000000e-01,4.821715100707e-01,-1.603406592589e+00,1.674336306206e+00,5.004503380101e+00,0.000000000000e+00
5.256000000000e-01,4.794144000982e-01,-1.586284838465e+00,1.657147475564e+00,5.005885497991e+00,0.000000000000e+00
5.260000000000e-01,4.766475469845e-01,-1.569321292631e+00,1.640110424195e+00,5.007262864895e+00,0.000000000000e+00
5.264000000000e-01,4.738712118495e-01,-1.552512951749e+00,1.623222224703e+00,5.008635641667e+00,0.000000000000e+00
5.268000000000e-01,4.710856554155e-01,-1.535856880288e+00,1.606480019006e+00,5.010003995741e+00,0.000000000000e+00
5.272000000000e-01,4.682911135022e-01,-1.519350167552e+00,1.589880969955e+00,5.011368094195e+00,0.000000000000e+00
5.276000000000e-01,4.654878158793e-01,-1.502990001531e+00,1.573422337274e+00,5.012728100968e+00,0.000000000000e+00
5.280000000000e-01,4.626759715052e-01,-1.486773605889e+00,1.557101412810e+00,5.014084179035e+00,0.000000000000e+00
5.284000000000e-01,4.598557827970e-01,-1.470698247834e+00,1.540915532128e+00,5.015436497316e+00,0.000000000000e+00
5.288000000000e-01,4.570274641698e-01,-1.454761271106e+00,1.524862111444e+00,5.016785235703e+00,0.000000000000e+00
5.292000000000e-01,4.541912075290e-01,-1.438960036749e+00,1.508938580710e+00,5.018130575084e+00,0.000000000000e+00
5.296000000000e-01,4.513471945918e-01,-1.423291978937e+00,1.493142440416e+00,5.019472693682e+00,0.000000000000e+00
5.300000000000e-01,4.484955932366e-01,-1.407754586865e+00,1.477471243034e+00,5.020811767760e+00,0.000000000000e+00
5.304000000000e-01,4.456365552499e-01,-1.392345370058e+00,1.461922559131e+00,5.022147976840e+00,0.000000000000e+00
5.308000000000e-01,4.427702511652e-01,-1.377061909818e+00,1.446494036900e+00,5.023481515645e+00,0.000000000000e+00
5.312000000000e-01,4.398968382454e-01,-1.361901811850e+00,1.431183347241e+00,5.024812583243e+00,0.000000000000e+00
5.316000000000e-01,4.370164571414e-01,-1.346862723326e+00,1.415988198856e+00,5.026141377013e+00,0.000000000000e+00
5.320000000000e-01,4.341292400221e-01,-1.331942361742e+00,1.400906368050e+00,5.027468091311e+00,0.000000000000e+00
5.324000000000e-01,4.312352987121e-01,-1.317138459022e+00,1.385935641756e+00,5.028792921205e+00,0.000000000000e+00
5.328000000000e-01,4.283347581652e-01,-1.302448797228e+00,1.371073861778e+00,5.030116077337e+00,0.000000000000e+00
5.332000000000e-01,4.254277476396e-01,-1.287871198573e+00,1.356318912563e+00,5.031437782448e+00,0.000000000000e+00
5.336000000000e-01,4.225143752735e-01,-1.273403502910e+00,1.341668691793e+00,5.032758258945e+00,0.000000000000e+00
5.340000000000e-01,4.195947408635e-01,-1.259043618222e+00,1.327121162195e+00,5.034077725729e+00,0.000000000000e+00
5.344000000000e-01,4.166689260525e-01,-1.244789478531e+00,1.312674308349e+00,5.035396400578e+00,0.000000000000e+00
5.348000000000e-01,4.137370101498e-01,-1.230639042298e+00,1.298326140072e+00,5.036714511736e+00,0.000000000000e+00
5.352000000000e-01,4.107990956064e-01,-1.216590316854e+00,1.284074723688e+00,5.038032310904e+00,0.000000000000e+00
5.356000000000e-01,4.078552673277e-01,-1.202641322313e+00,1.269918134850e+00,5.039350052862e+00,0.000000000000e+00
5.360000000000e-01,4.049055960373e-01,-1.188790123703e+00,1.255854489946e+00,5.040667989687e+00,0.000000000000e+00
5.364000000000e-01,4.019501393779e-01,-1.175034832488e+00,1.241881947733e+00,5.041986370648e+00,0.000000000000e+00
5.368000000000e-01,3.989889385949e-01,-1.161373571251e+00,1.227998674723e+00,5.043305448427e+00,0.000000000000e+00
5.372000000000e-01,3.960220619705e-01,-1.147804501747e+00,1.214202885764e+00,5.044625505384e+00,0.000000000000e+00
5.376000000000e-01,3.930495785353e-01,-1.134325808228e+00,1.200492819803e+00,5.045946838671e+00,0.000000000000e+00
5.380000000000e-01,3.900715364009e-01,-1.120935694303e+00,1.186866729786e+00,5.047269744397e+00,0.000000000000e+00
5.384000000000e-01,3.870879717287e-01,-1.107632418760e+00,1.173322919296e+00,5.048594514440e+00,0.000000000000e+00
5.388000000000e-01,3.840989005688e-01,-1.094414257506e+00,1.159859703779e+00,5.049921439963e+00,0.000000000000e+00
5.392000000000e-01,3.811043470191e-01,-1.081279505949e+00,1.146475422023e+00,5.051250833607e+00,0.000000000000e+00
5.396000000000e-01,3.781043652853e-01,-1.068226489753e+00,1.133168453699e+00,5.052583045631e+00,0.000000000000e+00
5.400000000000e-01,3.750989901063e-01,-1.055253545114e+00,1.119937184335e+00,5.053918429909e+00,0.000000000000e+00
5.404000000000e-01,3.720882385580e-01,-1.042359047579e+00,1.106780032953e+00,5.055257336701e+00,0.000000000000e+00
5.408000000000e-01,3.690721100256e-01,-1.029541408901e+00,1.093695448943e+00,5.056600112988e+00,0.000000000000e+00
5.412000000000e-01,3.660505884592e-01,-1.016799050307e+00,1.080681887522e+00,5.057947112252e+00,0.000000000000e+00
5.416000000000e-01,3.630236990749e-01,-1.004130415699e+00,1.067737841337e+00,5.059298740404e+00,0.000000000000e+00
5.420000000000e-01,3.599914715481e-01,-9.915339638625e-01,1.054861820847e+00,5.060655428297e+00,0.000000000000e+00
5.424000000000e-01,3.569539105018e-01,-9.790081710811e-01,1.042052346702e+00,5.062017605487e+00,0.000000000000e+00
5.428000000000e-01,3.539110016289e-01,-9.665515597222e-01,1.029307978535e+00,5.063385695922e+00,0.000000000000e+00
5.432000000000e-01,3.508627066517e-01,-9.541626689077e-01,1.016627285516e+00,5.064760122448e+00,0.000000000000e+00
5.436000000000e-01,3.478089998539e-01,-9.418400481703e-01,1.004008852908e+00,5.066141342811e+00,0.000000000000e+00
5.440000000000e-01,3.447499050208e-01,-9.295822611325e-01,9.914512984631e-01,5.067529885239e+00,0.000000000000e+00
5.444000000000e-01,3.416854248567e-01,-9.173878817794e-01,9.789532446421e-01,5.068926286286e+00,0.000000000000e+00
5.448000000000e-01,3.386155355104e-01,-9.052555162094e-01,9.665133369574e-01,5.070331077936e+00,0.000000000000e+00
5.452000000000e-01,3.355401877758e-01,-8.931838056413e-01,9.541302470168e-01,5.071744787000e+00,0.000000000000e+00
5.456000000000e-01,3.324593109020e-01,-8.811714011770e-01,9.418026500587e-01,5.073167947630e+00,0.000000000000e+00
5.460000000000e-01,3.293728925354e-01,-8.692169579474e-01,9.295292476950e-01,5.074601184252e+00,0.000000000000e+00
5.464000000000e-01,3.262809437180e-01,-8.573191381966e-01,9.173087587893e-01,5.076045180342e+00,0.000000000000e+00
5.468000000000e-01,3.231834412020e-01,-8.454766201404e-01,9.051399073465e-01,5.077500619022e+00,0.000000000000e+00
5.472000000000e-01,3.200803297903e-01,-8.336881232092e-01,8.930214467183e-01,5.078968175080e+00,0.000000000000e+00
5.476000000000e-01,3.169715209632e-01,-8.219523891796e-01,8.809521412539e-01,5.080448520185e+00,0.000000000000e+00
5.480000000000e-01,3.138569305353e-01,-8.102681646320e-01,8.689307633300e-01,5.081942370086e+00,0.000000000000e+00
5.484000000000e-01,3.107365666677e-01,-7.986341869449e-01,8.569561123077e-01,5.083450589081e+00,0.000000000000e+00
5.488000000000e-01,3.076104216102e-01,-7.870492030128e-01,8.450269933240e-01,5.084974072678e+00,0.000000000000e+00
5.492000000000e-01,3.044784443625e-01,-7.755119872343e-01,8.331422240083e-01,5.086513711090e+00,0.000000000000e+00
5.496000000000e-01,3.013405418675e-01,-7.640213543760e-01,8.213006466061e-01,5.088070384084e+00,0.000000000000e+00
5.500000000000e-01,2.981965823016e-01,-7.525761357244e-01,8.095011067060e-01,5.089644974394e+00,0.000000000000e+00
5.504000000000e-01,2.950465018065e-01,-7.411751500733e-01,7.977424655328e-01,5.091238505455e+00,0.000000000000e+00
5.508000000000e-01,2.918903201906e-01,-7.298172003615e-01,7.860236033125e-01,5.092852171688e+00,0.000000000000e+00
5.512000000000e-01,2.887280094371e-01,-7.185011077892e-01,7.743434027147e-01,5.094487176968e+00,0.000000000000e+00
5.516000000000e-01,2.855594841044e-01,-7.072257343153e-01,7.627007658576e-01,5.096144712318e+00,0.000000000000e+00
5.520000000000e-01,2.823846028794e-01,-6.959899776566e-01,7.510946098473e-01,5.097825958859e+00,0.000000000000e+00
5.524000000000e-01,2.792031968997e-01,-6.847927470915e-01,7.395238546714e-01,5.099532134441e+00,0.000000000000e+00
5.528000000000e-01,2.760152545412e-01,-6.736329068838e-01,7.279874408094e-01,5.101264760672e+00,0.000000000000e+00
5.532000000000e-01,2.728207984561e-01,-6.625093139017e-01,7.164843187934e-01,5.103025508180e+00,0.000000000000e+00
5.536000000000e-01,2.696197761092e-01,-6.514208564151e-01,7.050134437312e-01,5.104816043807e+00,0.000000000000e+00
5.540000000000e-01,2.664120543915e-01,-6.403664760341e-01,6.935737930123e-01,5.106638010607e+00,0.000000000000e+00
5.544000000000e-01,2.631974259312e-01,-6.293451490458e-01,6.821643509040e-01,5.108493044378e+00,0.000000000000e+00
5.548000000000e-01,2.599757153351e-01,-6.183558421942e-01,6.707841084430e-01,5.110382944275e+00,0.000000000000e+00
5.552000000000e-01,2.567469843058e-01,-6.073974407742e-01,6.594320776313e-01,5.112310015562e+00,0.000000000000e+00
5.556000000000e-01,2.535112542430e-01,-5.964688452483e-01,6.481072745924e-01,5.114276661087e+00,0.000000000000e+00
5.560000000000e-01,2.502684361299e-01,-5.855690079044e-01,6.368087257106e-01,5.116285265661e+00,0.000000000000e+00
5.564000000000e-01,2.470183256523e-01,-5.746969471735e-01,6.255354780495e-01,5.118338177747e+00,0.000000000000e+00
5.568000000000e-01,2.437606233090e-01,-5.638517204871e-01,6.142865814685e-01,5.120437753118e+00,0.000000000000e+00
5.572000000000e-01,2.404952144497e-01,-5.530323148837e-01,6.030610992916e-01,5.122586853488e+00,0.000000000000e+00
5.576000000000e-01,2.372222437000e-01,-5.422376169465e-01,5.918581131807e-01,5.124789029595e+00,0.000000000000e+00
5.580000000000e-01,2.339417307229e-01,-5.314665602644e-01,5.806767070005e-01,5.127047879033e+00,0.000000000000e+00
5.584000000000e-01,2.306535230882e-01,-5.207181648576e-01,5.695159830291e-01,5.129366946739e+00,0.000000000000e+00
5.588000000000e-01,2.273573009930e-01,-5.099915355404e-01,5.583750609023e-01,5.131749728022e+00,0.000000000000e+00
5.592000000000e-01,2.240526501361e-01,-4.992858147219e-01,5.472530628653e-01,5.134199819791e+00,0.000000000000e+00
5.596000000000e-01,2.207396215756e-01,-4.885999526079e-01,5.361491343104e-01,5.136722059057e+00,0.000000000000e+00
5.600000000000e-01,2.174184612703e-01,-4.779328135682e-01,5.250624358935e-01,5.139322100578e+00,0.000000000000e+00
5.604000000000e-01,2.140891791529e-01,-4.672833569850e-01,5.139921325716e-01,5.142005595592e+00,0.000000000000e+00
5.608000000000e-01,2.107515003117e-01,-4.566506910558e-01,5.029374200886e-01,5.144778058152e+00,0.000000000000e+00
5.612000000000e-01,2.074048995094e-01,-4.460340417660e-01,4.918975083842e-01,5.147644939048e+00,0.000000000000e+00
5.616000000000e-01,2.040488567337e-01,-4.354326288692e-01,4.808716151097e-01,5.150612208940e+00,0.000000000000e+00
5.620000000000e-01,2.006837583052e-01,-4.248452734088e-01,4.698589971314e-01,5.153688510226e+00,0.000000000000e+00
5.624000000000e-01,1.973099931988e-01,-4.142707793220e-01,4.588589238712e-01,5.156883340667e+00,0.000000000000e+00
5.628000000000e-01,1.939275257899e-01,-4.037081374728e-01,4.478706794609e-01,5.160206100821e+00,0.000000000000e+00
5.632000000000e-01,1.905358211815e-01,-3.931566083909e-01,4.368936001760e-01,5.163665845211e+00,0.000000000000e+00
5.636000000000e-01,1.871339532201e-01,-3.826156318982e-01,4.259270339162e-01,5.167271557301e+00,0.000000000000e+00
5.640000000000e-01,1.837214343620e-01,-3.720844402675e-01,4.149703557282e-01,5.171034346389e+00,0.000000000000e+00
5.644000000000e-01,1.802992773381e-01,-3.615615604760e-01,4.040230085310e-01,5.174970636807e+00,0.000000000000e+00
5.648000000000e-01,1.768681127053e-01,-3.510456559467e-01,3.930844462085e-01,5.179097664772e+00,0.000000000000e+00
5.652000000000e-01,1.734277227010e-01,-3.405358086404e-01,3.821541730344e-01,5.183432173266e+00,0.000000000000e+00
5.656000000000e-01,1.699769581857e-01,-3.300316219606e-01,3.712317844798e-01,5.187990012607e+00,0.000000000000e+00
5.660000000000e-01,1.665140693744e-01,-3.195329784993e-01,3.603168878199e-01,5.192787126420e+00,0.000000000000e+00
5.664000000000e-01,1.630391213997e-01,-3.090388669357e-01,3.494091818824e-01,5.197847249030e+00,0.000000000000e+00
5.668000000000e-01,1.595543937994e-01,-2.985471350898e-01,3.385084880043e-01,5.203204539854e+00,0.000000000000e+00
5.672000000000e-01,1.560609679158e-01,-2.880561210103e-01,3.276146433820e-01,5.208893778679e+00,0.000000000000e+00
5.676000000000e-01,1.525579113427e-01,-2.775652906489e-01,3.167276541230e-01,5.214947249544e+00,0.000000000000e+00
5.680000000000e-01,1.490424208634e-01,-2.670752137682e-01,3.058476958000e-01,5.221394732569e+00,0.000000000000e+00
5.684000000000e-01,1.455110154656e-01,-2.565867863008e-01,2.949749727113e-01,5.228267847326e+00,0.000000000000e+00
5.688000000000e-01,1.419661497728e-01,-2.460977543484e-01,2.841100004868e-01,5.235626681063e+00,0.000000000000e+00
5.692000000000e-01,1.384130849010e-01,-2.356041381433e-01,2.732535305940e-01,5.243552885635e+00,0.000000000000e+00
5.696000000000e-01,1.348536737467e-01,-2.251035215436e-01,2.624063808948e-01,5.252127341976e+00,0.000000000000e+00
5.700000000000e-01,1.312840947603e-01,-2.145971495236e-01,2.515699706259e-01,5.261417960993e+00,0.000000000000e+00
5.704000000000e-01,1.276965924798e-01,-2.040888220142e-01,2.407460633159e-01,5.271485228137e+00,0.000000000000e+00
5.708000000000e-01,1.240843259431e-01,-1.935818054398e-01,2.299365898288e-01,5.282405370759e+00,0.000000000000e+00
5.712000000000e-01,1.204587615102e-01,-1.830684512269e-01,2.191446350226e-01,5.294366495358e+00,0.000000000000e+00
5.716000000000e-01,1.168325893983e-01,-1.725392091183e-01,2.083737810490e-01,5.307604920801e+00,0.000000000000e+00
5.720000000000e-01,1.132077718863e-01,-1.619903299662e-01,1.976281017923e-01,5.322346157238e+00,0.000000000000e+00
5.724000000000e-01,1.095705382999e-01,-1.514305650830e-01,1.869142019877e-01,5.338758886754e+00,0.000000000000e+00
5.728000000000e-01,1.058992067675e-01,-1.408748376018e-01,1.762395014272e-01,5.356993490463e+00,0.000000000000e+00
5.732000000000e-01,1.021833143045e-01,-1.303309502053e-01,1.656127600871e-01,5.377315689443e+00,0.000000000000e+00
5.736000000000e-01,9.845965256455e-02,-1.197728631157e-01,1.550478697760e-01,5.400433027622e+00,0.000000000000e+00
5.740000000000e-01,9.475090059383e-02,-1.091780552049e-01,1.445599560794e-01,5.427158834516e+00,0.000000000000e+00
5.744000000000e-01,9.105500054846e-02,-9.854116527029e-02,1.341692005555e-01,5.458322854549e+00,0.000000000000e+00
5.748000000000e-01,8.735583403678e-02,-8.787896350998e-02,1.239102657888e-01,5.494801846761e+00,0.000000000000e+00
5.752000000000e-01,8.361388727067e-02,-7.722575323778e-02,1.138204687552e-01,5.537483689688e+00,0.000000000000e+00
5.756000000000e-01,7.981322258407e-02,-6.660204643563e-02,1.039518306172e-01,5.587774321747e+00,0.000000000000e+00
5.760000000000e-01,7.599043341440e-02,-5.598754935403e-02,9.438830252302e-02,5.648204642920e+00,0.000000000000e+00
5.764000000000e-01,7.212481135732e-02,-4.539035610898e-02,8.521896995992e-02,5.721477859247e+00,0.000000000000e+00
5.768000000000e-01,6.825968950704e-02,-3.476482267417e-02,7.660272911041e-02,5.812123514274e+00,0.000000000000e+00
5.772000000000e-01,6.451285361531e-02,-2.394960182992e-02,6.881490906339e-02,5.927717186019e+00,0.000000000000e+00
5.776000000000e-01,6.081384347561e-02,-1.278829491752e-02,6.214389789170e-02,6.075919286889e+00,0.000000000000e+00
5.780000000000e-01,5.693540054828e-02,-1.517289613538e-03,5.695561432699e-02,6.256542294820e+00,0.000000000000e+00
5.784000000000e-01,5.288576147354e-02,9.408894559351e-03,5.371620857306e-02,6.459252894625e+00,0.000000000000e+00
5.788000000000e-01,4.891549452917e-02,2.009511005637e-02,5.288231323619e-02,6.672978149258e+00,0.000000000000e+00
5.792000000000e-01,4.495000831709e-02,3.087832187328e-02,5.453415452188e-02,6.885097777628e+00,0.000000000000e+00
5.796000000000e-01,4.074215169829e-02,4.180293327938e-02,5.837300879488e-02,7.081433698938e+00,0.000000000000e+00
5.800000000000e-01,3.647571590056e-02,5.268690193975e-02,6.408110085249e-02,7.248434809665e+00,0.000000000000e+00
5.804000000000e-01,3.233920659945e-02,6.354882590534e-02,7.130412019953e-02,7.383249286818e+00,0.000000000000e+00
5.808000000000e-01,2.825321277965e-02,7.448040118174e-02,7.965911242642e-02,7.491413615107e+00,0.000000000000e+00
5.812000000000e-01,2.414152942008e-02,8.543179327002e-02,8.877727605684e-02,7.578579791920e+00,0.000000000000e+00
5.816000000000e-01,2.001745956198e-02,9.639340967154e-02,9.844992694472e-02,7.649227636943e+00,0.000000000000e+00
5.820000000000e-01,1.588638368427e-02,1.073970708365e-01,1.085656852363e-01,7.707124630217e+00,0.000000000000e+00
5.824000000000e-01,1.166564212948e-02,1.184464611429e-01,1.190195419399e-01,7.755809506219e+00,0.000000000000e+00
5.828000000000e-01,7.372602361368e-03,1.295355595276e-01,1.297451981682e-01,7.797127308357e+00,0.000000000000e+00
5.832000000000e-01,3.073793606036e-03,1.406608409279e-01,1.406944219850e-01,7.832132593068e+00,0.000000000000e+00
5.836000000000e-01,-1.197626394731e-03,1.518178112822e-01,1.518225349924e-01,7.861870046691e+00,0.000000000000e+00
5.840000000000e-01,-5.442088681926e-03,1.630137179061e-01,1.631045326004e-01,7.887353477482e+00,0.000000000000e+00
5.844000000000e-01,-9.699165811874e-03,1.742526437606e-01,1.745223701277e-01,7.909585770112e+00,0.000000000000e+00
5.848000000000e-01,-1.402602434543e-02,1.855300344250e-01,1.860594610136e-01,7.929437850888e+00,0.000000000000e+00
5.852000000000e-01,-1.840753250369e-02,1.968465618576e-01,1.977053518953e-01,7.947222568154e+00,0.000000000000e+00
5.856000000000e-01,-2.281074053957e-02,2.082053792447e-01,2.094512110979e-01,7.963105257452e+00,0.000000000000e+00
5.860000000000e-01,-2.721446224577e-02,2.196094071383e-01,2.212892194821e-01,7.977275186128e+00,0.000000000000e+00
5.864000000000e-01,-3.162301301803e-02,2.310608107359e-01,2.332147362631e-01,7.989996747179e+00,0.000000000000e+00
5.868000000000e-01,-3.605578552121e-02,2.425585813383e-01,2.452237448747e-01,8.001548818654e+00,0.000000000000e+00
5.872000000000e-01,-4.052986575819e-02,2.541007975478e-01,2.573128161068e-01,8.012152364970e+00,0.000000000000e+00
5.876000000000e-01,-4.503634972827e-02,2.656899348017e-01,2.694798958212e-01,8.021892767748e+00,0.000000000000e+00
5.880000000000e-01,-4.956468297877e-02,2.773288027660e-01,2.817231311810e-01,8.030836141513e+00,0.000000000000e+00
5.884000000000e-01,-5.410989050478e-02,2.890195141379e-01,2.940410852295e-01,8.039057933336e+00,0.000000000000e+00
5.888000000000e-01,-5.867536171216e-02,3.007630586808e-01,3.064330522954e-01,8.046650000687e+00,0.000000000000e+00
5.892000000000e-01,-6.326895011358e-02,3.125591697106e-01,3.188984079901e-01,8.053705252350e+00,0.000000000000e+00
5.896000000000e-01,-6.789465618751e-02,3.244081957427e-01,3.314368141952e-01,8.060291548803e+00,0.000000000000e+00
5.900000000000e-01,-7.254846372166e-02,3.363122978285e-01,3.440483123909e-01,8.066443536092e+00,0.000000000000e+00
5.904000000000e-01,-7.722713874706e-02,3.482734381140e-01,3.567329794886e-01,8.072193703554e+00,0.000000000000e+00
5.908000000000e-01,-8.193002573790e-02,3.602931413032e-01,3.694911051535e-01,8.077577578670e+00,0.000000000000e+00
5.912000000000e-01,-8.665924863486e-02,3.723723907969e-01,3.823231915563e-01,8.082633723510e+00,0.000000000000e+00
5.916000000000e-01,-9.141843811556e-02,3.845116818487e-01,3.952297614118e-01,8.087400006885e+00,0.000000000000e+00
5.920000000000e-01,-9.620833559149e-02,3.967122186400e-01,4.082114994161e-01,8.091902498375e+00,0.000000000000e+00
5.924000000000e-01,-1.010273037702e-01,4.089758333163e-01,4.212692112460e-01,8.096158454934e+00,0.000000000000e+00
5.928000000000e-01,-1.058744431052e-01,4.213041579440e-01,4.344037191412e-01,8.100185032912e+00,0.000000000000e+00
5.932000000000e-01,-1.107501195194e-01,4.336985953363e-01,4.476159744359e-01,8.104000437814e+00,0.000000000000e+00
5.936000000000e-01,-1.156558147588e-01,4.461602791910e-01,4.609069995295e-01,8.107623452695e+00,0.000000000000e+00
5.940000000000e-01,-1.205934769851e-01,4.586901755488e-01,4.742778340133e-01,8.111071951634e+00,0.000000000000e+00
5.944000000000e-01,-1.255631430547e-01,4.712898077115e-01,4.877296236097e-01,8.114357906399e+00,0.000000000000e+00
5.948000000000e-01,-1.305642818181e-01,4.839608672767e-01,5.012635561678e-01,8.117490945965e+00,0.000000000000e+00
5.952000000000e-01,-1.355968503311e-01,4.967049158401e-01,5.148808398449e-01,8.120480782191e+00,0.000000000000e+00
5.956000000000e-01,-1.406614818820e-01,5.095234001224e-01,5.285827728535e-01,8.123337522769e+00,0.000000000000e+00
5.960000000000e-01,-1.457593505850e-01,5.224176151480e-01,5.423706785030e-01,8.126071385130e+00,0.000000000000e+00
5.964000000000e-01,-1.508916166175e-01,5.353888559854e-01,5.562459052243e-01,8.128691636366e+00,0.000000000000e+00
5.968000000000e-01,-1.560583051330e-01,5.484387942525e-01,5.702098785905e-01,8.131204625128e+00,0.000000000000e+00
5.972000000000e-01,-1.612594293050e-01,5.615691087184e-01,5.842640391180e-01,8.133616142123e+00,0.000000000000e+00
5.976000000000e-01,-1.664953235305e-01,5.747814074331e-01,5.984098587827e-01,8.135932050100e+00,0.000000000000e+00
5.980000000000e-01,-1.717667090028e-01,5.880772426976e-01,6.126488763561e-01,8.138158364783e+00,0.000000000000e+00
5.984000000000e-01,-1.770746011078e-01,6.014580753000e-01,6.269826398721e-01,8.140301104432e+00,0.000000000000e+00
5.988000000000e-01,-1.824197661274e-01,6.149254643523e-01,6.414127359064e-01,8.142365386690e+00,0.000000000000e+00
5.992000000000e-01,-1.878023988913e-01,6.284811871321e-01,6.559408080066e-01,8.144354997927e+00,0.000000000000e+00
5.996000000000e-01,-1.932228084527e-01,6.421269873333e-01,6.705685062453e-01,8.146273619525e+00,0.000000000000e+00
6.000000000000e-01,-1.986815298733e-01,6.558645827469e-01,6.852975275124e-01,8.148124988335e+00,0.000000000000e+00
6.004000000000e-01,-2.041793319709e-01,6.696956628104e-01,7.001296168505e-01,8.149912898260e+00,0.000000000000e+00
6.008000000000e-01,-2.097171355645e-01,6.836218685464e-01,7.150665256493e-01,8.151641088949e+00,0.000000000000e+00
6.012000000000e-01,-2.152955403274e-01,6.976449885888e-01,7.301100600512e-01,8.153312549070e+00,0.000000000000e+00
6.016000000000e-01,-2.209149265333e-01,7.117669145345e-01,7.452620649081e-01,8.154929736355e+00,0.000000000000e+00
6.020000000000e-01,-2.265757915204e-01,7.259895070827e-01,7.605243938871e-01,8.156495102383e+00,0.000000000000e+00
6.024000000000e-01,-2.322788008463e-01,7.403146360982e-01,7.758989636182e-01,8.158011138397e+00,0.000000000000e+00
6.028000000000e-01,-2.380247673397e-01,7.547441515770e-01,7.913877205307e-01,8.159480354413e+00,0.000000000000e+00
6.032000000000e-01,-2.438145494631e-01,7.692798987815e-01,8.069926252446e-01,8.160905149105e+00,0.000000000000e+00
6.036000000000e-01,-2.496487227804e-01,7.839238797493e-01,8.227157066856e-01,8.162287377861e+00,0.000000000000e+00
6.040000000000e-01,-2.555278294255e-01,7.986781262284e-01,8.385590145760e-01,8.163628730788e+00,0.000000000000e+00
6.044000000000e-01,-2.614525091027e-01,8.135446609805e-01,8.545246221882e-01,8.164930906220e+00,0.000000000000e+00
6.048000000000e-01,-2.674235294433e-01,8.285255376629e-01,8.706146740433e-01,8.166195627513e+00,0.000000000000e+00
6.052000000000e-01,-2.734417532796e-01,8.436227904811e-01,8.868313284136e-01,8.167424621220e+00,0.000000000000e+00
6.056000000000e-01,-2.795080001542e-01,8.588385023154e-01,9.031767796005e-01,8.168619446048e+00,0.000000000000e+00
6.060000000000e-01,-2.856229138682e-01,8.741748824395e-01,9.196532901124e-01,8.169781342967e+00,0.000000000000e+00
6.064000000000e-01,-2.917871725055e-01,8.896341369579e-01,9.362631316461e-01,8.170911517889e+00,0.000000000000e+00
6.068000000000e-01,-2.980015413016e-01,9.052184962871e-01,9.530086277880e-01,8.172011187436e+00,0.000000000000e+00
6.072000000000e-01,-3.042668796804e-01,9.209302232892e-01,9.698921642317e-01,8.173081581045e+00,0.000000000000e+00
6.076000000000e-01,-3.105841029523e-01,9.367715690458e-01,9.869161350284e-01,8.174123915830e+00,0.000000000000e+00
6.080000000000e-01,-3.169540332192e-01,9.527448848550e-01,1.004083001943e+00,8.175139220468e+00,0.000000000000e+00
6.084000000000e-01,-3.233774256509e-01,9.688525964293e-01,1.021395277563e+00,8.176128382218e+00,0.000000000000e+00
6.088000000000e-01,-3.298550830867e-01,9.850971255454e-01,1.038855486868e+00,8.177092286319e+00,0.000000000000e+00
6.092000000000e-01,-3.363878919509e-01,1.001480953192e+00,1.056466238674e+00,8.178031828697e+00,0.000000000000e+00
6.096000000000e-01,-3.429768035766e-01,1.018006577406e+00,1.074230179912e+00,8.178947910128e+00,0.000000000000e+00
6.100000000000e-01,-3.496227860403e-01,1.034676512987e+00,1.092149980106e+00,8.179841393328e+00,0.000000000000e+00
6.104000000000e-01,-3.563267179615e-01,1.051493401957e+00,1.110228401858e+00,8.180712982730e+00,0.000000000000e+00
6.108000000000e-01,-3.630894792176e-01,1.068459910791e+00,1.128468232112e+00,8.181563341670e+00,0.000000000000e+00
6.112000000000e-01,-3.699120017172e-01,1.085578731035e+00,1.146872299033e+00,8.182393136869e+00,0.000000000000e+00
6.116000000000e-01,-3.767952926997e-01,1.102852628461e+00,1.165443526175e+00,8.183203042876e+00,0.000000000000e+00
6.120000000000e-01,-3.837404007592e-01,1.120284369660e+00,1.184184852158e+00,8.183993733633e+00,0.000000000000e+00
6.124000000000e-01,-3.907483548154e-01,1.137876795497e+00,1.203099280409e+00,8.184765814198e+00,0.000000000000e+00
6.128000000000e-01,-3.978201401427e-01,1.155632851406e+00,1.222189899791e+00,8.185519798823e+00,0.000000000000e+00
6.132000000000e-01,-4.049567668096e-01,1.173555486720e+00,1.241459811430e+00,8.186256195908e+00,0.000000000000e+00
6.136000000000e-01,-4.121593087721e-01,1.191647726059e+00,1.260912209009e+00,8.186975518924e+00,0.000000000000e+00
6.140000000000e-01,-4.194288958809e-01,1.209912647553e+00,1.280550355671e+00,8.187678285150e+00,0.000000000000e+00
6.144000000000e-01,-4.267666793076e-01,1.228353341264e+00,1.300377533473e+00,8.188365000263e+00,0.000000000000e+00
6.148000000000e-01,-4.341737798545e-01,1.246973028498e+00,1.320397139089e+00,8.189036092160e+00,0.000000000000e+00
6.152000000000e-01,-4.416513173207e-01,1.265774980022e+00,1.340612615986e+00,8.189691956987e+00,0.000000000000e+00
6.156000000000e-01,-4.492004478809e-01,1.284762494838e+00,1.361027446644e+00,8.190332992260e+00,0.000000000000e+00
6.160000000000e-01,-4.568223985092e-01,1.303938982422e+00,1.381645241608e+00,8.190959600319e+00,0.000000000000e+00
6.164000000000e-01,-4.645184290629e-01,1.323307869164e+00,1.402469638719e+00,8.191572184067e+00,0.000000000000e+00
6.168000000000e-01,-4.722898041742e-01,1.342872655063e+00,1.423504347322e+00,8.192171114815e+00,0.000000000000e+00
6.172000000000e-01,-4.801377777047e-01,1.362636970092e+00,1.444753196169e+00,8.192756711116e+00,0.000000000000e+00
6.176000000000e-01,-4.880636204174e-01,1.382604456662e+00,1.466220031632e+00,8.193329286675e+00,0.000000000000e+00
6.180000000000e-01,-4.960686624312e-01,1.402778855599e+00,1.487908812919e+00,8.193889158186e+00,0.000000000000e+00
6.184000000000e-01,-5.041542883788e-01,1.423163991790e+00,1.509823596987e+00,8.194436644930e+00,0.000000000000e+00
6.188000000000e-01,-5.123219010511e-01,1.443763708809e+00,1.531968464809e+00,8.194972060189e+00,0.000000000000e+00
6.192000000000e-01,-5.205729079698e-01,1.464582004249e+00,1.554347644410e+00,8.195495674186e+00,0.000000000000e+00
6.196000000000e-01,-5.289087257664e-01,1.485622939573e+00,1.576965427261e+00,8.196007738574e+00,0.000000000000e+00
6.200000000000e-01,-5.373308044048e-01,1.506890620569e+00,1.599826157969e+00,8.196508505934e+00,0.000000000000e+00
6.204000000000e-01,-5.458406687746e-01,1.528389302083e+00,1.622934346919e+00,8.196998231994e+00,0.000000000000e+00
6.208000000000e-01,-5.544398707441e-01,1.550123265643e+00,1.646294538945e+00,8.197477172691e+00,0.000000000000e+00
6.212000000000e-01,-5.631299802289e-01,1.572096894891e+00,1.669911381349e+00,8.197945563754e+00,0.000000000000e+00
6.216000000000e-01,-5.719125843772e-01,1.594314724421e+00,1.693789669550e+00,8.198403611706e+00,0.000000000000e+00
6.220000000000e-01,-5.807892867574e-01,1.616781308860e+00,1.717934223505e+00,8.198851520967e+00,0.000000000000e+00
6.224000000000e-01,-5.897617608088e-01,1.639501349584e+00,1.742350025053e+00,8.199289498187e+00,0.000000000000e+00
6.228000000000e-01,-5.988317316912e-01,1.662479646042e+00,1.767042165990e+00,8.199717751536e+00,0.000000000000e+00
6.232000000000e-01,-6.080009424062e-01,1.685721038479e+00,1.792015782725e+00,8.200136483480e+00,0.000000000000e+00
6.236000000000e-01,-6.172711697941e-01,1.709230567840e+00,1.817276212109e+00,8.200545869472e+00,0.000000000000e+00
6.240000000000e-01,-6.266442070376e-01,1.733013332753e+00,1.842828850901e+00,8.200946077023e+00,0.000000000000e+00
6.244000000000e-01,-6.361218937375e-01,1.757074525822e+00,1.868679200126e+00,8.201337274698e+00,0.000000000000e+00
6.248000000000e-01,-6.457061507363e-01,1.781419523280e+00,1.894832961245e+00,8.201719633094e+00,0.000000000000e+00
6.252000000000e-01,-6.553989187308e-01,1.806053729734e+00,1.921295869292e+00,8.202093322028e+00,0.000000000000e+00
6.256000000000e-01,-6.652021790563e-01,1.830982727282e+00,1.948073840137e+00,8.202458494436e+00,0.000000000000e+00
6.260000000000e-01,-6.751179466108e-01,1.856212244802e+00,1.975172939160e+00,8.202815289301e+00,0.000000000000e+00
6.264000000000e-01,-6.851482606023e-01,1.881748056143e+00,2.002599282384e+00,8.203163845530e+00,0.000000000000e+00
6.268000000000e-01,-6.952952556537e-01,1.907596163680e+00,2.030359233294e+00,8.203504303892e+00,0.000000000000e+00
6.272000000000e-01,-7.055611036891e-01,1.933762645020e+00,2.058459238925e+00,8.203836805717e+00,0.000000000000e+00
6.276000000000e-01,-7.159480108414e-01,1.960253696509e+00,2.086905869680e+00,8.204161484259e+00,0.000000000000e+00
6.280000000000e-01,-7.264582421281e-01,1.987075752057e+00,2.115705939389e+00,8.204478456843e+00,0.000000000000e+00
6.284000000000e-01,-7.370940795050e-01,2.014235285979e+00,2.144866305699e+00,8.204787839009e+00,0.000000000000e+00
6.288000000000e-01,-7.478578925267e-01,2.041738987285e+00,2.174394058034e+00,8.205089747600e+00,0.000000000000e+00
6.292000000000e-01,-7.587521203230e-01,2.069593711103e+00,2.204296465799e+00,8.205384300470e+00,0.000000000000e+00
6.296000000000e-01,-7.697792260762e-01,2.097806380341e+00,2.234580870387e+00,8.205671612375e+00,0.000000000000e+00
6.300000000000e-01,-7.809417527826e-01,2.126384210785e+00,2.265254915702e+00,8.205951784026e+00,0.000000000000e+00
6.304000000000e-01,-7.922422693715e-01,2.155334502583e+00,2.296326333822e+00,8.206224912200e+00,0.000000000000e+00
6.308000000000e-01,-8.036834138293e-01,2.184664727577e+00,2.327803041836e+00,8.206491094455e+00,0.000000000000e+00
6.312000000000e-01,-8.152679284642e-01,2.214382621629e+00,2.359693240690e+00,8.206750429541e+00,0.000000000000e+00
6.316000000000e-01,-8.269985770299e-01,2.244495973752e+00,2.392005188665e+00,8.207003015204e+00,0.000000000000e+00
6.320000000000e-01,-8.388782119268e-01,2.275012875368e+00,2.424747458507e+00,8.207248938723e+00,0.000000000000e+00
6.324000000000e-01,-8.509097347999e-01,2.305941584450e+00,2.457928796298e+00,8.207488281611e+00,0.000000000000e+00
6.328000000000e-01,-8.630960973489e-01,2.337290486379e+00,2.491558085010e+00,8.207721125749e+00,0.000000000000e+00
6.332000000000e-01,-8.754403847459e-01,2.369068313764e+00,2.525644579612e+00,8.207947554196e+00,0.000000000000e+00
6.336000000000e-01,-8.879457112143e-01,2.401283872879e+00,2.560197614290e+00,8.208167649833e+00,0.000000000000e+00
6.340000000000e-01,-9.006152801155e-01,2.433946259749e+00,2.595226825949e+00,8.208381488241e+00,0.000000000000e+00
6.344000000000e-01,-9.134523743484e-01,2.467064832215e+00,2.630742124678e+00,8.208589138414e+00,0.000000000000e+00
6.348000000000e-01,-9.264603144926e-01,2.500649049712e+00,2.666753528947e+00,8.208790669343e+00,0.000000000000e+00
6.352000000000e-01,-9.396425757001e-01,2.534708780944e+00,2.703271494738e+00,8.208986151063e+00,0.000000000000e+00
6.356000000000e-01,-9.530026784322e-01,2.569254015331e+00,2.740306607005e+00,8.209175653759e+00,0.000000000000e+00
6.360000000000e-01,-9.665442304521e-01,2.604295018469e+00,2.777869740042e+00,8.209359242518e+00,0.000000000000e+00
6.364000000000e-01,-9.802709506818e-01,2.639842410915e+00,2.815972139637e+00,8.209536975869e+00,0.000000000000e+00
6.368000000000e-01,-9.941865915965e-01,2.675906911518e+00,2.854625155431e+00,8.209708912058e+00,0.000000000000e+00
6.372000000000e-01,-1.008295076979e+00,2.712499699209e+00,2.893840628035e+00,8.209875110205e+00,0.000000000000e+00
6.376000000000e-01,-1.022600396197e+00,2.749632133100e+00,2.933630589846e+00,8.210035629708e+00,0.000000000000e+00
6.380000000000e-01,-1.037106627221e+00,2.787315849312e+00,2.974007363819e+00,8.210190526183e+00,0.000000000000e+00
6.384000000000e-01,-1.051817989575e+00,2.825562925244e+00,3.014983735894e+00,8.210339849221e+00,0.000000000000e+00
6.388000000000e-01,-1.066738738287e+00,2.864385549505e+00,3.056572608654e+00,8.210483647971e+00,0.000000000000e+00
6.392000000000e-01,-1.081873319080e+00,2.903796429222e+00,3.098787437192e+00,8.210621972320e+00,0.000000000000e+00
6.396000000000e-01,-1.097226261596e+00,2.943808507237e+00,3.141641926830e+00,8.210754872447e+00,0.000000000000e+00
6.400000000000e-01,-1.112802193292e+00,2.984435030751e+00,3.185150102298e+00,8.210882395440e+00,0.000000000000e+00
6.404000000000e-01,-1.128605911223e+00,3.025689766798e+00,3.229326534706e+00,8.211004583086e+00,0.000000000000e+00
6.408000000000e-01,-1.144642254012e+00,3.067586617315e+00,3.274185936137e+00,8.211121476735e+00,0.000000000000e+00
6.412000000000e-01,-1.160916278738e+00,3.110140084334e+00,3.319743657336e+00,8.211233118369e+00,0.000000000000e+00
6.416000000000e-01,-1.177433137762e+00,3.153364943930e+00,3.366015339167e+00,8.211339550209e+00,0.000000000000e+00
6.420000000000e-01,-1.194198103463e+00,3.197276343281e+00,3.413017012208e+00,8.211440811639e+00,0.000000000000e+00
6.424000000000e-01,-1.211216641270e+00,3.241890015469e+00,3.460765323521e+00,8.211536937543e+00,0.000000000000e+00
6.428000000000e-01,-1.228494269038e+00,3.287221865012e+00,3.509277099186e+00,8.211627962493e+00,0.000000000000e+00
6.432000000000e-01,-1.246036762243e+00,3.333288509736e+00,3.558569923719e+00,8.211713921615e+00,0.000000000000e+00
6.436000000000e-01,-1.263849992013e+00,3.380106852345e+00,3.608661682062e+00,8.211794850160e+00,0.000000000000e+00
6.440000000000e-01,-1.281939991590e+00,3.427694290936e+00,3.659570780044e+00,8.211870780498e+00,0.000000000000e+00
6.444000000000e-01,-1.300312999842e+00,3.476068846608e+00,3.711316279154e+00,8.211941741362e+00,0.000000000000e+00
6.448000000000e-01,-1.318975331034e+00,3.525248781633e+00,3.763917493288e+00,8.212007761363e+00,0.000000000000e+00
6.452000000000e-01,-1.337933603784e+00,3.575253206688e+00,3.817394637716e+00,8.212068869584e+00,0.000000000000e+00
6.456000000000e-01,-1.357194521922e+00,3.626101502033e+00,3.871768210182e+00,8.212125095059e+00,0.000000000000e+00
6.460000000000e-01,-1.376765020720e+00,3.677813744424e+00,3.927059441993e+00,8.212176463705e+00,0.000000000000e+00
6.464000000000e-01,-1.396652231202e+00,3.730410610897e+00,3.983290195405e+00,8.212222998762e+00,0.000000000000e+00
6.468000000000e-01,-1.416863414598e+00,3.783913176238e+00,4.040482750976e+00,8.212264723529e+00,0.000000000000e+00
6.472000000000e-01,-1.437406170289e+00,3.838343466746e+00,4.098660399094e+00,8.212301661678e+00,0.000000000000e+00
6.476000000000e-01,-1.458288176988e+00,3.893723779308e+00,4.157846711544e+00,8.212333836529e+00,0.000000000000e+00
6.480000000000e-01,-1.479517438991e+00,3.950077377681e+00,4.218066279938e+00,8.212361268051e+00,0.000000000000e+00
6.484000000000e-01,-1.501102116287e+00,4.007428023239e+00,4.279344216696e+00,8.212383974566e+00,0.000000000000e+00
6.488000000000e-01,-1.523050610171e+00,4.065800185058e+00,4.341706381823e+00,8.212401974566e+00,0.000000000000e+00
6.492000000000e-01,-1.545371645622e+00,4.125219261441e+00,4.405179619273e+00,8.212415286789e+00,0.000000000000e+00
6.496000000000e-01,-1.568074068372e+00,4.185711055231e+00,4.469791194427e+00,8.212423929079e+00,0.000000000000e+00
6.500000000000e-01,-1.591167131247e+00,4.247302572608e+00,4.535569642596e+00,8.212427916014e+00,0.000000000000e+00
6.504000000000e-01,-1.614660198782e+00,4.310021207303e+00,4.602543901467e+00,8.212427261463e+00,0.000000000000e+00
6.508000000000e-01,-1.638563041910e+00,4.373895519203e+00,4.670744143626e+00,8.212421979482e+00,0.000000000000e+00
6.512000000000e-01,-1.662885668588e+00,4.438954787082e+00,4.740201298316e+00,8.212412084207e+00,0.000000000000e+00
6.516000000000e-01,-1.687638358303e+00,4.505229129603e+00,4.810947176871e+00,8.212397588003e+00,0.000000000000e+00
6.520000000000e-01,-1.712831777345e+00,4.572749828663e+00,4.883014815974e+00,8.212378500749e+00,0.000000000000e+00
6.524000000000e-01,-1.738476759872e+00,4.641548718479e+00,4.956437828787e+00,8.212354832178e+00,0.000000000000e+00
6.528000000000e-01,-1.764584670945e+00,4.711659155237e+00,5.031251440354e+00,8.212326592159e+00,0.000000000000e+00
6.532000000000e-01,-1.791167023095e+00,4.783115003935e+00,5.107491404348e+00,8.212293790277e+00,0.000000000000e+00
6.536000000000e-01,-1.818235833023e+00,4.855951629492e+00,5.185195056355e+00,8.212256433550e+00,0.000000000000e+00
6.540000000000e-01,-1.845803361158e+00,4.930205189449e+00,5.264400560190e+00,8.212214527749e+00,0.000000000000e+00
6.544000000000e-01,-1.873882296104e+00,5.005913113700e+00,5.345147421874e+00,8.212168078679e+00,0.000000000000e+00
6.548000000000e-01,-1.902485760560e+00,5.083114125931e+00,5.427476511821e+00,8.212117092174e+00,0.000000000000e+00
6.552000000000e-01,-1.931627161804e+00,5.161847869007e+00,5.511429661621e+00,8.212061572897e+00,0.000000000000e+00
6.556000000000e-01,-1.961320484432e+00,5.242155713962e+00,5.597050524345e+00,8.212001523121e+00,0.000000000000e+00
6.560000000000e-01,-1.991579923006e+00,5.324079753872e+00,5.684383503539e+00,8.211936944829e+00,0.000000000000e+00
6.564000000000e-01,-2.022420377109e+00,5.407664129739e+00,5.773475168545e+00,8.211867839983e+00,0.000000000000e+00
6.568000000000e-01,-2.053856972282e+00,5.492953761538e+00,5.864372898187e+00,8.211794210261e+00,0.000000000000e+00
6.572000000000e-01,-2.085905500257e+00,5.579995566619e+00,5.957126176227e+00,8.211716055091e+00,0.000000000000e+00
6.576000000000e-01,-2.118582083924e+00,5.668837555000e+00,6.051785626681e+00,8.211633372793e+00,0.000000000000e+00
6.580000000000e-01,-2.151903460225e+00,5.759529577985e+00,6.148403814147e+00,8.211546161602e+00,0.000000000000e+00
6.584000000000e-01,-2.185886886995e+00,5.852123088249e+00,6.247034986516e+00,8.211454419652e+00,0.000000000000e+00
6.588000000000e-01,-2.220550102217e+00,5.946671063186e+00,6.347734988970e+00,8.211358143710e+00,0.000000000000e+00
6.592000000000e-01,-2.255911519178e+00,6.043228549362e+00,6.450561842366e+00,8.211257328619e+00,0.000000000000e+00
6.596000000000e-01,-2.291989951930e+00,6.141851908528e+00,6.555574940921e+00,8.211151968998e+00,0.000000000000e+00
6.600000000000e-01,-2.328805083747e+00,6.242600082829e+00,6.662836401430e+00,8.211042059294e+00,0.000000000000e+00
6.604000000000e-01,-2.366376933538e+00,6.345533186021e+00,6.772409556906e+00,8.210927593299e+00,0.000000000000e+00
6.608000000000e-01,-2.404726458755e+00,6.450714163212e+00,6.884360722456e+00,8.210808562589e+00,0.000000000000e+00
6.612000000000e-01,-2.443874961332e+00,6.558207180630e+00,6.998757479060e+00,8.210684958200e+00,0.000000000000e+00
6.616000000000e-01,-2.483844778432e+00,6.668079486905e+00,7.115670658977e+00,8.210556770904e+00,0.000000000000e+00
6.620000000000e-01,-2.524658663041e+00,6.780399767400e+00,7.235172587480e+00,8.210423991121e+00,0.000000000000e+00
6.624000000000e-01,-2.566340363839e+00,6.895239751177e+00,7.357338791253e+00,8.210286607249e+00,0.000000000000e+00
6.628000000000e-01,-2.608914136972e+00,7.012672896568e+00,7.482246596333e+00,8.210144606701e+00,0.000000000000e+00
6.632000000000e-01,-2.652405264279e+00,7.132775786743e+00,7.609976616911e+00,8.209997976578e+00,0.000000000000e+00
6.636000000000e-01,-2.696839682436e+00,7.255627150722e+00,7.740611708583e+00,8.209846703674e+00,0.000000000000e+00
6.640000000000e-01,-2.742244284758e+00,7.381308725002e+00,7.874237881286e+00,8.209690773068e+00,0.000000000000e+00
6.644000000000e-01,-2.788646718255e+00,7.509904721349e+00,8.010943729860e+00,8.209530168494e+00,0.000000000000e+00
6.648000000000e-01,-2.836075616285e+00,7.641502452412e+00,8.150821101674e+00,8.209364873318e+00,0.000000000000e+00
6.652000000000e-01,-2.884560527613e+00,7.776192162552e+00,8.293964913502e+00,8.209194870540e+00,0.000000000000e+00
6.656000000000e-01,-2.934131939217e+00,7.914067139128e+00,8.440473263944e+00,8.209020141667e+00,0.000000000000e+00
6.660000000000e-01,-2.984821318977e+00,8.055223855446e+00,8.590447582493e+00,8.208840666642e+00,0.000000000000e+00
6.664000000000e-01,-3.036661136213e+00,8.199762025247e+00,8.743992687946e+00,8.208656424971e+00,0.000000000000e+00
6.668000000000e-01,-3.089684987472e+00,8.347784969209e+00,8.901217175980e+00,8.208467395707e+00,0.000000000000e+00
6.672000000000e-01,-3.143927459922e+00,8.499399299058e+00,9.062233075687e+00,8.208273556481e+00,0.000000000000e+00
6.676000000000e-01,-3.199424283564e+00,8.654715365943e+00,9.227156323144e+00,8.208074883272e+00,0.000000000000e+00
6.680000000000e-01,-3.256212292826e+00,8.813847159222e+00,9.396106653400e+00,8.207871351544e+00,0.000000000000e+00
6.684000000000e-01,-3.314329578775e+00,8.976912751162e+00,9.569208070615e+00,8.207662936220e+00,0.000000000000e+00
6.688000000000e-01,-3.373815363814e+00,9.144034018755e+00,9.746588543960e+00,8.207449610716e+00,0.000000000000e+00
6.692000000000e-01,-3.434710082691e+00,9.315336903849e+00,9.928380280003e+00,8.207231346824e+00,0.000000000000e+00
6.696000000000e-01,-3.497055481175e+00,9.490951691022e+00,1.011472001786e+01,8.207008115725e+00,0.000000000000e+00
6.700000000000e-01,-3.560894579459e+00,9.671012947623e+00,1.030574896061e+01,8.206779887978e+00,0.000000000000e+00
6.704000000000e-01,-3.626271763941e+00,9.855659847734e+00,1.050161311134e+01,8.206546632404e+00,0.000000000000e+00
6.708000000000e-01,-3.693232588625e+00,1.004503566993e+01,1.070246273359e+01,8.206308316347e+00,0.000000000000e+00
6.712000000000e-01,-3.761824225390e+00,1.023928904513e+01,1.090845367834e+01,8.206064906406e+00,0.000000000000e+00
6.716000000000e-01,-3.832095011330e+00,1.043857277172e+01,1.111974611609e+01,8.205816368467e+00,0.000000000000e+00
6.720000000000e-01,-3.904094941539e+00,1.064304525031e+01,1.133650605401e+01,8.205562666336e+00,0.000000000000e+00
6.724000000000e-01,-3.977875052026e+00,1.085286882897e+01,1.155890357033e+01,8.205303762608e+00,0.000000000000e+00
6.728000000000e-01,-4.053488303909e+00,1.106821225786e+01,1.178711542385e+01,8.205039618964e+00,0.000000000000e+00
6.732000000000e-01,-4.130988675310e+00,1.128924826929e+01,1.202132246973e+01,8.204770196158e+00,0.000000000000e+00
6.736000000000e-01,-4.210431956538e+00,1.151615585638e+01,1.226171207332e+01,8.204495452603e+00,0.000000000000e+00
6.740000000000e-01,-4.291874984354e+00,1.174911819691e+01,1.250847589782e+01,8.204215345743e+00,0.000000000000e+00
6.744000000000e-01,-4.375376493031e+00,1.198832504502e+01,1.276181244342e+01,8.203929832005e+00,0.000000000000e+00
6.748000000000e-01,-4.460996320967e+00,1.223397064489e+01,1.302192481608e+01,8.203638866317e+00,0.000000000000e+00
6.752000000000e-01,-4.548795796177e+00,1.248625487999e+01,1.328902194006e+01,8.203342401452e+00,0.000000000000e+00
6.756000000000e-01,-4.638837640828e+00,1.274538304144e+01,1.356331830825e+01,8.203040389173e+00,0.000000000000e+00
6.760000000000e-01,-4.731185893929e+00,1.301156568902e+01,1.384503382598e+01,8.202732780207e+00,0.000000000000e+00
6.764000000000e-01,-4.825905934619e+00,1.328501884460e+01,1.413439400156e+01,8.202419522925e+00,0.000000000000e+00
6.768000000000e-01,-4.923064032907e+00,1.356596280296e+01,1.443162867605e+01,8.202100564161e+00,0.000000000000e+00
6.772000000000e-01,-5.022728007947e+00,1.385462401104e+01,1.473697401535e+01,8.201775849523e+00,0.000000000000e+00
6.776000000000e-01,-5.124966364512e+00,1.415123278293e+01,1.505067006861e+01,8.201445323117e+00,0.000000000000e+00
6.780000000000e-01,-5.229848555798e+00,1.445602415614e+01,1.537296166389e+01,8.201108926442e+00,0.000000000000e+00
6.784000000000e-01,-5.337444729357e+00,1.476923721675e+01,1.570409768830e+01,8.200766599765e+00,0.000000000000e+00
6.788000000000e-01,-5.447825710107e+00,1.509111513885e+01,1.604433112042e+01,8.200418282077e+00,0.000000000000e+00
6.792000000000e-01,-5.561062558244e+00,1.542190411476e+01,1.639391787529e+01,8.200063909677e+00,0.000000000000e+00
6.796000000000e-01,-5.677226313218e+00,1.576185269000e+01,1.675311609321e+01,8.199703417087e+00,0.000000000000e+00
6.800000000000e-01,-5.796388162051e+00,1.611121229789e+01,1.712218670126e+01,8.199336737428e+00,0.000000000000e+00
6.804000000000e-01,-5.918618650022e+00,1.647023518811e+01,1.750139119830e+01,8.198963801722e+00,0.000000000000e+00
6.808000000000e-01,-6.043987410416e+00,1.683917378981e+01,1.789099096587e+01,8.198584538268e+00,0.000000000000e+00
6.812000000000e-01,-6.172562980094e+00,1.721828021282e+01,1.829124673800e+01,8.198198873929e+00,0.000000000000e+00
6.816000000000e-01,-6.304412411093e+00,1.760780525355e+01,1.870241753614e+01,8.197806733874e+00,0.000000000000e+00
6.820000000000e-01,-6.439600200821e+00,1.800799557096e+01,1.912475765154e+01,8.197408039926e+00,0.000000000000e+00
6.824000000000e-01,-6.578188292159e+00,1.841909365450e+01,1.955851661707e+01,8.197002712285e+00,0.000000000000e+00
6.828000000000e-01,-6.720235601217e+00,1.884133655579e+01,2.000393785594e+01,8.196590669558e+00,0.000000000000e+00
6.832000000000e-01,-6.865796380633e+00,1.927495145737e+01,2.046125396021e+01,8.196171826895e+00,0.000000000000e+00
6.836000000000e-01,-7.014920411954e+00,1.972015616204e+01,2.093068721856e+01,8.195746097339e+00,0.000000000000e+00
6.840000000000e-01,-7.167651916481e+00,2.017715601868e+01,2.141244635715e+01,8.195313392371e+00,0.000000000000e+00
6.844000000000e-01,-7.324027994422e+00,2.064613964125e+01,2.190672198547e+01,8.194873620092e+00,0.000000000000e+00
6.848000000000e-01,-7.484078473225e+00,2.112727841544e+01,2.241368608321e+01,8.194426685917e+00,0.000000000000e+00
6.852000000000e-01,-7.647824198105e+00,2.162072155483e+01,2.293348677189e+01,8.193972493742e+00,0.000000000000e+00
6.856000000000e-01,-7.815275760214e+00,2.212659254903e+01,2.346624454486e+01,8.193510944120e+00,0.000000000000e+00
6.860000000000e-01,-7.986432645384e+00,2.264498664160e+01,2.401204960842e+01,8.193041934407e+00,0.000000000000e+00
6.864000000000e-01,-8.161281086261e+00,2.317596447594e+01,2.457095517799e+01,8.192565360522e+00,0.000000000000e+00
6.868000000000e-01,-8.339792875982e+00,2.371954867726e+01,2.514297386284e+01,8.192081114930e+00,0.000000000000e+00
6.872000000000e-01,-8.521923906208e+00,2.427571947754e+01,2.572807305679e+01,8.191589086545e+00,0.000000000000e+00
6.876000000000e-01,-8.707611604683e+00,2.484440696186e+01,2.632616677651e+01,8.191089162975e+00,0.000000000000e+00
6.880000000000e-01,-8.896773517885e+00,2.542548685596e+01,2.693711122024e+01,8.190581228063e+00,0.000000000000e+00
6.884000000000e-01,-9.089305674769e+00,2.601877544129e+01,2.756069943078e+01,8.190065161974e+00,0.000000000000e+00
6.888000000000e-01,-9.285079539767e+00,2.662402014120e+01,2.819665140649e+01,8.189540843761e+00,0.000000000000e+00
6.892000000000e-01,-9.483939988607e+00,2.724089340248e+01,2.884460766023e+01,8.189008148137e+00,0.000000000000e+00
6.896000000000e-01,-9.685704086166e+00,2.786898846165e+01,2.950412482214e+01,8.188466946367e+00,0.000000000000e+00
6.900000000000e-01,-9.890157870361e+00,2.850780912739e+01,3.017466493508e+01,8.187917108777e+00,0.000000000000e+00
6.904000000000e-01,-1.009705306149e+01,2.915675980730e+01,3.085558495616e+01,8.187358500531e+00,0.000000000000e+00
6.908000000000e-01,-1.030610688481e+01,2.981514379611e+01,3.154613508346e+01,8.186790984108e+00,0.000000000000e+00
6.912000000000e-01,-1.051699953052e+01,3.048215470522e+01,3.224544982781e+01,8.186214420934e+00,0.000000000000e+00
6.916000000000e-01,-1.072936921624e+01,3.115686142720e+01,3.295253219060e+01,8.185628666439e+00,0.000000000000e+00
6.920000000000e-01,-1.094281337278e+01,3.183820974693e+01,3.366625557440e+01,8.185033574823e+00,0.000000000000e+00
6.924000000000e-01,-1.115688693683e+01,3.252501600579e+01,3.438535723673e+01,8.184428998226e+00,0.000000000000e+00
6.928000000000e-01,-1.137109839126e+01,3.321595439366e+01,3.510842498469e+01,8.183814782792e+00,0.000000000000e+00
6.932000000000e-01,-1.158491047910e+01,3.390955659258e+01,3.583389706847e+01,8.183190775155e+00,0.000000000000e+00
6.936000000000e-01,-1.179773974396e+01,3.460420907904e+01,3.656005947824e+01,8.182556817718e+00,0.000000000000e+00
6.940000000000e-01,-1.200895631443e+01,3.529815053568e+01,3.728504342228e+01,8.181912748726e+00,0.000000000000e+00
6.944000000000e-01,-1.221788469743e+01,3.598947148833e+01,3.800682523559e+01,8.181258407644e+00,0.000000000000e+00
6.948000000000e-01,-1.242380364277e+01,3.667611262776e+01,3.872322474224e+01,8.180593627325e+00,0.000000000000e+00
6.952000000000e-01,-1.262595056744e+01,3.735587485971e+01,3.943191618811e+01,8.179918240404e+00,0.000000000000e+00
6.956000000000e-01,-1.282352436308e+01,3.802642540617e+01,4.013043491244e+01,8.179232078583e+00,0.000000000000e+00
6.960000000000e-01,-1.301568778943e+01,3.868530326363e+01,4.081618327614e+01,8.178534967326e+00,0.000000000000e+00
6.964000000000e-01,-1.320157420918e+01,3.932993569339e+01,4.148644842893e+01,8.177826735510e+00,0.000000000000e+00
6.968000000000e-01,-1.338029299581e+01,3.995765322795e+01,4.213841824438e+01,8.177107206544e+00,0.000000000000e+00
6.972000000000e-01,-1.355093719151e+01,4.056570983469e+01,4.276920285860e+01,8.176376202958e+00,0.000000000000e+00
6.976000000000e-01,-1.371259195966e+01,4.115130585024e+01,4.337585908581e+01,8.175633549343e+00,0.000000000000e+00
6.980000000000e-01,-1.386434239588e+01,4.171161087584e+01,4.395541459170e+01,8.174879063456e+00,0.000000000000e+00
6.984000000000e-01,-1.400528544427e+01,4.224379643016e+01,4.450490261992e+01,8.174112568620e+00,0.000000000000e+00
6.988000000000e-01,-1.413453956628e+01,4.274506535482e+01,4.502139292535e+01,8.173333883705e+00,0.000000000000e+00
6.992000000000e-01,-1.425125614407e+01,4.321268489241e+01,4.550202673832e+01,8.172542827733e+00,0.000000000000e+00
6.996000000000e-01,-1.435463133726e+01,4.364402172222e+01,4.594405372753e+01,8.171739223831e+00,0.000000000000e+00
7.000000000000e-01,-1.444391705408e+01,4.403657699410e+01,4.634486868277e+01,8.170922888792e+00,0.000000000000e+00
7.004000000000e-01,-1.451843388794e+01,4.438802429004e+01,4.670205159232e+01,8.170093647832e+00,0.000000000000e+00
7.008000000000e-01,-1.457758078255e+01,4.469624235980e+01,4.701340173352e+01,8.169251321681e+00,0.000000000000e+00
7.012000000000e-01,-1.462084534342e+01,4.495934740759e+01,4.727697153871e+01,8.168395734455e+00,0.000000000000e+00
7.016000000000e-01,-1.464781284240e+01,4.517572302941e+01,4.749109782155e+01,8.167526714798e+00,0.000000000000e+00
7.020000000000e-01,-1.465817337296e+01,4.534404667398e+01,4.765442912682e+01,8.166644086957e+00,0.000000000000e+00
7.024000000000e-01,-1.465172932158e+01,4.546331395595e+01,4.776595113646e+01,8.165747686321e+00,0.000000000000e+00
7.028000000000e-01,-1.462839834466e+01,4.553285457917e+01,4.782500271048e+01,8.164837343094e+00,0.000000000000e+00
7.032000000000e-01,-1.458821571051e+01,4.555234216394e+01,4.783128593543e+01,8.163912895670e+00,0.000000000000e+00
7.036000000000e-01,-1.453133410234e+01,4.552179946727e+01,4.778487101094e+01,8.162974185379e+00,0.000000000000e+00
7.040000000000e-01,-1.445802152175e+01,4.544159770464e+01,4.768619494438e+01,8.162021053049e+00,0.000000000000e+00
7.044000000000e-01,-1.436865812641e+01,4.531245025022e+01,4.753605456948e+01,8.161053351444e+00,0.000000000000e+00
7.048000000000e-01,-1.426372998031e+01,4.513540136879e+01,4.733559389796e+01,8.160070928278e+00,0.000000000000e+00
7.052000000000e-01,-1.414382173823e+01,4.491180610936e+01,4.708628273041e+01,8.159073643823e+00,0.000000000000e+00
7.056000000000e-01,-1.400960656246e+01,4.464330596278e+01,4.678989039655e+01,8.158061358701e+00,0.000000000000e+00
7.060000000000e-01,-1.386183620225e+01,4.433180217658e+01,4.644845731692e+01,8.157033937920e+00,0.000000000000e+00
7.064000000000e-01,-1.370133017525e+01,4.397942555878e+01,4.606426294919e+01,8.155991256888e+00,0.000000000000e+00
7.068000000000e-01,-1.352896318354e+01,4.358850322694e+01,4.563979029736e+01,8.154933187736e+00,0.000000000000e+00
7.072000000000e-01,-1.334565436572e+01,4.316152580086e+01,4.517769139639e+01,8.153859617167e+00,0.000000000000e+00
7.076000000000e-01,-1.315235319612e+01,4.270110843036e+01,4.468074591787e+01,8.152770430491e+00,0.000000000000e+00
7.080000000000e-01,-1.295002865488e+01,4.220995772757e+01,4.415182638947e+01,8.151665521112e+00,0.000000000000e+00
7.084000000000e-01,-1.273965787451e+01,4.169083781648e+01,4.359386241892e+01,8.150544790631e+00,0.000000000000e+00
7.088000000000e-01,-1.252221468059e+01,4.114653668018e+01,4.300980517603e+01,8.149408139651e+00,0.000000000000e+00
7.092000000000e-01,-1.229866140820e+01,4.057983885249e+01,4.240259890299e+01,8.148255483067e+00,0.000000000000e+00
7.096000000000e-01,-1.206993795973e+01,3.999349300783e+01,4.177514674205e+01,8.147086734279e+00,0.000000000000e+00
7.100000000000e-01,-1.183695577307e+01,3.939019106876e+01,4.113028901438e+01,8.145901815944e+00,0.000000000000e+00
7.104000000000e-01,-1.160059106202e+01,3.877254628807e+01,4.047078030690e+01,8.144700657817e+00,0.000000000000e+00
7.108000000000e-01,-1.136167859877e+01,3.814307315735e+01,3.979926846650e+01,8.143483189896e+00,0.000000000000e+00
7.112000000000e-01,-1.112100882839e+01,3.750417514909e+01,3.911828205551e+01,8.142249355214e+00,0.000000000000e+00
7.116000000000e-01,-1.087932263801e+01,3.685812783647e+01,3.843021270656e+01,8.140999096479e+00,0.000000000000e+00
7.120000000000e-01,-1.063731098698e+01,3.620707490123e+01,3.773731121764e+01,8.139732364359e+00,0.000000000000e+00
7.124000000000e-01,-1.039561360241e+01,3.555302199786e+01,3.704168132457e+01,8.138449117066e+00,0.000000000000e+00
7.128000000000e-01,-1.015481703323e+01,3.489782899275e+01,3.634527173356e+01,8.137149313211e+00,0.000000000000e+00
7.132000000000e-01,-9.915456234608e+00,3.424321164365e+01,3.564987820473e+01,8.135832922560e+00,0.000000000000e+00
7.136000000000e-01,-9.678014391967e+00,3.359073977625e+01,3.495714177799e+01,8.134499916841e+00,0.000000000000e+00
7.140000000000e-01,-9.442925280259e+00,3.294184244303e+01,3.426855441057e+01,8.133150272896e+00,0.000000000000e+00
7.144000000000e-01,-9.210575549816e+00,3.229781288055e+01,3.358546439795e+01,8.131783976017e+00,0.000000000000e+00
7.148000000000e-01,-8.981304321605e+00,3.165980534660e+01,3.290907324587e+01,8.130401012622e+00,0.000000000000e+00
7.152000000000e-01,-8.755407951266e+00,3.102884826151e+01,3.224044963751e+01,8.129001377034e+00,0.000000000000e+00
7.156000000000e-01,-8.533142219518e+00,3.040584972205e+01,3.158053535737e+01,8.127585068514e+00,0.000000000000e+00
7.160000000000e-01,-8.314724299185e+00,2.979160212897e+01,3.093015030003e+01,8.126152089203e+00,0.000000000000e+00
7.164000000000e-01,-8.100335888414e+00,2.918679025726e+01,3.029000110641e+01,8.124702448880e+00,0.000000000000e+00
7.168000000000e-01,-7.890125424687e+00,2.859199721694e+01,2.966068751851e+01,8.123236160879e+00,0.000000000000e+00
7.172000000000e-01,-7.684211659956e+00,2.800771487487e+01,2.904271339505e+01,8.121753242975e+00,0.000000000000e+00
7.176000000000e-01,-7.482686314391e+00,2.743435111065e+01,2.843649442780e+01,8.120253718927e+00,0.000000000000e+00
7.180000000000e-01,-7.285614920382e+00,2.687223095741e+01,2.784235947969e+01,8.118737616591e+00,0.000000000000e+00
7.184000000000e-01,-7.093041133461e+00,2.632161028857e+01,2.726056493736e+01,8.117204968434e+00,0.000000000000e+00
7.188000000000e-01,-6.904988908543e+00,2.578268199107e+01,2.669130125115e+01,8.115655811838e+00,0.000000000000e+00
7.192000000000e-01,-6.721463200674e+00,2.525557678331e+01,2.613469391854e+01,8.114090189205e+00,0.000000000000e+00
7.196000000000e-01,-6.542453261833e+00,2.474037395040e+01,2.559081471717e+01,8.112508146764e+00,0.000000000000e+00
7.200000000000e-01,-6.367934608026e+00,2.423710713856e+01,2.505968781965e+01,8.110909735615e+00,0.000000000000e+00
7.204000000000e-01,-6.197869937216e+00,2.374576635129e+01,2.454129196617e+01,8.109295012472e+00,0.000000000000e+00
7.208000000000e-01,-6.032211230179e+00,2.326630490424e+01,2.403556773248e+01,8.107664036728e+00,0.000000000000e+00
7.212000000000e-01,-5.870901419550e+00,2.279864436104e+01,2.354242273385e+01,8.106016873300e+00,0.000000000000e+00
7.216000000000e-01,-5.713875349696e+00,2.234267713295e+01,2.306173438792e+01,8.104353592971e+00,0.000000000000e+00
7.220000000000e-01,-5.561061131961e+00,2.189827114847e+01,2.259335477979e+01,8.102674268025e+00,0.000000000000e+00
7.224000000000e-01,-5.412381400949e+00,2.146527340948e+01,2.213711442291e+01,8.100978977161e+00,0.000000000000e+00
7.228000000000e-01,-5.267754142363e+00,2.104351249676e+01,2.169282489455e+01,8.099267805118e+00,0.000000000000e+00
7.232000000000e-01,-5.127093626556e+00,2.063280204970e+01,2.126028244115e+01,8.097540837024e+00,0.000000000000e+00
7.236000000000e-01,-4.990311301870e+00,2.023294307697e+01,2.083927043938e+01,8.095798165173e+00,0.000000000000e+00
7.240000000000e-01,-4.857316389995e+00,1.984372585797e+01,2.042956138635e+01,8.094039888330e+00,0.000000000000e+00
7.244000000000e-01,-4.728016574572e+00,1.946493284097e+01,2.003091987985e+01,8.092266104584e+00,0.000000000000e+00
7.248000000000e-01,-4.602318617528e+00,1.909634001253e+01,1.964310409613e+01,8.090476919488e+00,0.000000000000e+00
7.252000000000e-01,-4.480128716146e+00,1.873771799987e+01,1.926586694535e+01,8.088672446050e+00,0.000000000000e+00
7.256000000000e-01,-4.361353043321e+00,1.838883473630e+01,1.889895878951e+01,8.086852795625e+00,0.000000000000e+00
7.260000000000e-01,-4.245898128000e+00,1.804945604810e+01,1.854212810186e+01,8.085018086542e+00,0.000000000000e+00
7.264000000000e-01,-4.133671064681e+00,1.771934613680e+01,1.819512198329e+01,8.083168446303e+00,0.000000000000e+00
7.268000000000e-01,-4.024579921466e+00,1.739827004544e+01,1.785768865554e+01,8.081304000084e+00,0.000000000000e+00
7.272000000000e-01,-3.918533909343e+00,1.708599359870e+01,1.752957744081e+01,8.079424878442e+00,0.000000000000e+00
7.276000000000e-01,-3.815443588377e+00,1.678228369924e+01,1.721053909492e+01,8.077531223432e+00,0.000000000000e+00
7.280000000000e-01,-3.715221073436e+00,1.648691021528e+01,1.690032769123e+01,8.075623174907e+00,0.000000000000e+00
7.284000000000e-01,-3.617780069503e+00,1.619964568416e+01,1.659870033839e+01,8.073700875265e+00,0.000000000000e+00
7.288000000000e-01,-3.523036169038e+00,1.592026574063e+01,1.630541766103e+01,8.071764480692e+00,0.000000000000e+00
7.292000000000e-01,-3.430906773087e+00,1.564854987083e+01,1.602024451579e+01,8.069814146735e+00,0.000000000000e+00
7.296000000000e-01,-3.341311149974e+00,1.538428168046e+01,1.574295026431e+01,8.067850027950e+00,0.000000000000e+00
7.300000000000e-01,-3.254170727176e+00,1.512724910359e+01,1.547330903730e+01,8.065872293383e+00,0.000000000000e+00
7.304000000000e-01,-3.169408822351e+00,1.487724407841e+01,1.521109935711e+01,8.063881115210e+00,0.000000000000e+00
7.308000000000e-01,-3.086950822141e+00,1.463406394289e+01,1.495610553797e+01,8.061876661476e+00,0.000000000000e+00
7.312000000000e-01,-3.006724235464e+00,1.439751058424e+01,1.470811686285e+01,8.059859112213e+00,0.000000000000e+00
7.316000000000e-01,-2.928658574231e+00,1.416739019095e+01,1.446692731256e+01,8.057828656513e+00,0.000000000000e+00
7.320000000000e-01,-2.852685461774e+00,1.394351490488e+01,1.423233720253e+01,8.055785478041e+00,0.000000000000e+00
7.324000000000e-01,-2.778738438880e+00,1.372570115209e+01,1.400415150690e+01,8.053729766512e+00,0.000000000000e+00
7.328000000000e-01,-2.706753237221e+00,1.351377046853e+01,1.378218071872e+01,8.051661726656e+00,0.000000000000e+00
7.332000000000e-01,-2.636667496511e+00,1.330754953336e+01,1.356624082309e+01,8.049581560034e+00,0.000000000000e+00
7.336000000000e-01,-2.568420686824e+00,1.310686973527e+01,1.335615285484e+01,8.047489466942e+00,0.000000000000e+00
7.340000000000e-01,-2.501954447743e+00,1.291156776640e+01,1.315174354391e+01,8.045385664473e+00,0.000000000000e+00
7.344000000000e-01,-2.437212133916e+00,1.272148439598e+01,1.295284402063e+01,8.043270373277e+00,0.000000000000e+00
7.348000000000e-01,-2.374138967465e+00,1.253646603024e+01,1.275929137390e+01,8.041143807945e+00,0.000000000000e+00
7.352000000000e-01,-2.312681963136e+00,1.235636329402e+01,1.257092724171e+01,8.039006194040e+00,0.000000000000e+00
7.356000000000e-01,-2.252789960579e+00,1.218103122281e+01,1.238759800193e+01,8.036857770196e+00,0.000000000000e+00
7.360000000000e-01,-2.194413478754e+00,1.201032991933e+01,1.220915538794e+01,8.034698769497e+00,0.000000000000e+00
7.364000000000e-01,-2.137504540634e+00,1.184412329844e+01,1.203545522071e+01,8.032529425733e+00,0.000000000000e+00
7.368000000000e-01,-2.082017057942e+00,1.168228016392e+01,1.186635853402e+01,8.030349990934e+00,0.000000000000e+00
7.372000000000e-01,-2.027906342151e+00,1.152467281545e+01,1.170173011292e+01,8.028160718800e+00,0.000000000000e+00
7.376000000000e-01,-1.975129219661e+00,1.137117835105e+01,1.154143979431e+01,8.025961856705e+00,0.000000000000e+00
7.380000000000e-01,-1.923644011426e+00,1.122167748061e+01,1.138536129254e+01,8.023753663866e+00,0.000000000000e+00
7.384000000000e-01,-1.873410544014e+00,1.107605465541e+01,1.123337232517e+01,8.021536412965e+00,0.000000000000e+00
7.388000000000e-01,-1.824389976652e+00,1.093419852092e+01,1.108535502732e+01,8.019310370922e+00,0.000000000000e+00
7.392000000000e-01,-1.776544668119e+00,1.079600089770e+01,1.094119492291e+01,8.017075804139e+00,0.000000000000e+00
7.396000000000e-01,-1.729838516829e+00,1.066135770061e+01,1.080078188441e+01,8.014832997507e+00,0.000000000000e+00
7.400000000000e-01,-1.684236538421e+00,1.053016756184e+01,1.066400870207e+01,8.012582239600e+00,0.000000000000e+00
7.404000000000e-01,-1.639704956198e+00,1.040233324371e+01,1.053077249097e+01,8.010323811770e+00,0.000000000000e+00
7.408000000000e-01,-1.596211111590e+00,1.027776015972e+01,1.040097321473e+01,8.008058003915e+00,0.000000000000e+00
7.412000000000e-01,-1.553723639871e+00,1.015635711864e+01,1.027451444451e+01,8.005785122384e+00,0.000000000000e+00
7.416000000000e-01,-1.512212159999e+00,1.003803586473e+01,1.015130285424e+01,8.003505469873e+00,0.000000000000e+00
7.420000000000e-01,-1.471647257264e+00,9.922711102920e+00,1.003124824146e+01,8.001219344979e+00,0.000000000000e+00
7.424000000000e-01,-1.432000668998e+00,9.810300524178e+00,9.914263577831e+00,7.998927062121e+00,0.000000000000e+00
7.428000000000e-01,-1.393245095628e+00,9.700724140067e+00,9.800264319812e+00,7.996628945208e+00,0.000000000000e+00
7.432000000000e-01,-1.355354151439e+00,9.593905203220e+00,9.689169310328e+00,7.994325311290e+00,0.000000000000e+00
7.436000000000e-01,-1.318302252164e+00,9.489768971166e+00,9.580899537840e+00,7.992016478866e+00,0.000000000000e+00
7.440000000000e-01,-1.282064902550e+00,9.388243706883e+00,9.475379164666e+00,7.989702784947e+00,0.000000000000e+00
7.444000000000e-01,-1.246618350134e+00,9.289259489620e+00,9.372534298491e+00,7.987384568872e+00,0.000000000000e+00
7.448000000000e-01,-1.211939633676e+00,9.192749321590e+00,9.272294093980e+00,7.985062163071e+00,0.000000000000e+00
7.452000000000e-01,-1.178006548086e+00,9.098647967739e+00,9.174589596716e+00,7.982735907667e+00,0.000000000000e+00
7.456000000000e-01,-1.144797798455e+00,9.006892654236e+00,9.079354453059e+00,7.980406159167e+00,0.000000000000e+00
7.460000000000e-01,-1.112292728447e+00,8.917422475678e+00,8.986524284921e+00,7.978073271624e+00,0.000000000000e+00
7.464000000000e-01,-1.080471328877e+00,8.830178741026e+00,8.896037032915e+00,7.975737594098e+00,0.000000000000e+00
7.468000000000e-01,-1.049314337221e+00,8.745104625822e+00,8.807832621870e+00,7.973399488227e+00,0.000000000000e+00
7.472000000000e-01,-1.018803205825e+00,8.662145103423e+00,8.721852885996e+00,7.971059327692e+00,0.000000000000e+00
7.476000000000e-01,-9.889199595297e-01,8.581247145464e+00,8.638041749025e+00,7.968717481239e+00,0.000000000000e+00
7.480000000000e-01,-9.596471577801e-01,8.502359295664e+00,8.556344795531e+00,7.966374315406e+00,0.000000000000e+00
7.484000000000e-01,-9.309680745210e-01,8.425432028494e+00,8.476709645998e+00,7.964030212112e+00,0.000000000000e+00
7.488000000000e-01,-9.028665417714e-01,8.350417118389e+00,8.399085309921e+00,7.961685560779e+00,0.000000000000e+00
7.492000000000e-01,-8.753269004889e-01,8.277268329363e+00,8.323422864362e+00,7.959340745050e+00,0.000000000000e+00
7.496000000000e-01,-8.483339536877e-01,8.205940576653e+00,8.249674614465e+00,7.956996149301e+00,0.000000000000e+00
7.500000000000e-01,-8.218731564310e-01,8.136390622146e+00,8.177794803088e+00,7.954652174082e+00,0.000000000000e+00
7.504000000000e-01,-7.959304117602e-01,8.068576245624e+00,8.107738763170e+00,7.952309223723e+00,0.000000000000e+00
7.508000000000e-01,-7.704920656236e-01,8.002457050803e+00,8.039463718006e+00,7.949967696960e+00,0.000000000000e+00
7.512000000000e-01,-7.455448824337e-01,7.937993581800e+00,7.972927898609e+00,7.947627995933e+00,0.000000000000e+00
7.516000000000e-01,-7.210761977033e-01,7.875148020042e+00,7.908091250135e+00,7.945290538194e+00,0.000000000000e+00
7.520000000000e-01,-6.970737216937e-01,7.813883446022e+00,7.844914676495e+00,7.942955742522e+00,0.000000000000e+00
7.524000000000e-01,-6.735255444681e-01,7.754164506574e+00,7.783360704353e+00,7.940624022857e+00,0.000000000000e+00
7.528000000000e-01,-6.504201442776e-01,7.695956705448e+00,7.723392776249e+00,7.938295798622e+00,0.000000000000e+00
7.532000000000e-01,-6.277464881478e-01,7.639226929546e+00,7.664975781729e+00,7.935971503059e+00,0.000000000000e+00
7.536000000000e-01,-6.054938665325e-01,7.583942917175e+00,7.608075511808e+00,7.933651569160e+00,0.000000000000e+00
7.540000000000e-01,-5.836518957794e-01,7.530073709884e+00,7.552659108667e+00,7.931336426041e+00,0.000000000000e+00
7.544000000000e-01,-5.622105526490e-01,7.477589165116e+00,7.498694581577e+00,7.929026509689e+00,0.000000000000e+00
7.548000000000e-01,-5.411602300234e-01,7.426460288267e+00,7.446151140540e+00,7.926722268125e+00,0.000000000000e+00
7.552000000000e-01,-5.204916048702e-01,7.376658901936e+00,7.394998855054e+00,7.924424148408e+00,0.000000000000e+00
7.556000000000e-01,-5.001956367107e-01,7.328157904836e+00,7.345208911474e+00,7.922132594719e+00,0.000000000000e+00
7.560000000000e-01,-4.802636171763e-01,7.280930975074e+00,7.296753319509e+00,7.919848058871e+00,0.000000000000e+00
7.564000000000e-01,-4.606871939282e-01,7.234952743849e+00,7.249605085546e+00,7.917571003061e+00,0.000000000000e+00
7.568000000000e-01,-4.414582670592e-01,7.190198619421e+00,7.203738028849e+00,7.915301888356e+00,0.000000000000e+00
7.572000000000e-01,-4.225689850926e-01,7.146644904084e+00,7.159126897341e+00,7.913041173867e+00,0.000000000000e+00
7.576000000000e-01,-4.040118001883e-01,7.104268636589e+00,7.115747212732e+00,7.910789326635e+00,0.000000000000e+00
7.580000000000e-01,-3.857794723459e-01,7.063047655376e+00,7.073575332419e+00,7.908546822691e+00,0.000000000000e+00
7.584000000000e-01,-3.678649881862e-01,7.022960527152e+00,7.032588372389e+00,7.906314137141e+00,0.000000000000e+00
7.588000000000e-01,-3.502615560051e-01,6.983986571652e+00,6.992764231020e+00,7.904091743967e+00,0.000000000000e+00
7.592000000000e-01,-3.329626603424e-01,6.946105795571e+00,6.954081525007e+00,7.901880125053e+00,0.000000000000e+00
7.596000000000e-01,-3.159620555142e-01,6.909298887276e+00,6.916519582438e+00,7.899679770179e+00,0.000000000000e+00
7.600000000000e-01,-2.992537015841e-01,6.873547208949e+00,6.880058430825e+00,7.897491168663e+00,0.000000000000e+00
7.604000000000e-01,-2.828317593474e-01,6.838832768166e+00,6.844678767848e+00,7.895314809439e+00,0.000000000000e+00
7.608000000000e-01,-2.666906407207e-01,6.805138206563e+00,6.810361951340e+00,7.893151189137e+00,0.000000000000e+00
7.612000000000e-01,-2.508249976130e-01,6.772446757384e+00,6.777089955212e+00,7.891000811479e+00,0.000000000000e+00
7.616000000000e-01,-2.352296711693e-01,6.740742271601e+00,6.744845392620e+00,7.888864180351e+00,0.000000000000e+00
7.620000000000e-01,-2.198996870334e-01,6.710009163677e+00,6.713611460979e+00,7.886741799945e+00,0.000000000000e+00
7.624000000000e-01,-2.048302999818e-01,6.680232429241e+00,6.683371960356e+00,7.884634181882e+00,0.000000000000e+00
7.628000000000e-01,-1.900169817418e-01,6.651397586832e+00,6.654111233776e+00,7.882541844328e+00,0.000000000000e+00
7.632000000000e-01,-1.754553806797e-01,6.623490718332e+00,6.625814205547e+00,7.880465306351e+00,0.000000000000e+00
7.636000000000e-01,-1.611413174198e-01,6.596498406663e+00,6.598466318265e+00,7.878405088006e+00,0.000000000000e+00
7.640000000000e-01,-1.470708234193e-01,6.570407765691e+00,6.572053562971e+00,7.876361716533e+00,0.000000000000e+00
7.644000000000e-01,-1.332401296546e-01,6.545206379647e+00,6.546562417355e+00,7.874335725419e+00,0.000000000000e+00
7.648000000000e-01,-1.196456346830e-01,6.520882345778e+00,6.521979886919e+00,7.872327649857e+00,0.000000000000e+00
7.652000000000e-01,-1.062839006298e-01,6.497424214570e+00,6.498293444560e+00,7.870338026731e+00,0.000000000000e+00
7.656000000000e-01,-9.315168617817e-02,6.474821021734e+00,6.475491062469e+00,7.868367399983e+00,0.000000000000e+00
7.660000000000e-01,-8.024593696243e-02,6.453062233023e+00,6.453561155956e+00,7.866416319727e+00,0.000000000000e+00
7.664000000000e-01,-6.756376038381e-02,6.432137782459e+00,6.432492620615e+00,7.864485338642e+00,0.000000000000e+00
7.668000000000e-01,-5.510242201351e-02,6.412038020580e+00,6.412274780004e+00,7.862575011846e+00,0.000000000000e+00
7.672000000000e-01,-4.285937394698e-02,6.392753743123e+00,6.392897414018e+00,7.860685901577e+00,0.000000000000e+00
7.676000000000e-01,-3.083224711253e-02,6.374276144863e+00,6.374350711910e+00,7.858818576391e+00,0.000000000000e+00
7.680000000000e-01,-1.901883144253e-02,6.356596850591e+00,6.356625302540e+00,7.856973608318e+00,0.000000000000e+00
7.684000000000e-01,-7.417072800866e-03,6.339707873350e+00,6.339712212111e+00,7.855151572648e+00,0.000000000000e+00
7.688000000000e-01,3.974902034870e-03,6.323601637817e+00,6.323602887093e+00,7.853353052078e+00,0.000000000000e+00
7.692000000000e-01,1.515879126680e-02,6.308270943857e+00,6.308289157138e+00,7.851578636034e+00,0.000000000000e+00
7.696000000000e-01,2.613613386744e-02,6.293708990157e+00,6.293763258201e+00,7.849828918355e+00,0.000000000000e+00
7.700000000000e-01,3.690831199267e-02,6.279909341947e+00,6.280017799861e+00,7.848104497055e+00,0.000000000000e+00
7.704000000000e-01,4.747652784890e-02,6.266865949454e+00,6.267045783232e+00,7.846405978137e+00,0.000000000000e+00
7.708000000000e-01,5.784180806267e-02,6.254573119839e+00,6.254840572403e+00,7.844733975008e+00,0.000000000000e+00
7.712000000000e-01,6.800501672366e-02,6.243025535299e+00,6.243395912217e+00,7.843089106500e+00,0.000000000000e+00
7.716000000000e-01,7.796685704351e-02,6.232218228002e+00,6.232705902916e+00,7.841471996617e+00,0.000000000000e+00
7.720000000000e-01,8.772784825852e-02,6.222146595798e+00,6.222765015245e+00,7.839883278293e+00,0.000000000000e+00
7.724000000000e-01,9.728832887508e-02,6.212806379624e+00,6.213568067514e+00,7.838323592835e+00,0.000000000000e+00
7.728000000000e-01,1.066484681970e-01,6.204193679379e+00,6.205110241327e+00,7.836793588089e+00,0.000000000000e+00
7.732000000000e-01,1.158082672634e-01,6.196304932433e+00,6.197387059920e+00,7.835293918159e+00,0.000000000000e+00
7.736000000000e-01,1.247675335684e-01,6.189136930237e+00,6.190394404128e+00,7.833825247443e+00,0.000000000000e+00
7.740000000000e-01,1.335258838199e-01,6.182686796963e+00,6.184128490822e+00,7.832388250008e+00,0.000000000000e+00
7.744000000000e-01,1.420827550106e-01,6.176952007776e+00,6.178585891256e+00,7.830983607711e+00,0.000000000000e+00
7.748000000000e-01,1.504374048913e-01,6.171930366005e+00,6.173763508234e+00,7.829612009841e+00,0.000000000000e+00
7.752000000000e-01,1.585888816812e-01,6.167620025712e+00,6.169658597926e+00,7.828274157880e+00,0.000000000000e+00
7.756000000000e-01,1.665360274943e-01,6.164019465999e+00,6.166268744198e+00,7.826970764590e+00,0.000000000000e+00
7.760000000000e-01,1.742774896338e-01,6.161127517687e+00,6.163591885629e+00,7.825702551987e+00,0.000000000000e+00
7.764000000000e-01,1.818117211714e-01,6.158943332851e+00,6.161626285262e+00,7.824470250767e+00,0.000000000000e+00
7.768000000000e-01,1.891369419278e-01,6.157466419999e+00,6.160370564846e+00,7.823274606409e+00,0.000000000000e+00
7.772000000000e-01,1.962511446928e-01,6.156696606894e+00,6.159823668022e+00,7.822116377554e+00,0.000000000000e+00
7.776000000000e-01,2.031521067374e-01,6.156634083364e+00,6.159984903789e+00,7.820996333872e+00,0.000000000000e+00
7.780000000000e-01,2.098373914498e-01,6.157279355147e+00,6.160853900895e+00,7.819915255027e+00,0.000000000000e+00
7.784000000000e-01,2.163042956190e-01,6.158633300319e+00,6.162430662985e+00,7.818873938950e+00,0.000000000000e+00
7.788000000000e-01,2.225498621970e-01,6.160697111487e+00,6.164715511737e+00,7.817873198813e+00,0.000000000000e+00
7.792000000000e-01,2.285708909092e-01,6.163472364588e+00,6.167709156665e+00,7.816913861000e+00,0.000000000000e+00
7.796000000000e-01,2.343639422678e-01,6.166960946833e+00,6.171412624124e+00,7.815996763294e+00,0.000000000000e+00
7.800000000000e-01,2.399252646255e-01,6.171165145390e+00,6.175827344112e+00,7.815122766401e+00,0.000000000000e+00
7.804000000000e-01,2.452508196369e-01,6.176087557497e+00,6.180955062318e+00,7.814292748386e+00,0.000000000000e+00
7.808000000000e-01,2.503362892185e-01,6.181731197448e+00,6.186797948470e+00,7.813507603254e+00,0.000000000000e+00
7.812000000000e-01,2.551770833730e-01,6.188099386275e+00,6.193358487792e+00,7.812768237972e+00,0.000000000000e+00
7.816000000000e-01,2.597682389374e-01,6.195195885827e+00,6.200639612308e+00,7.812075588579e+00,0.000000000000e+00
7.820000000000e-01,2.641044669730e-01,6.203024763538e+00,6.208644569190e+00,7.811430610424e+00,0.000000000000e+00
7.824000000000e-01,2.681801512652e-01,6.211590551326e+00,6.217377081282e+00,7.810834278199e+00,0.000000000000e+00
7.828000000000e-01,2.719893606066e-01,6.220898083845e+00,6.226841188104e+00,7.810287581511e+00,0.000000000000e+00
7.832000000000e-01,2.755257107276e-01,6.230952691204e+00,6.237041434630e+00,7.809791546924e+00,0.000000000000e+00
7.836000000000e-01,2.787824456867e-01,6.241760006234e+00,6.247982684631e+00,7.809347221913e+00,0.000000000000e+00
7.840000000000e-01,2.817524213120e-01,6.253326186574e+00,6.259670344563e+00,7.808955677416e+00,0.000000000000e+00
7.844000000000e-01,2.844281192770e-01,6.265657692877e+00,6.272110145664e+00,7.808618002237e+00,0.000000000000e+00
7.848000000000e-01,2.868014671645e-01,6.278761546526e+00,6.285308396547e+00,7.808335331654e+00,0.000000000000e+00
7.852000000000e-01,2.888639657765e-01,6.292645077334e+00,6.299271740449e+00,7.808108823167e+00,0.000000000000e+00
7.856000000000e-01,2.906066516361e-01,6.307316206285e+00,6.314007439973e+00,7.807939662344e+00,0.000000000000e+00
7.860000000000e-01,2.920201006208e-01,6.322783174059e+00,6.329523110419e+00,7.807829057965e+00,0.000000000000e+00
7.864000000000e-01,2.930942148315e-01,6.339054845206e+00,6.345827018545e+00,7.807778275382e+00,0.000000000000e+00
7.868000000000e-01,2.938183978028e-01,6.356140426170e+00,6.362927814150e+00,7.807788604000e+00,0.000000000000e+00
7.872000000000e-01,2.941814982469e-01,6.374049767185e+00,6.380834834758e+00,7.807861365549e+00,0.000000000000e+00
7.876000000000e-01,2.941717704568e-01,6.392793097547e+00,6.399557845552e+00,7.807997915366e+00,0.000000000000e+00
7.880000000000e-01,2.937766671673e-01,6.412381306261e+00,6.419107316992e+00,7.808199673470e+00,0.000000000000e+00
7.884000000000e-01,2.929830396558e-01,6.432825714931e+00,6.439494214626e+00,7.808468088051e+00,0.000000000000e+00
7.888000000000e-01,2.917770787559e-01,6.454138302997e+00,6.460730229463e+00,7.808804642683e+00,0.000000000000e+00
7.892000000000e-01,2.901441765752e-01,6.476331558374e+00,6.482827631304e+00,7.809210872777e+00,0.000000000000e+00
7.896000000000e-01,2.880688001588e-01,6.499418616660e+00,6.505799411925e+00,7.809688381632e+00,0.000000000000e+00
7.900000000000e-01,2.855346644114e-01,6.523413216137e+00,6.529659258572e+00,7.810238808799e+00,0.000000000000e+00
7.904000000000e-01,2.825246925633e-01,6.548329715919e+00,6.554421581673e+00,7.810863831675e+00,0.000000000000e+00
7.908000000000e-01,2.790207172877e-01,6.574183194869e+00,6.580101613226e+00,7.811565206676e+00,0.000000000000e+00
7.912000000000e-01,2.750035328500e-01,6.600989321465e+00,6.606715293182e+00,7.812344754562e+00,0.000000000000e+00
7.916000000000e-01,2.704529694753e-01,6.628764609872e+00,6.634279543536e+00,7.813204344865e+00,0.000000000000e+00
7.920000000000e-01,2.653478724608e-01,6.657526135154e+00,6.662811998974e+00,7.814145891200e+00,0.000000000000e+00
7.924000000000e-01,2.596656305641e-01,6.687291944053e+00,6.692331416233e+00,7.815171417920e+00,0.000000000000e+00
7.928000000000e-01,2.533824654885e-01,6.718080642590e+00,6.722857293901e+00,7.816283006493e+00,0.000000000000e+00
7.932000000000e-01,2.464733699548e-01,6.749911902657e+00,6.754410397342e+00,7.817482800202e+00,0.000000000000e+00
7.936000000000e-01,2.389120002391e-01,6.782806014255e+00,6.787012330243e+00,7.818773009494e+00,0.000000000000e+00
7.940000000000e-01,2.306702076600e-01,6.816784365180e+00,6.820686023126e+00,7.820155974707e+00,0.000000000000e+00
7.944000000000e-01,2.217184346119e-01,6.851869102791e+00,6.855455438265e+00,7.821634095920e+00,0.000000000000e+00
7.948000000000e-01,2.120256021312e-01,6.888083438545e+00,6.891345899918e+00,7.823209841324e+00,0.000000000000e+00
7.952000000000e-01,2.015586783514e-01,6.925451563564e+00,6.928384029490e+00,7.824885798763e+00,0.000000000000e+00
7.956000000000e-01,1.902825872326e-01,6.963998640111e+00,6.966597772405e+00,7.826664676568e+00,0.000000000000e+00
7.960000000000e-01,1.781604032611e-01,7.003751086937e+00,7.006016729716e+00,7.828549263851e+00,0.000000000000e+00
7.964000000000e-01,1.651532674509e-01,7.044736206312e+00,7.046671825640e+00,7.830542428213e+00,0.000000000000e+00
7.968000000000e-01,1.512195631831e-01,7.086982803177e+00,7.088595954688e+00,7.832647220756e+00,0.000000000000e+00
7.972000000000e-01,1.363153870146e-01,7.130520564136e+00,7.131823427448e+00,7.834866790506e+00,0.000000000000e+00
7.976000000000e-01,1.203944096443e-01,7.175380817965e+00,7.176390784837e+00,7.837204390168e+00,0.000000000000e+00
7.980000000000e-01,1.034075062858e-01,7.221595974831e+00,7.222336293476e+00,7.839663408478e+00,0.000000000000e+00
7.984000000000e-01,8.530218327095e-02,7.269199996729e+00,7.269700479037e+00,7.842247431016e+00,0.000000000000e+00
7.988000000000e-01,6.602303625265e-02,7.318228346713e+00,7.318526161458e+00,7.844960154735e+00,0.000000000000e+00
7.992000000000e-01,4.551156820812e-02,7.368717858428e+00,7.368858404119e+00,7.847805391325e+00,0.000000000000e+00
7.996000000000e-01,2.370507233301e-02,7.420707327385e+00,7.420745189613e+00,7.850787195674e+00,0.000000000000e+00
8.000000000000e-01,5.370794997258e-04,7.474236784434e+00,7.474236803730e+00,7.853909776537e+00,0.000000000000e+00
8.004000000000e-01,-2.406281942034e-02,7.529348555727e+00,7.529387006450e+00,7.857177493128e+00,0.000000000000e+00
8.008000000000e-01,-5.016950699702e-02,7.586086449347e+00,7.586252341993e+00,7.860594895758e+00,0.000000000000e+00
8.012000000000e-01,-7.786320517036e-02,7.644496399381e+00,7.644892927887e+00,7.864166806239e+00,0.000000000000e+00
8.016000000000e-01,-1.072289676025e-01,7.704626522691e+00,7.705372664943e+00,7.867898213164e+00,0.000000000000e+00
8.020000000000e-01,-1.383570038961e-01,7.766526746071e+00,7.767759030632e+00,7.871794277258e+00,0.000000000000e+00
8.024000000000e-01,-1.713443449039e-01,7.830249834470e+00,7.832124319413e+00,7.875860502168e+00,0.000000000000e+00
8.028000000000e-01,-2.062941617665e-01,7.895850332848e+00,7.898544787485e+00,7.880102600360e+00,0.000000000000e+00
8.032000000000e-01,-2.433162393103e-01,7.963385825724e+00,7.967102145803e+00,7.884526501381e+00,0.000000000000e+00
8.036000000000e-01,-2.825282082920e-01,8.032916425976e+00,8.037883334261e+00,7.889138453978e+00,0.000000000000e+00
8.040000000000e-01,-3.240560488294e-01,8.104504679569e+00,8.110980731326e+00,7.893945028353e+00,0.000000000000e+00
8.044000000000e-01,-3.680341893135e-01,8.178216853064e+00,8.186493758639e+00,7.898953056817e+00,0.000000000000e+00
8.048000000000e-01,-4.146062392986e-01,8.254121546190e+00,8.264527865096e+00,7.904169660630e+00,0.000000000000e+00
8.052000000000e-01,-4.639269829463e-01,8.332291134761e+00,8.345196450649e+00,7.909602406745e+00,0.000000000000e+00
8.056000000000e-01,-5.161618906862e-01,8.412801515517e+00,8.428621028192e+00,7.915259161613e+00,0.000000000000e+00
8.060000000000e-01,-5.714879503522e-01,8.495731681466e+00,8.514931313925e+00,7.921148103215e+00,0.000000000000e+00
8.064000000000e-01,-6.300964103525e-01,8.581165409396e+00,8.604267619604e+00,7.927277930047e+00,0.000000000000e+00
8.068000000000e-01,-6.921923143238e-01,8.669189788966e+00,8.696779967156e+00,7.933657701554e+00,0.000000000000e+00
8.072000000000e-01,-7.579958007653e-01,8.759896483745e+00,8.792630097980e+00,7.940296858128e+00,0.000000000000e+00
8.076000000000e-01,-8.277448017941e-01,8.853382329284e+00,8.891993034487e+00,7.947205386835e+00,0.000000000000e+00
8.080000000000e-01,-9.016954138192e-01,8.949747852958e+00,8.995056489585e+00,7.954393725481e+00,0.000000000000e+00
8.084000000000e-01,-9.801237607886e-01,9.049099751274e+00,9.102024439374e+00,7.961872782216e+00,0.000000000000e+00
8.088000000000e-01,-1.063328445670e+00,9.151550166527e+00,9.213117704330e+00,7.969654029284e+00,0.000000000000e+00
8.092000000000e-01,-1.151632107327e+00,9.257215812667e+00,9.328574441624e+00,7.977749481525e+00,0.000000000000e+00
8.096000000000e-01,-1.245384110917e+00,9.366221059814e+00,9.448654852677e+00,7.986171724269e+00,0.000000000000e+00
8.100000000000e-01,-1.344962914010e+00,9.478696291688e+00,9.573641346432e+00,7.994933935142e+00,0.000000000000e+00
8.104000000000e-01,-1.450778850457e+00,9.594777605769e+00,9.703840300474e+00,8.004049908069e+00,0.000000000000e+00
8.108000000000e-01,-1.563278218125e+00,9.714610204467e+00,9.839587908647e+00,8.013534118542e+00,0.000000000000e+00
8.112000000000e-01,-1.682945810380e+00,9.838346380167e+00,9.981250728082e+00,8.023401666817e+00,0.000000000000e+00
8.116000000000e-01,-1.810308982942e+00,9.966145318558e+00,1.012922855524e+01,8.033668315912e+00,0.000000000000e+00
8.120000000000e-01,-1.945944033718e+00,1.009817682314e+01,1.028396194731e+01,8.044350632462e+00,0.000000000000e+00
8.124000000000e-01,-2.090479043727e+00,1.023461954589e+01,1.044593413158e+01,8.055465812585e+00,0.000000000000e+00
8.128000000000e-01,-2.244599819665e+00,1.037566023859e+01,1.061567490728e+01,8.067031743471e+00,0.000000000000e+00
8.132000000000e-01,-2.409059438735e+00,1.052149748397e+01,1.079377027199e+01,8.079067231186e+00,0.000000000000e+00
8.136000000000e-01,-2.584681551484e+00,1.067234154952e+01,1.098086758285e+01,8.091591631784e+00,0.000000000000e+00
8.140000000000e-01,-2.772370183122e+00,1.082841236369e+01,1.117768092005e+01,8.104625042687e+00,0.000000000000e+00
8.144000000000e-01,-2.973122259653e+00,1.098994166384e+01,1.138500214078e+01,8.118188521947e+00,0.000000000000e+00
8.148000000000e-01,-3.188032271327e+00,1.115717706043e+01,1.160371275587e+01,8.132303450417e+00,0.000000000000e+00
8.152000000000e-01,-3.418310270633e+00,1.133037789403e+01,1.183479228072e+01,8.146992093671e+00,0.000000000000e+00
8.156000000000e-01,-3.665294964120e+00,1.150981525584e+01,1.207933087541e+01,8.162277473374e+00,0.000000000000e+00
8.160000000000e-01,-3.930462615729e+00,1.169577838657e+01,1.233854806861e+01,8.178182589847e+00,0.000000000000e+00
8.164000000000e-01,-4.215459912125e+00,1.188857113149e+01,1.261381091579e+01,8.194731564674e+00,0.000000000000e+00
8.168000000000e-01,-4.522112517257e+00,1.208851277140e+01,1.290665110100e+01,8.211948508213e+00,0.000000000000e+00
8.172000000000e-01,-4.852449462121e+00,1.229593842406e+01,1.321878842825e+01,8.229857413697e+00,0.000000000000e+00
8.176000000000e-01,-5.208748262261e+00,1.251119683352e+01,1.355216236129e+01,8.248483245398e+00,0.000000000000e+00
8.180000000000e-01,-5.593542299600e+00,1.273466048136e+01,1.390896448456e+01,8.267849628166e+00,0.000000000000e+00
8.184000000000e-01,-6.009682946901e+00,1.296671343571e+01,1.429167402533e+01,8.287980597465e+00,0.000000000000e+00
8.188000000000e-01,-6.460373858823e+00,1.320775375679e+01,1.470310136317e+01,8.308899477070e+00,0.000000000000e+00
8.192000000000e-01,-6.949211572802e+00,1.345819796426e+01,1.514643964530e+01,8.330627692438e+00,0.000000000000e+00
8.196000000000e-01,-7.480282182122e+00,1.371846628295e+01,1.562533003429e+01,8.353186906007e+00,0.000000000000e+00
8.200000000000e-01,-8.058187883357e+00,1.398900158446e+01,1.614393252258e+01,8.376595186219e+00,0.000000000000e+00
8.204000000000e-01,-8.688177066180e+00,1.427024130673e+01,1.670701073459e+01,8.400869828481e+00,0.000000000000e+00
8.208000000000e-01,-9.376216370898e+00,1.456262561504e+01,1.732003170430e+01,8.426024715397e+00,0.000000000000e+00
8.212000000000e-01,-1.012911812400e+01,1.486658724317e+01,1.798928709618e+01,8.452070236524e+00,0.000000000000e+00
8.216000000000e-01,-1.095470548774e+01,1.518252715054e+01,1.872203789655e+01,8.479014050503e+00,0.000000000000e+00
8.220000000000e-01,-1.186194327015e+01,1.551082605302e+01,1.952668489507e+01,8.506857691297e+00,0.000000000000e+00
8.224000000000e-01,-1.286120517308e+01,1.585178631835e+01,2.041297940005e+01,8.535599704095e+00,0.000000000000e+00
8.228000000000e-01,-1.396446130510e+01,1.620564617022e+01,2.139226840090e+01,8.565231039788e+00,0.000000000000e+00
8.232000000000e-01,-1.518564493711e+01,1.657249884860e+01,2.247780083199e+01,8.595738287644e+00,0.000000000000e+00
8.236000000000e-01,-1.654096751488e+01,1.695227719679e+01,2.368508620388e+01,8.627100037346e+00,0.000000000000e+00
8.240000000000e-01,-1.804941232451e+01,1.734465679558e+01,2.503234716555e+01,8.659288850760e+00,0.000000000000e+00
8.244000000000e-01,-1.973325170245e+01,1.774897982479e+01,2.654105324913e+01,8.692269426457e+00,0.000000000000e+00
8.248000000000e-01,-2.161873917232e+01,1.816412379387e+01,2.823659463533e+01,8.725999283206e+00,0.000000000000e+00
8.252000000000e-01,-2.373691952581e+01,1.858832373641e+01,3.014908170914e+01,8.760428694421e+00,0.000000000000e+00
8.256000000000e-01,-2.612463483545e+01,1.901896373450e+01,3.231435481052e+01,8.795500419613e+00,0.000000000000e+00
8.260000000000e-01,-2.882575611025e+01,1.945222236885e+01,3.477518037932e+01,8.831151351661e+00,0.000000000000e+00
8.264000000000e-01,-3.189266022201e+01,1.988270587540e+01,3.758275893231e+01,8.867311485603e+00,0.000000000000e+00
8.268000000000e-01,-3.538805013629e+01,2.030279230480e+01,4.079849835251e+01,8.903907013570e+00,0.000000000000e+00
8.272000000000e-01,-3.938706283952e+01,2.070190644285e+01,4.449617567267e+01,8.940859400462e+00,0.000000000000e+00
8.276000000000e-01,-4.397974678836e+01,2.106537280378e+01,4.876441385817e+01,8.978088170670e+00,0.000000000000e+00
8.280000000000e-01,-4.927375533948e+01,2.137289686453e+01,5.370943758443e+01,9.015512463868e+00,0.000000000000e+00
8.284000000000e-01,-5.539710818520e+01,2.159663125132e+01,5.945800262949e+01,9.053051015210e+00,0.000000000000e+00
8.288000000000e-01,-6.250058443900e+01,2.169831179504e+01,6.615995609107e+01,9.090626750760e+00,0.000000000000e+00
8.292000000000e-01,-7.075843124044e+01,2.162573241217e+01,7.398937689946e+01,9.128166223193e+00,0.000000000000e+00
8.296000000000e-01,-8.036580731985e+01,2.130813367635e+01,8.314264577784e+01,9.165602077786e+00,0.000000000000e+00
8.300000000000e-01,-9.152934308163e+01,2.065060802721e+01,9.382999657278e+01,9.202875991533e+00,0.000000000000e+00
8.304000000000e-01,-1.044449884137e+02,1.952838481448e+01,1.062549453823e+02,9.239939235265e+00,0.000000000000e+00
8.308000000000e-01,-1.192540493237e+02,1.778244211180e+01,1.205725654018e+02,9.276754680101e+00,0.000000000000e+00
8.312000000000e-01,-1.359666279976e+02,1.522053711142e+01,1.368158933713e+02,9.313298890226e+00,0.000000000000e+00
8.316000000000e-01,-1.543393726948e+02,1.163046767122e+01,1.547769677377e+02,9.349563663415e+00,0.000000000000e+00
8.320000000000e-01,-1.737133475512e+02,6.816651363165e+00,1.738470415430e+02,9.385557280056e+00,0.000000000000e+00
8.324000000000e-01,-1.928498064648e+02,6.696317041301e-01,1.928509690412e+02,9.421305678244e+00,0.000000000000e+00
8.328000000000e-01,-2.098693429076e+02,-6.733864211610e+00,2.099773464441e+02,9.456852939820e+00,0.000000000000e+00
8.332000000000e-01,-2.224583633937e+02,-1.503491446668e+01,2.229658541051e+02,9.492260633711e+00,0.000000000000e+00
8.336000000000e-01,-2.284438475113e+02,-2.357349277153e+01,2.296569202685e+02,9.527605633253e+00,0.000000000000e+00
8.340000000000e-01,-2.265815590302e+02,-3.151405309820e+01,2.287626246467e+02,9.562976192634e+00,0.000000000000e+00
8.344000000000e-01,-2.171068756920e+02,-3.809281262016e+01,2.204233604817e+02,9.598466528355e+00,0.000000000000e+00
8.348000000000e-01,-2.016440003550e+02,-4.285089835515e+01,2.061467981052e+02,9.634170700252e+00,0.000000000000e+00
8.352000000000e-01,-1.825379319259e+02,-4.571599188552e+01,1.881755789306e+02,9.670176844494e+00,0.000000000000e+00
8.356000000000e-01,-1.620742248736e+02,-4.691846782609e+01,1.687287675280e+02,9.706562607782e+00,0.000000000000e+00
8.360000000000e-01,-1.419884157195e+02,-4.683517353855e+01,1.495133561890e+02,9.743392117277e+00,0.000000000000e+00
8.364000000000e-01,-1.233469424670e+02,-4.585675848344e+01,1.315952526293e+02,9.780714315336e+00,0.000000000000e+00
8.368000000000e-01,-1.066577256443e+02,-4.431473396306e+01,1.154974722053e+02,9.818562184693e+00,0.000000000000e+00
8.372000000000e-01,-9.204980588758e+01,-4.245849561619e+01,1.013700676429e+02,9.856952587194e+00,0.000000000000e+00
8.376000000000e-01,-7.943588774006e+01,-4.046161988092e+01,8.914708601205e+01,9.895887061192e+00,0.000000000000e+00
8.380000000000e-01,-6.862428192696e+01,-3.843729196316e+01,7.865568945380e+01,9.935351631053e+00,0.000000000000e+00
8.384000000000e-01,-5.938827510549e+01,-3.645536072037e+01,6.968472246668e+01,9.975317476883e+00,0.000000000000e+00
8.388000000000e-01,-5.150294945272e+01,-3.455614312444e+01,6.202161582840e+01,1.001574329201e+01,0.000000000000e+00
8.392000000000e-01,-4.476282948401e+01,-3.276045676869e+01,5.547033829992e+01,1.005657286539e+01,0.000000000000e+00
8.396000000000e-01,-3.898822275984e+01,-3.107700616704e+01,4.985841780760e+01,1.009774016803e+01,0.000000000000e+00
8.400000000000e-01,-3.402585814700e+01,-2.950691285071e+01,4.503794987141e+01,1.013916792505e+01,0.000000000000e+00
8.404000000000e-01,-2.974690406201e+01,-2.804688976879e+01,4.088405957065e+01,1.018076943322e+01,0.000000000000e+00
8.408000000000e-01,-2.604383714976e+01,-2.669129187121e+01,3.729217766821e+01,1.022245299169e+01,0.000000000000e+00
8.412000000000e-01,-2.282738156052e+01,-2.543320764774e+01,3.417509912440e+01,1.026411865088e+01,0.000000000000e+00
8.416000000000e-01,-2.002333515532e+01,-2.426540559811e+01,3.146019484338e+01,1.030566695894e+01,0.000000000000e+00
8.420000000000e-01,-1.757012745311e+01,-2.318061406987e+01,2.908694290184e+01,1.034699412470e+01,0.000000000000e+00
8.424000000000e-01,-1.541645469140e+01,-2.217191028699e+01,2.700482699493e+01,1.038799976009e+01,0.000000000000e+00
8.428000000000e-01,-1.351951080650e+01,-2.123278954023e+01,2.517158167670e+01,1.042858579887e+01,0.000000000000e+00
8.432000000000e-01,-1.184347707739e+01,-2.035722204304e+01,2.355173960863e+01,1.046865766193e+01,0.000000000000e+00
8.436000000000e-01,-1.035819577883e+01,-1.953972314858e+01,2.211544710187e+01,1.050813010889e+01,0.000000000000e+00
8.440000000000e-01,-9.038301102649e+00,-1.877525158706e+01,2.083748926765e+01,1.054692163343e+01,0.000000000000e+00
8.444000000000e-01,-7.862269531980e+00,-1.805928389553e+01,1.969652296759e+01,1.058496239857e+01,0.000000000000e+00
8.448000000000e-01,-6.811838131034e+00,-1.738772973133e+01,1.867442861062e+01,1.062219042573e+01,0.000000000000e+00
8.452000000000e-01,-5.871431664362e+00,-1.675688525707e+01,1.775575718768e+01,1.065855278183e+01,0.000000000000e+00
8.456000000000e-01,-5.027698336231e+00,-1.616339803949e+01,1.692729118150e+01,1.069400682125e+01,0.000000000000e+00
8.460000000000e-01,-4.269161299073e+00,-1.560423808000e+01,1.617770021526e+01,1.072851954541e+01,0.000000000000e+00
8.464000000000e-01,-3.585962584871e+00,-1.507669522911e+01,1.549728578467e+01,1.076206504513e+01,0.000000000000e+00
8.468000000000e-01,-2.969539369501e+00,-1.457831596063e+01,1.487768329798e+01,1.079462776831e+01,0.000000000000e+00
8.472000000000e-01,-2.412453278709e+00,-1.410685251497e+01,1.431164626103e+01,1.082619987909e+01,0.000000000000e+00
8.476000000000e-01,-1.908271803651e+00,-1.366028487948e+01,1.379292877764e+01,1.085677761705e+01,0.000000000000e+00
8.480000000000e-01,-1.451333628098e+00,-1.323680203185e+01,1.331612921725e+01,1.088636668952e+01,0.000000000000e+00
8.484000000000e-01,-1.036680505106e+00,-1.283472133956e+01,1.287652042804e+01,1.091497769248e+01,0.000000000000e+00
8.488000000000e-01,-6.599974912508e-01,-1.245252842727e+01,1.247000645230e+01,1.094262274991e+01,0.000000000000e+00
8.492000000000e-01,-3.174459228932e-01,-1.208885957996e+01,1.209302682780e+01,1.096932094369e+01,0.000000000000e+00
8.496000000000e-01,-5.631444011549e-03,-1.174243493292e+01,1.174243628329e+01,1.099509470700e+01,0.000000000000e+00
8.500000000000e-01,2.784162454927e-01,-1.141211613134e+01,1.141551182388e+01,1.101996599766e+01,0.000000000000e+00
8.504000000000e-01,5.373527263755e-01,-1.109684958022e+01,1.110985231938e+01,1.104396039069e+01,0.000000000000e+00
8.508000000000e-01,7.735569632639e-01,-1.079565654921e+01,1.082333547036e+01,1.106710649278e+01,0.000000000000e+00
8.512000000000e-01,9.891258556760e-01,-1.050766629528e+01,1.055411867146e+01,1.108943144508e+01,0.000000000000e+00
8.516000000000e-01,1.185929308352e+00,-1.023204762989e+01,1.030054498679e+01,1.111096285036e+01,0.000000000000e+00
8.520000000000e-01,1.365665088321e+00,-9.968059528009e+00,1.006117547245e+01,1.113173072546e+01,0.000000000000e+00
8.524000000000e-01,1.529845716791e+00,-9.715001941091e+00,9.834718635151e+00,1.115176417895e+01,0.000000000000e+00
8.528000000000e-01,1.679819102520e+00,-9.472236482742e+00,9.620034106082e+00,1.117109081361e+01,0.000000000000e+00
8.532000000000e-01,1.816808765221e+00,-9.239174288572e+00,9.416110429684e+00,1.118973882757e+01,0.000000000000e+00
8.536000000000e-01,1.941924046768e+00,-9.015259169698e+00,9.222037025529e+00,1.120773668874e+01,0.000000000000e+00
8.540000000000e-01,2.056159709940e+00,-8.799990618996e+00,9.037014310445e+00,1.122511103099e+01,0.000000000000e+00
8.544000000000e-01,2.160411172102e+00,-8.592888681067e+00,8.860311073419e+00,1.124188756210e+01,0.000000000000e+00
8.548000000000e-01,2.255498709885e+00,-8.393522764420e+00,8.691288674709e+00,1.125809174018e+01,0.000000000000e+00
8.552000000000e-01,2.342166226487e+00,-8.201474579661e+00,8.529356828819e+00,1.127374856422e+01,0.000000000000e+00
8.556000000000e-01,2.421087084891e+00,-8.016371983507e+00,8.374000385155e+00,1.128888125131e+01,0.000000000000e+00
8.560000000000e-01,2.492871695917e+00,-7.837852539601e+00,8.224739614409e+00,1.130351231117e+01,0.000000000000e+00
8.564000000000e-01,2.558081368634e+00,-7.665591391887e+00,8.081155342890e+00,1.131766343568e+01,0.000000000000e+00
8.568000000000e-01,2.617227413429e+00,-7.499271199601e+00,7.942855145272e+00,1.133135579314e+01,0.000000000000e+00
8.572000000000e-01,2.670776352093e+00,-7.338607683930e+00,7.809494801940e+00,1.134460904478e+01,0.000000000000e+00
8.576000000000e-01,2.719153432267e+00,-7.183324075606e+00,7.680751275975e+00,1.135744221520e+01,0.000000000000e+00
8.580000000000e-01,2.762750182151e+00,-7.033169397919e+00,7.556339083763e+00,1.136987333419e+01,0.000000000000e+00
8.584000000000e-01,2.801925495390e+00,-6.887900903312e+00,7.435991214059e+00,1.138191991091e+01,0.000000000000e+00
8.588000000000e-01,2.837008603720e+00,-6.747295450849e+00,7.319468130857e+00,1.139359837153e+01,0.000000000000e+00
8.592000000000e-01,2.868301696436e+00,-6.611140956454e+00,7.206548367137e+00,1.140492442829e+01,0.000000000000e+00
8.596000000000e-01,2.896082663425e+00,-6.479237624310e+00,7.097028602567e+00,1.141591304639e+01,0.000000000000e+00
8.600000000000e-01,2.920607979049e+00,-6.351399704576e+00,6.990724509990e+00,1.142657840823e+01,0.000000000000e+00
8.604000000000e-01,2.942113445170e+00,-6.227447445575e+00,6.887462029779e+00,1.143693420825e+01,0.000000000000e+00
8.608000000000e-01,2.960817308537e+00,-6.107217190434e+00,6.787086336983e+00,1.144699321487e+01,0.000000000000e+00
8.612000000000e-01,2.976920378232e+00,-5.990547879978e+00,6.689448321098e+00,1.145676789134e+01,0.000000000000e+00
8.616000000000e-01,2.990608512175e+00,-5.877293359776e+00,6.594415554844e+00,1.146626974790e+01,0.000000000000e+00
8.620000000000e-01,3.002053233323e+00,-5.767311195248e+00,6.501861428740e+00,1.147550996245e+01,0.000000000000e+00
8.624000000000e-01,3.011413585563e+00,-5.660468232512e+00,6.411670016040e+00,1.148449910227e+01,0.000000000000e+00
8.628000000000e-01,3.018837261707e+00,-5.556639004558e+00,6.323734295465e+00,1.149324722540e+01,0.000000000000e+00
8.632000000000e-01,3.024460669420e+00,-5.455701641069e+00,6.237951806261e+00,1.150176405828e+01,0.000000000000e+00
8.636000000000e-01,3.028410396074e+00,-5.357544972124e+00,6.154230874397e+00,1.151005853240e+01,0.000000000000e+00
8.640000000000e-01,3.030803579638e+00,-5.262059505890e+00,6.072482242203e+00,1.151813940675e+01,0.000000000000e+00
8.644000000000e-01,3.031749503442e+00,-5.169143583062e+00,5.992624669870e+00,1.152601490935e+01,0.000000000000e+00
8.648000000000e-01,3.031349972287e+00,-5.078700146105e+00,5.914581796589e+00,1.153369294491e+01,0.000000000000e+00
8.652000000000e-01,3.029699287350e+00,-4.990635096447e+00,5.838280263713e+00,1.154118114890e+01,0.000000000000e+00
8.656000000000e-01,3.026885147416e+00,-4.904862216849e+00,5.763653967920e+00,1.154848650211e+01,0.000000000000e+00
8.660000000000e-01,3.022988925995e+00,-4.821296631227e+00,5.690638211393e+00,1.155561586313e+01,0.000000000000e+00
8.664000000000e-01,3.018086765178e+00,-4.739858634178e+00,5.619173212683e+00,1.156257572188e+01,0.000000000000e+00
8.668000000000e-01,3.012249952609e+00,-4.660472736582e+00,5.549203177522e+00,1.156937226930e+01,0.000000000000e+00
8.672000000000e-01,3.005544666456e+00,-4.583064826118e+00,5.480673493510e+00,1.157601157463e+01,0.000000000000e+00
8.676000000000e-01,2.998032561459e+00,-4.507566813429e+00,5.413534687900e+00,1.158249916239e+01,0.000000000000e+00
8.680000000000e-01,2.989770998106e+00,-4.433912512101e+00,5.347738847969e+00,1.158884039205e+01,0.000000000000e+00
8.684000000000e-01,2.980813566987e+00,-4.362038033397e+00,5.283240040537e+00,1.159504045868e+01,0.000000000000e+00
8.688000000000e-01,2.971210796939e+00,-4.291883965669e+00,5.219996319406e+00,1.160110422620e+01,0.000000000000e+00
8.692000000000e-01,2.961009750755e+00,-4.223391735559e+00,5.157966313970e+00,1.160703650711e+01,0.000000000000e+00
8.696000000000e-01,2.950254281219e+00,-4.156505974907e+00,5.097111166464e+00,1.161284181183e+01,0.000000000000e+00
8.700000000000e-01,2.938985342316e+00,-4.091174712561e+00,5.037394700740e+00,1.161852432843e+01,0.000000000000e+00
8.704000000000e-01,2.927241061723e+00,-4.027346624730e+00,4.978781082671e+00,1.162408821022e+01,0.000000000000e+00
8.708000000000e-01,2.915057417291e+00,-3.964973457358e+00,4.921237066394e+00,1.162953737743e+01,0.000000000000e+00
8.712000000000e-01,2.902468263558e+00,-3.904009099606e+00,4.864731140646e+00,1.163487559407e+01,0.000000000000e+00
8.716000000000e-01,2.889505107365e+00,-3.844408120949e+00,4.809232118115e+00,1.164010658264e+01,0.000000000000e+00
8.720000000000e-01,2.876197429131e+00,-3.786128234787e+00,4.754711206960e+00,1.164523374883e+01,0.000000000000e+00
8.724000000000e-01,2.862572767510e+00,-3.729128835741e+00,4.701140789515e+00,1.165026034301e+01,0.000000000000e+00
8.728000000000e-01,2.848656795364e+00,-3.673369956492e+00,4.648493559749e+00,1.165518958544e+01,0.000000000000e+00
8.732000000000e-01,2.834473891485e+00,-3.618814174503e+00,4.596744312129e+00,1.166002449542e+01,0.000000000000e+00
8.736000000000e-01,2.820046964569e+00,-3.565425307352e+00,4.545868729372e+00,1.166476800725e+01,0.000000000000e+00
8.740000000000e-01,2.805397331517e+00,-3.513167775443e+00,4.495842747038e+00,1.166942301958e+01,0.000000000000e+00
8.744000000000e-01,2.790545000240e+00,-3.462008412227e+00,4.446644087926e+00,1.167399217781e+01,0.000000000000e+00
8.748000000000e-01,2.775508672094e+00,-3.411915254223e+00,4.398251253722e+00,1.167847801700e+01,0.000000000000e+00
8.752000000000e-01,2.760305758537e+00,-3.362856798894e+00,4.350642910017e+00,1.168288305574e+01,0.000000000000e+00
8.756000000000e-01,2.744952837151e+00,-3.314803375181e+00,4.303799193073e+00,1.168720966593e+01,0.000000000000e+00
8.760000000000e-01,2.729465540889e+00,-3.267726412295e+00,4.257701028080e+00,1.169146014081e+01,0.000000000000e+00
8.764000000000e-01,2.713858390343e+00,-3.221597707766e+00,4.212329421297e+00,1.169563676196e+01,0.000000000000e+00
8.768000000000e-01,2.698145019298e+00,-3.176390643995e+00,4.167666501584e+00,1.169974164452e+01,0.000000000000e+00
8.772000000000e-01,2.682338220434e+00,-3.132079880786e+00,4.123695273469e+00,1.170377677382e+01,0.000000000000e+00
8.776000000000e-01,2.666449860199e+00,-3.088640375293e+00,4.080398782576e+00,1.170774412990e+01,0.000000000000e+00
8.780000000000e-01,2.650491157552e+00,-3.046048102749e+00,4.037760817647e+00,1.171164561688e+01,0.000000000000e+00
8.784000000000e-01,2.634472829192e+00,-3.004280300873e+00,3.995766161072e+00,1.171548303737e+01,0.000000000000e+00
8.788000000000e-01,2.618404820683e+00,-2.963314513429e+00,3.954399664991e+00,1.171925818682e+01,0.000000000000e+00
8.792000000000e-01,2.602296390200e+00,-2.923128939679e+00,3.913646547714e+00,1.172297280500e+01,0.000000000000e+00
8.796000000000e-01,2.586156303503e+00,-2.883703191654e+00,3.873493064884e+00,1.172662847396e+01,0.000000000000e+00
8.800000000000e-01,2.569992698855e+00,-2.845017302677e+00,3.833925654560e+00,1.173022674803e+01,0.000000000000e+00
8.804000000000e-01,2.553813112856e+00,-2.807051628257e+00,3.794930863546e+00,1.173376917029e+01,0.000000000000e+00
8.808000000000e-01,2.537624800482e+00,-2.769787604151e+00,3.756496106764e+00,1.173725719434e+01,0.000000000000e+00
8.812000000000e-01,2.521434602902e+00,-2.733207280266e+00,3.718609214963e+00,1.174069223088e+01,0.000000000000e+00
8.816000000000e-01,2.505248814829e+00,-2.697292915350e+00,3.681258031624e+00,1.174407568880e+01,0.000000000000e+00
8.820000000000e-01,2.489073330252e+00,-2.662027498065e+00,3.644430880649e+00,1.174740890334e+01,0.000000000000e+00
8.824000000000e-01,2.472913733775e+00,-2.627394956918e+00,3.608116765617e+00,1.175069310550e+01,0.000000000000e+00
8.828000000000e-01,2.456775159472e+00,-2.593379452101e+00,3.572304741589e+00,1.175392951841e+01,0.000000000000e+00
8.832000000000e-01,2.440662345926e+00,-2.559965442415e+00,3.536983991083e+00,1.175711935210e+01,0.000000000000e+00
8.836000000000e-01,2.424579905702e+00,-2.527138249216e+00,3.502144407328e+00,1.176026374357e+01,0.000000000000e+00
8.840000000000e-01,2.408532154539e+00,-2.494883593857e+00,3.467776129790e+00,1.176336380451e+01,0.000000000000e+00
8.844000000000e-01,2.392523022935e+00,-2.463187363076e+00,3.433869304573e+00,1.176642064564e+01,0.000000000000e+00
8.848000000000e-01,2.376556183476e+00,-2.432035989119e+00,3.400414437328e+00,1.176943532282e+01,0.000000000000e+00
8.852000000000e-01,2.360635135796e+00,-2.401416639156e+00,3.367402577533e+00,1.177240880899e+01,0.000000000000e+00
8.856000000000e-01,2.344763064786e+00,-2.371316670015e+00,3.334824819908e+00,1.177534207019e+01,0.000000000000e+00
8.860000000000e-01,2.328942861065e+00,-2.341723629936e+00,3.302672313310e+00,1.177823606698e+01,0.000000000000e+00
8.864000000000e-01,2.313177348842e+00,-2.312625690117e+00,3.270936720541e+00,1.178109170782e+01,0.000000000000e+00
8.868000000000e-01,2.297469197394e+00,-2.284011419296e+00,3.239609988324e+00,1.178390987240e+01,0.000000000000e+00
8.872000000000e-01,2.281820800479e+00,-2.255869515796e+00,3.208684066373e+00,1.178669144013e+01,0.000000000000e+00
8.876000000000e-01,2.266234335495e+00,-2.228188949466e+00,3.178151043909e+00,1.178943726945e+01,0.000000000000e+00
8.880000000000e-01,2.250711915071e+00,-2.200959335276e+00,3.148003513369e+00,1.179214814334e+01,0.000000000000e+00
8.884000000000e-01,2.235255456767e+00,-2.174170519564e+00,3.118234180614e+00,1.179482482774e+01,0.000000000000e+00
8.888000000000e-01,2.219866649038e+00,-2.147812462592e+00,3.088835753804e+00,1.179746808835e+01,0.000000000000e+00
8.892000000000e-01,2.204547071079e+00,-2.121875441061e+00,3.059801166086e+00,1.180007866859e+01,0.000000000000e+00
8.896000000000e-01,2.189298299352e+00,-2.096350212650e+00,3.031123761515e+00,1.180265727111e+01,0.000000000000e+00
8.900000000000e-01,2.174121731636e+00,-2.071227676116e+00,3.002796927913e+00,1.180520459422e+01,0.000000000000e+00
8.904000000000e-01,2.159018573970e+00,-2.046498838992e+00,2.974814061542e+00,1.180772133501e+01,0.000000000000e+00
8.908000000000e-01,2.143989957035e+00,-2.022155074143e+00,2.947168824440e+00,1.181020815163e+01,0.000000000000e+00
8.912000000000e-01,2.129036968673e+00,-1.998188160853e+00,2.919855191640e+00,1.181266565645e+01,0.000000000000e+00
8.916000000000e-01,2.114160536230e+00,-1.974589985317e+00,2.892867156139e+00,1.181509445917e+01,0.000000000000e+00
8.920000000000e-01,2.099361430634e+00,-1.951352533902e+00,2.866198724443e+00,1.181749516820e+01,0.000000000000e+00
8.924000000000e-01,2.084640412962e+00,-1.928468120608e+00,2.839844175929e+00,1.181986836564e+01,0.000000000000e+00
8.928000000000e-01,2.069998232875e+00,-1.905929365024e+00,2.813798043316e+00,1.182221460913e+01,0.000000000000e+00
8.932000000000e-01,2.055435501728e+00,-1.883728974758e+00,2.788054868920e+00,1.182453445539e+01,0.000000000000e+00
8.936000000000e-01,2.040952697217e+00,-1.861859749057e+00,2.762609208237e+00,1.182682845926e+01,0.000000000000e+00
8.940000000000e-01,2.026550279454e+00,-1.840314803032e+00,2.737455864377e+00,1.182909714043e+01,0.000000000000e+00
8.944000000000e-01,2.012228686703e+00,-1.819087536249e+00,2.712589860655e+00,1.183134098732e+01,0.000000000000e+00
8.948000000000e-01,1.997988239733e+00,-1.798171425636e+00,2.688006228059e+00,1.183356048725e+01,0.000000000000e+00
8.952000000000e-01,1.983829146075e+00,-1.777560024802e+00,2.663700006118e+00,1.183575612674e+01,0.000000000000e+00
8.956000000000e-01,1.969751620160e+00,-1.757247134430e+00,2.639666444190e+00,1.183792837272e+01,0.000000000000e+00
8.960000000000e-01,1.955755894114e+00,-1.737226805224e+00,2.615901009242e+00,1.184007767174e+01,0.000000000000e+00
8.964000000000e-01,1.941842101802e+00,-1.717493159073e+00,2.592399178328e+00,1.184220446944e+01,0.000000000000e+00
8.968000000000e-01,1.928010276962e+00,-1.698040382555e+00,2.569156431372e+00,1.184430921102e+01,0.000000000000e+00
8.972000000000e-01,1.914260433397e+00,-1.678862863783e+00,2.546168400216e+00,1.184639232090e+01,0.000000000000e+00
8.976000000000e-01,1.900592608502e+00,-1.659955256030e+00,2.523430941300e+00,1.184845419264e+01,0.000000000000e+00
8.980000000000e-01,1.887006760537e+00,-1.641312284425e+00,2.500939929170e+00,1.185049521735e+01,0.000000000000e+00
8.984000000000e-01,1.873502761455e+00,-1.622928728814e+00,2.478691238534e+00,1.185251578610e+01,0.000000000000e+00
8.988000000000e-01,1.860080453375e+00,-1.604799496404e+00,2.456680833296e+00,1.185451628192e+01,0.000000000000e+00
8.992000000000e-01,1.846739742413e+00,-1.586919740669e+00,2.434904913858e+00,1.185649706645e+01,0.000000000000e+00
8.996000000000e-01,1.833480481738e+00,-1.569284696349e+00,2.413359719377e+00,1.185845849784e+01,0.000000000000e+00
9.000000000000e-01,1.820302449795e+00,-1.551889646981e+00,2.392041489008e+00,1.186040093423e+01,0.000000000000e+00
9.004000000000e-01,1.807205370577e+00,-1.534729953950e+00,2.370946495178e+00,1.186232472937e+01,0.000000000000e+00
9.008000000000e-01,1.794189015335e+00,-1.517801211618e+00,2.350071220355e+00,1.186423020924e+01,0.000000000000e+00
9.012000000000e-01,1.781253135103e+00,-1.501099130690e+00,2.329412228754e+00,1.186611768902e+01,0.000000000000e+00
9.016000000000e-01,1.768397417074e+00,-1.484619465024e+00,2.308966084775e+00,1.186798748387e+01,0.000000000000e+00
9.020000000000e-01,1.755621489460e+00,-1.468358015540e+00,2.288729358411e+00,1.186983990844e+01,0.000000000000e+00
9.024000000000e-01,1.742925009269e+00,-1.452310736384e+00,2.268698759851e+00,1.187167526517e+01,0.000000000000e+00
9.028000000000e-01,1.730307669732e+00,-1.436473738086e+00,2.248871146185e+00,1.187349384367e+01,0.000000000000e+00
9.032000000000e-01,1.717769112901e+00,-1.420843175178e+00,2.229243381439e+00,1.187529593295e+01,0.000000000000e+00
9.036000000000e-01,1.705308926416e+00,-1.405415240318e+00,2.209812329641e+00,1.187708182202e+01,0.000000000000e+00
9.040000000000e-01,1.692926674127e+00,-1.390186205969e+00,2.190574904275e+00,1.187885179360e+01,0.000000000000e+00
9.044000000000e-01,1.680621974932e+00,-1.375152532173e+00,2.171528196770e+00,1.188060610776e+01,0.000000000000e+00
9.048000000000e-01,1.668394423492e+00,-1.360310747169e+00,2.152669338566e+00,1.188234501950e+01,0.000000000000e+00
9.052000000000e-01,1.656243567608e+00,-1.345657412850e+00,2.133995461101e+00,1.188406878380e+01,0.000000000000e+00
9.056000000000e-01,1.644168912801e+00,-1.331189128622e+00,2.115503701245e+00,1.188577765519e+01,0.000000000000e+00
9.060000000000e-01,1.632169999678e+00,-1.316902618613e+00,2.097191315727e+00,1.188747187812e+01,0.000000000000e+00
9.064000000000e-01,1.620246404366e+00,-1.302794727890e+00,2.079055678398e+00,1.188915168715e+01,0.000000000000e+00
9.068000000000e-01,1.608397665273e+00,-1.288862335426e+00,2.061094167993e+00,1.189081731644e+01,0.000000000000e+00
9.072000000000e-01,1.596623280679e+00,-1.275102350066e+00,2.043304163249e+00,1.189246900016e+01,0.000000000000e+00
9.076000000000e-01,1.584922726486e+00,-1.261511732295e+00,2.025683069893e+00,1.189410696915e+01,0.000000000000e+00
9.080000000000e-01,1.573295531875e+00,-1.248087589766e+00,2.008228438786e+00,1.189573143653e+01,0.000000000000e+00
9.084000000000e-01,1.561741220817e+00,-1.234827096736e+00,1.990937869355e+00,1.189734260942e+01,0.000000000000e+00
9.088000000000e-01,1.550259282550e+00,-1.221727453914e+00,1.973808961065e+00,1.189894069497e+01,0.000000000000e+00
9.092000000000e-01,1.538849172462e+00,-1.208785888442e+00,1.956839313710e+00,1.190052590030e+01,0.000000000000e+00
9.096000000000e-01,1.527510353750e+00,-1.195999697642e+00,1.940026586821e+00,1.190209842766e+01,0.000000000000e+00
9.100000000000e-01,1.516242346032e+00,-1.183366298692e+00,1.923368568107e+00,1.190365846889e+01,0.000000000000e+00
9.104000000000e-01,1.505044649780e+00,-1.170883144833e+00,1.906863061860e+00,1.190520621446e+01,0.000000000000e+00
9.108000000000e-01,1.493916735522e+00,-1.158547712796e+00,1.890507872371e+00,1.190674185486e+01,0.000000000000e+00
9.112000000000e-01,1.482858046164e+00,-1.146357504689e+00,1.874300806602e+00,1.190826558025e+01,0.000000000000e+00
9.116000000000e-01,1.471868049200e+00,-1.134310109199e+00,1.858239752585e+00,1.190977757124e+01,0.000000000000e+00
9.120000000000e-01,1.460946246611e+00,-1.122403210325e+00,1.842322692156e+00,1.191127799741e+01,0.000000000000e+00
9.124000000000e-01,1.450092117730e+00,-1.110634517025e+00,1.826547612385e+00,1.191276702768e+01,0.000000000000e+00
9.128000000000e-01,1.439305116304e+00,-1.099001758901e+00,1.810912500339e+00,1.191424483101e+01,0.000000000000e+00
9.132000000000e-01,1.428584675142e+00,-1.087502690233e+00,1.795415348970e+00,1.191571157587e+01,0.000000000000e+00
9.136000000000e-01,1.417930267143e+00,-1.076135150597e+00,1.780054242103e+00,1.191716742360e+01,0.000000000000e+00
9.140000000000e-01,1.407341392691e+00,-1.064897049904e+00,1.764827335032e+00,1.191861252991e+01,0.000000000000e+00
9.144000000000e-01,1.396817530956e+00,-1.053786318012e+00,1.749732784974e+00,1.192004705037e+01,0.000000000000e+00
9.148000000000e-01,1.386358138936e+00,-1.042800903162e+00,1.734768749150e+00,1.192147114053e+01,0.000000000000e+00
9.152000000000e-01,1.375962656745e+00,-1.031938777228e+00,1.719933391938e+00,1.192288495516e+01,0.000000000000e+00
9.156000000000e-01,1.365630562310e+00,-1.021197995170e+00,1.705224964060e+00,1.192428863918e+01,0.000000000000e+00
9.160000000000e-01,1.355361352634e+00,-1.010576671988e+00,1.690641773464e+00,1.192568233105e+01,0.000000000000e+00
9.164000000000e-01,1.345154506010e+00,-1.000072939811e+00,1.676182129120e+00,1.192706616909e+01,0.000000000000e+00
9.168000000000e-01,1.335009481666e+00,-9.896849469647e-01,1.661844339999e+00,1.192844029164e+01,0.000000000000e+00
9.172000000000e-01,1.324925724563e+00,-9.794108620903e-01,1.647626721193e+00,1.192980483656e+01,0.000000000000e+00
9.176000000000e-01,1.314902719215e+00,-9.692489246282e-01,1.633527667011e+00,1.193115993568e+01,0.000000000000e+00
9.180000000000e-01,1.304939973049e+00,-9.591974273505e-01,1.619545626988e+00,1.193250571662e+01,0.000000000000e+00
9.184000000000e-01,1.295036977412e+00,-9.492546784017e-01,1.605679051782e+00,1.193384230692e+01,0.000000000000e+00
9.188000000000e-01,1.285193207041e+00,-9.394190003853e-01,1.591926392051e+00,1.193516983413e+01,0.000000000000e+00
9.192000000000e-01,1.275408122613e+00,-9.296887325740e-01,1.578286101663e+00,1.193648842544e+01,0.000000000000e+00
9.196000000000e-01,1.265681213502e+00,-9.200622743185e-01,1.564756697649e+00,1.193779820110e+01,0.000000000000e+00
9.200000000000e-01,1.256011994798e+00,-9.105380803436e-01,1.551336754813e+00,1.193909927505e+01,0.000000000000e+00
9.204000000000e-01,1.246399968480e+00,-9.011146198182e-01,1.538024850084e+00,1.194039176099e+01,0.000000000000e+00
9.208000000000e-01,1.236844622161e+00,-8.917903746892e-01,1.524819560393e+00,1.194167577262e+01,0.000000000000e+00
9.212000000000e-01,1.227345429938e+00,-8.825638401197e-01,1.511719463484e+00,1.194295142358e+01,0.000000000000e+00
9.216000000000e-01,1.217901885523e+00,-8.734335539485e-01,1.498723181886e+00,1.194421882420e+01,0.000000000000e+00
9.220000000000e-01,1.208513519523e+00,-8.643981111832e-01,1.485829405244e+00,1.194547807985e+01,0.000000000000e+00
9.224000000000e-01,1.199179853875e+00,-8.554561220870e-01,1.473036828716e+00,1.194672929550e+01,0.000000000000e+00
9.228000000000e-01,1.189900397937e+00,-8.466062083519e-01,1.460344147463e+00,1.194797257612e+01,0.000000000000e+00
9.232000000000e-01,1.180674648702e+00,-8.378470030040e-01,1.447750056650e+00,1.194920802667e+01,0.000000000000e+00
9.236000000000e-01,1.171502106721e+00,-8.291771654579e-01,1.435253273039e+00,1.195043574983e+01,0.000000000000e+00
9.240000000000e-01,1.162382311551e+00,-8.205954148412e-01,1.422852583040e+00,1.195165584090e+01,0.000000000000e+00
9.244000000000e-01,1.153314801800e+00,-8.121004903877e-01,1.410546787079e+00,1.195286839368e+01,0.000000000000e+00
9.248000000000e-01,1.144299105148e+00,-8.036911414594e-01,1.398334685583e+00,1.195407350198e+01,0.000000000000e+00
9.252000000000e-01,1.135334738509e+00,-7.953661274613e-01,1.386215078976e+00,1.195527125961e+01,0.000000000000e+00
9.256000000000e-01,1.126421212750e+00,-7.871242216458e-01,1.374186773636e+00,1.195646175996e+01,0.000000000000e+00
9.260000000000e-01,1.117558073354e+00,-7.789642454949e-01,1.362248634823e+00,1.195764509218e+01,0.000000000000e+00
9.264000000000e-01,1.108744881597e+00,-7.708850517229e-01,1.350399561403e+00,1.195882134301e+01,0.000000000000e+00
9.268000000000e-01,1.099981189442e+00,-7.628855023801e-01,1.338638452633e+00,1.195999059917e+01,0.000000000000e+00
9.272000000000e-01,1.091266539382e+00,-7.549644685196e-01,1.326964207770e+00,1.196115294737e+01,0.000000000000e+00
9.276000000000e-01,1.082600464798e+00,-7.471208303090e-01,1.315375726347e+00,1.196230847429e+01,0.000000000000e+00
9.280000000000e-01,1.073982511283e+00,-7.393534961429e-01,1.303871936503e+00,1.196345726368e+01,0.000000000000e+00
9.284000000000e-01,1.065412255430e+00,-7.316614189316e-01,1.292451819594e+00,1.196459939382e+01,0.000000000000e+00
9.288000000000e-01,1.056889269752e+00,-7.240435636031e-01,1.281114362776e+00,1.196573494241e+01,0.000000000000e+00
9.292000000000e-01,1.048413118489e+00,-7.164989030881e-01,1.269858553204e+00,1.196686398712e+01,0.000000000000e+00
9.296000000000e-01,1.039983357729e+00,-7.090264182544e-01,1.258683378033e+00,1.196798660566e+01,0.000000000000e+00
9.300000000000e-01,1.031599539742e+00,-7.016251012753e-01,1.247587829828e+00,1.196910287532e+01,0.000000000000e+00
9.304000000000e-01,1.023261247874e+00,-6.942939837633e-01,1.236570951175e+00,1.197021286991e+01,0.000000000000e+00
9.308000000000e-01,1.014968079030e+00,-6.870321218279e-01,1.225631811709e+00,1.197131666136e+01,0.000000000000e+00
9.312000000000e-01,1.006719623018e+00,-6.798385789372e-01,1.214769481334e+00,1.197241432156e+01,0.000000000000e+00
9.316000000000e-01,9.985154624392e-01,-6.727124256913e-01,1.203983029951e+00,1.197350592242e+01,0.000000000000e+00
9.320000000000e-01,9.903551728145e-01,-6.656527397761e-01,1.193271527479e+00,1.197459153582e+01,0.000000000000e+00
9.324000000000e-01,9.822383354566e-01,-6.586586168423e-01,1.182634060553e+00,1.197567123201e+01,0.000000000000e+00
9.328000000000e-01,9.741645617641e-01,-6.517291908382e-01,1.172069763959e+00,1.197674507642e+01,0.000000000000e+00
9.332000000000e-01,9.661334632881e-01,-6.448636077929e-01,1.161577781098e+00,1.197781313360e+01,0.000000000000e+00
9.336000000000e-01,9.581446452550e-01,-6.380610200933e-01,1.151157255371e+00,1.197887546814e+01,0.000000000000e+00
9.340000000000e-01,9.501977066565e-01,-6.313205864348e-01,1.140807330180e+00,1.197993214461e+01,0.000000000000e+00
9.344000000000e-01,9.422922409276e-01,-6.246414722320e-01,1.130527149672e+00,1.198098322752e+01,0.000000000000e+00
9.348000000000e-01,9.344278582674e-01,-6.180228668410e-01,1.120315886813e+00,1.198202877943e+01,0.000000000000e+00
9.352000000000e-01,9.266041926205e-01,-6.114639885359e-01,1.110172751899e+00,1.198306886034e+01,0.000000000000e+00
9.356000000000e-01,9.188208742838e-01,-6.049640628513e-01,1.100096957709e+00,1.198410353008e+01,0.000000000000e+00
9.360000000000e-01,9.110775280228e-01,-5.985223210038e-01,1.090087717025e+00,1.198513284849e+01,0.000000000000e+00
9.364000000000e-01,9.033737731482e-01,-5.921379998469e-01,1.080144242624e+00,1.198615687539e+01,0.000000000000e+00
9.368000000000e-01,8.957092253438e-01,-5.858103432536e-01,1.070265749536e+00,1.198717567041e+01,0.000000000000e+00
9.372000000000e-01,8.880835209715e-01,-5.795386216670e-01,1.060451486031e+00,1.198818928994e+01,0.000000000000e+00
9.376000000000e-01,8.804963111992e-01,-5.733221268448e-01,1.050700725785e+00,1.198919778789e+01,0.000000000000e+00
9.380000000000e-01,8.729472428158e-01,-5.671601560322e-01,1.041012743116e+00,1.199020121812e+01,0.000000000000e+00
9.384000000000e-01,8.654359577962e-01,-5.610520115153e-01,1.031386812341e+00,1.199119963451e+01,0.000000000000e+00
9.388000000000e-01,8.579620933664e-01,-5.549970005832e-01,1.021822207779e+00,1.199219309090e+01,0.000000000000e+00
9.392000000000e-01,8.505252849238e-01,-5.489944376204e-01,1.012318207301e+00,1.199318164094e+01,0.000000000000e+00
9.396000000000e-01,8.431251912393e-01,-5.430436627168e-01,1.002874123567e+00,1.199416533590e+01,0.000000000000e+00
9.400000000000e-01,8.357614825151e-01,-5.371440323913e-01,9.934892889153e-01,1.199514422578e+01,0.000000000000e+00
9.404000000000e-01,8.284338248460e-01,-5.312949078470e-01,9.841630359108e-01,1.199611836055e+01,0.000000000000e+00
9.408000000000e-01,8.211418800967e-01,-5.254956548030e-01,9.748946971163e-01,1.199708779017e+01,0.000000000000e+00
9.412000000000e-01,8.138853059567e-01,-5.197456434619e-01,9.656836050953e-01,1.199805256462e+01,0.000000000000e+00
9.416000000000e-01,8.066637587480e-01,-5.140442506013e-01,9.565290958741e-01,1.199901273352e+01,0.000000000000e+00
9.420000000000e-01,7.994769156650e-01,-5.083908765731e-01,9.474305368015e-01,1.199996834357e+01,0.000000000000e+00
9.424000000000e-01,7.923244632952e-01,-5.027849360737e-01,9.383873118700e-01,1.200091943986e+01,0.000000000000e+00
9.428000000000e-01,7.852060845995e-01,-4.972258479430e-01,9.293988052255e-01,1.200186606747e+01,0.000000000000e+00
9.432000000000e-01,7.781214588384e-01,-4.917130350412e-01,9.204644010141e-01,1.200280827150e+01,0.000000000000e+00
9.436000000000e-01,7.710702616197e-01,-4.862459242196e-01,9.115834833818e-01,1.200374609703e+01,0.000000000000e+00
9.440000000000e-01,7.640521669582e-01,-4.808239477327e-01,9.027554389461e-01,1.200467958898e+01,0.000000000000e+00
9.444000000000e-01,7.570668683409e-01,-4.754465581687e-01,8.939796825510e-01,1.200560879042e+01,0.000000000000e+00
9.448000000000e-01,7.501140705177e-01,-4.701132222980e-01,8.852556470128e-01,1.200653374326e+01,0.000000000000e+00
9.452000000000e-01,7.431934751663e-01,-4.648234106962e-01,8.765827654369e-01,1.200745448936e+01,0.000000000000e+00
9.456000000000e-01,7.363047806982e-01,-4.595765975503e-01,8.679604709288e-01,1.200837107061e+01,0.000000000000e+00
9.460000000000e-01,7.294476822994e-01,-4.543722606329e-01,8.593881965938e-01,1.200928352888e+01,0.000000000000e+00
9.464000000000e-01,7.226218727634e-01,-4.492098818612e-01,8.508653765185e-01,1.201019190596e+01,0.000000000000e+00
9.468000000000e-01,7.158270588242e-01,-4.440889592177e-01,8.423914659135e-01,1.201109624167e+01,0.000000000000e+00
9.472000000000e-01,7.090629606700e-01,-4.390090061218e-01,8.339659403418e-01,1.201199657397e+01,0.000000000000e+00
9.476000000000e-01,7.023292962504e-01,-4.339695397323e-01,8.255882761928e-01,1.201289294072e+01,0.000000000000e+00
9.480000000000e-01,6.956257806441e-01,-4.289700804327e-01,8.172579498562e-01,1.201378537980e+01,0.000000000000e+00
9.484000000000e-01,6.889521260943e-01,-4.240101518088e-01,8.089744377214e-01,1.201467392908e+01,0.000000000000e+00
9.488000000000e-01,6.823080421498e-01,-4.190892807004e-01,8.007372163077e-01,1.201555862641e+01,0.000000000000e+00
9.492000000000e-01,6.756932466772e-01,-4.142070047045e-01,7.925457755558e-01,1.201643950879e+01,0.000000000000e+00
9.496000000000e-01,6.691074754646e-01,-4.093628785811e-01,7.843996303433e-01,1.201731661163e+01,0.000000000000e+00
9.500000000000e-01,6.625504639621e-01,-4.045564615561e-01,7.762982982612e-01,1.201818997012e+01,0.000000000000e+00
9.504000000000e-01,6.560219450758e-01,-3.997873157592e-01,7.682412969003e-01,1.201905961949e+01,0.000000000000e+00
9.508000000000e-01,6.495216491979e-01,-3.950550062046e-01,7.602281438516e-01,1.201992559494e+01,0.000000000000e+00
9.512000000000e-01,6.430493042366e-01,-3.903591007714e-01,7.522583567062e-01,1.202078793170e+01,0.000000000000e+00
9.516000000000e-01,6.366046396052e-01,-3.856991729647e-01,7.443314578819e-01,1.202164666455e+01,0.000000000000e+00
9.520000000000e-01,6.301874020578e-01,-3.810748129110e-01,7.364469938479e-01,1.202250182607e+01,0.000000000000e+00
9.524000000000e-01,6.237973421964e-01,-3.764856176799e-01,7.286045185497e-01,1.202335344819e+01,0.000000000000e+00
9.528000000000e-01,6.174342083789e-01,-3.719311869429e-01,7.208035859353e-01,1.202420156281e+01,0.000000000000e+00
9.532000000000e-01,6.110977467438e-01,-3.674111229551e-01,7.130437499526e-01,1.202504620187e+01,0.000000000000e+00
9.536000000000e-01,6.047877012354e-01,-3.629250305383e-01,7.053245645494e-01,1.202588739728e+01,0.000000000000e+00
9.540000000000e-01,5.985038142201e-01,-3.584725174548e-01,6.976455843811e-01,1.202672518091e+01,0.000000000000e+00
9.544000000000e-01,5.922458397587e-01,-3.540532031142e-01,6.900063806566e-01,1.202755958357e+01,0.000000000000e+00
9.548000000000e-01,5.860135438212e-01,-3.496667185509e-01,6.824065412964e-01,1.202839063504e+01,0.000000000000e+00
9.552000000000e-01,5.798066909966e-01,-3.453126975558e-01,6.748456549595e-01,1.202921836502e+01,0.000000000000e+00
9.556000000000e-01,5.736250438985e-01,-3.409907762523e-01,6.673233103052e-01,1.203004280323e+01,0.000000000000e+00
9.560000000000e-01,5.674683631878e-01,-3.367005930818e-01,6.598390959929e-01,1.203086397937e+01,0.000000000000e+00
9.564000000000e-01,5.613364075947e-01,-3.324417887887e-01,6.523926006818e-01,1.203168192317e+01,0.000000000000e+00
9.568000000000e-01,5.552289378545e-01,-3.282140090341e-01,6.449834177382e-01,1.203249666391e+01,0.000000000000e+00
9.572000000000e-01,5.491457297756e-01,-3.240169130710e-01,6.376111608863e-01,1.203330822908e+01,0.000000000000e+00
9.576000000000e-01,5.430865619622e-01,-3.198501653462e-01,6.302754493521e-01,1.203411664566e+01,0.000000000000e+00
9.580000000000e-01,5.370512112677e-01,-3.157134324021e-01,6.229759023616e-01,1.203492194064e+01,0.000000000000e+00
9.584000000000e-01,5.310394528136e-01,-3.116063828635e-01,6.157121391412e-01,1.203572414101e+01,0.000000000000e+00
9.588000000000e-01,5.250510600083e-01,-3.075286874246e-01,6.084837789168e-01,1.203652327377e+01,0.000000000000e+00
9.592000000000e-01,5.190858047581e-01,-3.034800189583e-01,6.012904411417e-01,1.203731936588e+01,0.000000000000e+00
9.596000000000e-01,5.131434668879e-01,-2.994600584695e-01,5.941317566233e-01,1.203811244361e+01,0.000000000000e+00
9.600000000000e-01,5.072238384729e-01,-2.954684977286e-01,5.870073725817e-01,1.203890253219e+01,0.000000000000e+00
9.604000000000e-01,5.013267111058e-01,-2.915050310924e-01,5.799169375181e-01,1.203968965678e+01,0.000000000000e+00
9.608000000000e-01,4.954518748325e-01,-2.875693548023e-01,5.728600999340e-01,1.204047384253e+01,0.000000000000e+00
9.612000000000e-01,4.895991181686e-01,-2.836611669731e-01,5.658365083309e-01,1.204125511459e+01,0.000000000000e+00
9.616000000000e-01,4.837682281163e-01,-2.797801675821e-01,5.588458112100e-01,1.204203349811e+01,0.000000000000e+00
9.620000000000e-01,4.779589911843e-01,-2.759260591036e-01,5.518876582661e-01,1.204280901814e+01,0.000000000000e+00
9.624000000000e-01,4.721712046937e-01,-2.720985537339e-01,5.449617137799e-01,1.204358169846e+01,0.000000000000e+00
9.628000000000e-01,4.664046727777e-01,-2.682973706909e-01,5.380676517953e-01,1.204435156197e+01,0.000000000000e+00
9.632000000000e-01,4.606591983435e-01,-2.645222309883e-01,5.312051465352e-01,1.204511863156e+01,0.000000000000e+00
9.636000000000e-01,4.549345829360e-01,-2.607728573273e-01,5.243738722227e-01,1.204588293015e+01,0.000000000000e+00
9.640000000000e-01,4.492306267516e-01,-2.570489740877e-01,5.175735030807e-01,1.204664448061e+01,0.000000000000e+00
9.644000000000e-01,4.435471286528e-01,-2.533503073174e-01,5.108037133322e-01,1.204740330586e+01,0.000000000000e+00
9.648000000000e-01,4.378838883684e-01,-2.496765860619e-01,5.040641797630e-01,1.204815942862e+01,0.000000000000e+00
9.652000000000e-01,4.322407179772e-01,-2.460275493432e-01,4.973545951464e-01,1.204891287064e+01,0.000000000000e+00
9.656000000000e-01,4.266174335665e-01,-2.424029409510e-01,4.906746584088e-01,1.204966365328e+01,0.000000000000e+00
9.660000000000e-01,4.210138500139e-01,-2.388025062131e-01,4.840240684896e-01,1.205041179792e+01,0.000000000000e+00
9.664000000000e-01,4.154297809882e-01,-2.352259919803e-01,4.774025243283e-01,1.205115732589e+01,0.000000000000e+00
9.668000000000e-01,4.098650389620e-01,-2.316731466173e-01,4.708097248644e-01,1.205190025858e+01,0.000000000000e+00
9.672000000000e-01,4.043194352239e-01,-2.281437199941e-01,4.642453690373e-01,1.205264061733e+01,0.000000000000e+00
9.676000000000e-01,3.987927826266e-01,-2.246374651651e-01,4.577091589983e-01,1.205337842324e+01,0.000000000000e+00
9.680000000000e-01,3.932849051562e-01,-2.211541442123e-01,4.512008113091e-01,1.205411369615e+01,0.000000000000e+00
9.684000000000e-01,3.877956291434e-01,-2.176935227325e-01,4.447200465713e-01,1.205484645552e+01,0.000000000000e+00
9.688000000000e-01,3.823247798390e-01,-2.142553676982e-01,4.382665853866e-01,1.205557672086e+01,0.000000000000e+00
9.692000000000e-01,3.768721814245e-01,-2.108394474501e-01,4.318401483567e-01,1.205630451165e+01,0.000000000000e+00
9.696000000000e-01,3.714376570226e-01,-2.074455316896e-01,4.254404560834e-01,1.205702984738e+01,0.000000000000e+00
9.700000000000e-01,3.660210287077e-01,-2.040733914712e-01,4.190672291683e-01,1.205775274753e+01,0.000000000000e+00
9.704000000000e-01,3.606221203128e-01,-2.007228008458e-01,4.127201914594e-01,1.205847323138e+01,0.000000000000e+00
9.708000000000e-01,3.552407666448e-01,-1.973935422534e-01,4.063990807196e-01,1.205919131738e+01,0.000000000000e+00
9.712000000000e-01,3.498768047463e-01,-1.940854012880e-01,4.001036384396e-01,1.205990702371e+01,0.000000000000e+00
9.716000000000e-01,3.445300706984e-01,-1.907981647879e-01,3.938336061104e-01,1.206062036859e+01,0.000000000000e+00
9.720000000000e-01,3.392003996297e-01,-1.875316208287e-01,3.875887252225e-01,1.206133137020e+01,0.000000000000e+00
9.724000000000e-01,3.338876257257e-01,-1.842855587173e-01,3.813687372669e-01,1.206204004674e+01,0.000000000000e+00
9.728000000000e-01,3.285915822381e-01,-1.810597689848e-01,3.751733837342e-01,1.206274641643e+01,0.000000000000e+00
9.732000000000e-01,3.233121033977e-01,-1.778540445072e-01,3.690024083268e-01,1.206345049726e+01,0.000000000000e+00
9.736000000000e-01,3.180490328594e-01,-1.746681854630e-01,3.628555667421e-01,1.206415230622e+01,0.000000000000e+00
9.740000000000e-01,3.128022168956e-01,-1.715019952298e-01,3.567326187253e-01,1.206485185994e+01,0.000000000000e+00
9.744000000000e-01,3.075715009272e-01,-1.683552783079e-01,3.506333240249e-01,1.206554917508e+01,0.000000000000e+00
9.748000000000e-01,3.023567295286e-01,-1.652278403133e-01,3.445574423893e-01,1.206624426825e+01,0.000000000000e+00
9.752000000000e-01,2.971577464363e-01,-1.621194879714e-01,3.385047335670e-01,1.206693715610e+01,0.000000000000e+00
9.756000000000e-01,2.919743945565e-01,-1.590300291116e-01,3.324749573064e-01,1.206762785526e+01,0.000000000000e+00
9.760000000000e-01,2.868065169604e-01,-1.559592732243e-01,3.264678744925e-01,1.206831638230e+01,0.000000000000e+00
9.764000000000e-01,2.816539651695e-01,-1.529070361545e-01,3.204832566629e-01,1.206900275313e+01,0.000000000000e+00
9.768000000000e-01,2.765165949896e-01,-1.498731376648e-01,3.145208811798e-01,1.206968698332e+01,0.000000000000e+00
9.772000000000e-01,2.713942615146e-01,-1.468573985642e-01,3.085805254648e-01,1.207036908841e+01,0.000000000000e+00
9.776000000000e-01,2.662868190822e-01,-1.438596406730e-01,3.026619669392e-01,1.207104908396e+01,0.000000000000e+00
9.780000000000e-01,2.611941212805e-01,-1.408796868185e-01,2.967649830245e-01,1.207172698553e+01,0.000000000000e+00
9.784000000000e-01,2.561160209553e-01,-1.379173608290e-01,2.908893511423e-01,1.207240280867e+01,0.000000000000e+00
9.788000000000e-01,2.510523704394e-01,-1.349724876560e-01,2.850348489699e-01,1.207307656890e+01,0.000000000000e+00
9.792000000000e-01,2.460030274470e-01,-1.320448967097e-01,2.792012612081e-01,1.207374828117e+01,0.000000000000e+00
9.796000000000e-01,2.409678557078e-01,-1.291344221619e-01,2.733883802788e-01,1.207441795976e+01,0.000000000000e+00
9.800000000000e-01,2.359467186140e-01,-1.262408992998e-01,2.675959989998e-01,1.207508561892e+01,0.000000000000e+00
9.804000000000e-01,2.309394788834e-01,-1.233641643251e-01,2.618239101888e-01,1.207575127289e+01,0.000000000000e+00
9.808000000000e-01,2.259459985650e-01,-1.205040543495e-01,2.560719066634e-01,1.207641493591e+01,0.000000000000e+00
9.812000000000e-01,2.209661390453e-01,-1.176604073905e-01,2.503397812412e-01,1.207707662225e+01,0.000000000000e+00
9.816000000000e-01,2.159997610569e-01,-1.148330623680e-01,2.446273267430e-01,1.207773634614e+01,0.000000000000e+00
9.820000000000e-01,2.110467276318e-01,-1.120218607204e-01,2.389343393557e-01,1.207839412162e+01,0.000000000000e+00
9.824000000000e-01,2.061069097809e-01,-1.092266494917e-01,2.332606250927e-01,1.207904996214e+01,0.000000000000e+00
9.828000000000e-01,2.011801794660e-01,-1.064472774235e-01,2.276059917507e-01,1.207970388104e+01,0.000000000000e+00
9.832000000000e-01,1.962664080434e-01,-1.036835940889e-01,2.219702471266e-01,1.208035589163e+01,0.000000000000e+00
9.836000000000e-01,1.913654662700e-01,-1.009354498886e-01,2.163531990171e-01,1.208100600727e+01,0.000000000000e+00
9.840000000000e-01,1.864772243080e-01,-9.820269604680e-02,2.107546552190e-01,1.208165424127e+01,0.000000000000e+00
9.844000000000e-01,1.816015517305e-01,-9.548518460746e-02,2.051744235290e-01,1.208230060698e+01,0.000000000000e+00
9.848000000000e-01,1.767383180590e-01,-9.278276872136e-02,1.996123123505e-01,1.208294511767e+01,0.000000000000e+00
9.852000000000e-01,1.718873986974e-01,-9.009530587093e-02,1.940681374439e-01,1.208358778601e+01,0.000000000000e+00
9.856000000000e-01,1.670486727943e-01,-8.742265665469e-02,1.885417194652e-01,1.208422862425e+01,0.000000000000e+00
9.860000000000e-01,1.622220190341e-01,-8.476468246779e-02,1.830328791594e-01,1.208486764462e+01,0.000000000000e+00
9.864000000000e-01,1.574073155638e-01,-8.212124545596e-02,1.775414372710e-01,1.208550485937e+01,0.000000000000e+00
9.868000000000e-01,1.526044399980e-01,-7.949220851205e-02,1.720672145448e-01,1.208614028074e+01,0.000000000000e+00
9.872000000000e-01,1.478132694230e-01,-7.687743527261e-02,1.666100317256e-01,1.208677392097e+01,0.000000000000e+00
9.876000000000e-01,1.430336804046e-01,-7.427679011586e-02,1.611697095610e-01,1.208740579230e+01,0.000000000000e+00
9.880000000000e-01,1.382655515751e-01,-7.169013952915e-02,1.557460717259e-01,1.208803590680e+01,0.000000000000e+00
9.884000000000e-01,1.335087685098e-01,-6.911735466887e-02,1.503389503270e-01,1.208866427601e+01,0.000000000000e+00
9.888000000000e-01,1.287632176287e-01,-6.655830808795e-02,1.449481789800e-01,1.208929091138e+01,0.000000000000e+00
9.892000000000e-01,1.240287848682e-01,-6.401287302283e-02,1.395735913005e-01,1.208991582437e+01,0.000000000000e+00
9.896000000000e-01,1.193053556860e-01,-6.148092339042e-02,1.342150209042e-01,1.209053902642e+01,0.000000000000e+00
9.900000000000e-01,1.145928150649e-01,-5.896233378505e-02,1.288723014068e-01,1.209116052899e+01,0.000000000000e+00
9.904000000000e-01,1.098910475164e-01,-5.645697947546e-02,1.235452664239e-01,1.209178034353e+01,0.000000000000e+00
9.908000000000e-01,1.051999372460e-01,-5.396473648632e-02,1.182337497528e-01,1.209239848147e+01,0.000000000000e+00
9.912000000000e-01,1.005193722114e-01,-5.148548371951e-02,1.129375899495e-01,1.209301495387e+01,0.000000000000e+00
9.916000000000e-01,9.584924444787e-02,-4.901910309070e-02,1.076566306785e-01,1.209362977132e+01,0.000000000000e+00
9.920000000000e-01,9.118944577746e-02,-4.656547725686e-02,1.023907158553e-01,1.209424294443e+01,0.000000000000e+00
9.924000000000e-01,8.653986759042e-02,-4.412448949635e-02,9.713968939564e-02,1.209485448378e+01,0.000000000000e+00
9.928000000000e-01,8.190040084865e-02,-4.169602370628e-02,9.190339521522e-02,1.209546439996e+01,0.000000000000e+00
9.932000000000e-01,7.727093608925e-02,-3.927996439978e-02,8.668167722972e-02,1.209607270356e+01,0.000000000000e+00
9.936000000000e-01,7.265136342797e-02,-3.687619670344e-02,8.147437935483e-02,1.209667940519e+01,0.000000000000e+00
9.940000000000e-01,6.804157336484e-02,-3.448460676623e-02,7.628134640779e-02,1.209728451536e+01,0.000000000000e+00
9.944000000000e-01,6.344146316653e-02,-3.210508501815e-02,7.110243127160e-02,1.209788804407e+01,0.000000000000e+00
9.948000000000e-01,5.885093348684e-02,-2.973752439688e-02,6.593749107698e-02,1.209849000105e+01,0.000000000000e+00
9.952000000000e-01,5.426988462822e-02,-2.738181841604e-02,6.078638299265e-02,1.209909039600e+01,0.000000000000e+00
9.956000000000e-01,4.969821651106e-02,-2.503786114554e-02,5.564896418733e-02,1.209968923863e+01,0.000000000000e+00
9.960000000000e-01,4.513582867673e-02,-2.270554720922e-02,5.052509182976e-02,1.210028653866e+01,0.000000000000e+00
9.964000000000e-01,4.058262029065e-02,-2.038477178261e-02,4.541462308865e-02,1.210088230579e+01,0.000000000000e+00
9.968000000000e-01,3.603849014527e-02,-1.807543059060e-02,4.031741513275e-02,1.210147654975e+01,0.000000000000e+00
9.972000000000e-01,3.150333666306e-02,-1.577741990517e-02,3.523332513077e-02,1.210206928025e+01,0.000000000000e+00
9.976000000000e-01,2.697705789947e-02,-1.349063654321e-02,3.016221025144e-02,1.210266050699e+01,0.000000000000e+00
9.980000000000e-01,2.245955154583e-02,-1.121497786420e-02,2.510392766350e-02,1.210325023969e+01,0.000000000000e+00
9.984000000000e-01,1.795071493229e-02,-8.950341768015e-03,2.005833453567e-02,1.210383848806e+01,0.000000000000e+00
9.988000000000e-01,1.345044503067e-02,-6.696626692743e-03,1.502528803667e-02,1.210442526182e+01,0.000000000000e+00
9.992000000000e-01,8.958638457283e-03,-4.453731612451e-03,1.000464533525e-02,1.210501057067e+01,0.000000000000e+00
9.996000000000e-01,4.475191475797e-03,-2.221556035025e-03,4.996263600112e-03,1.210559442433e+01,0.000000000000e+00
1.000000000000e+00,-1.238394403362e-17,6.138598972457e-18,-1.382188363330e-17,1.210617683251e+01,0.000000000000e+00
