time_over_Tg,Tg_omega_x,Tg_omega_y,Tg_omega_envelope,phase_rad,Tg_delta
0.000000000000e+00,2.255005714240e-17,0.000000000000e+00,2.255005714240e-17,0.000000000000e+00,0.000000000000e+00
4.000000000000e-04,8.934540101017e-03,1.871193178957e-05,8.934559695535e-03,2.094333252715e-03,0.000000000000e+00
8.000000000000e-04,1.791904094767e-02,7.515611447145e-05,1.791919855702e-02,4.194179476260e-03,0.000000000000e+00
1.200000000000e-03,2.695392308328e-02,1.697996921380e-04,2.695445791543e-02,6.299544800293e-03,0.000000000000e+00
1.600000000000e-03,3.603960442584e-02,3.031159102686e-04,3.604087910173e-02,8.410435354471e-03,0.000000000000e+00
2.000000000000e-03,4.517650022063e-02,4.755841370822e-04,4.517900344691e-02,1.052685726845e-02,0.000000000000e+00
2.400000000000e-03,5.436502299230e-02,6.876898846735e-04,5.436937228193e-02,1.264881667190e-02,0.000000000000e+00
2.800000000000e-03,6.360558249653e-02,9.399248299282e-04,6.361252693777e-02,1.477631969446e-02,0.000000000000e+00
3.200000000000e-03,7.289858567117e-02,1.232786835214e-03,7.290900874540e-02,1.690937246580e-02,0.000000000000e+00
3.600000000000e-03,8.224443658698e-02,1.566779968840e-03,8.225935903580e-02,1.904798111558e-02,0.000000000000e+00
4.000000000000e-03,9.164353639790e-02,1.942414525285e-03,9.166411913994e-02,2.119215177345e-02,0.000000000000e+00
4.400000000000e-03,1.010962832908e-01,2.360207045185e-03,1.011238303888e-01,2.334189056907e-02,0.000000000000e+00
4.800000000000e-03,1.106030736904e-01,2.820680364349e-03,1.106390353694e-01,2.549720360724e-02,0.000000000000e+00
5.200000000000e-03,1.201643230814e-01,3.324364173401e-03,1.202102988049e-01,2.765809655465e-02,0.000000000000e+00
5.600000000000e-03,1.297804627446e-01,3.871795168303e-03,1.298382043469e-01,2.982457470340e-02,0.000000000000e+00
6.000000000000e-03,1.394519213879e-01,4.463516722223e-03,1.395233362571e-01,3.199664333348e-02,0.000000000000e+00
6.400000000000e-03,1.491791244819e-01,5.100078893113e-03,1.492662787970e-01,3.417430772490e-02,0.000000000000e+00
6.800000000000e-03,1.589624942051e-01,5.782038444011e-03,1.590676162281e-01,3.635757315767e-02,0.000000000000e+00
7.200000000000e-03,1.688024539758e-01,6.509959027800e-03,1.689279374017e-01,3.854644483993e-02,0.000000000000e+00
7.600000000000e-03,1.786994458081e-01,7.284411914716e-03,1.788478531855e-01,4.074092763499e-02,0.000000000000e+00
8.000000000000e-03,1.886539148368e-01,8.105975620305e-03,1.888279810409e-01,4.294102630292e-02,0.000000000000e+00
8.400000000000e-03,1.986663026693e-01,8.975235716227e-03,1.988689384304e-01,4.514674560378e-02,0.000000000000e+00
8.800000000000e-03,2.087370473262e-01,9.892784850525e-03,2.089713428165e-01,4.735809029760e-02,0.000000000000e+00
9.200000000000e-03,2.188665835366e-01,1.085922278381e-02,2.191358120173e-01,4.957506513789e-02,0.000000000000e+00
9.600000000000e-03,2.290553574548e-01,1.187515711613e-02,2.293629789990e-01,5.179767459967e-02,0.000000000000e+00
1.000000000000e-02,2.393038319227e-01,1.294120372534e-02,2.396534972137e-01,5.402592278128e-02,0.000000000000e+00
1.040000000000e-02,2.496124673909e-01,1.405798601296e-02,2.500080215667e-01,5.625981375436e-02,0.000000000000e+00
1.080000000000e-02,2.599817204035e-01,1.522613486121e-02,2.604272069634e-01,5.849935159055e-02,0.000000000000e+00
1.120000000000e-02,2.704120435347e-01,1.644628865288e-02,2.709117083093e-01,6.074454036149e-02,0.000000000000e+00
1.160000000000e-02,2.809038898765e-01,1.771909355493e-02,2.814621850696e-01,6.299538405691e-02,0.000000000000e+00
1.200000000000e-02,2.914577334364e-01,1.904520481414e-02,2.920793217712e-01,6.525188621637e-02,0.000000000000e+00
1.240000000000e-02,3.020740525902e-01,2.042528601154e-02,3.027638115048e-01,6.751405022560e-02,0.000000000000e+00
1.280000000000e-02,3.127533214702e-01,2.186000862222e-02,3.135163473690e-01,6.978187947018e-02,0.000000000000e+00
1.320000000000e-02,3.234960098892e-01,2.335005203445e-02,3.243376224619e-01,7.205537733571e-02,0.000000000000e+00
1.360000000000e-02,3.343025839482e-01,2.489610361574e-02,3.352283305595e-01,7.433454719751e-02,0.000000000000e+00
1.400000000000e-02,3.451735233553e-01,2.649885998191e-02,3.461891835484e-01,7.661939215619e-02,0.000000000000e+00
1.440000000000e-02,3.561093228656e-01,2.815902731937e-02,3.572209129536e-01,7.890991501449e-02,0.000000000000e+00
1.480000000000e-02,3.671104735925e-01,2.987732020287e-02,3.683242512838e-01,8.120611856023e-02,0.000000000000e+00
1.520000000000e-02,3.781774619532e-01,3.165446154859e-02,3.794999310478e-01,8.350800558122e-02,0.000000000000e+00
1.560000000000e-02,3.893107696036e-01,3.349118263352e-02,3.907486847624e-01,8.581557886512e-02,0.000000000000e+00
1.600000000000e-02,4.005108825141e-01,3.538822384694e-02,4.020712541319e-01,8.812884101296e-02,0.000000000000e+00
1.640000000000e-02,4.117783084144e-01,3.734633624512e-02,4.134684076342e-01,9.044779408193e-02,0.000000000000e+00
1.680000000000e-02,4.231135548490e-01,3.936628000548e-02,4.249409185974e-01,9.277244003069e-02,0.000000000000e+00
1.720000000000e-02,4.345171242620e-01,4.144882407761e-02,4.364895603498e-01,9.510278081791e-02,0.000000000000e+00
1.760000000000e-02,4.459895139193e-01,4.359474620102e-02,4.481151062197e-01,9.743881840226e-02,0.000000000000e+00
1.800000000000e-02,4.575312194563e-01,4.580483326605e-02,4.598183331792e-01,9.978055469985e-02,0.000000000000e+00
1.840000000000e-02,4.691427573692e-01,4.807988355859e-02,4.716000445239e-01,1.021279913195e-01,0.000000000000e+00
1.880000000000e-02,4.808246502181e-01,5.042070561028e-02,4.834610551136e-01,1.044811297350e-01,0.000000000000e+00
1.920000000000e-02,4.925774150762e-01,5.282811718147e-02,4.954021798581e-01,1.068399714195e-01,0.000000000000e+00
1.960000000000e-02,5.044015633962e-01,5.530294527355e-02,5.074242336669e-01,1.092045178464e-01,0.000000000000e+00
2.000000000000e-02,5.162976022387e-01,5.784602627683e-02,5.195280327696e-01,1.115747704587e-01,0.000000000000e+00
2.040000000000e-02,5.282660550868e-01,6.045820813689e-02,5.317144157234e-01,1.139507301933e-01,0.000000000000e+00
2.080000000000e-02,5.403074580386e-01,6.314035021762e-02,5.439842396961e-01,1.163323975645e-01,0.000000000000e+00
2.120000000000e-02,5.524223417579e-01,6.589332160080e-02,5.563383624242e-01,1.187197730737e-01,0.000000000000e+00
2.160000000000e-02,5.646112308186e-01,6.871800104610e-02,5.687776416442e-01,1.211128572224e-01,0.000000000000e+00
2.200000000000e-02,5.768746440521e-01,7.161527705789e-02,5.813029355321e-01,1.235116505085e-01,0.000000000000e+00
2.240000000000e-02,5.892131116309e-01,7.458604999627e-02,5.939151200060e-01,1.259161532890e-01,0.000000000000e+00
2.280000000000e-02,6.016271806012e-01,7.763123299491e-02,6.066150944170e-01,1.283263657344e-01,0.000000000000e+00
2.320000000000e-02,6.141173931009e-01,8.075174950465e-02,6.194037597215e-01,1.307422880022e-01,0.000000000000e+00
2.360000000000e-02,6.266842846696e-01,8.394853312077e-02,6.322820168761e-01,1.331639202502e-01,0.000000000000e+00
2.400000000000e-02,6.393283843108e-01,8.722252761516e-02,6.452507669961e-01,1.355912626322e-01,0.000000000000e+00
2.440000000000e-02,6.520502288618e-01,9.057468871571e-02,6.583109259269e-01,1.380243149301e-01,0.000000000000e+00
2.480000000000e-02,6.648503745320e-01,9.400598571931e-02,6.714634359862e-01,1.404630762583e-01,0.000000000000e+00
2.520000000000e-02,6.777293732449e-01,9.751739880937e-02,6.847092422550e-01,1.429075456614e-01,0.000000000000e+00
2.560000000000e-02,6.906877697930e-01,1.011099187443e-01,6.980492898142e-01,1.453577221839e-01,0.000000000000e+00
2.600000000000e-02,7.037261018174e-01,1.047845468804e-01,7.114845238261e-01,1.478136048700e-01,0.000000000000e+00
2.640000000000e-02,7.168449125845e-01,1.085422970952e-01,7.250159025545e-01,1.502751927129e-01,0.000000000000e+00
2.680000000000e-02,7.300447650024e-01,1.123841980892e-01,7.386444116674e-01,1.527424845987e-01,0.000000000000e+00
2.720000000000e-02,7.433262177806e-01,1.163112900874e-01,7.523710402732e-01,1.552154793998e-01,0.000000000000e+00
2.760000000000e-02,7.566898219176e-01,1.203246243599e-01,7.661967774802e-01,1.576941759890e-01,0.000000000000e+00
2.800000000000e-02,7.701361206795e-01,1.244252632428e-01,7.801226124836e-01,1.601785732364e-01,0.000000000000e+00
2.840000000000e-02,7.836656626171e-01,1.286142820008e-01,7.941495478181e-01,1.626686696366e-01,0.000000000000e+00
2.880000000000e-02,7.972790155483e-01,1.328927709969e-01,8.082786136086e-01,1.651644629079e-01,0.000000000000e+00
2.920000000000e-02,8.109767424815e-01,1.372618325035e-01,8.225108433985e-01,1.676659506720e-01,0.000000000000e+00
2.960000000000e-02,8.247593981149e-01,1.417225802448e-01,8.368472707311e-01,1.701731305509e-01,0.000000000000e+00
3.000000000000e-02,8.386275288991e-01,1.462761394334e-01,8.512889293272e-01,1.726860001665e-01,0.000000000000e+00
3.040000000000e-02,8.525816874328e-01,1.509236493538e-01,8.658368678222e-01,1.752045571511e-01,0.000000000000e+00
3.080000000000e-02,8.666224432098e-01,1.556662655162e-01,8.804921608366e-01,1.777287991543e-01,0.000000000000e+00
3.120000000000e-02,8.807503594477e-01,1.605051557792e-01,8.952558855986e-01,1.802587238276e-01,0.000000000000e+00
3.160000000000e-02,8.949659903992e-01,1.654414999107e-01,9.101291193363e-01,1.827943288225e-01,0.000000000000e+00
3.200000000000e-02,9.092698817268e-01,1.704764896679e-01,9.251129397781e-01,1.853356117747e-01,0.000000000000e+00
3.240000000000e-02,9.236625879673e-01,1.756113316062e-01,9.402084429524e-01,1.878825697372e-01,0.000000000000e+00
3.280000000000e-02,9.381446771519e-01,1.808472480364e-01,9.554167480167e-01,1.904351990271e-01,0.000000000000e+00
3.320000000000e-02,9.527167092739e-01,1.861854737667e-01,9.707389756115e-01,1.929934959140e-01,0.000000000000e+00
3.360000000000e-02,9.673792346979e-01,1.916272558745e-01,9.861762463773e-01,1.955574566679e-01,0.000000000000e+00
3.400000000000e-02,9.821327954245e-01,1.971738539925e-01,1.001729682373e+00,1.981270775673e-01,0.000000000000e+00
3.440000000000e-02,9.969779453430e-01,2.028265446059e-01,1.017400427903e+00,2.007023550292e-01,0.000000000000e+00
3.480000000000e-02,1.011915245561e+00,2.085866203859e-01,1.033189644936e+00,2.032832855802e-01,0.000000000000e+00
3.520000000000e-02,1.026945247436e+00,2.144553867973e-01,1.049098495928e+00,2.058698657501e-01,0.000000000000e+00
3.560000000000e-02,1.042068491963e+00,2.204341619963e-01,1.065128143332e+00,2.084620920687e-01,0.000000000000e+00
3.600000000000e-02,1.057285513366e+00,2.265242774681e-01,1.081279753374e+00,2.110599609262e-01,0.000000000000e+00
3.640000000000e-02,1.072596860802e+00,2.327270818777e-01,1.097554518210e+00,2.136634677541e-01,0.000000000000e+00
3.680000000000e-02,1.088003083382e+00,2.390439386994e-01,1.113953640902e+00,2.162726075801e-01,0.000000000000e+00
3.720000000000e-02,1.103504719308e+00,2.454762244000e-01,1.130478324551e+00,2.188873754308e-01,0.000000000000e+00
3.760000000000e-02,1.119102295707e+00,2.520253284242e-01,1.147129772268e+00,2.215077663330e-01,0.000000000000e+00
3.800000000000e-02,1.134796336922e+00,2.586926552464e-01,1.163909195844e+00,2.241337754314e-01,0.000000000000e+00
3.840000000000e-02,1.150587380052e+00,2.654796283699e-01,1.180817831934e+00,2.267653982098e-01,0.000000000000e+00
3.880000000000e-02,1.166475954893e+00,2.723876856877e-01,1.197856921614e+00,2.294026302122e-01,0.000000000000e+00
3.920000000000e-02,1.182462579503e+00,2.794182784433e-01,1.215027705961e+00,2.320454669825e-01,0.000000000000e+00
3.960000000000e-02,1.198547760611e+00,2.865728713178e-01,1.232331426622e+00,2.346939040390e-01,0.000000000000e+00
4.000000000000e-02,1.214732008812e+00,2.938529452251e-01,1.249769341378e+00,2.373479361702e-01,0.000000000000e+00
4.040000000000e-02,1.231015840244e+00,3.012599977853e-01,1.267342726020e+00,2.400075573507e-01,0.000000000000e+00
4.080000000000e-02,1.247399759615e+00,3.087955403360e-01,1.285052857286e+00,2.426727615118e-01,0.000000000000e+00
4.120000000000e-02,1.263884259123e+00,3.164610977450e-01,1.302901011914e+00,2.453435425853e-01,0.000000000000e+00
4.160000000000e-02,1.280469821506e+00,3.242582093138e-01,1.320888469968e+00,2.480198945866e-01,0.000000000000e+00
4.200000000000e-02,1.297156936380e+00,3.321884336320e-01,1.339016532026e+00,2.507018120496e-01,0.000000000000e+00
4.240000000000e-02,1.313946087819e+00,3.402533452589e-01,1.357286506474e+00,2.533892897055e-01,0.000000000000e+00
4.280000000000e-02,1.330837746693e+00,3.484545325815e-01,1.375699701715e+00,2.560823222856e-01,0.000000000000e+00
4.320000000000e-02,1.347832370635e+00,3.567935978099e-01,1.394257426292e+00,2.587809045131e-01,0.000000000000e+00
4.360000000000e-02,1.364930413557e+00,3.652721586651e-01,1.412960998665e+00,2.614850305047e-01,0.000000000000e+00
4.400000000000e-02,1.382132331827e+00,3.738918495625e-01,1.431811753636e+00,2.641946933785e-01,0.000000000000e+00
4.440000000000e-02,1.399438569462e+00,3.826543190709e-01,1.450811027530e+00,2.669098861596e-01,0.000000000000e+00
4.480000000000e-02,1.416849556465e+00,3.915612296185e-01,1.469960156670e+00,2.696306018730e-01,0.000000000000e+00
4.520000000000e-02,1.434365710583e+00,4.006142581498e-01,1.489260479409e+00,2.723568336439e-01,0.000000000000e+00
4.560000000000e-02,1.451987448600e+00,4.098151003078e-01,1.508713348298e+00,2.750885753009e-01,0.000000000000e+00
4.600000000000e-02,1.469715178450e+00,4.191654678266e-01,1.528320121959e+00,2.778258209728e-01,0.000000000000e+00
4.640000000000e-02,1.487549293329e+00,4.286670864825e-01,1.548082159033e+00,2.805685647898e-01,0.000000000000e+00
4.680000000000e-02,1.505490171668e+00,4.383216960670e-01,1.568000818314e+00,2.833168008661e-01,0.000000000000e+00
4.720000000000e-02,1.523538183569e+00,4.481310511411e-01,1.588077465299e+00,2.860705226059e-01,0.000000000000e+00
4.760000000000e-02,1.541693693261e+00,4.580969213351e-01,1.608313474785e+00,2.888297224288e-01,0.000000000000e+00
4.800000000000e-02,1.559957050271e+00,4.682210902854e-01,1.628710222255e+00,2.915943926817e-01,0.000000000000e+00
4.840000000000e-02,1.578328588575e+00,4.785053555081e-01,1.649269083189e+00,2.943645257119e-01,0.000000000000e+00
4.880000000000e-02,1.596808627742e+00,4.889515291523e-01,1.669991434557e+00,2.971401140942e-01,0.000000000000e+00
4.920000000000e-02,1.615397476910e+00,4.995614405613e-01,1.690878659544e+00,2.999211513567e-01,0.000000000000e+00
4.960000000000e-02,1.634095430516e+00,5.103369338754e-01,1.711932142963e+00,3.027076312762e-01,0.000000000000e+00
5.000000000000e-02,1.652902766693e+00,5.212798671273e-01,1.733153269626e+00,3.054995476298e-01,0.000000000000e+00
5.040000000000e-02,1.671819747217e+00,5.323921120761e-01,1.754543424423e+00,3.082968941117e-01,0.000000000000e+00
5.080000000000e-02,1.690846618741e+00,5.436755528178e-01,1.776103993251e+00,3.110996633797e-01,0.000000000000e+00
5.120000000000e-02,1.709983612195e+00,5.551320861102e-01,1.797836362688e+00,3.139078473849e-01,0.000000000000e+00
5.160000000000e-02,1.729230941621e+00,5.667636222459e-01,1.819741919328e+00,3.167214380648e-01,0.000000000000e+00
5.200000000000e-02,1.748588803926e+00,5.785720850149e-01,1.841822049703e+00,3.195404273704e-01,0.000000000000e+00
5.240000000000e-02,1.768057375465e+00,5.905594118781e-01,1.864078137282e+00,3.223648079365e-01,0.000000000000e+00
5.280000000000e-02,1.787636810337e+00,6.027275540402e-01,1.886511561075e+00,3.251945733938e-01,0.000000000000e+00
5.320000000000e-02,1.807327244623e+00,6.150784760890e-01,1.909123699739e+00,3.280297174513e-01,0.000000000000e+00
5.360000000000e-02,1.827128796595e+00,6.276141559018e-01,1.931915931928e+00,3.308702338177e-01,0.000000000000e+00
5.400000000000e-02,1.847041562911e+00,6.403365824247e-01,1.954889632156e+00,3.337161157683e-01,0.000000000000e+00
5.440000000000e-02,1.867065611874e+00,6.532477515302e-01,1.978046163243e+00,3.365673553533e-01,0.000000000000e+00
5.480000000000e-02,1.887200991819e+00,6.663496707823e-01,2.001386885956e+00,3.394239444080e-01,0.000000000000e+00
5.520000000000e-02,1.907447732757e+00,6.796443604114e-01,2.024913161061e+00,3.422858747675e-01,0.000000000000e+00
5.560000000000e-02,1.927805842257e+00,6.931338524321e-01,2.048626345342e+00,3.451531385487e-01,0.000000000000e+00
5.600000000000e-02,1.948275289517e+00,7.068201873003e-01,2.072527775669e+00,3.480257292753e-01,0.000000000000e+00
5.640000000000e-02,1.968856018757e+00,7.207054165130e-01,2.096618782704e+00,3.509036409098e-01,0.000000000000e+00
5.680000000000e-02,1.989547955196e+00,7.347916037667e-01,2.120900697107e+00,3.537868674147e-01,0.000000000000e+00
5.720000000000e-02,2.010351001791e+00,7.490808233780e-01,2.145374846118e+00,3.566754026019e-01,0.000000000000e+00
5.760000000000e-02,2.031265018060e+00,7.635751498507e-01,2.170042530243e+00,3.595692391063e-01,0.000000000000e+00
5.800000000000e-02,2.052289832888e+00,7.782766636036e-01,2.194905037419e+00,3.624683690089e-01,0.000000000000e+00
5.840000000000e-02,2.073425255709e+00,7.931874562591e-01,2.219963655509e+00,3.653727843879e-01,0.000000000000e+00
5.880000000000e-02,2.094671073386e+00,8.083096297415e-01,2.245219669256e+00,3.682824774559e-01,0.000000000000e+00
5.920000000000e-02,2.116027020442e+00,8.236452878470e-01,2.270674329672e+00,3.711974418819e-01,0.000000000000e+00
5.960000000000e-02,2.137492791636e+00,8.391965394276e-01,2.296328867145e+00,3.741176722255e-01,0.000000000000e+00
6.000000000000e-02,2.159068061499e+00,8.549655036982e-01,2.322184511769e+00,3.770431630588e-01,0.000000000000e+00
6.040000000000e-02,2.180752481575e+00,8.709543088667e-01,2.348242490466e+00,3.799739088734e-01,0.000000000000e+00
6.080000000000e-02,2.202545645984e+00,8.871650756947e-01,2.374503989084e+00,3.829099031155e-01,0.000000000000e+00
6.120000000000e-02,2.224447102788e+00,9.035999220997e-01,2.400970164812e+00,3.858511385018e-01,0.000000000000e+00
6.160000000000e-02,2.246456379380e+00,9.202609748246e-01,2.427642174259e+00,3.887976077341e-01,0.000000000000e+00
6.200000000000e-02,2.268572979166e+00,9.371503683744e-01,2.454521170156e+00,3.917493036360e-01,0.000000000000e+00
6.240000000000e-02,2.290796336595e+00,9.542702301622e-01,2.481608254324e+00,3.947062206296e-01,0.000000000000e+00
6.280000000000e-02,2.313125831488e+00,9.716226846132e-01,2.508904492713e+00,3.976683542632e-01,0.000000000000e+00
6.320000000000e-02,2.335560822428e+00,9.892098638112e-01,2.536410950521e+00,4.006357001087e-01,0.000000000000e+00
6.360000000000e-02,2.358100642220e+00,1.007033905174e+00,2.564128687295e+00,4.036082536442e-01,0.000000000000e+00
6.400000000000e-02,2.380744545360e+00,1.025096925957e+00,2.592058698769e+00,4.065860092898e-01,0.000000000000e+00
6.440000000000e-02,2.403491729538e+00,1.043401032449e+00,2.620201940399e+00,4.095689607974e-01,0.000000000000e+00
6.480000000000e-02,2.426341371430e+00,1.061948336717e+00,2.648559367008e+00,4.125571019087e-01,0.000000000000e+00
6.520000000000e-02,2.449292618069e+00,1.080740953452e+00,2.677131923794e+00,4.155504266035e-01,0.000000000000e+00
6.560000000000e-02,2.472344519671e+00,1.099780975131e+00,2.705920475033e+00,4.185489308660e-01,0.000000000000e+00
6.600000000000e-02,2.495496067819e+00,1.119070485055e+00,2.734925844520e+00,4.215526116827e-01,0.000000000000e+00
6.640000000000e-02,2.518746233244e+00,1.138611570836e+00,2.764148855746e+00,4.245614660477e-01,0.000000000000e+00
6.680000000000e-02,2.542093949805e+00,1.158406316360e+00,2.793590314169e+00,4.275754907481e-01,0.000000000000e+00
6.720000000000e-02,2.565538040517e+00,1.178456764462e+00,2.823250924563e+00,4.305946814150e-01,0.000000000000e+00
6.760000000000e-02,2.589077276952e+00,1.198764944854e+00,2.853131356780e+00,4.336190332787e-01,0.000000000000e+00
6.800000000000e-02,2.612710410518e+00,1.219332889267e+00,2.883232280631e+00,4.366485415692e-01,0.000000000000e+00
6.840000000000e-02,2.636436139453e+00,1.240162618173e+00,2.913554330526e+00,4.396832022422e-01,0.000000000000e+00
6.880000000000e-02,2.660253032351e+00,1.261256109466e+00,2.944098023129e+00,4.427230136667e-01,0.000000000000e+00
6.920000000000e-02,2.684159615199e+00,1.282615332078e+00,2.974863850657e+00,4.457679747127e-01,0.000000000000e+00
6.960000000000e-02,2.708154393444e+00,1.304242254499e+00,3.005852304614e+00,4.488180842445e-01,0.000000000000e+00
7.000000000000e-02,2.732235792511e+00,1.326138813939e+00,3.037063808964e+00,4.518733405708e-01,0.000000000000e+00
7.040000000000e-02,2.756402109746e+00,1.348306889944e+00,3.068498665485e+00,4.549337409954e-01,0.000000000000e+00
7.080000000000e-02,2.780651612099e+00,1.370748353287e+00,3.100157163098e+00,4.579992827163e-01,0.000000000000e+00
7.120000000000e-02,2.804982542229e+00,1.393465069373e+00,3.132039584963e+00,4.610699630324e-01,0.000000000000e+00
7.160000000000e-02,2.829393018386e+00,1.416458854681e+00,3.164146099581e+00,4.641457812534e-01,0.000000000000e+00
7.200000000000e-02,2.853881043240e+00,1.439731478915e+00,3.196476769873e+00,4.672267385403e-01,0.000000000000e+00
7.240000000000e-02,2.878444597563e+00,1.463284704561e+00,3.229031654822e+00,4.703128361233e-01,0.000000000000e+00
7.280000000000e-02,2.903081622240e+00,1.487120276708e+00,3.261810788931e+00,4.734040750855e-01,0.000000000000e+00
7.320000000000e-02,2.927789894373e+00,1.511239855367e+00,3.294814041193e+00,4.765004555155e-01,0.000000000000e+00
7.360000000000e-02,2.952567113659e+00,1.535645059382e+00,3.328041212044e+00,4.796019770899e-01,0.000000000000e+00
7.400000000000e-02,2.977410962610e+00,1.560337498138e+00,3.361492101488e+00,4.827086394873e-01,0.000000000000e+00
7.440000000000e-02,3.002319038956e+00,1.585318740127e+00,3.395166434724e+00,4.858204435381e-01,0.000000000000e+00
7.480000000000e-02,3.027288756368e+00,1.610590265449e+00,3.429063752337e+00,4.889373929147e-01,0.000000000000e+00
7.520000000000e-02,3.052317487444e+00,1.636153530113e+00,3.463183566930e+00,4.920594917206e-01,0.000000000000e+00
7.560000000000e-02,3.077402581903e+00,1.662009973437e+00,3.497525382740e+00,4.951867440221e-01,0.000000000000e+00
7.600000000000e-02,3.102541233981e+00,1.688160942862e+00,3.532088543278e+00,4.983191531735e-01,0.000000000000e+00
7.640000000000e-02,3.127730497543e+00,1.714607699346e+00,3.566872247210e+00,5.014567218876e-01,0.000000000000e+00
7.680000000000e-02,3.152967408488e+00,1.741351484614e+00,3.601875688021e+00,5.045994528544e-01,0.000000000000e+00
7.720000000000e-02,3.178248943920e+00,1.768393501162e+00,3.637098008643e+00,5.077473494622e-01,0.000000000000e+00
7.760000000000e-02,3.203571859547e+00,1.795734830720e+00,3.672538119822e+00,5.109004183083e-01,0.000000000000e+00
7.800000000000e-02,3.228932839437e+00,1.823376505339e+00,3.708194865675e+00,5.140586669105e-01,0.000000000000e+00
7.840000000000e-02,3.254328552414e+00,1.851319534225e+00,3.744067086052e+00,5.172221027729e-01,0.000000000000e+00
7.880000000000e-02,3.279755517824e+00,1.879564824314e+00,3.780153460575e+00,5.203907328762e-01,0.000000000000e+00
7.920000000000e-02,3.305210068516e+00,1.908113155011e+00,3.816452463918e+00,5.235645635324e-01,0.000000000000e+00
7.960000000000e-02,3.330688517064e+00,1.936965273521e+00,3.852962557374e+00,5.267436010094e-01,0.000000000000e+00
8.000000000000e-02,3.356187123654e+00,1.966121878566e+00,3.889682152870e+00,5.299278522003e-01,0.000000000000e+00
8.040000000000e-02,3.381701899847e+00,1.995583516378e+00,3.926609391099e+00,5.331173274323e-01,0.000000000000e+00
8.080000000000e-02,3.407228768498e+00,2.025350660807e+00,3.963742320095e+00,5.363120382060e-01,0.000000000000e+00
8.120000000000e-02,3.432763641626e+00,2.055423752693e+00,4.001078982275e+00,5.395119960095e-01,0.000000000000e+00
8.160000000000e-02,3.458302262297e+00,2.085803102057e+00,4.038617228453e+00,5.427172118748e-01,0.000000000000e+00
8.200000000000e-02,3.483840168745e+00,2.116488861841e+00,4.076354673438e+00,5.459276962716e-01,0.000000000000e+00
8.240000000000e-02,3.509372884406e+00,2.147481141905e+00,4.114288917497e+00,5.491434596349e-01,0.000000000000e+00
8.280000000000e-02,3.534895864708e+00,2.178779980161e+00,4.152417485788e+00,5.523645132889e-01,0.000000000000e+00
8.320000000000e-02,3.560404285249e+00,2.210385223737e+00,4.190737585645e+00,5.555908723194e-01,0.000000000000e+00
8.360000000000e-02,3.585893248582e+00,2.242296638980e+00,4.229246340355e+00,5.588225528073e-01,0.000000000000e+00
8.400000000000e-02,3.611357844635e+00,2.274513942669e+00,4.267940856830e+00,5.620595708056e-01,0.000000000000e+00
8.440000000000e-02,3.636792939181e+00,2.307036665015e+00,4.306817973423e+00,5.653019419122e-01,0.000000000000e+00
8.480000000000e-02,3.662193217704e+00,2.339864172519e+00,4.345874309001e+00,5.685496813531e-01,0.000000000000e+00
8.520000000000e-02,3.687553365317e+00,2.372995781021e+00,4.385106475196e+00,5.718028043521e-01,0.000000000000e+00
8.560000000000e-02,3.712867939525e+00,2.406430681937e+00,4.424510929281e+00,5.750613278773e-01,0.000000000000e+00
8.600000000000e-02,3.738131213382e+00,2.440167847951e+00,4.464083791176e+00,5.783252727073e-01,0.000000000000e+00
8.640000000000e-02,3.763337431067e+00,2.474206177155e+00,4.503821136229e+00,5.815946601245e-01,0.000000000000e+00
8.680000000000e-02,3.788480794971e+00,2.508544480228e+00,4.543718977131e+00,5.848695113395e-01,0.000000000000e+00
8.720000000000e-02,3.813555211591e+00,2.543181307397e+00,4.583772956217e+00,5.881498471388e-01,0.000000000000e+00
8.760000000000e-02,3.838554489615e+00,2.578115075144e+00,4.623978580230e+00,5.914356881537e-01,0.000000000000e+00
8.800000000000e-02,3.863472438002e+00,2.613344131386e+00,4.664331337743e+00,5.947270552133e-01,0.000000000000e+00
8.840000000000e-02,3.888302619690e+00,2.648866605060e+00,4.704826410580e+00,5.980239725279e-01,0.000000000000e+00
8.880000000000e-02,3.913038396720e+00,2.684680428191e+00,4.745458723424e+00,6.013264671419e-01,0.000000000000e+00
8.920000000000e-02,3.937673142966e+00,2.720783461959e+00,4.786223190335e+00,6.046345661856e-01,0.000000000000e+00
8.960000000000e-02,3.962200079009e+00,2.757173379747e+00,4.827114512013e+00,6.079482966420e-01,0.000000000000e+00
9.000000000000e-02,3.986612150450e+00,2.793847576404e+00,4.868127023640e+00,6.112676852413e-01,0.000000000000e+00
9.040000000000e-02,4.010902300698e+00,2.830803354125e+00,4.909255024489e+00,6.145927586894e-01,0.000000000000e+00
9.080000000000e-02,4.035063396406e+00,2.868037876617e+00,4.950492690099e+00,6.179235450552e-01,0.000000000000e+00
9.120000000000e-02,4.059087979845e+00,2.905548009060e+00,4.991833777388e+00,6.212600770204e-01,0.000000000000e+00
9.160000000000e-02,4.082968551337e+00,2.943330491135e+00,5.033271954827e+00,6.246023882409e-01,0.000000000000e+00
9.200000000000e-02,4.106697591821e+00,2.981381945013e+00,5.074800824931e+00,6.279505123531e-01,0.000000000000e+00
9.240000000000e-02,4.130267278237e+00,3.019698664614e+00,5.116413569557e+00,6.313044828667e-01,0.000000000000e+00
9.280000000000e-02,4.153669693925e+00,3.058276761605e+00,5.158103205327e+00,6.346643332421e-01,0.000000000000e+00
9.320000000000e-02,4.176896936170e+00,3.097112243716e+00,5.199862716031e+00,6.380300973065e-01,0.000000000000e+00
9.360000000000e-02,4.199940829765e+00,3.136200825075e+00,5.241684709016e+00,6.414018131484e-01,0.000000000000e+00
9.400000000000e-02,4.222793042646e+00,3.175537995633e+00,5.283561549062e+00,6.447795216017e-01,0.000000000000e+00
9.440000000000e-02,4.245445275287e+00,3.215119141435e+00,5.325485581529e+00,6.481632635469e-01,0.000000000000e+00
9.480000000000e-02,4.267889017049e+00,3.254939357475e+00,5.367448824412e+00,6.515530798823e-01,0.000000000000e+00
9.520000000000e-02,4.290115561722e+00,3.294993451873e+00,5.409442982491e+00,6.549490115232e-01,0.000000000000e+00
9.560000000000e-02,4.312116243998e+00,3.335276121729e+00,5.451459741200e+00,6.583510994671e-01,0.000000000000e+00
9.600000000000e-02,4.333882231221e+00,3.375781811805e+00,5.493490514692e+00,6.617593879677e-01,0.000000000000e+00
9.640000000000e-02,4.355404455849e+00,3.416504662936e+00,5.535526360329e+00,6.651739255619e-01,0.000000000000e+00
9.680000000000e-02,4.376673891770e+00,3.457438694470e+00,5.577558308160e+00,6.685947610794e-01,0.000000000000e+00
9.720000000000e-02,4.397681396911e+00,3.498577676200e+00,5.619577157148e+00,6.720219434423e-01,0.000000000000e+00
9.760000000000e-02,4.418417592538e+00,3.539915026156e+00,5.661573316178e+00,6.754555217293e-01,0.000000000000e+00
9.800000000000e-02,4.438873142327e+00,3.581444025354e+00,5.703537155171e+00,6.788955450523e-01,0.000000000000e+00
9.840000000000e-02,4.459038624025e+00,3.623157730485e+00,5.745458849432e+00,6.823420650978e-01,0.000000000000e+00
9.880000000000e-02,4.478904368357e+00,3.665048857167e+00,5.787328180284e+00,6.857951387638e-01,0.000000000000e+00
9.920000000000e-02,4.498460747274e+00,3.707109974433e+00,5.829134880692e+00,6.892548235785e-01,0.000000000000e+00
9.960000000000e-02,4.517698079782e+00,3.749333420792e+00,5.870868508180e+00,6.927211772060e-01,0.000000000000e+00
1.000000000000e-01,4.536606464494e+00,3.791711160557e+00,5.912518223124e+00,6.961942576174e-01,0.000000000000e+00
1.004000000000e-01,4.555176048012e+00,3.834234997663e+00,5.954073130696e+00,6.996741228354e-01,0.000000000000e+00
1.008000000000e-01,4.573396938854e+00,3.876896518955e+00,5.995522177342e+00,7.031608333119e-01,0.000000000000e+00
1.012000000000e-01,4.591259033551e+00,3.919686967686e+00,6.036853935438e+00,7.066544552249e-01,0.000000000000e+00
1.016000000000e-01,4.608752282959e+00,3.962597424880e+00,6.078056922845e+00,7.101550555774e-01,0.000000000000e+00
1.020000000000e-01,4.625866619857e+00,4.005618739148e+00,6.119119501049e+00,7.136627015647e-01,0.000000000000e+00
1.024000000000e-01,4.642591809800e+00,4.048741393700e+00,6.160029674075e+00,7.171774608216e-01,0.000000000000e+00
1.028000000000e-01,4.658917688811e+00,4.091955702493e+00,6.200775395245e+00,7.206994010625e-01,0.000000000000e+00
1.032000000000e-01,4.674834078514e+00,4.135251755824e+00,6.241344466193e+00,7.242285928748e-01,0.000000000000e+00
1.036000000000e-01,4.690330654861e+00,4.178619324988e+00,6.281724374333e+00,7.277651127972e-01,0.000000000000e+00
1.040000000000e-01,4.705397177852e+00,4.222048016771e+00,6.321902566258e+00,7.313090381106e-01,0.000000000000e+00
1.044000000000e-01,4.720023408119e+00,4.265527191886e+00,6.361866329774e+00,7.348604463947e-01,0.000000000000e+00
1.048000000000e-01,4.734199020208e+00,4.309045882649e+00,6.401602672902e+00,7.384194157560e-01,0.000000000000e+00
1.052000000000e-01,4.747913792316e+00,4.352592955226e+00,6.441098571917e+00,7.419860244393e-01,0.000000000000e+00
1.056000000000e-01,4.761157501396e+00,4.396157044529e+00,6.480340848541e+00,7.455603547083e-01,0.000000000000e+00
1.060000000000e-01,4.773919871936e+00,4.439726516945e+00,6.519316105921e+00,7.491424945104e-01,0.000000000000e+00
1.064000000000e-01,4.786190746037e+00,4.483289576899e+00,6.558010924647e+00,7.527325322415e-01,0.000000000000e+00
1.068000000000e-01,4.797959987079e+00,4.526834173939e+00,6.596411727292e+00,7.563305567818e-01,0.000000000000e+00
1.072000000000e-01,4.809217475043e+00,4.570347992869e+00,6.634504766611e+00,7.599366575315e-01,0.000000000000e+00
1.076000000000e-01,4.819953221428e+00,4.613818556668e+00,6.672276278048e+00,7.635509243066e-01,0.000000000000e+00
1.080000000000e-01,4.830157262061e+00,4.657233171534e+00,6.709712362708e+00,7.671734527874e-01,0.000000000000e+00
1.084000000000e-01,4.839819688080e+00,4.700578940442e+00,6.746799017938e+00,7.708043431837e-01,0.000000000000e+00
1.088000000000e-01,4.848930732218e+00,4.743842802801e+00,6.783522225477e+00,7.744436959048e-01,0.000000000000e+00
1.092000000000e-01,4.857480698906e+00,4.787011467973e+00,6.819867853174e+00,7.780916120837e-01,0.000000000000e+00
1.096000000000e-01,4.865460008522e+00,4.830071450785e+00,6.855821709629e+00,7.817481932299e-01,0.000000000000e+00
1.100000000000e-01,4.872859229574e+00,4.873009110704e+00,6.891369592777e+00,7.854135423381e-01,0.000000000000e+00
1.104000000000e-01,4.879669021118e+00,4.915810652370e+00,6.926497247932e+00,7.890877700789e-01,0.000000000000e+00
1.108000000000e-01,4.885880185230e+00,4.958462125330e+00,6.961190403426e+00,7.927709896011e-01,0.000000000000e+00
1.112000000000e-01,4.891483691212e+00,5.000949424448e+00,6.995434786150e+00,7.964633143414e-01,0.000000000000e+00
1.116000000000e-01,4.896470673530e+00,5.043258290807e+00,7.029216118781e+00,8.001648585836e-01,0.000000000000e+00
1.120000000000e-01,4.900832440442e+00,5.085374311620e+00,7.062520123764e+00,8.038757368287e-01,0.000000000000e+00
1.124000000000e-01,4.904560482700e+00,5.127282969581e+00,7.095332562933e+00,8.075960679795e-01,0.000000000000e+00
1.128000000000e-01,4.907646477820e+00,5.168969676451e+00,7.127639263271e+00,8.113259782209e-01,0.000000000000e+00
1.132000000000e-01,4.910082287655e+00,5.210419702531e+00,7.159426062755e+00,8.150655944554e-01,0.000000000000e+00
1.136000000000e-01,4.911860019256e+00,5.251618238788e+00,7.190678895260e+00,8.188150442650e-01,0.000000000000e+00
1.140000000000e-01,4.912972021085e+00,5.292550391886e+00,7.221383782255e+00,8.225744558521e-01,0.000000000000e+00
1.144000000000e-01,4.913410841959e+00,5.333201143848e+00,7.251526773213e+00,8.263439584852e-01,0.000000000000e+00
1.148000000000e-01,4.913169308521e+00,5.373555512393e+00,7.281094114139e+00,8.301236897048e-01,0.000000000000e+00
1.152000000000e-01,4.912240478225e+00,5.413598456096e+00,7.310072144634e+00,8.339137909906e-01,0.000000000000e+00
1.156000000000e-01,4.910617648027e+00,5.453314844091e+00,7.338447279493e+00,8.377144041055e-01,0.000000000000e+00
1.160000000000e-01,4.908294479721e+00,5.492689602162e+00,7.366206198944e+00,8.415256717324e-01,0.000000000000e+00
1.164000000000e-01,4.905264867640e+00,5.531707560756e+00,7.393335644986e+00,8.453477368345e-01,0.000000000000e+00
1.168000000000e-01,4.901522997665e+00,5.570353574524e+00,7.419822547868e+00,8.491807474740e-01,0.000000000000e+00
1.172000000000e-01,4.897063405860e+00,5.608612628197e+00,7.445654142799e+00,8.530248599745e-01,0.000000000000e+00
1.176000000000e-01,4.891880851497e+00,5.646469611888e+00,7.470817715834e+00,8.568802314652e-01,0.000000000000e+00
1.180000000000e-01,4.885970501936e+00,5.683909533350e+00,7.495300883160e+00,8.607470198198e-01,0.000000000000e+00
1.184000000000e-01,4.879327878248e+00,5.720917458209e+00,7.519091508094e+00,8.646253834687e-01,0.000000000000e+00
1.188000000000e-01,4.871948751727e+00,5.757478407994e+00,7.542177554126e+00,8.685154828236e-01,0.000000000000e+00
1.192000000000e-01,4.863829342831e+00,5.793577691133e+00,7.564547464282e+00,8.724174883110e-01,0.000000000000e+00
1.196000000000e-01,4.854966147260e+00,5.829200625530e+00,7.586189835729e+00,8.763315735391e-01,0.000000000000e+00
1.200000000000e-01,4.845356013867e+00,5.864332600950e+00,7.607093515639e+00,8.802579125233e-01,0.000000000000e+00
1.204000000000e-01,4.834996296119e+00,5.898959272227e+00,7.627247844333e+00,8.841966800792e-01,0.000000000000e+00
1.208000000000e-01,4.823884593279e+00,5.933066250256e+00,7.646642249981e+00,8.881480516507e-01,0.000000000000e+00
1.212000000000e-01,4.812018952644e+00,5.966639448407e+00,7.665266642974e+00,8.921122112493e-01,0.000000000000e+00
1.216000000000e-01,4.799397815494e+00,5.999665006807e+00,7.683111321937e+00,8.960893497840e-01,0.000000000000e+00
1.220000000000e-01,4.786019901421e+00,6.032129074649e+00,7.700166730015e+00,9.000796585222e-01,0.000000000000e+00
1.224000000000e-01,4.771884518559e+00,6.064018210154e+00,7.716423958774e+00,9.040833295207e-01,0.000000000000e+00
1.228000000000e-01,4.756991284686e+00,6.095319034128e+00,7.731874301253e+00,9.081005551544e-01,0.000000000000e+00
1.232000000000e-01,4.741340197873e+00,6.126018395883e+00,7.746509424164e+00,9.121315338302e-01,0.000000000000e+00
1.236000000000e-01,4.724931764382e+00,6.156103601605e+00,7.760321625536e+00,9.161764741470e-01,0.000000000000e+00
1.240000000000e-01,4.707766737309e+00,6.185561971267e+00,7.773303323124e+00,9.202355857407e-01,0.000000000000e+00
1.244000000000e-01,4.689846441762e+00,6.214381263459e+00,7.785447587322e+00,9.243090788459e-01,0.000000000000e+00
1.248000000000e-01,4.671172621762e+00,6.242549485613e+00,7.796747895285e+00,9.283971640710e-01,0.000000000000e+00
1.252000000000e-01,4.651747322330e+00,6.270054789066e+00,7.807197974222e+00,9.325000557911e-01,0.000000000000e+00
1.256000000000e-01,4.631573155707e+00,6.296885946765e+00,7.816792342338e+00,9.366179805782e-01,0.000000000000e+00
1.260000000000e-01,4.610652992492e+00,6.323031824813e+00,7.825525699579e+00,9.407511674870e-01,0.000000000000e+00
1.264000000000e-01,4.588990202029e+00,6.348481688946e+00,7.833393315110e+00,9.448998459519e-01,0.000000000000e+00
1.268000000000e-01,4.566588670651e+00,6.373225246128e+00,7.840391069634e+00,9.490642458149e-01,0.000000000000e+00
1.272000000000e-01,4.543452531622e+00,6.397252307438e+00,7.846515022105e+00,9.532445992103e-01,0.000000000000e+00
1.276000000000e-01,4.519586476248e+00,6.420553376003e+00,7.851762067866e+00,9.574411511049e-01,0.000000000000e+00
1.280000000000e-01,4.494995487900e+00,6.443119178255e+00,7.856129402030e+00,9.616541509690e-01,0.000000000000e+00
1.284000000000e-01,4.469684958892e+00,6.464940780396e+00,7.859614680490e+00,9.658838484779e-01,0.000000000000e+00
1.288000000000e-01,4.443660853986e+00,6.486009841633e+00,7.862216319271e+00,9.701304936374e-01,0.000000000000e+00
1.292000000000e-01,4.416929356499e+00,6.506318133150e+00,7.863932895826e+00,9.743943379125e-01,0.000000000000e+00
1.296000000000e-01,4.389497152645e+00,6.525858121098e+00,7.864763789828e+00,9.786756454577e-01,0.000000000000e+00
1.300000000000e-01,4.361371247450e+00,6.544622631540e+00,7.864708802451e+00,9.829746870721e-01,0.000000000000e+00
1.304000000000e-01,4.332558971612e+00,6.562604780135e+00,7.863768100773e+00,9.872917336849e-01,0.000000000000e+00
1.308000000000e-01,4.303068235377e+00,6.579798371140e+00,7.861942688876e+00,9.916270563905e-01,0.000000000000e+00
1.312000000000e-01,4.272907150798e+00,6.596197355597e+00,7.859233745940e+00,9.959809272707e-01,0.000000000000e+00
1.316000000000e-01,4.242084257419e+00,6.611796351691e+00,7.855643184570e+00,1.000353630761e+00,0.000000000000e+00
1.320000000000e-01,4.210608414622e+00,6.626590445406e+00,7.851173425191e+00,1.004745459847e+00,0.000000000000e+00
1.324000000000e-01,4.178488737910e+00,6.640574982425e+00,7.845827185839e+00,1.009156707665e+00,0.000000000000e+00
1.328000000000e-01,4.145734889263e+00,6.653746039817e+00,7.839608034489e+00,1.013587667294e+00,0.000000000000e+00
1.332000000000e-01,4.112356714682e+00,6.666099882421e+00,7.832519734492e+00,1.018038632526e+00,0.000000000000e+00
1.336000000000e-01,4.078364406486e+00,6.677633405210e+00,7.824566705350e+00,1.022509909288e+00,0.000000000000e+00
1.340000000000e-01,4.043768448338e+00,6.688344035549e+00,7.815753911277e+00,1.027001813580e+00,0.000000000000e+00
1.344000000000e-01,4.008579522118e+00,6.698229447658e+00,7.806086568737e+00,1.031514661618e+00,0.000000000000e+00
1.348000000000e-01,3.972808795533e+00,6.707288048293e+00,7.795570709617e+00,1.036048769301e+00,0.000000000000e+00
1.352000000000e-01,3.936467593830e+00,6.715518463939e+00,7.784212571403e+00,1.040604453075e+00,0.000000000000e+00
1.356000000000e-01,3.899567507878e+00,6.722919914267e+00,7.772018973352e+00,1.045182041569e+00,0.000000000000e+00
1.360000000000e-01,3.862120366530e+00,6.729492171298e+00,7.758997268276e+00,1.049781874581e+00,0.000000000000e+00
1.364000000000e-01,3.824138146399e+00,6.735235250490e+00,7.745155030223e+00,1.054404292163e+00,0.000000000000e+00
1.368000000000e-01,3.785633232757e+00,6.740149870261e+00,7.730500581885e+00,1.059049633766e+00,0.000000000000e+00
1.372000000000e-01,3.746618131242e+00,6.744236984202e+00,7.715042444500e+00,1.063718239309e+00,0.000000000000e+00
1.376000000000e-01,3.707105534428e+00,6.747498103524e+00,7.698789651656e+00,1.068410461244e+00,0.000000000000e+00
1.380000000000e-01,3.667108302860e+00,6.749935272622e+00,7.681751720115e+00,1.073126663848e+00,0.000000000000e+00
1.384000000000e-01,3.626639398797e+00,6.751550778788e+00,7.663938364018e+00,1.077867211616e+00,0.000000000000e+00
1.388000000000e-01,3.585712107198e+00,6.752347559269e+00,7.645359957313e+00,1.082632468140e+00,0.000000000000e+00
1.392000000000e-01,3.544339787835e+00,6.752328785114e+00,7.626027049120e+00,1.087422797476e+00,0.000000000000e+00
1.396000000000e-01,3.502535910260e+00,6.751498147739e+00,7.605950633654e+00,1.092238576871e+00,0.000000000000e+00
1.400000000000e-01,3.460314034322e+00,6.749859822204e+00,7.585142110437e+00,1.097080195580e+00,0.000000000000e+00
1.404000000000e-01,3.417687778550e+00,6.747418224617e+00,7.563613055250e+00,1.101948042939e+00,0.000000000000e+00
1.408000000000e-01,3.374670994528e+00,6.744178348952e+00,7.541375598906e+00,1.106842507069e+00,0.000000000000e+00
1.412000000000e-01,3.331277559118e+00,6.740145409153e+00,7.518442013636e+00,1.111763976660e+00,0.000000000000e+00
1.416000000000e-01,3.287521382640e+00,6.735325095813e+00,7.494824947095e+00,1.116712854468e+00,0.000000000000e+00
1.420000000000e-01,3.243416388827e+00,6.729723513512e+00,7.470537359496e+00,1.121689554952e+00,0.000000000000e+00
1.424000000000e-01,3.198976519407e+00,6.723347001952e+00,7.445592365982e+00,1.126694492420e+00,0.000000000000e+00
1.428000000000e-01,3.154215859876e+00,6.716202391236e+00,7.420003520938e+00,1.131728079644e+00,0.000000000000e+00
1.432000000000e-01,3.109148471856e+00,6.708296711083e+00,7.393784483198e+00,1.136790730208e+00,0.000000000000e+00
1.436000000000e-01,3.063788375114e+00,6.699637413061e+00,7.366949210764e+00,1.141882872729e+00,0.000000000000e+00
1.440000000000e-01,3.018149533830e+00,6.690232283857e+00,7.339511878901e+00,1.147004946723e+00,0.000000000000e+00
1.444000000000e-01,2.972245891198e+00,6.680089332538e+00,7.311486793288e+00,1.152157391230e+00,0.000000000000e+00
1.448000000000e-01,2.926091449206e+00,6.669216960903e+00,7.282888578079e+00,1.157340643465e+00,0.000000000000e+00
1.452000000000e-01,2.879700140169e+00,6.657623748333e+00,7.253731927198e+00,1.162555141841e+00,0.000000000000e+00
1.456000000000e-01,2.833085781944e+00,6.645318627264e+00,7.224031748665e+00,1.167801340675e+00,0.000000000000e+00
1.460000000000e-01,2.786262080676e+00,6.632310787614e+00,7.193803080827e+00,1.173079703904e+00,0.000000000000e+00
1.464000000000e-01,2.739242683466e+00,6.618609619005e+00,7.163061061286e+00,1.178390694595e+00,0.000000000000e+00
1.468000000000e-01,2.692041219539e+00,6.604224803217e+00,7.131821028260e+00,1.183734773745e+00,0.000000000000e+00
1.472000000000e-01,2.644671207179e+00,6.589166178005e+00,7.100098359561e+00,1.189112404109e+00,0.000000000000e+00
1.476000000000e-01,2.597145983679e+00,6.573443851416e+00,7.067908554039e+00,1.194524064834e+00,0.000000000000e+00
1.480000000000e-01,2.549478733607e+00,6.557068121078e+00,7.035267170305e+00,1.199970243026e+00,0.000000000000e+00
1.484000000000e-01,2.501682544903e+00,6.540049448884e+00,7.002189825285e+00,1.205451424476e+00,0.000000000000e+00
1.488000000000e-01,2.453770422647e+00,6.522398493996e+00,6.968692230364e+00,1.210968092739e+00,0.000000000000e+00
1.492000000000e-01,2.405755224070e+00,6.504126049382e+00,6.934790109613e+00,1.216520733820e+00,0.000000000000e+00
1.496000000000e-01,2.357649569557e+00,6.485243085217e+00,6.900499211448e+00,1.222109849914e+00,0.000000000000e+00
1.500000000000e-01,2.309465900146e+00,6.465760708176e+00,6.865835293635e+00,1.227735949274e+00,0.000000000000e+00
1.504000000000e-01,2.261216523483e+00,6.445690139749e+00,6.830814120127e+00,1.233399538364e+00,0.000000000000e+00
1.508000000000e-01,2.212913613089e+00,6.425042717603e+00,6.795451462708e+00,1.239101121354e+00,0.000000000000e+00
1.512000000000e-01,2.164569161483e+00,6.403829887103e+00,6.759763078525e+00,1.244841205576e+00,0.000000000000e+00
1.516000000000e-01,2.116194884050e+00,6.382063174606e+00,6.723764656198e+00,1.250620313341e+00,0.000000000000e+00
1.520000000000e-01,2.067802301346e+00,6.359754205410e+00,6.687471862422e+00,1.256438971093e+00,0.000000000000e+00
1.524000000000e-01,2.019402765924e+00,6.336914657692e+00,6.650900308221e+00,1.262297702987e+00,0.000000000000e+00
1.528000000000e-01,1.971007458815e+00,6.313556264276e+00,6.614065550392e+00,1.268197030948e+00,0.000000000000e+00
1.532000000000e-01,1.922627350741e+00,6.289690831188e+00,6.576983098788e+00,1.274137480584e+00,0.000000000000e+00
1.536000000000e-01,1.874273114322e+00,6.265330155972e+00,6.539668315015e+00,1.280119590018e+00,0.000000000000e+00
1.540000000000e-01,1.825955218322e+00,6.240486109403e+00,6.502136521250e+00,1.286143899767e+00,0.000000000000e+00
1.544000000000e-01,1.777683933017e+00,6.215170545371e+00,6.464402917034e+00,1.292210947564e+00,0.000000000000e+00
1.548000000000e-01,1.729469331914e+00,6.189395332484e+00,6.426482611181e+00,1.298321269102e+00,0.000000000000e+00
1.552000000000e-01,1.681321254743e+00,6.163172366436e+00,6.388390625193e+00,1.304475403655e+00,0.000000000000e+00
1.556000000000e-01,1.633249241999e+00,6.136513461463e+00,6.350141773945e+00,1.310673899308e+00,0.000000000000e+00
1.560000000000e-01,1.585262623562e+00,6.109430484928e+00,6.311750821748e+00,1.316917305114e+00,0.000000000000e+00
1.564000000000e-01,1.537370506326e+00,6.081935216787e+00,6.273232345044e+00,1.323206166892e+00,0.000000000000e+00
1.568000000000e-01,1.489581784289e+00,6.054039431154e+00,6.234600815293e+00,1.329541028703e+00,0.000000000000e+00
1.572000000000e-01,1.441905104012e+00,6.025754871822e+00,6.195870568714e+00,1.335922436891e+00,0.000000000000e+00
1.576000000000e-01,1.394348828201e+00,5.997093150724e+00,6.157055701645e+00,1.342350941906e+00,0.000000000000e+00
1.580000000000e-01,1.346921101902e+00,5.968065912512e+00,6.118170248599e+00,1.348827094086e+00,0.000000000000e+00
1.584000000000e-01,1.299629829664e+00,5.938684650915e+00,6.079228000098e+00,1.355351440188e+00,0.000000000000e+00
1.588000000000e-01,1.252482692994e+00,5.908960847083e+00,6.040242643190e+00,1.361924525498e+00,0.000000000000e+00
1.592000000000e-01,1.205487126634e+00,5.878905887062e+00,6.001227677851e+00,1.368546894420e+00,0.000000000000e+00
1.596000000000e-01,1.158650307559e+00,5.848530998812e+00,5.962196355310e+00,1.375219090189e+00,0.000000000000e+00
1.600000000000e-01,1.111979186699e+00,5.817847418039e+00,5.923161849151e+00,1.381941655163e+00,0.000000000000e+00
1.604000000000e-01,1.065480463835e+00,5.786866179986e+00,5.884137048360e+00,1.388715127938e+00,0.000000000000e+00
1.608000000000e-01,1.019160609291e+00,5.755598307122e+00,5.845134747846e+00,1.395540045722e+00,0.000000000000e+00
1.612000000000e-01,9.730258653700e-01,5.724054661095e+00,5.806167505152e+00,1.402416939212e+00,0.000000000000e+00
1.616000000000e-01,9.270822465004e-01,5.692245941080e+00,5.767247640384e+00,1.409346332588e+00,0.000000000000e+00
1.620000000000e-01,8.813355315173e-01,5.660182822414e+00,5.728387373621e+00,1.416328748654e+00,0.000000000000e+00
1.624000000000e-01,8.357912430370e-01,5.627875749213e+00,5.689598619456e+00,1.423364706481e+00,0.000000000000e+00
1.628000000000e-01,7.904546708647e-01,5.595335152088e+00,5.650893208236e+00,1.430454723311e+00,0.000000000000e+00
1.632000000000e-01,7.453309153269e-01,5.562571241502e+00,5.612282689791e+00,1.437599301315e+00,0.000000000000e+00
1.636000000000e-01,7.004248760311e-01,5.529594077609e+00,5.573778401596e+00,1.444798931270e+00,0.000000000000e+00
1.640000000000e-01,6.557412072488e-01,5.496413659654e+00,5.535391553352e+00,1.452054102274e+00,0.000000000000e+00
1.644000000000e-01,6.112843053325e-01,5.463039744043e+00,5.497133047957e+00,1.459365299934e+00,0.000000000000e+00
1.648000000000e-01,5.670583346433e-01,5.429482068079e+00,5.459013709680e+00,1.466733006630e+00,0.000000000000e+00
1.652000000000e-01,5.230673274114e-01,5.395750102394e+00,5.421044050410e+00,1.474157677993e+00,0.000000000000e+00
1.656000000000e-01,4.793151345549e-01,5.361853189286e+00,5.383234401517e+00,1.481639754302e+00,0.000000000000e+00
1.660000000000e-01,4.358053528089e-01,5.327800571092e+00,5.345594937036e+00,1.489179674019e+00,0.000000000000e+00
1.664000000000e-01,3.925413202798e-01,5.293601251063e+00,5.308135538340e+00,1.496777872524e+00,0.000000000000e+00
1.668000000000e-01,3.495261504900e-01,5.259264201966e+00,5.270866008158e+00,1.504434779078e+00,0.000000000000e+00
1.672000000000e-01,3.067628971112e-01,5.224798100554e+00,5.233795818199e+00,1.512150781581e+00,0.000000000000e+00
1.676000000000e-01,2.642544414729e-01,5.190211520502e+00,5.196934292195e+00,1.519926249858e+00,0.000000000000e+00
1.680000000000e-01,2.220034034339e-01,5.155512898123e+00,5.160290568742e+00,1.527761551905e+00,0.000000000000e+00
1.684000000000e-01,1.800121427379e-01,5.120710444743e+00,5.123873518192e+00,1.535657053159e+00,0.000000000000e+00
1.688000000000e-01,1.382828113920e-01,5.085812325161e+00,5.087691926865e+00,1.543613107959e+00,0.000000000000e+00
1.692000000000e-01,9.681758246011e-02,5.050826398048e+00,5.051754244566e+00,1.551630012353e+00,0.000000000000e+00
1.696000000000e-01,5.561845502892e-02,5.015760442282e+00,5.016068802051e+00,1.559708042931e+00,0.000000000000e+00
1.700000000000e-01,1.468716115997e-02,4.980622066369e+00,4.980643721519e+00,1.567847474545e+00,0.000000000000e+00
1.704000000000e-01,-2.597483034581e-02,4.945418673296e+00,4.945486886647e+00,1.576048580085e+00,0.000000000000e+00
1.708000000000e-01,-6.636622964376e-02,4.910157601332e+00,4.910606087476e+00,1.584311613696e+00,0.000000000000e+00
1.712000000000e-01,-1.064856441844e-01,4.874845891355e+00,4.876008783511e+00,1.592636753067e+00,0.000000000000e+00
1.716000000000e-01,-1.463318655478e-01,4.839490522318e+00,4.841702338071e+00,1.601024156211e+00,0.000000000000e+00
1.720000000000e-01,-1.859039562970e-01,4.804098275607e+00,4.807693888203e+00,1.609473979647e+00,0.000000000000e+00
1.724000000000e-01,-2.252012469909e-01,4.768675747807e+00,4.773990363351e+00,1.617986378522e+00,0.000000000000e+00
1.728000000000e-01,-2.642232052577e-01,4.733229453759e+00,4.740598587112e+00,1.626561478575e+00,0.000000000000e+00
1.732000000000e-01,-3.029691216664e-01,4.697765635797e+00,4.707525067119e+00,1.635199311056e+00,0.000000000000e+00
1.736000000000e-01,-3.414384860546e-01,4.662290485334e+00,4.674776230944e+00,1.643899888164e+00,0.000000000000e+00
1.740000000000e-01,-3.796310616938e-01,4.626809975008e+00,4.642358267932e+00,1.652663221030e+00,0.000000000000e+00
1.744000000000e-01,-4.175468850844e-01,4.591329911642e+00,4.610277188932e+00,1.661489319892e+00,0.000000000000e+00
1.748000000000e-01,-4.551860764790e-01,4.555856008173e+00,4.578538886089e+00,1.670378152116e+00,0.000000000000e+00
1.752000000000e-01,-4.925485176025e-01,4.520393741164e+00,4.547148954823e+00,1.679329573920e+00,0.000000000000e+00
1.756000000000e-01,-5.296343063071e-01,4.484948540990e+00,4.516112920836e+00,1.688343423695e+00,0.000000000000e+00
1.760000000000e-01,-5.664438143510e-01,4.449525603227e+00,4.485436064486e+00,1.697419539351e+00,0.000000000000e+00
1.764000000000e-01,-6.029776907588e-01,4.414129973369e+00,4.455123513142e+00,1.706557758175e+00,0.000000000000e+00
1.768000000000e-01,-6.392366076901e-01,4.378766598338e+00,4.425180263371e+00,1.715757859126e+00,0.000000000000e+00
1.772000000000e-01,-6.752209533965e-01,4.343440231008e+00,4.395611035595e+00,1.725019495845e+00,0.000000000000e+00
1.776000000000e-01,-7.109313479048e-01,4.308155577852e+00,4.366420486441e+00,1.734342305767e+00,0.000000000000e+00
1.780000000000e-01,-7.463686826088e-01,4.272917098694e+00,4.337613023622e+00,1.743725926568e+00,0.000000000000e+00
1.784000000000e-01,-7.815341271861e-01,4.237729115498e+00,4.309192923076e+00,1.753169995293e+00,0.000000000000e+00
1.788000000000e-01,-8.164288122635e-01,4.202595855323e+00,4.281164319280e+00,1.762674074569e+00,0.000000000000e+00
1.792000000000e-01,-8.510535566024e-01,4.167521395253e+00,4.253531090294e+00,1.772237591030e+00,0.000000000000e+00
1.796000000000e-01,-8.854094224609e-01,4.132509762371e+00,4.226297053151e+00,1.781859956958e+00,0.000000000000e+00
1.800000000000e-01,-9.194977365230e-01,4.097564728708e+00,4.199465774765e+00,1.791540585684e+00,0.000000000000e+00
1.804000000000e-01,-9.533201001187e-01,4.062689937819e+00,4.173040707223e+00,1.801278889624e+00,0.000000000000e+00
1.808000000000e-01,-9.868780182891e-01,4.027888949576e+00,4.147025152214e+00,1.811074191870e+00,0.000000000000e+00
1.812000000000e-01,-1.020172673461e+00,3.993165215982e+00,4.121422172722e+00,1.820925673218e+00,0.000000000000e+00
1.816000000000e-01,-1.053205496993e+00,3.958522133755e+00,4.096234771388e+00,1.830832502062e+00,0.000000000000e+00
1.820000000000e-01,-1.085978171825e+00,3.923962839459e+00,4.071465701088e+00,1.840793848673e+00,0.000000000000e+00
1.824000000000e-01,-1.118492646036e+00,3.889490348935e+00,4.047117613029e+00,1.850808881958e+00,0.000000000000e+00
1.828000000000e-01,-1.150750725464e+00,3.855107610812e+00,4.023193000976e+00,1.860876669843e+00,0.000000000000e+00
1.832000000000e-01,-1.182753898455e+00,3.820817503055e+00,3.999694135301e+00,1.870996136758e+00,0.000000000000e+00
1.836000000000e-01,-1.214503899598e+00,3.786622843150e+00,3.976623225602e+00,1.881166196666e+00,0.000000000000e+00
1.840000000000e-01,-1.246002695042e+00,3.752526187124e+00,3.953982233281e+00,1.891385766214e+00,0.000000000000e+00
1.844000000000e-01,-1.277252499997e+00,3.718529977830e+00,3.931773028135e+00,1.901653760215e+00,0.000000000000e+00
1.848000000000e-01,-1.308255357982e+00,3.684636609256e+00,3.909997317641e+00,1.911968986186e+00,0.000000000000e+00
1.852000000000e-01,-1.339013013981e+00,3.650848434755e+00,3.888656599028e+00,1.922330112574e+00,0.000000000000e+00
1.856000000000e-01,-1.369527447292e+00,3.617167743866e+00,3.867752308015e+00,1.932735799224e+00,0.000000000000e+00
1.860000000000e-01,-1.399800840870e+00,3.583596568240e+00,3.847285635094e+00,1.943184709395e+00,0.000000000000e+00
1.864000000000e-01,-1.429835603952e+00,3.550136835060e+00,3.827257686905e+00,1.953675504228e+00,0.000000000000e+00
1.868000000000e-01,-1.459633964313e+00,3.516790438995e+00,3.807669405501e+00,1.964206738292e+00,0.000000000000e+00
1.872000000000e-01,-1.489197881696e+00,3.483559255243e+00,3.788521534271e+00,1.974776837492e+00,0.000000000000e+00
1.876000000000e-01,-1.518529528738e+00,3.450445095345e+00,3.769814754817e+00,1.985384220886e+00,0.000000000000e+00
1.880000000000e-01,-1.547631246141e+00,3.417449522733e+00,3.751549508465e+00,1.996027311562e+00,0.000000000000e+00
1.884000000000e-01,-1.576505571770e+00,3.384574007418e+00,3.733726158881e+00,2.006704530545e+00,0.000000000000e+00
1.888000000000e-01,-1.605154872546e+00,3.351819997584e+00,3.716344906095e+00,2.017414201087e+00,0.000000000000e+00
1.892000000000e-01,-1.633581287080e+00,3.319188933022e+00,3.699405762362e+00,2.028154534228e+00,0.000000000000e+00
1.896000000000e-01,-1.661787136759e+00,3.286682194797e+00,3.682908678951e+00,2.038923735810e+00,0.000000000000e+00
1.900000000000e-01,-1.689774868944e+00,3.254300933128e+00,3.666853374635e+00,2.049720016174e+00,0.000000000000e+00
1.904000000000e-01,-1.717547093560e+00,3.222046219014e+00,3.651239495850e+00,2.060541584068e+00,0.000000000000e+00
1.908000000000e-01,-1.745106278231e+00,3.189919103955e+00,3.636066530208e+00,2.071386567378e+00,0.000000000000e+00
1.912000000000e-01,-1.772454708985e+00,3.157920631281e+00,3.621333788657e+00,2.082253004041e+00,0.000000000000e+00
1.916000000000e-01,-1.799594817574e+00,3.126051795959e+00,3.607040523540e+00,2.093138928363e+00,0.000000000000e+00
1.920000000000e-01,-1.826529115380e+00,3.094313387652e+00,3.593185766188e+00,2.104042379434e+00,0.000000000000e+00
1.924000000000e-01,-1.853260237574e+00,3.062706134606e+00,3.579768480660e+00,2.114961395605e+00,0.000000000000e+00
1.928000000000e-01,-1.879790719112e+00,3.031230738358e+00,3.566787481309e+00,2.125893958303e+00,0.000000000000e+00
1.932000000000e-01,-1.906122964938e+00,2.999887881374e+00,3.554241418120e+00,2.136837986457e+00,0.000000000000e+00
1.936000000000e-01,-1.932259484317e+00,2.968678213411e+00,3.542128886632e+00,2.147791396888e+00,0.000000000000e+00
1.940000000000e-01,-1.958202818567e+00,2.937602212726e+00,3.530448277324e+00,2.158752111283e+00,0.000000000000e+00
1.944000000000e-01,-1.983955591579e+00,2.906660317509e+00,3.519197918665e+00,2.169718051662e+00,0.000000000000e+00
1.948000000000e-01,-2.009520376157e+00,2.875852923255e+00,3.508376002994e+00,2.180687111981e+00,0.000000000000e+00
1.952000000000e-01,-2.034899669386e+00,2.845180384671e+00,3.497980572528e+00,2.191657155244e+00,0.000000000000e+00
1.956000000000e-01,-2.060096029952e+00,2.814643043682e+00,3.488009620969e+00,2.202626043899e+00,0.000000000000e+00
1.960000000000e-01,-2.085112003240e+00,2.784241111737e+00,3.478460957714e+00,2.213591645101e+00,0.000000000000e+00
1.964000000000e-01,-2.109950175594e+00,2.753974784586e+00,3.469332336001e+00,2.224551827430e+00,0.000000000000e+00
1.968000000000e-01,-2.134613131459e+00,2.723844193057e+00,3.460621390595e+00,2.235504462284e+00,0.000000000000e+00
1.972000000000e-01,-2.159103434212e+00,2.693849395777e+00,3.452325622932e+00,2.246447424234e+00,0.000000000000e+00
1.976000000000e-01,-2.183423667885e+00,2.663990460971e+00,3.444442493297e+00,2.257378588938e+00,0.000000000000e+00
1.980000000000e-01,-2.207576363404e+00,2.634267372566e+00,3.436969303096e+00,2.268295836353e+00,0.000000000000e+00
1.984000000000e-01,-2.231564052898e+00,2.604680125168e+00,3.429903304269e+00,2.279197048741e+00,0.000000000000e+00
1.988000000000e-01,-2.255389309472e+00,2.575228623820e+00,3.423241651158e+00,2.290080140932e+00,0.000000000000e+00
1.992000000000e-01,-2.279054737618e+00,2.545912662311e+00,3.416981384376e+00,2.300943065713e+00,0.000000000000e+00
1.996000000000e-01,-2.302562926005e+00,2.516732066519e+00,3.411119511665e+00,2.311783778752e+00,0.000000000000e+00
2.000000000000e-01,-2.325916378616e+00,2.487686626490e+00,3.405652911254e+00,2.322600239363e+00,0.000000000000e+00
2.004000000000e-01,-2.349117564992e+00,2.458776169909e+00,3.400578419602e+00,2.333390409682e+00,0.000000000000e+00
2.008000000000e-01,-2.372169027507e+00,2.430000412151e+00,3.395892798384e+00,2.344152310113e+00,0.000000000000e+00
2.012000000000e-01,-2.395073387515e+00,2.401358913626e+00,3.391592717829e+00,2.354884032310e+00,0.000000000000e+00
2.016000000000e-01,-2.417833220506e+00,2.372851287016e+00,3.387674823898e+00,2.365583672801e+00,0.000000000000e+00
2.020000000000e-01,-2.440450995567e+00,2.344477156601e+00,3.384135665069e+00,2.376249330889e+00,0.000000000000e+00
2.024000000000e-01,-2.462929117740e+00,2.316236210213e+00,3.380971756835e+00,2.386879108784e+00,0.000000000000e+00
2.028000000000e-01,-2.485270083369e+00,2.288128006313e+00,3.378179563102e+00,2.397471186444e+00,0.000000000000e+00
2.032000000000e-01,-2.507476508001e+00,2.260151903804e+00,3.375755480844e+00,2.408023844742e+00,0.000000000000e+00
2.036000000000e-01,-2.529550938744e+00,2.232307329622e+00,3.373695891094e+00,2.418535371595e+00,0.000000000000e+00
2.040000000000e-01,-2.551495804863e+00,2.204593765456e+00,3.371997110456e+00,2.429004056684e+00,0.000000000000e+00
2.044000000000e-01,-2.573313449401e+00,2.177010779734e+00,3.370655432397e+00,2.439428192272e+00,0.000000000000e+00
2.048000000000e-01,-2.595006311791e+00,2.149557802708e+00,3.369667120862e+00,2.449806160510e+00,0.000000000000e+00
2.052000000000e-01,-2.616576981525e+00,2.122234023704e+00,3.369028398754e+00,2.460136468601e+00,0.000000000000e+00
2.056000000000e-01,-2.638027964669e+00,2.095038710016e+00,3.368735480687e+00,2.470417633101e+00,0.000000000000e+00
2.060000000000e-01,-2.659361647495e+00,2.067971219837e+00,3.368784549098e+00,2.480648171244e+00,0.000000000000e+00
2.064000000000e-01,-2.680580315964e+00,2.041031017133e+00,3.369171774076e+00,2.490826602229e+00,0.000000000000e+00
2.068000000000e-01,-2.701686346109e+00,2.014217428000e+00,3.369893315820e+00,2.500951539906e+00,0.000000000000e+00
2.072000000000e-01,-2.722682284346e+00,1.987529503407e+00,3.370945319699e+00,2.511021740421e+00,0.000000000000e+00
2.076000000000e-01,-2.743570585607e+00,1.960966375868e+00,3.372323929502e+00,2.521035971598e+00,0.000000000000e+00
2.080000000000e-01,-2.764353590890e+00,1.934527296091e+00,3.374025286625e+00,2.530993000882e+00,0.000000000000e+00
2.084000000000e-01,-2.785033534729e+00,1.908211634401e+00,3.376045531569e+00,2.540891596898e+00,0.000000000000e+00
2.088000000000e-01,-2.805612727218e+00,1.882018631902e+00,3.378380811269e+00,2.550730621219e+00,0.000000000000e+00
2.092000000000e-01,-2.826093658481e+00,1.855947230691e+00,3.381027283181e+00,2.560509087374e+00,0.000000000000e+00
2.096000000000e-01,-2.846478724854e+00,1.829996451994e+00,3.383981108894e+00,2.570226022750e+00,0.000000000000e+00
2.100000000000e-01,-2.866770220197e+00,1.804165452873e+00,3.387238473557e+00,2.579880453412e+00,0.000000000000e+00
2.104000000000e-01,-2.886970332854e+00,1.778453518160e+00,3.390795573171e+00,2.589471405780e+00,0.000000000000e+00
2.108000000000e-01,-2.907081307604e+00,1.752859818427e+00,3.394648622770e+00,2.598997992569e+00,0.000000000000e+00
2.112000000000e-01,-2.927105569120e+00,1.727383213630e+00,3.398793871288e+00,2.608459480582e+00,0.000000000000e+00
2.116000000000e-01,-2.947045450288e+00,1.702022635515e+00,3.403227576562e+00,2.617855152320e+00,0.000000000000e+00
2.120000000000e-01,-2.966903196292e+00,1.676777159892e+00,3.407946041255e+00,2.627184288203e+00,0.000000000000e+00
2.124000000000e-01,-2.986680953461e+00,1.651645992808e+00,3.412945590443e+00,2.636446168238e+00,0.000000000000e+00
2.128000000000e-01,-3.006380904126e+00,1.626628244681e+00,3.418222577171e+00,2.645640148878e+00,0.000000000000e+00
2.132000000000e-01,-3.026005402271e+00,1.601722716467e+00,3.423773408831e+00,2.654765735995e+00,0.000000000000e+00
2.136000000000e-01,-3.045556714983e+00,1.576928270186e+00,3.429594505694e+00,2.663822452475e+00,0.000000000000e+00
2.140000000000e-01,-3.065037037660e+00,1.552243911782e+00,3.435682349096e+00,2.672809818582e+00,0.000000000000e+00
2.144000000000e-01,-3.084448477586e+00,1.527668774699e+00,3.442033453654e+00,2.681727353529e+00,0.000000000000e+00
2.148000000000e-01,-3.103793158831e+00,1.503201916392e+00,3.448644367610e+00,2.690574641584e+00,0.000000000000e+00
2.152000000000e-01,-3.123073362977e+00,1.478842097878e+00,3.455511710441e+00,2.699351406203e+00,0.000000000000e+00
2.156000000000e-01,-3.142291291200e+00,1.454588128800e+00,3.462632117797e+00,2.708057388503e+00,0.000000000000e+00
2.160000000000e-01,-3.161449088661e+00,1.430438955815e+00,3.470002297768e+00,2.716692326667e+00,0.000000000000e+00
2.164000000000e-01,-3.180548825538e+00,1.406393645937e+00,3.477619001410e+00,2.725255957344e+00,0.000000000000e+00
2.168000000000e-01,-3.199592572411e+00,1.382451208657e+00,3.485479016397e+00,2.733748070652e+00,0.000000000000e+00
2.172000000000e-01,-3.218582539645e+00,1.358610379917e+00,3.493579214635e+00,2.742168581648e+00,0.000000000000e+00
2.176000000000e-01,-3.237520864304e+00,1.334869931706e+00,3.501916486922e+00,2.750517422933e+00,0.000000000000e+00
2.180000000000e-01,-3.256409641713e+00,1.311228761153e+00,3.510487803528e+00,2.758794524072e+00,0.000000000000e+00
2.184000000000e-01,-3.275250906208e+00,1.287685875195e+00,3.519290185790e+00,2.766999812782e+00,0.000000000000e+00
2.188000000000e-01,-3.294046679733e+00,1.264240239071e+00,3.528320692674e+00,2.775133259417e+00,0.000000000000e+00
2.192000000000e-01,-3.312799104835e+00,1.240890574565e+00,3.537576476494e+00,2.783194942571e+00,0.000000000000e+00
2.196000000000e-01,-3.331510257780e+00,1.217635628003e+00,3.547054710640e+00,2.791184957519e+00,0.000000000000e+00
2.200000000000e-01,-3.350182185429e+00,1.194474255834e+00,3.556752651425e+00,2.799103396565e+00,0.000000000000e+00
2.204000000000e-01,-3.368816887278e+00,1.171405411378e+00,3.566667612466e+00,2.806950350014e+00,0.000000000000e+00
2.208000000000e-01,-3.387416341297e+00,1.148428018754e+00,3.576796944690e+00,2.814725941261e+00,0.000000000000e+00
2.212000000000e-01,-3.405982627161e+00,1.125540793046e+00,3.587138097890e+00,2.822430384270e+00,0.000000000000e+00
2.216000000000e-01,-3.424517764781e+00,1.102742464263e+00,3.597688544578e+00,2.830063908139e+00,0.000000000000e+00
2.220000000000e-01,-3.443023754916e+00,1.080031855934e+00,3.608445840905e+00,2.837626739192e+00,0.000000000000e+00
2.224000000000e-01,-3.461502563306e+00,1.057407874150e+00,3.619407604580e+00,2.845119101741e+00,0.000000000000e+00
2.228000000000e-01,-3.479956128356e+00,1.034869404900e+00,3.630571489515e+00,2.852541245153e+00,0.000000000000e+00
2.232000000000e-01,-3.498386472786e+00,1.012415161210e+00,3.641935250883e+00,2.859893491895e+00,0.000000000000e+00
2.236000000000e-01,-3.516795565366e+00,9.900438636517e-01,3.653496667650e+00,2.867176177500e+00,0.000000000000e+00
2.240000000000e-01,-3.535185364024e+00,9.677543094055e-01,3.665253601237e+00,2.874389635014e+00,0.000000000000e+00
2.244000000000e-01,-3.553557802193e+00,9.455453633803e-01,3.677203976901e+00,2.881534195567e+00,0.000000000000e+00
2.248000000000e-01,-3.571914782898e+00,9.234158764945e-01,3.689345754636e+00,2.888610208795e+00,0.000000000000e+00
2.252000000000e-01,-3.590258278351e+00,9.013645622171e-01,3.701676995537e+00,2.895618081051e+00,0.000000000000e+00
2.256000000000e-01,-3.608590211872e+00,8.793901363738e-01,3.714195784981e+00,2.902558229358e+00,0.000000000000e+00
2.260000000000e-01,-3.626912502608e+00,8.574913750952e-01,3.726900288435e+00,2.909431068582e+00,0.000000000000e+00
2.264000000000e-01,-3.645227053636e+00,8.356671075947e-01,3.739788735647e+00,2.916237011869e+00,0.000000000000e+00
2.268000000000e-01,-3.663535736687e+00,8.139161528739e-01,3.752859389571e+00,2.922976485628e+00,0.000000000000e+00
2.272000000000e-01,-3.681840480114e+00,7.922372258081e-01,3.766110612151e+00,2.929649958258e+00,0.000000000000e+00
2.276000000000e-01,-3.700143167733e+00,7.706290403067e-01,3.779540789499e+00,2.936257906302e+00,0.000000000000e+00
2.280000000000e-01,-3.718445684571e+00,7.490903554693e-01,3.793148384886e+00,2.942800804504e+00,0.000000000000e+00
2.284000000000e-01,-3.736749905864e+00,7.276199695628e-01,3.806931924671e+00,2.949279126142e+00,0.000000000000e+00
2.288000000000e-01,-3.755057676154e+00,7.062166728265e-01,3.820889967040e+00,2.955693353613e+00,0.000000000000e+00
2.292000000000e-01,-3.773370886580e+00,6.848791814805e-01,3.835021165641e+00,2.962043998488e+00,0.000000000000e+00
2.296000000000e-01,-3.791691387497e+00,6.636062088009e-01,3.849324197619e+00,2.968331578047e+00,0.000000000000e+00
2.300000000000e-01,-3.810021034908e+00,6.423964996493e-01,3.863797814225e+00,2.974556608131e+00,0.000000000000e+00
2.304000000000e-01,-3.828361679281e+00,6.212488252462e-01,3.878440827221e+00,2.980719603409e+00,0.000000000000e+00
2.308000000000e-01,-3.846715142185e+00,6.001619500954e-01,3.893252079105e+00,2.986821084361e+00,0.000000000000e+00
2.312000000000e-01,-3.865083284074e+00,5.791345910374e-01,3.908230503356e+00,2.992861589827e+00,0.000000000000e+00
2.316000000000e-01,-3.883467927870e+00,5.581654607582e-01,3.923375055788e+00,2.998841662170e+00,0.000000000000e+00
2.320000000000e-01,-3.901870905947e+00,5.372532915388e-01,3.938684763464e+00,3.004761842672e+00,0.000000000000e+00
2.324000000000e-01,-3.920294047551e+00,5.163968305582e-01,3.954158710254e+00,3.010622671748e+00,0.000000000000e+00
2.328000000000e-01,-3.938739155694e+00,4.955948193611e-01,3.969796010071e+00,3.016424692931e+00,0.000000000000e+00
2.332000000000e-01,-3.957208066490e+00,4.748459742516e-01,3.985595862698e+00,3.022168459218e+00,0.000000000000e+00
2.336000000000e-01,-3.975702581391e+00,4.541490063931e-01,4.001557488740e+00,3.027854525337e+00,0.000000000000e+00
2.340000000000e-01,-3.994224514685e+00,4.335026361261e-01,4.017680177570e+00,3.033483445270e+00,0.000000000000e+00
2.344000000000e-01,-4.012775678352e+00,4.129055887059e-01,4.033963270775e+00,3.039055772436e+00,0.000000000000e+00
2.348000000000e-01,-4.031357861487e+00,3.923565851563e-01,4.050406139795e+00,3.044572061079e+00,0.000000000000e+00
2.352000000000e-01,-4.049972882002e+00,3.718543397678e-01,4.067008236402e+00,3.050032867808e+00,0.000000000000e+00
2.356000000000e-01,-4.068622525747e+00,3.513975604936e-01,4.083769031487e+00,3.055438749611e+00,0.000000000000e+00
2.360000000000e-01,-4.087308594524e+00,3.309849554848e-01,4.100688062707e+00,3.060790263064e+00,0.000000000000e+00
2.364000000000e-01,-4.106032887303e+00,3.106152293530e-01,4.117764914650e+00,3.066087964449e+00,0.000000000000e+00
2.368000000000e-01,-4.124797184151e+00,2.902870846571e-01,4.134999202165e+00,3.071332408818e+00,0.000000000000e+00
2.372000000000e-01,-4.143603290691e+00,2.699992318994e-01,4.152390614556e+00,3.076524148105e+00,0.000000000000e+00
2.376000000000e-01,-4.162452982946e+00,2.497503735541e-01,4.169938858584e+00,3.081663733747e+00,0.000000000000e+00
2.380000000000e-01,-4.181348055797e+00,2.295392045725e-01,4.187643706210e+00,3.086751717092e+00,0.000000000000e+00
2.384000000000e-01,-4.200290299682e+00,2.093644094467e-01,4.205504970576e+00,3.091788649417e+00,0.000000000000e+00
2.388000000000e-01,-4.219281490764e+00,1.892246739344e-01,4.223522496155e+00,3.096775078795e+00,0.000000000000e+00
2.392000000000e-01,-4.238323428056e+00,1.691187026434e-01,4.241696195674e+00,3.101711546178e+00,0.000000000000e+00
2.396000000000e-01,-4.257417883456e+00,1.490451898492e-01,4.260025997924e+00,3.106598591581e+00,0.000000000000e+00
2.400000000000e-01,-4.276566650374e+00,1.290028156513e-01,4.278511895688e+00,3.111436755247e+00,0.000000000000e+00
2.404000000000e-01,-4.295771515348e+00,1.089902443013e-01,4.297153916888e+00,3.116226577494e+00,0.000000000000e+00
2.408000000000e-01,-4.315034255976e+00,8.900614602738e-02,4.315952122566e+00,3.120968593444e+00,0.000000000000e+00
2.412000000000e-01,-4.334356670085e+00,6.904921704728e-02,4.334906635429e+00,3.125663328446e+00,0.000000000000e+00
2.416000000000e-01,-4.353740531109e+00,4.911814035525e-02,4.354017593434e+00,3.130311306837e+00,0.000000000000e+00
2.420000000000e-01,-4.373187636247e+00,2.921157901957e-02,4.373285197443e+00,3.134913053490e+00,0.000000000000e+00
2.424000000000e-01,-4.392699772889e+00,9.328176418641e-03,4.392709677365e+00,3.139469093392e+00,0.000000000000e+00
2.428000000000e-01,-4.412278725564e+00,-1.053341188143e-02,4.412291298728e+00,3.143979944268e+00,0.000000000000e+00
2.432000000000e-01,-4.431926296069e+00,-3.037450099225e-02,4.432030381676e+00,3.148446112650e+00,0.000000000000e+00
2.436000000000e-01,-4.451644265038e+00,-5.019642259410e-02,4.451927261680e+00,3.152868104262e+00,0.000000000000e+00
2.440000000000e-01,-4.471434438436e+00,-7.000053324864e-02,4.471982335820e+00,3.157246425654e+00,0.000000000000e+00
2.444000000000e-01,-4.491298609381e+00,-8.978821143724e-02,4.492196024390e+00,3.161581583388e+00,0.000000000000e+00
2.448000000000e-01,-4.511238574909e+00,-1.095608158458e-01,4.512568786414e+00,3.165874074598e+00,0.000000000000e+00
2.452000000000e-01,-4.531256145647e+00,-1.293196763248e-01,4.533101127942e+00,3.170124384958e+00,0.000000000000e+00
2.456000000000e-01,-4.551353115164e+00,-1.490661429170e-01,4.553793571725e+00,3.174332999703e+00,0.000000000000e+00
2.460000000000e-01,-4.571531302768e+00,-1.688015947194e-01,4.574646700082e+00,3.178500405153e+00,0.000000000000e+00
2.464000000000e-01,-4.591792512350e+00,-1.885274332301e-01,4.595661113437e+00,3.182627087337e+00,0.000000000000e+00
2.468000000000e-01,-4.612138558982e+00,-2.082450315554e-01,4.616837454407e+00,3.186713520667e+00,0.000000000000e+00
2.472000000000e-01,-4.632571266683e+00,-2.279557381462e-01,4.638176404521e+00,3.190760168843e+00,0.000000000000e+00
2.476000000000e-01,-4.653092447823e+00,-2.476609254029e-01,4.659678665097e+00,3.194767495584e+00,0.000000000000e+00
2.480000000000e-01,-4.673703939088e+00,-2.673619980489e-01,4.681344993509e+00,3.198735965889e+00,0.000000000000e+00
2.484000000000e-01,-4.694407560463e+00,-2.870603817154e-01,4.703176161541e+00,3.202666043879e+00,0.000000000000e+00
2.488000000000e-01,-4.715205150350e+00,-3.067574648846e-01,4.725172986479e+00,3.206558180011e+00,0.000000000000e+00
2.492000000000e-01,-4.736098550533e+00,-3.264546188642e-01,4.747336316140e+00,3.210412815627e+00,0.000000000000e+00
2.496000000000e-01,-4.757089597960e+00,-3.461532427019e-01,4.769667023017e+00,3.214230392557e+00,0.000000000000e+00
2.500000000000e-01,-4.778180150304e+00,-3.658547699361e-01,4.792166030246e+00,3.218011354009e+00,0.000000000000e+00
2.504000000000e-01,-4.799372049305e+00,-3.855606511476e-01,4.814834273718e+00,3.221756141332e+00,0.000000000000e+00
2.508000000000e-01,-4.820667161482e+00,-4.052722922543e-01,4.837672737242e+00,3.225465180596e+00,0.000000000000e+00
2.512000000000e-01,-4.842067350725e+00,-4.249910919735e-01,4.860682427110e+00,3.229138890935e+00,0.000000000000e+00
2.516000000000e-01,-4.863574484008e+00,-4.447184805220e-01,4.883864380632e+00,3.232777692416e+00,0.000000000000e+00
2.520000000000e-01,-4.885190443256e+00,-4.644559234951e-01,4.907219678367e+00,3.236382006454e+00,0.000000000000e+00
2.524000000000e-01,-4.906917098127e+00,-4.842048966259e-01,4.930749414623e+00,3.239952251074e+00,0.000000000000e+00
2.528000000000e-01,-4.928756347124e+00,-5.039668268662e-01,4.954454732047e+00,3.243488828261e+00,0.000000000000e+00
2.532000000000e-01,-4.950710080796e+00,-5.237431450516e-01,4.978336789137e+00,3.246992135469e+00,0.000000000000e+00
2.536000000000e-01,-4.972780200979e+00,-5.435353172136e-01,5.002396782374e+00,3.250462571481e+00,0.000000000000e+00
2.540000000000e-01,-4.994968616870e+00,-5.633448442340e-01,5.026635942362e+00,3.253900536260e+00,0.000000000000e+00
2.544000000000e-01,-5.017277232836e+00,-5.831732263543e-01,5.051055517719e+00,3.257306424105e+00,0.000000000000e+00
2.548000000000e-01,-5.039707981885e+00,-6.030219171265e-01,5.075656802347e+00,3.260680613928e+00,0.000000000000e+00
2.552000000000e-01,-5.062262786266e+00,-6.228923842366e-01,5.100441102449e+00,3.264023482261e+00,0.000000000000e+00
2.556000000000e-01,-5.084943586563e+00,-6.427861341191e-01,5.125409768276e+00,3.267335407319e+00,0.000000000000e+00
2.560000000000e-01,-5.107752322452e+00,-6.627047056742e-01,5.150564174383e+00,3.270616768089e+00,0.000000000000e+00
2.564000000000e-01,-5.130690939645e+00,-6.826496232338e-01,5.175905720379e+00,3.273867935047e+00,0.000000000000e+00
2.568000000000e-01,-5.153761407202e+00,-7.026223736845e-01,5.201435844300e+00,3.277089265477e+00,0.000000000000e+00
2.572000000000e-01,-5.176965684735e+00,-7.226244666185e-01,5.227155997355e+00,3.280281115935e+00,0.000000000000e+00
2.576000000000e-01,-5.200305753980e+00,-7.426574531156e-01,5.253067677800e+00,3.283443844916e+00,0.000000000000e+00
2.580000000000e-01,-5.223783589114e+00,-7.627229117837e-01,5.279172399729e+00,3.286577810862e+00,0.000000000000e+00
2.584000000000e-01,-5.247401182633e+00,-7.828223921921e-01,5.305471710339e+00,3.289683360841e+00,0.000000000000e+00
2.588000000000e-01,-5.271160540798e+00,-8.029574214902e-01,5.331967185532e+00,3.292760832087e+00,0.000000000000e+00
2.592000000000e-01,-5.295063666838e+00,-8.231295568954e-01,5.358660420600e+00,3.295810562320e+00,0.000000000000e+00
2.596000000000e-01,-5.319112584089e+00,-8.433403976686e-01,5.385553055031e+00,3.298832891196e+00,0.000000000000e+00
2.600000000000e-01,-5.343309306661e+00,-8.635915623400e-01,5.412646740107e+00,3.301828156845e+00,0.000000000000e+00
2.604000000000e-01,-5.367655877146e+00,-8.838846294711e-01,5.439943166401e+00,3.304796683998e+00,0.000000000000e+00
2.608000000000e-01,-5.392154340642e+00,-9.042211732468e-01,5.467444043010e+00,3.307738791419e+00,0.000000000000e+00
2.612000000000e-01,-5.416806749334e+00,-9.246028043997e-01,5.495151108526e+00,3.310654799200e+00,0.000000000000e+00
2.616000000000e-01,-5.441615167654e+00,-9.450311734212e-01,5.523066136810e+00,3.313545029060e+00,0.000000000000e+00
2.620000000000e-01,-5.466581656730e+00,-9.655079368387e-01,5.551190915992e+00,3.316409798712e+00,0.000000000000e+00
2.624000000000e-01,-5.491708309211e+00,-9.860347097374e-01,5.579527274085e+00,3.319249412442e+00,0.000000000000e+00
2.628000000000e-01,-5.516997212206e+00,-1.006613119667e+00,5.608077051198e+00,3.322064171981e+00,0.000000000000e+00
2.632000000000e-01,-5.542450469745e+00,-1.027244836155e+00,5.636842126845e+00,3.324854380964e+00,0.000000000000e+00
2.636000000000e-01,-5.568070187376e+00,-1.047931563161e+00,5.665824403617e+00,3.327620343968e+00,0.000000000000e+00
2.640000000000e-01,-5.593858480660e+00,-1.068674992519e+00,5.695025806903e+00,3.330362358118e+00,0.000000000000e+00
2.644000000000e-01,-5.619817489127e+00,-1.089476786306e+00,5.724448294726e+00,3.333080709723e+00,0.000000000000e+00
2.648000000000e-01,-5.645949347113e+00,-1.110338631736e+00,5.754093838937e+00,3.335775684812e+00,0.000000000000e+00
2.652000000000e-01,-5.672256209774e+00,-1.131262260974e+00,5.783964454630e+00,3.338447571584e+00,0.000000000000e+00
2.656000000000e-01,-5.698740226256e+00,-1.152249431338e+00,5.814062170150e+00,3.341096657818e+00,0.000000000000e+00
2.660000000000e-01,-5.725403570335e+00,-1.173301871183e+00,5.844389046267e+00,3.343723220726e+00,0.000000000000e+00
2.664000000000e-01,-5.752248425365e+00,-1.194421299197e+00,5.874947164621e+00,3.346327530880e+00,0.000000000000e+00
2.668000000000e-01,-5.779276978703e+00,-1.215609469463e+00,5.905738631096e+00,3.348909859990e+00,0.000000000000e+00
2.672000000000e-01,-5.806491432162e+00,-1.236868178709e+00,5.936765587698e+00,3.351470481646e+00,0.000000000000e+00
2.676000000000e-01,-5.833893984482e+00,-1.258199234319e+00,5.968030188883e+00,3.354009666560e+00,0.000000000000e+00
2.680000000000e-01,-5.861486865468e+00,-1.279604408489e+00,5.999534624975e+00,3.356527673925e+00,0.000000000000e+00
2.684000000000e-01,-5.889272302091e+00,-1.301085484835e+00,6.031281098326e+00,3.359024760390e+00,0.000000000000e+00
2.688000000000e-01,-5.917252536568e+00,-1.322644290245e+00,6.063271847777e+00,3.361501184574e+00,0.000000000000e+00
2.692000000000e-01,-5.945429813245e+00,-1.344282686775e+00,6.095509134288e+00,3.363957206102e+00,0.000000000000e+00
2.696000000000e-01,-5.973806387749e+00,-1.366002526413e+00,6.127995239920e+00,3.366393077999e+00,0.000000000000e+00
2.700000000000e-01,-6.002384537575e+00,-1.387805638098e+00,6.160732474800e+00,3.368809044371e+00,0.000000000000e+00
2.704000000000e-01,-6.031166537098e+00,-1.409693878020e+00,6.193723163651e+00,3.371205349398e+00,0.000000000000e+00
2.708000000000e-01,-6.060154678816e+00,-1.431669148625e+00,6.226969670900e+00,3.373582239487e+00,0.000000000000e+00
2.712000000000e-01,-6.089351250004e+00,-1.453733374599e+00,6.260474372630e+00,3.375939960254e+00,0.000000000000e+00
2.716000000000e-01,-6.118758563821e+00,-1.475888453352e+00,6.294239675217e+00,3.378278747707e+00,0.000000000000e+00
2.720000000000e-01,-6.148378938065e+00,-1.498136282088e+00,6.328268000468e+00,3.380598833387e+00,0.000000000000e+00
2.724000000000e-01,-6.178214698061e+00,-1.520478797597e+00,6.362561797678e+00,3.382900450408e+00,0.000000000000e+00
2.728000000000e-01,-6.208268176953e+00,-1.542917977338e+00,6.397123544357e+00,3.385183833511e+00,0.000000000000e+00
2.732000000000e-01,-6.238541710697e+00,-1.565455801128e+00,6.431955732232e+00,3.387449213365e+00,0.000000000000e+00
2.736000000000e-01,-6.269037660224e+00,-1.588094222567e+00,6.467060881503e+00,3.389696811517e+00,0.000000000000e+00
2.740000000000e-01,-6.299758382056e+00,-1.610835216406e+00,6.502441523512e+00,3.391926848749e+00,0.000000000000e+00
2.744000000000e-01,-6.330706248015e+00,-1.633680804080e+00,6.538100226233e+00,3.394139548096e+00,0.000000000000e+00
2.748000000000e-01,-6.361883625875e+00,-1.656633034676e+00,6.574039570976e+00,3.396335132653e+00,0.000000000000e+00
2.752000000000e-01,-6.393292902259e+00,-1.679693937720e+00,6.610262162614e+00,3.398513817739e+00,0.000000000000e+00
2.756000000000e-01,-6.424936471682e+00,-1.702865537440e+00,6.646770622170e+00,3.400675813560e+00,0.000000000000e+00
2.760000000000e-01,-6.456816731257e+00,-1.726149895127e+00,6.683567592348e+00,3.402821331631e+00,0.000000000000e+00
2.764000000000e-01,-6.488936085861e+00,-1.749549114883e+00,6.720655744180e+00,3.404950585316e+00,0.000000000000e+00
2.768000000000e-01,-6.521296939531e+00,-1.773065308093e+00,6.758037759609e+00,3.407063784978e+00,0.000000000000e+00
2.772000000000e-01,-6.553901717841e+00,-1.796700561561e+00,6.795716344510e+00,3.409161132637e+00,0.000000000000e+00
2.776000000000e-01,-6.586752841482e+00,-1.820456981205e+00,6.833694214347e+00,3.411242829333e+00,0.000000000000e+00
2.780000000000e-01,-6.619852741537e+00,-1.844336719332e+00,6.871974116214e+00,3.413309078356e+00,0.000000000000e+00
2.784000000000e-01,-6.653203844294e+00,-1.868341956847e+00,6.910558809636e+00,3.415360083229e+00,0.000000000000e+00
2.788000000000e-01,-6.686808589569e+00,-1.892474857766e+00,6.949451071906e+00,3.417396040652e+00,0.000000000000e+00
2.792000000000e-01,-6.720669422108e+00,-1.916737581904e+00,6.988653692889e+00,3.419417142728e+00,0.000000000000e+00
2.796000000000e-01,-6.754788786287e+00,-1.941132326301e+00,7.028169481135e+00,3.421423582926e+00,0.000000000000e+00
2.800000000000e-01,-6.789169129211e+00,-1.965661330004e+00,7.068001268343e+00,3.423415556531e+00,0.000000000000e+00
2.804000000000e-01,-6.823812895707e+00,-1.990326837654e+00,7.108151894572e+00,3.425393255815e+00,0.000000000000e+00
2.808000000000e-01,-6.858722544315e+00,-2.015131072394e+00,7.148624215807e+00,3.427356865824e+00,0.000000000000e+00
2.812000000000e-01,-6.893900526667e+00,-2.040076279030e+00,7.189421096016e+00,3.429306571110e+00,0.000000000000e+00
2.816000000000e-01,-6.929349298133e+00,-2.065164748373e+00,7.230545424341e+00,3.431242558517e+00,0.000000000000e+00
2.820000000000e-01,-6.965071306174e+00,-2.090398796098e+00,7.272000098103e+00,3.433165014740e+00,0.000000000000e+00
2.824000000000e-01,-7.001069006365e+00,-2.115780718600e+00,7.313788025441e+00,3.435074119882e+00,0.000000000000e+00
2.828000000000e-01,-7.037344851557e+00,-2.141312814486e+00,7.355912120820e+00,3.436970050830e+00,0.000000000000e+00
2.832000000000e-01,-7.073901290550e+00,-2.166997422091e+00,7.398375314607e+00,3.438852986215e+00,0.000000000000e+00
2.836000000000e-01,-7.110740766324e+00,-2.192836917379e+00,7.441180550966e+00,3.440723106120e+00,0.000000000000e+00
2.840000000000e-01,-7.147865717987e+00,-2.218833673534e+00,7.484330777911e+00,3.442580586764e+00,0.000000000000e+00
2.844000000000e-01,-7.185278586149e+00,-2.244990047972e+00,7.527828948380e+00,3.444425598722e+00,0.000000000000e+00
2.848000000000e-01,-7.222981801030e+00,-2.271308426153e+00,7.571678021729e+00,3.446258313048e+00,0.000000000000e+00
2.852000000000e-01,-7.260977786000e+00,-2.297791236893e+00,7.615880971833e+00,3.448078903004e+00,0.000000000000e+00
2.856000000000e-01,-7.299268953055e+00,-2.324440924165e+00,7.660440774457e+00,3.449887540625e+00,0.000000000000e+00
2.860000000000e-01,-7.337857712043e+00,-2.351259908754e+00,7.705360404335e+00,3.451684391620e+00,0.000000000000e+00
2.864000000000e-01,-7.376746461271e+00,-2.378250624966e+00,7.750642837147e+00,3.453469620409e+00,0.000000000000e+00
2.868000000000e-01,-7.415937586126e+00,-2.405415548758e+00,7.796291056876e+00,3.455243393621e+00,0.000000000000e+00
2.872000000000e-01,-7.455433457565e+00,-2.432757184012e+00,7.842308050347e+00,3.457005878384e+00,0.000000000000e+00
2.876000000000e-01,-7.495236435647e+00,-2.460278017644e+00,7.888696796705e+00,3.458757236735e+00,0.000000000000e+00
2.880000000000e-01,-7.535348868102e+00,-2.487980533232e+00,7.935460270063e+00,3.460497627431e+00,0.000000000000e+00
2.884000000000e-01,-7.575773083791e+00,-2.515867249345e+00,7.982601445232e+00,3.462227210842e+00,0.000000000000e+00
2.888000000000e-01,-7.616511392259e+00,-2.543940719864e+00,8.030123297596e+00,3.463946148921e+00,0.000000000000e+00
2.892000000000e-01,-7.657566085108e+00,-2.572203494501e+00,8.078028792033e+00,3.465654600445e+00,0.000000000000e+00
2.896000000000e-01,-7.698939435728e+00,-2.600658104859e+00,8.126320878071e+00,3.467352719468e+00,0.000000000000e+00
2.900000000000e-01,-7.740633695886e+00,-2.629307108561e+00,8.175002500612e+00,3.469040660693e+00,0.000000000000e+00
2.904000000000e-01,-7.782651088967e+00,-2.658153100523e+00,8.224076597310e+00,3.470718580986e+00,0.000000000000e+00
2.908000000000e-01,-7.824993816400e+00,-2.687198684615e+00,8.273546095678e+00,3.472386635795e+00,0.000000000000e+00
2.912000000000e-01,-7.867664050782e+00,-2.716446437597e+00,8.323413894809e+00,3.474044975342e+00,0.000000000000e+00
2.916000000000e-01,-7.910663941402e+00,-2.745898951756e+00,8.373682884314e+00,3.475693749364e+00,0.000000000000e+00
2.920000000000e-01,-7.953995598471e+00,-2.775558854426e+00,8.424355935908e+00,3.477333109909e+00,0.000000000000e+00
2.924000000000e-01,-7.997661105752e+00,-2.805428791333e+00,8.475435910070e+00,3.478963208902e+00,0.000000000000e+00
2.928000000000e-01,-8.041662507108e+00,-2.835511379560e+00,8.526925627789e+00,3.480584193440e+00,0.000000000000e+00
2.932000000000e-01,-8.086001817878e+00,-2.865809239302e+00,8.578827891665e+00,3.482196208989e+00,0.000000000000e+00
2.936000000000e-01,-8.130681005919e+00,-2.896325021196e+00,8.631145477190e+00,3.483799403127e+00,0.000000000000e+00
2.940000000000e-01,-8.175702003772e+00,-2.927061399155e+00,8.683881142031e+00,3.485393924226e+00,0.000000000000e+00
2.944000000000e-01,-8.221066695825e+00,-2.958021022069e+00,8.737037597733e+00,3.486979916692e+00,0.000000000000e+00
2.948000000000e-01,-8.266776926984e+00,-2.989206528537e+00,8.790617522720e+00,3.488557522337e+00,0.000000000000e+00
2.952000000000e-01,-8.312834489341e+00,-3.020620582197e+00,8.844623561734e+00,3.490126884707e+00,0.000000000000e+00
2.956000000000e-01,-8.359241125899e+00,-3.052265870655e+00,8.899058329176e+00,3.491688148771e+00,0.000000000000e+00
2.960000000000e-01,-8.405998525966e+00,-3.084145061885e+00,8.953924389970e+00,3.493241456463e+00,0.000000000000e+00
2.964000000000e-01,-8.453108323334e+00,-3.116260800706e+00,9.009224256507e+00,3.494786946479e+00,0.000000000000e+00
2.968000000000e-01,-8.500572095363e+00,-3.148615751292e+00,9.064960402437e+00,3.496324758815e+00,0.000000000000e+00
2.972000000000e-01,-8.548391352849e+00,-3.181212599045e+00,9.121135254001e+00,3.497855035290e+00,0.000000000000e+00
2.976000000000e-01,-8.596567548457e+00,-3.214054014637e+00,9.177751185567e+00,3.499377915501e+00,0.000000000000e+00
2.980000000000e-01,-8.645102059934e+00,-3.247142633890e+00,9.234810496784e+00,3.500893535488e+00,0.000000000000e+00
2.984000000000e-01,-8.693996204766e+00,-3.280481106132e+00,9.292315443213e+00,3.502402032167e+00,0.000000000000e+00
2.988000000000e-01,-8.743251214287e+00,-3.314072096654e+00,9.350268213156e+00,3.503903544528e+00,0.000000000000e+00
2.992000000000e-01,-8.792868256519e+00,-3.347918259031e+00,9.408670939387e+00,3.505398209960e+00,0.000000000000e+00
2.996000000000e-01,-8.842848403457e+00,-3.382022201467e+00,9.467525656566e+00,3.506886162215e+00,0.000000000000e+00
3.000000000000e-01,-8.893192661192e+00,-3.416386539631e+00,9.526834348158e+00,3.508367535591e+00,0.000000000000e+00
3.004000000000e-01,-8.943901929131e+00,-3.451013898149e+00,9.586598909057e+00,3.509842466587e+00,0.000000000000e+00
3.008000000000e-01,-8.994977036143e+00,-3.485906890323e+00,9.646821172217e+00,3.511311090540e+00,0.000000000000e+00
3.012000000000e-01,-9.046418693206e+00,-3.521068074316e+00,9.707502848661e+00,3.512773539219e+00,0.000000000000e+00
3.016000000000e-01,-9.098227537130e+00,-3.556500009553e+00,9.768645588583e+00,3.514229944730e+00,0.000000000000e+00
3.020000000000e-01,-9.150404077020e+00,-3.592205256165e+00,9.830250931444e+00,3.515680441438e+00,0.000000000000e+00
3.024000000000e-01,-9.202948741570e+00,-3.628186360433e+00,9.892320344893e+00,3.517125162803e+00,0.000000000000e+00
3.028000000000e-01,-9.255861819272e+00,-3.664445803914e+00,9.954855150492e+00,3.518564238875e+00,0.000000000000e+00
3.032000000000e-01,-9.309143513315e+00,-3.700986063148e+00,1.001785659665e+01,3.519997799960e+00,0.000000000000e+00
3.036000000000e-01,-9.362793877757e+00,-3.737809606123e+00,1.008132579818e+01,3.521425978643e+00,0.000000000000e+00
3.040000000000e-01,-9.416812873427e+00,-3.774918881351e+00,1.014526378434e+01,3.522848906706e+00,0.000000000000e+00
3.044000000000e-01,-9.471200298358e+00,-3.812316262889e+00,1.020967141390e+01,3.524266712709e+00,0.000000000000e+00
3.048000000000e-01,-9.525955851025e+00,-3.850004113349e+00,1.027454945720e+01,3.525679525534e+00,0.000000000000e+00
3.052000000000e-01,-9.581079059296e+00,-3.887984776698e+00,1.033989852776e+01,3.527087476327e+00,0.000000000000e+00
3.056000000000e-01,-9.636569341321e+00,-3.926260568328e+00,1.040571913519e+01,3.528490695384e+00,0.000000000000e+00
3.060000000000e-01,-9.692425930428e+00,-3.964833719555e+00,1.047201159475e+01,3.529889310005e+00,0.000000000000e+00
3.064000000000e-01,-9.748647941950e+00,-4.003706443166e+00,1.053877611391e+01,3.531283448008e+00,0.000000000000e+00
3.068000000000e-01,-9.805234300496e+00,-4.042880922758e+00,1.060601272125e+01,3.532673239414e+00,0.000000000000e+00
3.072000000000e-01,-9.862183798922e+00,-4.082359299921e+00,1.067372131627e+01,3.534058813219e+00,0.000000000000e+00
3.076000000000e-01,-9.919495026042e+00,-4.122143623789e+00,1.074190158337e+01,3.535440295701e+00,0.000000000000e+00
3.080000000000e-01,-9.977166427618e+00,-4.162235916039e+00,1.081055307305e+01,3.536817813961e+00,0.000000000000e+00
3.084000000000e-01,-1.003519624279e+01,-4.202638158925e+00,1.087967513882e+01,3.538191497178e+00,0.000000000000e+00
3.088000000000e-01,-1.009358254817e+01,-4.243352273569e+00,1.094926696972e+01,3.539561473218e+00,0.000000000000e+00
3.092000000000e-01,-1.015232320350e+01,-4.284380083485e+00,1.101932752613e+01,3.540927867592e+00,0.000000000000e+00
3.096000000000e-01,-1.021141589034e+01,-4.325723372096e+00,1.108985559768e+01,3.542290807033e+00,0.000000000000e+00
3.100000000000e-01,-1.027085807560e+01,-4.367383874438e+00,1.116084976675e+01,3.543650420102e+00,0.000000000000e+00
3.104000000000e-01,-1.033064702064e+01,-4.409363238321e+00,1.123230840177e+01,3.545006833702e+00,0.000000000000e+00
3.108000000000e-01,-1.039077976715e+01,-4.451663014122e+00,1.130422964030e+01,3.546360172864e+00,0.000000000000e+00
3.112000000000e-01,-1.045125313073e+01,-4.494284693970e+00,1.137661139852e+01,3.547710564283e+00,0.000000000000e+00
3.116000000000e-01,-1.051206371418e+01,-4.537229714126e+00,1.144945138466e+01,3.549058136065e+00,0.000000000000e+00
3.120000000000e-01,-1.057320785898e+01,-4.580499390847e+00,1.152274702920e+01,3.550403014326e+00,0.000000000000e+00
3.124000000000e-01,-1.063468169379e+01,-4.624094948974e+00,1.159649554069e+01,3.551745323946e+00,0.000000000000e+00
3.128000000000e-01,-1.069648106330e+01,-4.668017531323e+00,1.167069384442e+01,3.553085191866e+00,0.000000000000e+00
3.132000000000e-01,-1.075860160620e+01,-4.712268216271e+00,1.174533866106e+01,3.554422745839e+00,0.000000000000e+00
3.136000000000e-01,-1.082103863971e+01,-4.756847927438e+00,1.182042636485e+01,3.555758111402e+00,0.000000000000e+00
3.140000000000e-01,-1.088378727391e+01,-4.801757504586e+00,1.189595311678e+01,3.557091413663e+00,0.000000000000e+00
3.144000000000e-01,-1.094684228247e+01,-4.846997680878e+00,1.197191473724e+01,3.558422780021e+00,0.000000000000e+00
3.148000000000e-01,-1.101019822500e+01,-4.892569106440e+00,1.204830682772e+01,3.559752337890e+00,0.000000000000e+00
3.152000000000e-01,-1.107384930089e+01,-4.938472253325e+00,1.212512459877e+01,3.561080212524e+00,0.000000000000e+00
3.156000000000e-01,-1.113778947796e+01,-4.984707505689e+00,1.220236302413e+01,3.562406529689e+00,0.000000000000e+00
3.160000000000e-01,-1.120201237271e+01,-5.031275127263e+00,1.228001671842e+01,3.563731417300e+00,0.000000000000e+00
3.164000000000e-01,-1.126651133349e+01,-5.078175257261e+00,1.235808001152e+01,3.565055002440e+00,0.000000000000e+00
3.168000000000e-01,-1.133127936007e+01,-5.125407860297e+00,1.243654685475e+01,3.566377410482e+00,0.000000000000e+00
3.172000000000e-01,-1.139630914653e+01,-5.172972786072e+00,1.251541088454e+01,3.567698768226e+00,0.000000000000e+00
3.176000000000e-01,-1.146159306733e+01,-5.220869763800e+00,1.259466540769e+01,3.569019204037e+00,0.000000000000e+00
3.180000000000e-01,-1.152712313330e+01,-5.269098338005e+00,1.267430333493e+01,3.570338844753e+00,0.000000000000e+00
3.184000000000e-01,-1.159289105328e+01,-5.317657903030e+00,1.275431725131e+01,3.571657816348e+00,0.000000000000e+00
3.188000000000e-01,-1.165888813584e+01,-5.366547697414e+00,1.283469932459e+01,3.572976246890e+00,0.000000000000e+00
3.192000000000e-01,-1.172510540669e+01,-5.415766834934e+00,1.291544142522e+01,3.574294265019e+00,0.000000000000e+00
3.196000000000e-01,-1.179153344826e+01,-5.465314194837e+00,1.299653493473e+01,3.575611997575e+00,0.000000000000e+00
3.200000000000e-01,-1.185816255417e+01,-5.515188520166e+00,1.307797092725e+01,3.576929571699e+00,0.000000000000e+00
3.204000000000e-01,-1.192498258312e+01,-5.565388374827e+00,1.315974001910e+01,3.578247116683e+00,0.000000000000e+00
3.208000000000e-01,-1.199198306699e+01,-5.615912152471e+00,1.324183247074e+01,3.579564761253e+00,0.000000000000e+00
3.212000000000e-01,-1.205915311701e+01,-5.666758017681e+00,1.332423807692e+01,3.580882632725e+00,0.000000000000e+00
3.216000000000e-01,-1.212648146806e+01,-5.717923965941e+00,1.340694623229e+01,3.582200859894e+00,0.000000000000e+00
3.220000000000e-01,-1.219395648368e+01,-5.769407822995e+00,1.348994593592e+01,3.583519572953e+00,0.000000000000e+00
3.224000000000e-01,-1.226156608027e+01,-5.821207165302e+00,1.357322568891e+01,3.584838900727e+00,0.000000000000e+00
3.228000000000e-01,-1.232929783403e+01,-5.873319381916e+00,1.365677361759e+01,3.586158971654e+00,0.000000000000e+00
3.232000000000e-01,-1.239713884339e+01,-5.925741644443e+00,1.374057733645e+01,3.587479916303e+00,0.000000000000e+00
3.236000000000e-01,-1.246507587424e+01,-5.978470943267e+00,1.382462409507e+01,3.588801865368e+00,0.000000000000e+00
3.240000000000e-01,-1.253309520300e+01,-6.031503985561e+00,1.390890059261e+01,3.590124948101e+00,0.000000000000e+00
3.244000000000e-01,-1.260118274032e+01,-6.084837288364e+00,1.399339312965e+01,3.591449294758e+00,0.000000000000e+00
3.248000000000e-01,-1.266932396031e+01,-6.138467152903e+00,1.407808753342e+01,3.592775037300e+00,0.000000000000e+00
3.252000000000e-01,-1.273750389968e+01,-6.192389618969e+00,1.416296913742e+01,3.594102306689e+00,0.000000000000e+00
3.256000000000e-01,-1.280570720777e+01,-6.246600491676e+00,1.424802283805e+01,3.595431233294e+00,0.000000000000e+00
3.260000000000e-01,-1.287391805019e+01,-6.301095331684e+00,1.433323300383e+01,3.596761949464e+00,0.000000000000e+00
3.264000000000e-01,-1.294212024096e+01,-6.355869491688e+00,1.441858361029e+01,3.598094587944e+00,0.000000000000e+00
3.268000000000e-01,-1.301029708766e+01,-6.410918009719e+00,1.450405805409e+01,3.599429280178e+00,0.000000000000e+00
3.272000000000e-01,-1.307843152801e+01,-6.466235706754e+00,1.458963931865e+01,3.600766158471e+00,0.000000000000e+00
3.276000000000e-01,-1.314650605032e+01,-6.521817157750e+00,1.467530989009e+01,3.602105356813e+00,0.000000000000e+00
3.280000000000e-01,-1.321450270680e+01,-6.577656653109e+00,1.476105175231e+01,3.603447008337e+00,0.000000000000e+00
3.284000000000e-01,-1.328240316119e+01,-6.633748224120e+00,1.484684644082e+01,3.604791245694e+00,0.000000000000e+00
3.288000000000e-01,-1.335018859990e+01,-6.690085634067e+00,1.493267495943e+01,3.606138203429e+00,0.000000000000e+00
3.292000000000e-01,-1.341783985975e+01,-6.746662411883e+00,1.501851790963e+01,3.607488016383e+00,0.000000000000e+00
3.296000000000e-01,-1.348533729743e+01,-6.803471758677e+00,1.510435533204e+01,3.608840818269e+00,0.000000000000e+00
3.300000000000e-01,-1.355266089881e+01,-6.860506634258e+00,1.519016684296e+01,3.610196743821e+00,0.000000000000e+00
3.304000000000e-01,-1.361979024387e+01,-6.917759742564e+00,1.527593159656e+01,3.611555929194e+00,0.000000000000e+00
3.308000000000e-01,-1.368670448219e+01,-6.975223475246e+00,1.536162823767e+01,3.612918509628e+00,0.000000000000e+00
3.312000000000e-01,-1.375338242167e+01,-7.032889965393e+00,1.544723500508e+01,3.614284620235e+00,0.000000000000e+00
3.316000000000e-01,-1.381980242940e+01,-7.090751066600e+00,1.553272963378e+01,3.615654397952e+00,0.000000000000e+00
3.320000000000e-01,-1.388594254566e+01,-7.148798373546e+00,1.561808946597e+01,3.617027979609e+00,0.000000000000e+00
3.324000000000e-01,-1.395178041450e+01,-7.207023168535e+00,1.570329136475e+01,3.618405501173e+00,0.000000000000e+00
3.328000000000e-01,-1.401729332217e+01,-7.265416475368e+00,1.578831177297e+01,3.619787099962e+00,0.000000000000e+00
3.332000000000e-01,-1.408245824240e+01,-7.323969070256e+00,1.587312675849e+01,3.621172914167e+00,0.000000000000e+00
3.336000000000e-01,-1.414725176435e+01,-7.382671406425e+00,1.595771191553e+01,3.622563080969e+00,0.000000000000e+00
3.340000000000e-01,-1.421165020260e+01,-7.441513692686e+00,1.604204249837e+01,3.623957738020e+00,0.000000000000e+00
3.344000000000e-01,-1.427562953769e+01,-7.500485876828e+00,1.612609336095e+01,3.625357024469e+00,0.000000000000e+00
3.348000000000e-01,-1.433916546050e+01,-7.559577625821e+00,1.620983898700e+01,3.626761078842e+00,0.000000000000e+00
3.352000000000e-01,-1.440223340425e+01,-7.618778342638e+00,1.629325352607e+01,3.628170039307e+00,0.000000000000e+00
3.356000000000e-01,-1.446480850857e+01,-7.678077177783e+00,1.637631076700e+01,3.629584045592e+00,0.000000000000e+00
3.360000000000e-01,-1.452686570475e+01,-7.737463042133e+00,1.645898421933e+01,3.631003237456e+00,0.000000000000e+00
3.364000000000e-01,-1.458837967686e+01,-7.796924565306e+00,1.654124705920e+01,3.632427753823e+00,0.000000000000e+00
3.368000000000e-01,-1.464932490744e+01,-7.856450151563e+00,1.662307219583e+01,3.633857734727e+00,0.000000000000e+00
3.372000000000e-01,-1.470967570979e+01,-7.916027985670e+00,1.670443230275e+01,3.635293320921e+00,0.000000000000e+00
3.376000000000e-01,-1.476940620950e+01,-7.975645986787e+00,1.678529977951e+01,3.636734652193e+00,0.000000000000e+00
3.380000000000e-01,-1.482849041250e+01,-8.035291867393e+00,1.686564683930e+01,3.638181868800e+00,0.000000000000e+00
3.384000000000e-01,-1.488690219539e+01,-8.094953137205e+00,1.694544550222e+01,3.639635112148e+00,0.000000000000e+00
3.388000000000e-01,-1.494461534066e+01,-8.154617081370e+00,1.702466761567e+01,3.641094522879e+00,0.000000000000e+00
3.392000000000e-01,-1.500160357134e+01,-8.214270786217e+00,1.710328489680e+01,3.642560241465e+00,0.000000000000e+00
3.396000000000e-01,-1.505784055372e+01,-8.273901164713e+00,1.718126894687e+01,3.644032409640e+00,0.000000000000e+00
3.400000000000e-01,-1.511329994727e+01,-8.333494947833e+00,1.725859129076e+01,3.645511168748e+00,0.000000000000e+00
3.404000000000e-01,-1.516795541900e+01,-8.393038683237e+00,1.733522338856e+01,3.646996659483e+00,0.000000000000e+00
3.408000000000e-01,-1.522178067366e+01,-8.452518782254e+00,1.741113668436e+01,3.648489023616e+00,0.000000000000e+00
3.412000000000e-01,-1.527474948328e+01,-8.511921512517e+00,1.748630262841e+01,3.649988402958e+00,0.000000000000e+00
3.416000000000e-01,-1.532683571887e+01,-8.571232992170e+00,1.756069270158e+01,3.651494938367e+00,0.000000000000e+00
3.420000000000e-01,-1.537801338075e+01,-8.630439236882e+00,1.763427846440e+01,3.653008771420e+00,0.000000000000e+00
3.424000000000e-01,-1.542825661544e+01,-8.689526160222e+00,1.770703157170e+01,3.654530044097e+00,0.000000000000e+00
3.428000000000e-01,-1.547753977554e+01,-8.748479574192e+00,1.777892382467e+01,3.656058897287e+00,0.000000000000e+00
3.432000000000e-01,-1.552583742561e+01,-8.807285217917e+00,1.784992718966e+01,3.657595472178e+00,0.000000000000e+00
3.436000000000e-01,-1.557312437410e+01,-8.865928779972e+00,1.792001383657e+01,3.659139910572e+00,0.000000000000e+00
3.440000000000e-01,-1.561937573814e+01,-8.924395898367e+00,1.798915619478e+01,3.660692353199e+00,0.000000000000e+00
3.444000000000e-01,-1.566456693151e+01,-8.982672170875e+00,1.805732694728e+01,3.662252940650e+00,0.000000000000e+00
3.448000000000e-01,-1.570867372527e+01,-9.040743205197e+00,1.812449910782e+01,3.663821814201e+00,0.000000000000e+00
3.452000000000e-01,-1.575167228858e+01,-9.098594606564e+00,1.819064604959e+01,3.665399114157e+00,0.000000000000e+00
3.456000000000e-01,-1.579353918322e+01,-9.156211982319e+00,1.825574150225e+01,3.666984980278e+00,0.000000000000e+00
3.460000000000e-01,-1.583425144501e+01,-9.213581012898e+00,1.831975965740e+01,3.668579552963e+00,0.000000000000e+00
3.464000000000e-01,-1.587378658698e+01,-9.270687422278e+00,1.838267515599e+01,3.670182971768e+00,0.000000000000e+00
3.468000000000e-01,-1.591212262492e+01,-9.327516991115e+00,1.844446311634e+01,3.671795375352e+00,0.000000000000e+00
3.472000000000e-01,-1.594923815500e+01,-9.384055632043e+00,1.850509923859e+01,3.673416902871e+00,0.000000000000e+00
3.476000000000e-01,-1.598511232787e+01,-9.440289349421e+00,1.856455976142e+01,3.675047692771e+00,0.000000000000e+00
3.480000000000e-01,-1.601972491546e+01,-9.496204268309e+00,1.862282153360e+01,3.676687882283e+00,0.000000000000e+00
3.484000000000e-01,-1.605305636068e+01,-9.551786697982e+00,1.867986208843e+01,3.678337608946e+00,0.000000000000e+00
3.488000000000e-01,-1.608508774103e+01,-9.607023092335e+00,1.873565959163e+01,3.679997009692e+00,0.000000000000e+00
3.492000000000e-01,-1.611580087259e+01,-9.661900093982e+00,1.879019295247e+01,3.681666219953e+00,0.000000000000e+00
3.496000000000e-01,-1.614517831932e+01,-9.716404577183e+00,1.884344185307e+01,3.683345375255e+00,0.000000000000e+00
3.500000000000e-01,-1.617320336187e+01,-9.770523617861e+00,1.889538670553e+01,3.685034610575e+00,0.000000000000e+00
3.504000000000e-01,-1.619986012738e+01,-9.824244547957e+00,1.894600879037e+01,3.686734059129e+00,0.000000000000e+00
3.508000000000e-01,-1.622513355728e+01,-9.877554975826e+00,1.899529023869e+01,3.688443854004e+00,0.000000000000e+00
3.512000000000e-01,-1.624900939049e+01,-9.930442770936e+00,1.904321400917e+01,3.690164127749e+00,0.000000000000e+00
3.516000000000e-01,-1.627147430546e+01,-9.982896121902e+00,1.908976403872e+01,3.691895010907e+00,0.000000000000e+00
3.520000000000e-01,-1.629251585290e+01,-1.003490353727e+01,1.913492518458e+01,3.693636633664e+00,0.000000000000e+00
3.524000000000e-01,-1.631212245619e+01,-1.008645384616e+01,1.917868322426e+01,3.695389125638e+00,0.000000000000e+00
3.528000000000e-01,-1.633028355366e+01,-1.013753625377e+01,1.922102500491e+01,3.697152614199e+00,0.000000000000e+00
3.532000000000e-01,-1.634698950581e+01,-1.018814032784e+01,1.926193835633e+01,3.698927226134e+00,0.000000000000e+00
3.536000000000e-01,-1.636223161096e+01,-1.023825601360e+01,1.930141211132e+01,3.700713087596e+00,0.000000000000e+00
3.540000000000e-01,-1.637600223947e+01,-1.028787368216e+01,1.933943624430e+01,3.702510322244e+00,0.000000000000e+00
3.544000000000e-01,-1.638829472479e+01,-1.033698410834e+01,1.937600176617e+01,3.704319052930e+00,0.000000000000e+00
3.548000000000e-01,-1.639910338921e+01,-1.038557849623e+01,1.941110075888e+01,3.706139401779e+00,0.000000000000e+00
3.552000000000e-01,-1.640842366665e+01,-1.043364851851e+01,1.944472649929e+01,3.707971488161e+00,0.000000000000e+00
3.556000000000e-01,-1.641625198402e+01,-1.048118628990e+01,1.947687334370e+01,3.709815430421e+00,0.000000000000e+00
3.560000000000e-01,-1.642258579121e+01,-1.052818439917e+01,1.950753676948e+01,3.711671346064e+00,0.000000000000e+00
3.564000000000e-01,-1.642742367271e+01,-1.057463593913e+01,1.953671348431e+01,3.713539349551e+00,0.000000000000e+00
3.568000000000e-01,-1.643076522288e+01,-1.062053447886e+01,1.956440130508e+01,3.715419554122e+00,0.000000000000e+00
3.572000000000e-01,-1.643261107476e+01,-1.066587409771e+01,1.959059919968e+01,3.717312072033e+00,0.000000000000e+00
3.576000000000e-01,-1.643296300288e+01,-1.071064940723e+01,1.961530738425e+01,3.719217012187e+00,0.000000000000e+00
3.580000000000e-01,-1.643182379414e+01,-1.075485552395e+01,1.963852719892e+01,3.721134482081e+00,0.000000000000e+00
3.584000000000e-01,-1.642919727095e+01,-1.079848810167e+01,1.966026114399e+01,3.723064588071e+00,0.000000000000e+00
3.588000000000e-01,-1.642508838813e+01,-1.084154334653e+01,1.968051296822e+01,3.725007432814e+00,0.000000000000e+00
3.592000000000e-01,-1.641950310039e+01,-1.088401799228e+01,1.969928754346e+01,3.726963117401e+00,0.000000000000e+00
3.596000000000e-01,-1.641244837635e+01,-1.092590932708e+01,1.971659089016e+01,3.728931741603e+00,0.000000000000e+00
3.600000000000e-01,-1.640393229198e+01,-1.096721520306e+01,1.973243025961e+01,3.730913401113e+00,0.000000000000e+00
3.604000000000e-01,-1.639396389587e+01,-1.100793401599e+01,1.974681400935e+01,3.732908189935e+00,0.000000000000e+00
3.608000000000e-01,-1.638255321161e+01,-1.104806472333e+01,1.975975161438e+01,3.734916200535e+00,0.000000000000e+00
3.612000000000e-01,-1.636971132926e+01,-1.108760684896e+01,1.977125374478e+01,3.736937520903e+00,0.000000000000e+00
3.616000000000e-01,-1.635545026994e+01,-1.112656046977e+01,1.978133214473e+01,3.738972237245e+00,0.000000000000e+00
3.620000000000e-01,-1.633978297571e+01,-1.116492622201e+01,1.978999962699e+01,3.741020433978e+00,0.000000000000e+00
3.624000000000e-01,-1.632272339844e+01,-1.120270530123e+01,1.979727014535e+01,3.743082190627e+00,0.000000000000e+00
3.628000000000e-01,-1.630428636637e+01,-1.123989945872e+01,1.980315868135e+01,3.745157584877e+00,0.000000000000e+00
3.632000000000e-01,-1.628448756219e+01,-1.127651099384e+01,1.980768122111e+01,3.747246692319e+00,0.000000000000e+00
3.636000000000e-01,-1.626334360608e+01,-1.131254274837e+01,1.981085481959e+01,3.749349583236e+00,0.000000000000e+00
3.640000000000e-01,-1.624087192865e+01,-1.134799811622e+01,1.981269750055e+01,3.751466326061e+00,0.000000000000e+00
3.644000000000e-01,-1.621709073841e+01,-1.138288101973e+01,1.981322821569e+01,3.753596986746e+00,0.000000000000e+00
3.648000000000e-01,-1.619201909501e+01,-1.141719589760e+01,1.981246689681e+01,3.755741625559e+00,0.000000000000e+00
3.652000000000e-01,-1.616567679250e+01,-1.145094773084e+01,1.981043437419e+01,3.757900300931e+00,0.000000000000e+00
3.656000000000e-01,-1.613808431913e+01,-1.148414200152e+01,1.980715231936e+01,3.760073068344e+00,0.000000000000e+00
3.660000000000e-01,-1.610926291602e+01,-1.151678467425e+01,1.980264328140e+01,3.762259977272e+00,0.000000000000e+00
3.664000000000e-01,-1.607923447397e+01,-1.154888223978e+01,1.979693062718e+01,3.764461075394e+00,0.000000000000e+00
3.668000000000e-01,-1.604802148953e+01,-1.158044165550e+01,1.979003847052e+01,3.766676406867e+00,0.000000000000e+00
3.672000000000e-01,-1.601564710518e+01,-1.161147032185e+01,1.978199169024e+01,3.768906009604e+00,0.000000000000e+00
3.676000000000e-01,-1.598213502072e+01,-1.164197614258e+01,1.977281589265e+01,3.771149919778e+00,0.000000000000e+00
3.680000000000e-01,-1.594750945079e+01,-1.167196744726e+01,1.976253733135e+01,3.773408169353e+00,0.000000000000e+00
3.684000000000e-01,-1.591179514404e+01,-1.170145296595e+01,1.975118290686e+01,3.775680783928e+00,0.000000000000e+00
3.688000000000e-01,-1.587501730752e+01,-1.173044190211e+01,1.973878014805e+01,3.777967787415e+00,0.000000000000e+00
3.692000000000e-01,-1.583720157184e+01,-1.175894383866e+01,1.972535712802e+01,3.780269198714e+00,0.000000000000e+00
3.696000000000e-01,-1.579837398824e+01,-1.178696871593e+01,1.971094244785e+01,3.782585030383e+00,0.000000000000e+00
3.700000000000e-01,-1.575856096259e+01,-1.181452691046e+01,1.969556523001e+01,3.784915293313e+00,0.000000000000e+00
3.704000000000e-01,-1.571778923407e+01,-1.184162912722e+01,1.967925503654e+01,3.787259992487e+00,0.000000000000e+00
3.708000000000e-01,-1.567608585105e+01,-1.186828638728e+01,1.966204184158e+01,3.789619126717e+00,0.000000000000e+00
3.712000000000e-01,-1.563347810997e+01,-1.189451010374e+01,1.964395602782e+01,3.791992693120e+00,0.000000000000e+00
3.716000000000e-01,-1.558999355277e+01,-1.192031196351e+01,1.962502831292e+01,3.794380681926e+00,0.000000000000e+00
3.720000000000e-01,-1.554565992281e+01,-1.194570393119e+01,1.960528971597e+01,3.796783077541e+00,0.000000000000e+00
3.724000000000e-01,-1.550050510604e+01,-1.197069831364e+01,1.958477154982e+01,3.799199862546e+00,0.000000000000e+00
3.728000000000e-01,-1.545455714888e+01,-1.199530763443e+01,1.956350535852e+01,3.801631011637e+00,0.000000000000e+00
3.732000000000e-01,-1.540784419581e+01,-1.201954465927e+01,1.954152288279e+01,3.804076494185e+00,0.000000000000e+00
3.736000000000e-01,-1.536039443446e+01,-1.204342244314e+01,1.951885604553e+01,3.806536277479e+00,0.000000000000e+00
3.740000000000e-01,-1.531223613013e+01,-1.206695419909e+01,1.949553689817e+01,3.809010319962e+00,0.000000000000e+00
3.744000000000e-01,-1.526339754798e+01,-1.209015334940e+01,1.947159759033e+01,3.811498575393e+00,0.000000000000e+00
3.748000000000e-01,-1.521390690678e+01,-1.211303355091e+01,1.944707034938e+01,3.814000995000e+00,0.000000000000e+00
3.752000000000e-01,-1.516379242250e+01,-1.213560856059e+01,1.942198743096e+01,3.816517520354e+00,0.000000000000e+00
3.756000000000e-01,-1.511308221853e+01,-1.215789231348e+01,1.939638109675e+01,3.819048089066e+00,0.000000000000e+00
3.760000000000e-01,-1.506180429460e+01,-1.217989892328e+01,1.937028359085e+01,3.821592635537e+00,0.000000000000e+00
3.764000000000e-01,-1.500998657022e+01,-1.220164254999e+01,1.934372709061e+01,3.824151083959e+00,0.000000000000e+00
3.768000000000e-01,-1.495765678656e+01,-1.222313750093e+01,1.931674369326e+01,3.826723355307e+00,0.000000000000e+00
3.772000000000e-01,-1.490484249628e+01,-1.224439820454e+01,1.928936539211e+01,3.829309366394e+00,0.000000000000e+00
3.776000000000e-01,-1.485157109948e+01,-1.226543909023e+01,1.926162402808e+01,3.831909023663e+00,0.000000000000e+00
3.780000000000e-01,-1.479786973938e+01,-1.228627470230e+01,1.923355128114e+01,3.834522230988e+00,0.000000000000e+00
3.784000000000e-01,-1.474376531731e+01,-1.230691964737e+01,1.920517864896e+01,3.837148886911e+00,0.000000000000e+00
3.788000000000e-01,-1.468928451672e+01,-1.232738849843e+01,1.917653740393e+01,3.839788879847e+00,0.000000000000e+00
3.792000000000e-01,-1.463445369378e+01,-1.234769590865e+01,1.914765858187e+01,3.842442096147e+00,0.000000000000e+00
3.796000000000e-01,-1.457929891952e+01,-1.236785653423e+01,1.911857296547e+01,3.845108415502e+00,0.000000000000e+00
3.800000000000e-01,-1.452384598918e+01,-1.238788497387e+01,1.908931105209e+01,3.847787708111e+00,0.000000000000e+00
3.804000000000e-01,-1.446812031060e+01,-1.240779587015e+01,1.905990303431e+01,3.850479842418e+00,0.000000000000e+00
3.808000000000e-01,-1.441214697177e+01,-1.242760381024e+01,1.903037878761e+01,3.853184678826e+00,0.000000000000e+00
3.812000000000e-01,-1.435595073293e+01,-1.244732330833e+01,1.900076785260e+01,3.855902069209e+00,0.000000000000e+00
3.816000000000e-01,-1.429955592073e+01,-1.246696888684e+01,1.897109940819e+01,3.858631863767e+00,0.000000000000e+00
3.820000000000e-01,-1.424298651328e+01,-1.248655495642e+01,1.894140225794e+01,3.861373903338e+00,0.000000000000e+00
3.824000000000e-01,-1.418626611363e+01,-1.250609584454e+01,1.891170482848e+01,3.864128021452e+00,0.000000000000e+00
3.828000000000e-01,-1.412941786145e+01,-1.252560585373e+01,1.888203514208e+01,3.866894049769e+00,0.000000000000e+00
3.832000000000e-01,-1.407246452312e+01,-1.254509912235e+01,1.885242079267e+01,3.869671809474e+00,0.000000000000e+00
3.836000000000e-01,-1.401542844738e+01,-1.256458969823e+01,1.882288896127e+01,3.872461115814e+00,0.000000000000e+00
3.840000000000e-01,-1.395833150524e+01,-1.258409157261e+01,1.879346639442e+01,3.875261781668e+00,0.000000000000e+00
3.844000000000e-01,-1.390119517358e+01,-1.260361852808e+01,1.876417936536e+01,3.878073608684e+00,0.000000000000e+00
3.848000000000e-01,-1.384404047420e+01,-1.262318424980e+01,1.873505370304e+01,3.880896393970e+00,0.000000000000e+00
3.852000000000e-01,-1.378688794923e+01,-1.264280233342e+01,1.870611478011e+01,3.883729931439e+00,0.000000000000e+00
3.856000000000e-01,-1.372975773087e+01,-1.266248613485e+01,1.867738746355e+01,3.886574003545e+00,0.000000000000e+00
3.860000000000e-01,-1.367266946450e+01,-1.268224890292e+01,1.864889614753e+01,3.889428389462e+00,0.000000000000e+00
3.864000000000e-01,-1.361564232232e+01,-1.270210376046e+01,1.862066475159e+01,3.892292864057e+00,0.000000000000e+00
3.868000000000e-01,-1.355869505715e+01,-1.272206357706e+01,1.859271667379e+01,3.895167191128e+00,0.000000000000e+00
3.872000000000e-01,-1.350184590944e+01,-1.274214109982e+01,1.856507481186e+01,3.898051132179e+00,0.000000000000e+00
3.876000000000e-01,-1.344511265880e+01,-1.276234891129e+01,1.853776157310e+01,3.900944443134e+00,0.000000000000e+00
3.880000000000e-01,-1.338851266055e+01,-1.278269934195e+01,1.851079884090e+01,3.903846869803e+00,0.000000000000e+00
3.884000000000e-01,-1.333206274108e+01,-1.280320458007e+01,1.848420797468e+01,3.906758156345e+00,0.000000000000e+00
3.888000000000e-01,-1.327577928145e+01,-1.282387661100e+01,1.845800982945e+01,3.909678040088e+00,0.000000000000e+00
3.892000000000e-01,-1.321967823501e+01,-1.284472717752e+01,1.843222474098e+01,3.912606249601e+00,0.000000000000e+00
3.896000000000e-01,-1.316377502226e+01,-1.286576786008e+01,1.840687250638e+01,3.915542512109e+00,0.000000000000e+00
3.900000000000e-01,-1.310808463411e+01,-1.288700999968e+01,1.838197240524e+01,3.918486546933e+00,0.000000000000e+00
3.904000000000e-01,-1.305262162913e+01,-1.290846470576e+01,1.835754320309e+01,3.921438066232e+00,0.000000000000e+00
3.908000000000e-01,-1.299740004476e+01,-1.293014290915e+01,1.833360312580e+01,3.924396780797e+00,0.000000000000e+00
3.912000000000e-01,-1.294243350161e+01,-1.295205526721e+01,1.831016986782e+01,3.927362392778e+00,0.000000000000e+00
3.916000000000e-01,-1.288773518282e+01,-1.297421221499e+01,1.828726061340e+01,3.930334598820e+00,0.000000000000e+00
3.920000000000e-01,-1.283331777512e+01,-1.299662399529e+01,1.826489201698e+01,3.933313093892e+00,0.000000000000e+00
3.924000000000e-01,-1.277919355849e+01,-1.301930054989e+01,1.824308018986e+01,3.936297564041e+00,0.000000000000e+00
3.928000000000e-01,-1.272537437150e+01,-1.304225160319e+01,1.822184073511e+01,3.939287691361e+00,0.000000000000e+00
3.932000000000e-01,-1.267187158834e+01,-1.306548667271e+01,1.820118873992e+01,3.942283155729e+00,0.000000000000e+00
3.936000000000e-01,-1.261869618637e+01,-1.308901495900e+01,1.818113874434e+01,3.945283628368e+00,0.000000000000e+00
3.940000000000e-01,-1.256585870004e+01,-1.311284544342e+01,1.816170477935e+01,3.948288777852e+00,0.000000000000e+00
3.944000000000e-01,-1.251336923288e+01,-1.313698688158e+01,1.814290037136e+01,3.951298269839e+00,0.000000000000e+00
3.948000000000e-01,-1.246123750414e+01,-1.316144771154e+01,1.812473850841e+01,3.954311762181e+00,0.000000000000e+00
3.952000000000e-01,-1.240947279160e+01,-1.318623614121e+01,1.810723166410e+01,3.957328911003e+00,0.000000000000e+00
3.956000000000e-01,-1.235808397387e+01,-1.321136013115e+01,1.809039181500e+01,3.960349368848e+00,0.000000000000e+00
3.960000000000e-01,-1.230707955955e+01,-1.323682733483e+01,1.807423041729e+01,3.963372781716e+00,0.000000000000e+00
3.964000000000e-01,-1.225646762273e+01,-1.326264515815e+01,1.805875840632e+01,3.966398794425e+00,0.000000000000e+00
3.968000000000e-01,-1.220625586591e+01,-1.328882073793e+01,1.804398622447e+01,3.969427047756e+00,0.000000000000e+00
3.972000000000e-01,-1.215645163526e+01,-1.331536091684e+01,1.802992381310e+01,3.972457177391e+00,0.000000000000e+00
3.976000000000e-01,-1.210706185804e+01,-1.334227227231e+01,1.801658059186e+01,3.975488818074e+00,0.000000000000e+00
3.980000000000e-01,-1.205809311135e+01,-1.336956109158e+01,1.800396548718e+01,3.978521600391e+00,0.000000000000e+00
3.984000000000e-01,-1.200955162689e+01,-1.339723337593e+01,1.799208693865e+01,3.981555151251e+00,0.000000000000e+00
3.988000000000e-01,-1.196144324383e+01,-1.342529484877e+01,1.798095287386e+01,3.984589096663e+00,0.000000000000e+00
3.992000000000e-01,-1.191377346451e+01,-1.345375092266e+01,1.797057072139e+01,3.987623058760e+00,0.000000000000e+00
3.996000000000e-01,-1.186654745589e+01,-1.348260672513e+01,1.796094743123e+01,3.990656657222e+00,0.000000000000e+00
4.000000000000e-01,-1.181977002501e+01,-1.351186709707e+01,1.795208945758e+01,3.993689510790e+00,0.000000000000e+00
4.004000000000e-01,-1.177344565011e+01,-1.354153655138e+01,1.794400274879e+01,3.996721234994e+00,0.000000000000e+00
4.008000000000e-01,-1.172757848488e+01,-1.357161930865e+01,1.793669277704e+01,3.999751443842e+00,0.000000000000e+00
4.012000000000e-01,-1.168217235488e+01,-1.360211929389e+01,1.793016453395e+01,4.002779750402e+00,0.000000000000e+00
4.016000000000e-01,-1.163723076509e+01,-1.363304009477e+01,1.792442250410e+01,4.005805765515e+00,0.000000000000e+00
4.020000000000e-01,-1.159275690767e+01,-1.366438499023e+01,1.791947069201e+01,4.008829099079e+00,0.000000000000e+00
4.024000000000e-01,-1.154875367185e+01,-1.369615695197e+01,1.791531262987e+01,4.011849360239e+00,0.000000000000e+00
4.028000000000e-01,-1.150522363936e+01,-1.372835861394e+01,1.791195135167e+01,4.014866157037e+00,0.000000000000e+00
4.032000000000e-01,-1.146216909107e+01,-1.376099227629e+01,1.790938940055e+01,4.017879096850e+00,0.000000000000e+00
4.036000000000e-01,-1.141959202187e+01,-1.379405991926e+01,1.790762884924e+01,4.020887786805e+00,0.000000000000e+00
4.040000000000e-01,-1.137749413629e+01,-1.382756318689e+01,1.790667128499e+01,4.023891833954e+00,0.000000000000e+00
4.044000000000e-01,-1.133587685223e+01,-1.386150336231e+01,1.790651779303e+01,4.026890844792e+00,0.000000000000e+00
4.048000000000e-01,-1.129474130987e+01,-1.389588139539e+01,1.790716898372e+01,4.029884426436e+00,0.000000000000e+00
4.052000000000e-01,-1.125408837730e+01,-1.393069789522e+01,1.790862499055e+01,4.032872186659e+00,0.000000000000e+00
4.056000000000e-01,-1.121391865543e+01,-1.396595308904e+01,1.791088544142e+01,4.035853732798e+00,0.000000000000e+00
4.060000000000e-01,-1.117423246655e+01,-1.400164685519e+01,1.791394947726e+01,4.038828673977e+00,0.000000000000e+00
4.064000000000e-01,-1.113502987949e+01,-1.403777871639e+01,1.791781576274e+01,4.041796620326e+00,0.000000000000e+00
4.068000000000e-01,-1.109631071865e+01,-1.407434780223e+01,1.792248246262e+01,4.044757181833e+00,0.000000000000e+00
4.072000000000e-01,-1.105807452313e+01,-1.411135287499e+01,1.792794723670e+01,4.047709971585e+00,0.000000000000e+00
4.076000000000e-01,-1.102032059824e+01,-1.414879231750e+01,1.793420726242e+01,4.050654603647e+00,0.000000000000e+00
4.080000000000e-01,-1.098304802352e+01,-1.418666411319e+01,1.794125922413e+01,4.053590692553e+00,0.000000000000e+00
4.084000000000e-01,-1.094625558915e+01,-1.422496586137e+01,1.794909928604e+01,4.056517857178e+00,0.000000000000e+00
4.088000000000e-01,-1.090994187082e+01,-1.426369475003e+01,1.795772311700e+01,4.059435717049e+00,0.000000000000e+00
4.092000000000e-01,-1.087410522580e+01,-1.430284756161e+01,1.796712589238e+01,4.062343893242e+00,0.000000000000e+00
4.096000000000e-01,-1.083874372966e+01,-1.434242068250e+01,1.797730226344e+01,4.065242012025e+00,0.000000000000e+00
4.100000000000e-01,-1.080385525874e+01,-1.438241004946e+01,1.798824636485e+01,4.068129699931e+00,0.000000000000e+00
4.104000000000e-01,-1.076943746638e+01,-1.442281118683e+01,1.799995182975e+01,4.071006586568e+00,0.000000000000e+00
4.108000000000e-01,-1.073548774378e+01,-1.446361921105e+01,1.801241177019e+01,4.073872307019e+00,0.000000000000e+00
4.112000000000e-01,-1.070200329483e+01,-1.450482875197e+01,1.802561875905e+01,4.076726496394e+00,0.000000000000e+00
4.116000000000e-01,-1.066898108631e+01,-1.454643401845e+01,1.803956485265e+01,4.079568794724e+00,0.000000000000e+00
4.120000000000e-01,-1.063641784878e+01,-1.458842879146e+01,1.805424158633e+01,4.082398847173e+00,0.000000000000e+00
4.124000000000e-01,-1.060431013785e+01,-1.463080634096e+01,1.806963994346e+01,4.085216299048e+00,0.000000000000e+00
4.128000000000e-01,-1.057265425070e+01,-1.467355950181e+01,1.808575036757e+01,4.088020802497e+00,0.000000000000e+00
4.132000000000e-01,-1.054144627683e+01,-1.471668065027e+01,1.810256277352e+01,4.090812013921e+00,0.000000000000e+00
4.136000000000e-01,-1.051068214208e+01,-1.476016164338e+01,1.812006652390e+01,4.093589590490e+00,0.000000000000e+00
4.140000000000e-01,-1.048035749202e+01,-1.480399388287e+01,1.813825041299e+01,4.096353197889e+00,0.000000000000e+00
4.144000000000e-01,-1.045046779401e+01,-1.484816827394e+01,1.815710269303e+01,4.099102504832e+00,0.000000000000e+00
4.148000000000e-01,-1.042100835305e+01,-1.489267520334e+01,1.817661106496e+01,4.101837182078e+00,0.000000000000e+00
4.152000000000e-01,-1.039197418506e+01,-1.493750458262e+01,1.819676264116e+01,4.104556909916e+00,0.000000000000e+00
4.156000000000e-01,-1.036336015295e+01,-1.498264578475e+01,1.821754397198e+01,4.107261370431e+00,0.000000000000e+00
4.160000000000e-01,-1.033516094252e+01,-1.502808766614e+01,1.823894104956e+01,4.109950249679e+00,0.000000000000e+00
4.164000000000e-01,-1.030737096498e+01,-1.507381859333e+01,1.826093927471e+01,4.112623243285e+00,0.000000000000e+00
4.168000000000e-01,-1.027998449354e+01,-1.511982635198e+01,1.828352345970e+01,4.115280047809e+00,0.000000000000e+00
4.172000000000e-01,-1.025299559813e+01,-1.516609821274e+01,1.830667784536e+01,4.117920366099e+00,0.000000000000e+00
4.176000000000e-01,-1.022639810576e+01,-1.521262093996e+01,1.833038608650e+01,4.120543909668e+00,0.000000000000e+00
4.180000000000e-01,-1.020018571400e+01,-1.525938068727e+01,1.835463122918e+01,4.123150390692e+00,0.000000000000e+00
4.184000000000e-01,-1.017435188528e+01,-1.530636309129e+01,1.837939572913e+01,4.125739529974e+00,0.000000000000e+00
4.188000000000e-01,-1.014888987755e+01,-1.535355325652e+01,1.840466145701e+01,4.128311055372e+00,0.000000000000e+00
4.192000000000e-01,-1.012379282628e+01,-1.540093567174e+01,1.843040967408e+01,4.130864695850e+00,0.000000000000e+00
4.196000000000e-01,-1.009905360015e+01,-1.544849429822e+01,1.845662102610e+01,4.133400190939e+00,0.000000000000e+00
4.200000000000e-01,-1.007466490371e+01,-1.549621253384e+01,1.848327557052e+01,4.135917285249e+00,0.000000000000e+00
4.204000000000e-01,-1.005061931792e+01,-1.554407317459e+01,1.851035276624e+01,4.138415725725e+00,0.000000000000e+00
4.208000000000e-01,-1.002690914002e+01,-1.559205847667e+01,1.853783143849e+01,4.140895270967e+00,0.000000000000e+00
4.212000000000e-01,-1.000352653942e+01,-1.564015010164e+01,1.856568981823e+01,4.143355682739e+00,0.000000000000e+00
4.216000000000e-01,-9.980463543906e+00,-1.568832912891e+01,1.859390554478e+01,4.145796727151e+00,0.000000000000e+00
4.220000000000e-01,-9.957711911147e+00,-1.573657609477e+01,1.862245563001e+01,4.148218181787e+00,0.000000000000e+00
4.224000000000e-01,-9.935263293819e+00,-1.578487091295e+01,1.865131648051e+01,4.150619826058e+00,0.000000000000e+00
4.228000000000e-01,-9.913109173066e+00,-1.583319293638e+01,1.868046391388e+01,4.153001446150e+00,0.000000000000e+00
4.232000000000e-01,-9.891240799001e+00,-1.588152097683e+01,1.870987314445e+01,4.155362838371e+00,0.000000000000e+00
4.236000000000e-01,-9.869649328470e+00,-1.592983321136e+01,1.873951877740e+01,4.157703800347e+00,0.000000000000e+00
4.240000000000e-01,-9.848325714272e+00,-1.597810727676e+01,1.876937483035e+01,4.160024138808e+00,0.000000000000e+00
4.244000000000e-01,-9.827260727252e+00,-1.602632026634e+01,1.879941474304e+01,4.162323668528e+00,0.000000000000e+00
4.248000000000e-01,-9.806445053534e+00,-1.607444865705e+01,1.882961136657e+01,4.164602205925e+00,0.000000000000e+00
4.252000000000e-01,-9.785869147354e+00,-1.612246840050e+01,1.885993696422e+01,4.166859578299e+00,0.000000000000e+00
4.256000000000e-01,-9.765523331771e+00,-1.617035490171e+01,1.889036324666e+01,4.169095618653e+00,0.000000000000e+00
4.260000000000e-01,-9.745397846151e+00,-1.621808299194e+01,1.892086137344e+01,4.171310162789e+00,0.000000000000e+00
4.264000000000e-01,-9.725482689459e+00,-1.626562699385e+01,1.895140192825e+01,4.173503058150e+00,0.000000000000e+00
4.268000000000e-01,-9.705767775004e+00,-1.631296068657e+01,1.898195496950e+01,4.175674155791e+00,0.000000000000e+00
4.272000000000e-01,-9.686242918081e+00,-1.636005732686e+01,1.901249004224e+01,4.177823311444e+00,0.000000000000e+00
4.276000000000e-01,-9.666897719111e+00,-1.640688969332e+01,1.904297615712e+01,4.179950391889e+00,0.000000000000e+00
4.280000000000e-01,-9.647721723482e+00,-1.645343003388e+01,1.907338182740e+01,4.182055266194e+00,0.000000000000e+00
4.284000000000e-01,-9.628704356807e+00,-1.649965013025e+01,1.910367509176e+01,4.184137810229e+00,0.000000000000e+00
4.288000000000e-01,-9.609834880199e+00,-1.654552132534e+01,1.913382351628e+01,4.186197909249e+00,0.000000000000e+00
4.292000000000e-01,-9.591102519349e+00,-1.659101446588e+01,1.916379421053e+01,4.188235450360e+00,0.000000000000e+00
4.296000000000e-01,-9.572496361495e+00,-1.663609999158e+01,1.919355385333e+01,4.190250329330e+00,0.000000000000e+00
4.300000000000e-01,-9.554005387719e+00,-1.668074794388e+01,1.922306871745e+01,4.192242449122e+00,0.000000000000e+00
4.304000000000e-01,-9.535618559399e+00,-1.672492793339e+01,1.925230468509e+01,4.194211714911e+00,0.000000000000e+00
4.308000000000e-01,-9.517324691716e+00,-1.676860922340e+01,1.928122725800e+01,4.196158041698e+00,0.000000000000e+00
4.312000000000e-01,-9.499112552079e+00,-1.681176072653e+01,1.930980160445e+01,4.198081349496e+00,0.000000000000e+00
4.316000000000e-01,-9.480970895533e+00,-1.685435100952e+01,1.933799258129e+01,4.199981561560e+00,0.000000000000e+00
4.320000000000e-01,-9.462888346602e+00,-1.689634835992e+01,1.936576473471e+01,4.201858611103e+00,0.000000000000e+00
4.324000000000e-01,-9.444853533166e+00,-1.693772077464e+01,1.939308235693e+01,4.203712434628e+00,0.000000000000e+00
4.328000000000e-01,-9.426855068214e+00,-1.697843599890e+01,1.941990951178e+01,4.205542973387e+00,0.000000000000e+00
4.332000000000e-01,-9.408881477977e+00,-1.701846157863e+01,1.944621004643e+01,4.207350177563e+00,0.000000000000e+00
4.336000000000e-01,-9.390921330236e+00,-1.705776484561e+01,1.947194764164e+01,4.209133999728e+00,0.000000000000e+00
4.340000000000e-01,-9.372963176221e+00,-1.709631298219e+01,1.949708584091e+01,4.210894398674e+00,0.000000000000e+00
4.344000000000e-01,-9.354995538453e+00,-1.713407305720e+01,1.952158807715e+01,4.212631340425e+00,0.000000000000e+00
4.348000000000e-01,-9.337007010890e+00,-1.717101202289e+01,1.954541771904e+01,4.214344793219e+00,0.000000000000e+00
4.352000000000e-01,-9.318986178246e+00,-1.720709679104e+01,1.956853809989e+01,4.216034732562e+00,0.000000000000e+00
4.356000000000e-01,-9.300921657998e+00,-1.724229425290e+01,1.959091255638e+01,4.217701139354e+00,0.000000000000e+00
4.360000000000e-01,-9.282802161760e+00,-1.727657129571e+01,1.961250447317e+01,4.219343997064e+00,0.000000000000e+00
4.364000000000e-01,-9.264616414439e+00,-1.730989488261e+01,1.963327731566e+01,4.220963296805e+00,0.000000000000e+00
4.368000000000e-01,-9.246353232791e+00,-1.734223206106e+01,1.965319467581e+01,4.222559033502e+00,0.000000000000e+00
4.372000000000e-01,-9.228001543119e+00,-1.737354999572e+01,1.967222031021e+01,4.224131205381e+00,0.000000000000e+00
4.376000000000e-01,-9.209550324700e+00,-1.740381604672e+01,1.969031818360e+01,4.225679817861e+00,0.000000000000e+00
4.380000000000e-01,-9.190988700789e+00,-1.743299777866e+01,1.970745252052e+01,4.227204879143e+00,0.000000000000e+00
4.384000000000e-01,-9.172305919123e+00,-1.746106300405e+01,1.972358783552e+01,4.228706401580e+00,0.000000000000e+00
4.388000000000e-01,-9.153491329515e+00,-1.748797984494e+01,1.973868897816e+01,4.230184403597e+00,0.000000000000e+00
4.392000000000e-01,-9.134534470042e+00,-1.751371676345e+01,1.975272120126e+01,4.231638905981e+00,0.000000000000e+00
4.396000000000e-01,-9.115425024811e+00,-1.753824260756e+01,1.976565018270e+01,4.233069934297e+00,0.000000000000e+00
4.400000000000e-01,-9.096152832138e+00,-1.756152665018e+01,1.977744206490e+01,4.234477518869e+00,0.000000000000e+00
4.404000000000e-01,-9.076707951862e+00,-1.758353863843e+01,1.978806353064e+01,4.235861692342e+00,0.000000000000e+00
4.408000000000e-01,-9.057080622926e+00,-1.760424885208e+01,1.979748183624e+01,4.237222492374e+00,0.000000000000e+00
4.412000000000e-01,-9.037261290674e+00,-1.762362812014e+01,1.980566483996e+01,4.238559960223e+00,0.000000000000e+00
4.416000000000e-01,-9.017240643296e+00,-1.764164786736e+01,1.981258106091e+01,4.239874139621e+00,0.000000000000e+00
4.420000000000e-01,-8.997009591343e+00,-1.765828020022e+01,1.981819974710e+01,4.241165079095e+00,0.000000000000e+00
4.424000000000e-01,-8.976559300219e+00,-1.767349790691e+01,1.982249089131e+01,4.242432829946e+00,0.000000000000e+00
4.428000000000e-01,-8.955881197658e+00,-1.768727449336e+01,1.982542526732e+01,4.243677446172e+00,0.000000000000e+00
4.432000000000e-01,-8.934966974035e+00,-1.769958427211e+01,1.982697451032e+01,4.244898985926e+00,0.000000000000e+00
4.436000000000e-01,-8.913808620328e+00,-1.771040238231e+01,1.982711115275e+01,4.246097509708e+00,0.000000000000e+00
4.440000000000e-01,-8.892398414430e+00,-1.771970480743e+01,1.982580863479e+01,4.247273080837e+00,0.000000000000e+00
4.444000000000e-01,-8.870728927858e+00,-1.772746843498e+01,1.982304136163e+01,4.248425765966e+00,0.000000000000e+00
4.448000000000e-01,-8.848793071991e+00,-1.773367112176e+01,1.981878478327e+01,4.249555633944e+00,0.000000000000e+00
4.452000000000e-01,-8.826584076046e+00,-1.773829169612e+01,1.981301538757e+01,4.250662756335e+00,0.000000000000e+00
4.456000000000e-01,-8.804095491145e+00,-1.774130998443e+01,1.980571072648e+01,4.251747207329e+00,0.000000000000e+00
4.460000000000e-01,-8.781321229247e+00,-1.774270688808e+01,1.979684950307e+01,4.252809063217e+00,0.000000000000e+00
4.464000000000e-01,-8.758255559702e+00,-1.774246441191e+01,1.978641159627e+01,4.253848402698e+00,0.000000000000e+00
4.468000000000e-01,-8.734893099993e+00,-1.774056565467e+01,1.977437804878e+01,4.254865306616e+00,0.000000000000e+00
4.472000000000e-01,-8.711228834883e+00,-1.773699485934e+01,1.976073112144e+01,4.255859857770e+00,0.000000000000e+00
4.476000000000e-01,-8.687258144780e+00,-1.773173749003e+01,1.974545437536e+01,4.256832140903e+00,0.000000000000e+00
4.480000000000e-01,-8.662976781078e+00,-1.772478019899e+01,1.972853263201e+01,4.257782242663e+00,0.000000000000e+00
4.484000000000e-01,-8.638380869652e+00,-1.771611084247e+01,1.970995198959e+01,4.258710251400e+00,0.000000000000e+00
4.488000000000e-01,-8.613466950415e+00,-1.770571856607e+01,1.968969991764e+01,4.259616256881e+00,0.000000000000e+00
4.492000000000e-01,-8.588231957581e+00,-1.769359380010e+01,1.966776524469e+01,4.260500350713e+00,0.000000000000e+00
4.496000000000e-01,-8.562673211916e+00,-1.767972823464e+01,1.964413813291e+01,4.261362625808e+00,0.000000000000e+00
4.500000000000e-01,-8.536788445914e+00,-1.766411487100e+01,1.961881013584e+01,4.262203176044e+00,0.000000000000e+00
4.504000000000e-01,-8.510575804659e+00,-1.764674807598e+01,1.959177424798e+01,4.263022097131e+00,0.000000000000e+00
4.508000000000e-01,-8.484033834526e+00,-1.762762352326e+01,1.956302484748e+01,4.263819485539e+00,0.000000000000e+00
4.512000000000e-01,-8.457161483307e+00,-1.760673820308e+01,1.953255770519e+01,4.264595438459e+00,0.000000000000e+00
4.516000000000e-01,-8.429958111784e+00,-1.758409050257e+01,1.950037006236e+01,4.265350054805e+00,0.000000000000e+00
4.520000000000e-01,-8.402423499759e+00,-1.755968015751e+01,1.946646059003e+01,4.266083433657e+00,0.000000000000e+00
4.524000000000e-01,-8.374557815930e+00,-1.753350822095e+01,1.943082934788e+01,4.266795674763e+00,0.000000000000e+00
4.528000000000e-01,-8.346361624201e+00,-1.750557712023e+01,1.939347783855e+01,4.267486879348e+00,0.000000000000e+00
4.532000000000e-01,-8.317835922531e+00,-1.747589065934e+01,1.935440902667e+01,4.268157148214e+00,0.000000000000e+00
4.536000000000e-01,-8.288982082260e+00,-1.744445395109e+01,1.931362725155e+01,4.268806582935e+00,0.000000000000e+00
4.540000000000e-01,-8.259801846391e+00,-1.741127343123e+01,1.927113823932e+01,4.269435286159e+00,0.000000000000e+00
4.544000000000e-01,-8.230297391537e+00,-1.737635690242e+01,1.922694916916e+01,4.270043359614e+00,0.000000000000e+00
4.548000000000e-01,-8.200471250919e+00,-1.733971345859e+01,1.918106857199e+01,4.270630905971e+00,0.000000000000e+00
4.552000000000e-01,-8.170326308816e+00,-1.730135345557e+01,1.913350630143e+01,4.271198028439e+00,0.000000000000e+00
4.556000000000e-01,-8.139865860013e+00,-1.726128855598e+01,1.908427359979e+01,4.271744828951e+00,0.000000000000e+00
4.560000000000e-01,-8.109093539871e+00,-1.721953168781e+01,1.903338303051e+01,4.272271410554e+00,0.000000000000e+00
4.564000000000e-01,-8.078013316020e+00,-1.717609697003e+01,1.898084840722e+01,4.272777876191e+00,0.000000000000e+00
4.568000000000e-01,-8.046629527736e+00,-1.713099973361e+01,1.892668482935e+01,4.273264327352e+00,0.000000000000e+00
4.572000000000e-01,-8.014946834759e+00,-1.708425652804e+01,1.887090866599e+01,4.273730866739e+00,0.000000000000e+00
4.576000000000e-01,-7.982970210241e+00,-1.703588501229e+01,1.881353745390e+01,4.274177596265e+00,0.000000000000e+00
4.580000000000e-01,-7.950704953316e+00,-1.698590394635e+01,1.875458989499e+01,4.274604616371e+00,0.000000000000e+00
4.584000000000e-01,-7.918156654888e+00,-1.693433323083e+01,1.869408587720e+01,4.275012028711e+00,0.000000000000e+00
4.588000000000e-01,-7.885331199262e+00,-1.688119378445e+01,1.863204636400e+01,4.275399933466e+00,0.000000000000e+00
4.592000000000e-01,-7.852234749856e+00,-1.682650751096e+01,1.856849335792e+01,4.275768429458e+00,0.000000000000e+00
4.596000000000e-01,-7.818873723815e+00,-1.677029734454e+01,1.850344993057e+01,4.276117616608e+00,0.000000000000e+00
4.600000000000e-01,-7.785254809691e+00,-1.671258713745e+01,1.843694012787e+01,4.276447592738e+00,0.000000000000e+00
4.604000000000e-01,-7.751384928425e+00,-1.665340160756e+01,1.836898890552e+01,4.276758454492e+00,0.000000000000e+00
4.608000000000e-01,-7.717271211353e+00,-1.659276637133e+01,1.829962214919e+01,4.277050299421e+00,0.000000000000e+00
4.612000000000e-01,-7.682921035050e+00,-1.653070785197e+01,1.822886660542e+01,4.277323222415e+00,0.000000000000e+00
4.616000000000e-01,-7.648341962299e+00,-1.646725321540e+01,1.815674979815e+01,4.277577317400e+00,0.000000000000e+00
4.620000000000e-01,-7.613541722040e+00,-1.640243038450e+01,1.808330003267e+01,4.277812678959e+00,0.000000000000e+00
4.624000000000e-01,-7.578528256763e+00,-1.633626796487e+01,1.800854634774e+01,4.278029398534e+00,0.000000000000e+00
4.628000000000e-01,-7.543309650160e+00,-1.626879517946e+01,1.793251842518e+01,4.278227566813e+00,0.000000000000e+00
4.632000000000e-01,-7.507894109251e+00,-1.620004186429e+01,1.785524657798e+01,4.278407274857e+00,0.000000000000e+00
4.636000000000e-01,-7.472290018061e+00,-1.613003840387e+01,1.777676171366e+01,4.278568610189e+00,0.000000000000e+00
4.640000000000e-01,-7.436505858431e+00,-1.605881567341e+01,1.769709524795e+01,4.278711659757e+00,0.000000000000e+00
4.644000000000e-01,-7.400550195027e+00,-1.598640501953e+01,1.761627908037e+01,4.278836510597e+00,0.000000000000e+00
4.648000000000e-01,-7.364431729942e+00,-1.591283819748e+01,1.753434555962e+01,4.278943245876e+00,0.000000000000e+00
4.652000000000e-01,-7.328159221644e+00,-1.583814732660e+01,1.745132740845e+01,4.279031948322e+00,0.000000000000e+00
4.656000000000e-01,-7.291741473455e+00,-1.576236486109e+01,1.736725769169e+01,4.279102700491e+00,0.000000000000e+00
4.660000000000e-01,-7.255187385628e+00,-1.568552352310e+01,1.728216977680e+01,4.279155580788e+00,0.000000000000e+00
4.664000000000e-01,-7.218505875675e+00,-1.560765627426e+01,1.719609727388e+01,4.279190667267e+00,0.000000000000e+00
4.668000000000e-01,-7.181705870438e+00,-1.552879628132e+01,1.710907400055e+01,4.279208037588e+00,0.000000000000e+00
4.672000000000e-01,-7.144796354156e+00,-1.544897684201e+01,1.702113393424e+01,4.279207765018e+00,0.000000000000e+00
4.676000000000e-01,-7.107786292023e+00,-1.536823137283e+01,1.693231116835e+01,4.279189922500e+00,0.000000000000e+00
4.680000000000e-01,-7.070684625408e+00,-1.528659337425e+01,1.684263987805e+01,4.279154582435e+00,0.000000000000e+00
4.684000000000e-01,-7.033500315811e+00,-1.520409634740e+01,1.675215426247e+01,4.279101812588e+00,0.000000000000e+00
4.688000000000e-01,-6.996242272858e+00,-1.512077379790e+01,1.666088851736e+01,4.279031680383e+00,0.000000000000e+00
4.692000000000e-01,-6.958919351520e+00,-1.503665920409e+01,1.656887680445e+01,4.278944252624e+00,0.000000000000e+00
4.696000000000e-01,-6.921540392651e+00,-1.495178592327e+01,1.647615318278e+01,4.278839591248e+00,0.000000000000e+00
4.700000000000e-01,-6.884114156657e+00,-1.486618721188e+01,1.638275159858e+01,4.278717757763e+00,0.000000000000e+00
4.704000000000e-01,-6.846649320705e+00,-1.477989619851e+01,1.628870585895e+01,4.278578813072e+00,0.000000000000e+00
4.708000000000e-01,-6.809154516968e+00,-1.469294577923e+01,1.619404955245e+01,4.278422812978e+00,0.000000000000e+00
4.712000000000e-01,-6.771638273676e+00,-1.460536865485e+01,1.609881605751e+01,4.278249812692e+00,0.000000000000e+00
4.716000000000e-01,-6.734109009212e+00,-1.451719730851e+01,1.600303851905e+01,4.278059866933e+00,0.000000000000e+00
4.720000000000e-01,-6.696575069724e+00,-1.442846389128e+01,1.590674975998e+01,4.277853025093e+00,0.000000000000e+00
4.724000000000e-01,-6.659044679657e+00,-1.433920027688e+01,1.580998230948e+01,4.277629335725e+00,0.000000000000e+00
4.728000000000e-01,-6.621525928518e+00,-1.424943804133e+01,1.571276837848e+01,4.277388847077e+00,0.000000000000e+00
4.732000000000e-01,-6.584026810337e+00,-1.415920834339e+01,1.561513976725e+01,4.277131601900e+00,0.000000000000e+00
4.736000000000e-01,-6.546555185711e+00,-1.406854199482e+01,1.551712791272e+01,4.276857641729e+00,0.000000000000e+00
4.740000000000e-01,-6.509118756175e+00,-1.397746943787e+01,1.541876385670e+01,4.276567008054e+00,0.000000000000e+00
4.744000000000e-01,-6.471725109122e+00,-1.388602062999e+01,1.532007815987e+01,4.276259736794e+00,0.000000000000e+00
4.748000000000e-01,-6.434381692441e+00,-1.379422512278e+01,1.522110096221e+01,4.275935862118e+00,0.000000000000e+00
4.752000000000e-01,-6.397095771634e+00,-1.370211203346e+01,1.512186193857e+01,4.275595418449e+00,0.000000000000e+00
4.756000000000e-01,-6.359874484482e+00,-1.360970994789e+01,1.502239023338e+01,4.275238434730e+00,0.000000000000e+00
4.760000000000e-01,-6.322724827645e+00,-1.351704699480e+01,1.492271452202e+01,4.274864937426e+00,0.000000000000e+00
4.764000000000e-01,-6.285653593671e+00,-1.342415081071e+01,1.482286295182e+01,4.274474953554e+00,0.000000000000e+00
4.768000000000e-01,-6.248667438964e+00,-1.333104847743e+01,1.472286311389e+01,4.274068504969e+00,0.000000000000e+00
4.772000000000e-01,-6.211772879275e+00,-1.323776657083e+01,1.462274208511e+01,4.273645610127e+00,0.000000000000e+00
4.776000000000e-01,-6.174976208898e+00,-1.314433112737e+01,1.452252636308e+01,4.273206288250e+00,0.000000000000e+00
4.780000000000e-01,-6.138283581517e+00,-1.305076762770e+01,1.442224188534e+01,4.272750554022e+00,0.000000000000e+00
4.784000000000e-01,-6.101701009156e+00,-1.295710099379e+01,1.432191402601e+01,4.272278417620e+00,0.000000000000e+00
4.788000000000e-01,-6.065234275018e+00,-1.286335558038e+01,1.422156755067e+01,4.271789890041e+00,0.000000000000e+00
4.792000000000e-01,-6.028889017291e+00,-1.276955519954e+01,1.412122667394e+01,4.271284978695e+00,0.000000000000e+00
4.796000000000e-01,-5.992670728019e+00,-1.267572304701e+01,1.402091499221e+01,4.270763685289e+00,0.000000000000e+00
4.800000000000e-01,-5.956584678058e+00,-1.258188174984e+01,1.392065549440e+01,4.270226012123e+00,0.000000000000e+00
4.804000000000e-01,-5.920635983538e+00,-1.248805340613e+01,1.382047062599e+01,4.269671959154e+00,0.000000000000e+00
4.808000000000e-01,-5.884829608892e+00,-1.239425944656e+01,1.372038216503e+01,4.269101519543e+00,0.000000000000e+00
4.812000000000e-01,-5.849170319667e+00,-1.230052075357e+01,1.362041130941e+01,4.268514686417e+00,0.000000000000e+00
4.816000000000e-01,-5.813662707996e+00,-1.220685768080e+01,1.352057870513e+01,4.267911451917e+00,0.000000000000e+00
4.820000000000e-01,-5.778311213524e+00,-1.211328989306e+01,1.342090431058e+01,4.267291800758e+00,0.000000000000e+00
4.824000000000e-01,-5.743120107981e+00,-1.201983653223e+01,1.332140753960e+01,4.266655716446e+00,0.000000000000e+00
4.828000000000e-01,-5.708093462431e+00,-1.192651618961e+01,1.322210722226e+01,4.266003182685e+00,0.000000000000e+00
4.832000000000e-01,-5.673235205341e+00,-1.183334680076e+01,1.312302153478e+01,4.265334176022e+00,0.000000000000e+00
4.836000000000e-01,-5.638549124747e+00,-1.174034577915e+01,1.302416812108e+01,4.264648669940e+00,0.000000000000e+00
4.840000000000e-01,-5.604038784835e+00,-1.164752996495e+01,1.292556401038e+01,4.263946638923e+00,0.000000000000e+00
4.844000000000e-01,-5.569707622047e+00,-1.155491561902e+01,1.282722565319e+01,4.263228051605e+00,0.000000000000e+00
4.848000000000e-01,-5.535558945948e+00,-1.146251844243e+01,1.272916893938e+01,4.262492871204e+00,0.000000000000e+00
4.852000000000e-01,-5.501595843771e+00,-1.137035357479e+01,1.263140915512e+01,4.261741062118e+00,0.000000000000e+00
4.856000000000e-01,-5.467821278611e+00,-1.127843565505e+01,1.253396108019e+01,4.260972585065e+00,0.000000000000e+00
4.860000000000e-01,-5.434238087152e+00,-1.118677870525e+01,1.243683888245e+01,4.260187393073e+00,0.000000000000e+00
4.864000000000e-01,-5.400848919314e+00,-1.109539624369e+01,1.234005619330e+01,4.259385439600e+00,0.000000000000e+00
4.868000000000e-01,-5.367656279187e+00,-1.100430132258e+01,1.224362615934e+01,4.258566676921e+00,0.000000000000e+00
4.872000000000e-01,-5.334662549149e+00,-1.091350636307e+01,1.214756130465e+01,4.257731048364e+00,0.000000000000e+00
4.876000000000e-01,-5.301869975155e+00,-1.082302334016e+01,1.205187369064e+01,4.256878495780e+00,0.000000000000e+00
4.880000000000e-01,-5.269280619411e+00,-1.073286374667e+01,1.195657486284e+01,4.256008961733e+00,0.000000000000e+00
4.884000000000e-01,-5.236896441279e+00,-1.064303852165e+01,1.186167582216e+01,4.255122380742e+00,0.000000000000e+00
4.888000000000e-01,-5.204719299233e+00,-1.055355815127e+01,1.176718711656e+01,4.254218682574e+00,0.000000000000e+00
4.892000000000e-01,-5.172750849945e+00,-1.046443263641e+01,1.167311876739e+01,4.253297798576e+00,0.000000000000e+00
4.896000000000e-01,-5.140992659422e+00,-1.037567154007e+01,1.157948036104e+01,4.252359654930e+00,0.000000000000e+00
4.900000000000e-01,-5.109446201973e+00,-1.028728390795e+01,1.148628097748e+01,4.251404169431e+00,0.000000000000e+00
4.904000000000e-01,-5.078112783989e+00,-1.019927836258e+01,1.139352924095e+01,4.250431260779e+00,0.000000000000e+00
4.908000000000e-01,-5.046993596281e+00,-1.011166314812e+01,1.130123338322e+01,4.249440846213e+00,0.000000000000e+00
4.912000000000e-01,-5.016089745417e+00,-1.002444596893e+01,1.120940111327e+01,4.248432832493e+00,0.000000000000e+00
4.916000000000e-01,-4.985402230240e+00,-9.937634173008e+00,1.111803977119e+01,4.247407124679e+00,0.000000000000e+00
4.920000000000e-01,-4.954931887540e+00,-9.851234716339e+00,1.102715627198e+01,4.246363628998e+00,0.000000000000e+00
4.924000000000e-01,-4.924679488617e+00,-9.765254110678e+00,1.093675710216e+01,4.245302242804e+00,0.000000000000e+00
4.928000000000e-01,-4.894645736720e+00,-9.679698486860e+00,1.084684837566e+01,4.244222857005e+00,0.000000000000e+00
4.932000000000e-01,-4.864831163354e+00,-9.594573596847e+00,1.075743578894e+01,4.243125364433e+00,0.000000000000e+00
4.936000000000e-01,-4.835236230634e+00,-9.509884867396e+00,1.066852471512e+01,4.242009653590e+00,0.000000000000e+00
4.940000000000e-01,-4.805861344776e+00,-9.425637274373e+00,1.058012009824e+01,4.240875601906e+00,0.000000000000e+00
4.944000000000e-01,-4.776706793239e+00,-9.341835490885e+00,1.049222655719e+01,4.239723086949e+00,0.000000000000e+00
4.948000000000e-01,-4.747772745248e+00,-9.258483890654e+00,1.040484838881e+01,4.238551986494e+00,0.000000000000e+00
4.952000000000e-01,-4.719059328872e+00,-9.175586432042e+00,1.031798949996e+01,4.237362166703e+00,0.000000000000e+00
4.956000000000e-01,-4.690566614314e+00,-9.093146788361e+00,1.023165351632e+01,4.236153488835e+00,0.000000000000e+00
4.960000000000e-01,-4.662294517168e+00,-9.011168324991e+00,1.014584371781e+01,4.234925816440e+00,0.000000000000e+00
4.964000000000e-01,-4.634242912715e+00,-8.929654121642e+00,1.006056311079e+01,4.233679006312e+00,0.000000000000e+00
4.968000000000e-01,-4.606411646054e+00,-8.848606897141e+00,9.975814366407e+00,4.232412903782e+00,0.000000000000e+00
4.972000000000e-01,-4.578800445377e+00,-8.768029122963e+00,9.891599881703e+00,4.231127355228e+00,0.000000000000e+00
4.976000000000e-01,-4.551408948738e+00,-8.687923041648e+00,9.807921808225e+00,4.229822206524e+00,0.000000000000e+00
4.980000000000e-01,-4.524236779877e+00,-8.608290535735e+00,9.724781971233e+00,4.228497289812e+00,0.000000000000e+00
4.984000000000e-01,-4.497283514301e+00,-8.529133268606e+00,9.642181979285e+00,4.227152432735e+00,0.000000000000e+00
4.988000000000e-01,-4.470548591014e+00,-8.450452666708e+00,9.560123167454e+00,4.225787465511e+00,0.000000000000e+00
4.992000000000e-01,-4.444031428465e+00,-8.372249920648e+00,9.478606652403e+00,4.224402210225e+00,0.000000000000e+00
4.996000000000e-01,-4.417731438258e+00,-8.294525924655e+00,9.397633285852e+00,4.222996476117e+00,0.000000000000e+00
5.000000000000e-01,-4.391647928054e+00,-8.217281386702e+00,9.317203706704e+00,4.221570073716e+00,0.000000000000e+00
5.004000000000e-01,-4.365780126031e+00,-8.140516841671e+00,9.237318364026e+00,4.220122813195e+00,0.000000000000e+00
5.008000000000e-01,-4.340127271950e+00,-8.064232527618e+00,9.157977451174e+00,4.218654489168e+00,0.000000000000e+00
5.012000000000e-01,-4.314688574146e+00,-7.988428508595e+00,9.079180994385e+00,4.217164890518e+00,0.000000000000e+00
5.016000000000e-01,-4.289463116887e+00,-7.913104674345e+00,9.000928808644e+00,4.215653809172e+00,0.000000000000e+00
5.020000000000e-01,-4.264449972083e+00,-7.838260739262e+00,8.923220549838e+00,4.214121029114e+00,0.000000000000e+00
5.024000000000e-01,-4.239648230768e+00,-7.763896161219e+00,8.846055659041e+00,4.212566318507e+00,0.000000000000e+00
5.028000000000e-01,-4.215056901166e+00,-7.690010270062e+00,8.769433427179e+00,4.210989446156e+00,0.000000000000e+00
5.032000000000e-01,-4.190674907214e+00,-7.616602269073e+00,8.693352995433e+00,4.209390181759e+00,0.000000000000e+00
5.036000000000e-01,-4.166501203990e+00,-7.543671132892e+00,8.617813321491e+00,4.207768278474e+00,0.000000000000e+00
5.040000000000e-01,-4.142534741626e+00,-7.471215682655e+00,8.542813228810e+00,4.206123480091e+00,0.000000000000e+00
5.044000000000e-01,-4.118774358468e+00,-7.399234623327e+00,8.468351387786e+00,4.204455533782e+00,0.000000000000e+00
5.048000000000e-01,-4.095218868881e+00,-7.327726546651e+00,8.394426360778e+00,4.202764181259e+00,0.000000000000e+00
5.052000000000e-01,-4.071867136774e+00,-7.256689816391e+00,8.321036538247e+00,4.201049144089e+00,0.000000000000e+00
5.056000000000e-01,-4.048717973438e+00,-7.186122709911e+00,8.248180213255e+00,4.199310141962e+00,0.000000000000e+00
5.060000000000e-01,-4.025770092938e+00,-7.116023418661e+00,8.175855559887e+00,4.197546897402e+00,0.000000000000e+00
5.064000000000e-01,-4.003022240846e+00,-7.046389982080e+00,8.104060638980e+00,4.195759118052e+00,0.000000000000e+00
5.068000000000e-01,-3.980473196652e+00,-6.977220280677e+00,8.032793394228e+00,4.193946495315e+00,0.000000000000e+00
5.072000000000e-01,-3.958121649371e+00,-6.908512132263e+00,7.962051674841e+00,4.192108723189e+00,0.000000000000e+00
5.076000000000e-01,-3.935966231688e+00,-6.840263292516e+00,7.891833252669e+00,4.190245494687e+00,0.000000000000e+00
5.080000000000e-01,-3.914005647342e+00,-6.772471333700e+00,7.822135780796e+00,4.188356479969e+00,0.000000000000e+00
5.084000000000e-01,-3.892238592753e+00,-6.705133744968e+00,7.752956842446e+00,4.186441340534e+00,0.000000000000e+00
5.088000000000e-01,-3.870663661931e+00,-6.638247971226e+00,7.684293937070e+00,4.184499742117e+00,0.000000000000e+00
5.092000000000e-01,-3.849279445018e+00,-6.571811384227e+00,7.616144504649e+00,4.182531341824e+00,0.000000000000e+00
5.096000000000e-01,-3.828084614079e+00,-6.505821186671e+00,7.548505886961e+00,4.180535771552e+00,0.000000000000e+00
5.100000000000e-01,-3.807077788195e+00,-6.440274547099e+00,7.481375376719e+00,4.178512661560e+00,0.000000000000e+00
5.104000000000e-01,-3.786257496839e+00,-6.375168611152e+00,7.414750208401e+00,4.176461645487e+00,0.000000000000e+00
5.108000000000e-01,-3.765622319814e+00,-6.310500417314e+00,7.348627557061e+00,4.174382338332e+00,0.000000000000e+00
5.112000000000e-01,-3.745170896645e+00,-6.246266884795e+00,7.283004533924e+00,4.172274333703e+00,0.000000000000e+00
5.116000000000e-01,-3.724901783451e+00,-6.182464925901e+00,7.217878210135e+00,4.170137227914e+00,0.000000000000e+00
5.120000000000e-01,-3.704813473579e+00,-6.119091440340e+00,7.153245622041e+00,4.167970617318e+00,0.000000000000e+00
5.124000000000e-01,-3.684904556118e+00,-6.056143193572e+00,7.089103749329e+00,4.165774070376e+00,0.000000000000e+00
5.128000000000e-01,-3.665173638045e+00,-5.993616887503e+00,7.025449536590e+00,4.163547141146e+00,0.000000000000e+00
5.132000000000e-01,-3.645619229600e+00,-5.931509237260e+00,6.962279899497e+00,4.161289388530e+00,0.000000000000e+00
5.136000000000e-01,-3.626239815330e+00,-5.869816936946e+00,6.899591732236e+00,4.159000365234e+00,0.000000000000e+00
5.140000000000e-01,-3.607034000848e+00,-5.808536541059e+00,6.837381884324e+00,4.156679590214e+00,0.000000000000e+00
5.144000000000e-01,-3.588000364262e+00,-5.747664587682e+00,6.775647188752e+00,4.154326575446e+00,0.000000000000e+00
5.148000000000e-01,-3.569137386573e+00,-5.687197644560e+00,6.714384464158e+00,4.151940838167e+00,0.000000000000e+00
5.152000000000e-01,-3.550443569617e+00,-5.627132234432e+00,6.653590513761e+00,4.149521880281e+00,0.000000000000e+00
5.156000000000e-01,-3.531917533177e+00,-5.567464758489e+00,6.593262113565e+00,4.147069169132e+00,0.000000000000e+00
5.160000000000e-01,-3.513557834672e+00,-5.508191636135e+00,6.533396035599e+00,4.144582170808e+00,0.000000000000e+00
5.164000000000e-01,-3.495362941748e+00,-5.449309326459e+00,6.473989050808e+00,4.142060355606e+00,0.000000000000e+00
5.168000000000e-01,-3.477331392157e+00,-5.390814215916e+00,6.415037920496e+00,4.139503167976e+00,0.000000000000e+00
5.172000000000e-01,-3.459461816994e+00,-5.332702599484e+00,6.356539394810e+00,4.136910020797e+00,0.000000000000e+00
5.176000000000e-01,-3.441752762706e+00,-5.274970816930e+00,6.298490231719e+00,4.134280329577e+00,0.000000000000e+00
5.180000000000e-01,-3.424202698247e+00,-5.217615249165e+00,6.240887197106e+00,4.131613511506e+00,0.000000000000e+00
5.184000000000e-01,-3.406810208031e+00,-5.160632181030e+00,6.183727055864e+00,4.128908947481e+00,0.000000000000e+00
5.188000000000e-01,-3.389573933980e+00,-5.104017839151e+00,6.127006573874e+00,4.126165991905e+00,0.000000000000e+00
5.192000000000e-01,-3.372492420734e+00,-5.047768516533e+00,6.070722537261e+00,4.123384004272e+00,0.000000000000e+00
5.196000000000e-01,-3.355564152115e+00,-4.991880540891e+00,6.014871745390e+00,4.120562341695e+00,0.000000000000e+00
5.200000000000e-01,-3.338787763801e+00,-4.936350127497e+00,5.959451007681e+00,4.117700315644e+00,0.000000000000e+00
5.204000000000e-01,-3.322161910295e+00,-4.881173465541e+00,5.904457143457e+00,4.114797216907e+00,0.000000000000e+00
5.208000000000e-01,-3.305685142404e+00,-4.826346828129e+00,5.849887004558e+00,4.111852342779e+00,0.000000000000e+00
5.212000000000e-01,-3.289355970996e+00,-4.771866510864e+00,5.795737459671e+00,4.108864982621e+00,0.000000000000e+00
5.216000000000e-01,-3.273173083360e+00,-4.717728687831e+00,5.742005399302e+00,4.105834372502e+00,0.000000000000e+00
5.220000000000e-01,-3.257135150077e+00,-4.663929536060e+00,5.688687731208e+00,4.102759733350e+00,0.000000000000e+00
5.224000000000e-01,-3.241240734756e+00,-4.610465330334e+00,5.635781406589e+00,4.099640293322e+00,0.000000000000e+00
5.228000000000e-01,-3.225488385574e+00,-4.557332352279e+00,5.583283397303e+00,4.096475265741e+00,0.000000000000e+00
5.232000000000e-01,-3.209876839371e+00,-4.504526759107e+00,5.531190707926e+00,4.093263804883e+00,0.000000000000e+00
5.236000000000e-01,-3.194404787390e+00,-4.452044736110e+00,5.479500367553e+00,4.090005054507e+00,0.000000000000e+00
5.240000000000e-01,-3.179070811652e+00,-4.399882576850e+00,5.428209457599e+00,4.086698165872e+00,0.000000000000e+00
5.244000000000e-01,-3.163873504868e+00,-4.348036565084e+00,5.377315085255e+00,4.083342267593e+00,0.000000000000e+00
5.248000000000e-01,-3.148811651143e+00,-4.296502861090e+00,5.326814399782e+00,4.079936424947e+00,0.000000000000e+00
5.252000000000e-01,-3.133883967176e+00,-4.245277674464e+00,5.276704582694e+00,4.076479696209e+00,0.000000000000e+00
5.256000000000e-01,-3.119089058325e+00,-4.194357331200e+00,5.226982875001e+00,4.072971147141e+00,0.000000000000e+00
5.260000000000e-01,-3.104425565454e+00,-4.143738131695e+00,5.177646549882e+00,4.069409812738e+00,0.000000000000e+00
5.264000000000e-01,-3.089892318776e+00,-4.093416254903e+00,5.128692930712e+00,4.065794660984e+00,0.000000000000e+00
5.268000000000e-01,-3.075488064812e+00,-4.043387947000e+00,5.080119381151e+00,4.062124655415e+00,0.000000000000e+00
5.272000000000e-01,-3.061211436510e+00,-3.993649577344e+00,5.031923330660e+00,4.058398766898e+00,0.000000000000e+00
5.276000000000e-01,-3.047061123691e+00,-3.944197475782e+00,4.984102248096e+00,4.054615927570e+00,0.000000000000e+00
5.280000000000e-01,-3.033036002393e+00,-3.895027851934e+00,4.936653660037e+00,4.050774998764e+00,0.000000000000e+00
5.284000000000e-01,-3.019134852850e+00,-3.846136997514e+00,4.889575141394e+00,4.046874839120e+00,0.000000000000e+00
5.288000000000e-01,-3.005356339271e+00,-3.797521333864e+00,4.842864339123e+00,4.042914314428e+00,0.000000000000e+00
5.292000000000e-01,-2.991699199092e+00,-3.749177231434e+00,4.796518947168e+00,4.038892244361e+00,0.000000000000e+00
5.296000000000e-01,-2.978162354419e+00,-3.701100939550e+00,4.750536724836e+00,4.034807373302e+00,0.000000000000e+00
5.300000000000e-01,-2.964744622641e+00,-3.653288801502e+00,4.704915487515e+00,4.030658443969e+00,0.000000000000e+00
5.304000000000e-01,-2.951444702486e+00,-3.605737297156e+00,4.659653129572e+00,4.026444206161e+00,0.000000000000e+00
5.308000000000e-01,-2.938261376037e+00,-3.558442847232e+00,4.614747599915e+00,4.022163357163e+00,0.000000000000e+00
5.312000000000e-01,-2.925193611897e+00,-3.511401747434e+00,4.570196921246e+00,4.017814513336e+00,0.000000000000e+00
5.316000000000e-01,-2.912240267620e+00,-3.464610396112e+00,4.525999179539e+00,4.013396289703e+00,0.000000000000e+00
5.320000000000e-01,-2.899400079553e+00,-3.418065336220e+00,4.482152548049e+00,4.008907308511e+00,0.000000000000e+00
5.324000000000e-01,-2.886671870248e+00,-3.371763047112e+00,4.438655261715e+00,4.004346134553e+00,0.000000000000e+00
5.328000000000e-01,-2.874054655061e+00,-3.325699875770e+00,4.395505639170e+00,3.999711244617e+00,0.000000000000e+00
5.332000000000e-01,-2.861547334281e+00,-3.279872276872e+00,4.352702068707e+00,3.995001113727e+00,0.000000000000e+00
5.336000000000e-01,-2.849148685112e+00,-3.234276859051e+00,4.310243036173e+00,3.990214224534e+00,0.000000000000e+00
5.340000000000e-01,-2.836857565599e+00,-3.188910167473e+00,4.268127095543e+00,3.985348999293e+00,0.000000000000e+00
5.344000000000e-01,-2.824673037560e+00,-3.143768604157e+00,4.226352896482e+00,3.980403763648e+00,0.000000000000e+00
5.348000000000e-01,-2.812594046073e+00,-3.098848679499e+00,4.184919163669e+00,3.975376840167e+00,0.000000000000e+00
5.352000000000e-01,-2.800619412859e+00,-3.054147068367e+00,4.143824732164e+00,3.970266559674e+00,0.000000000000e+00
5.356000000000e-01,-2.788748026197e+00,-3.009660387692e+00,4.103068510622e+00,3.965071192262e+00,0.000000000000e+00
5.360000000000e-01,-2.776978993099e+00,-2.965385097844e+00,4.062649518064e+00,3.959788901516e+00,0.000000000000e+00
5.364000000000e-01,-2.765311304840e+00,-2.921317762854e+00,4.022566852675e+00,3.954417845548e+00,0.000000000000e+00
5.368000000000e-01,-2.753743831874e+00,-2.877455122263e+00,3.982819738856e+00,3.948956191462e+00,0.000000000000e+00
5.372000000000e-01,-2.742275487980e+00,-2.833793869176e+00,3.943407478940e+00,3.943402048451e+00,0.000000000000e+00
5.376000000000e-01,-2.730905422601e+00,-2.790330525920e+00,3.904329503394e+00,3.937753408803e+00,0.000000000000e+00
5.380000000000e-01,-2.719632673767e+00,-2.747061707180e+00,3.865585324796e+00,3.932008255558e+00,0.000000000000e+00
5.384000000000e-01,-2.708456165349e+00,-2.703984213452e+00,3.827174600957e+00,3.926164581395e+00,0.000000000000e+00
5.388000000000e-01,-2.697374833555e+00,-2.661094816162e+00,3.789097070979e+00,3.920220327387e+00,0.000000000000e+00
5.392000000000e-01,-2.686387865441e+00,-2.618390104232e+00,3.751352622925e+00,3.914173308355e+00,0.000000000000e+00
5.396000000000e-01,-2.675494345310e+00,-2.575866739949e+00,3.713941229174e+00,3.908021324430e+00,0.000000000000e+00
5.400000000000e-01,-2.664693255047e+00,-2.533521578970e+00,3.676863029078e+00,3.901762185710e+00,0.000000000000e+00
5.404000000000e-01,-2.653983553458e+00,-2.491351469816e+00,3.640118246456e+00,3.895393660259e+00,0.000000000000e+00
5.408000000000e-01,-2.643364457823e+00,-2.449353074172e+00,3.603707277074e+00,3.888913384211e+00,0.000000000000e+00
5.412000000000e-01,-2.632835097033e+00,-2.407523100035e+00,3.567630603828e+00,3.882318971717e+00,0.000000000000e+00
5.416000000000e-01,-2.622394514425e+00,-2.365858450654e+00,3.531888899416e+00,3.875608046724e+00,0.000000000000e+00
5.420000000000e-01,-2.612041696618e+00,-2.324356045640e+00,3.496482925995e+00,3.868778202928e+00,0.000000000000e+00
5.424000000000e-01,-2.601775880898e+00,-2.283012627043e+00,3.461413640358e+00,3.861826903822e+00,0.000000000000e+00
5.428000000000e-01,-2.591596237897e+00,-2.241824949547e+00,3.426682092739e+00,3.854751582074e+00,0.000000000000e+00
5.432000000000e-01,-2.581501873124e+00,-2.200789955136e+00,3.392289543593e+00,3.847549679367e+00,0.000000000000e+00
5.436000000000e-01,-2.571491812402e+00,-2.159904622847e+00,3.358237353292e+00,3.840218619226e+00,0.000000000000e+00
5.440000000000e-01,-2.561565301028e+00,-2.119165782569e+00,3.324527095008e+00,3.832755708332e+00,0.000000000000e+00
5.444000000000e-01,-2.551721547092e+00,-2.078570241368e+00,3.291160449172e+00,3.825158213729e+00,0.000000000000e+00
5.448000000000e-01,-2.541959715254e+00,-2.038114970921e+00,3.258139320021e+00,3.817423409969e+00,0.000000000000e+00
5.452000000000e-01,-2.532278886330e+00,-1.997796993082e+00,3.225465731289e+00,3.809548563957e+00,0.000000000000e+00
5.456000000000e-01,-2.522678304101e+00,-1.957613228662e+00,3.193141929043e+00,3.801530853195e+00,0.000000000000e+00
5.460000000000e-01,-2.513157207198e+00,-1.917560549403e+00,3.161170291002e+00,3.793367411439e+00,0.000000000000e+00
5.464000000000e-01,-2.503714811917e+00,-1.877635949868e+00,3.129553421760e+00,3.785055377592e+00,0.000000000000e+00
5.468000000000e-01,-2.494350271298e+00,-1.837836474739e+00,3.098294076392e+00,3.776591890169e+00,0.000000000000e+00
5.472000000000e-01,-2.485062825357e+00,-1.798159128458e+00,3.067395230033e+00,3.767974039100e+00,0.000000000000e+00
5.476000000000e-01,-2.475851733138e+00,-1.758600867607e+00,3.036860025755e+00,3.759198879726e+00,0.000000000000e+00
5.480000000000e-01,-2.466716250080e+00,-1.719158708389e+00,3.006691823756e+00,3.750263469659e+00,0.000000000000e+00
5.484000000000e-01,-2.457655615939e+00,-1.679829698010e+00,2.976894176969e+00,3.741164869144e+00,0.000000000000e+00
5.488000000000e-01,-2.448669076424e+00,-1.640610900103e+00,2.947470843176e+00,3.731900138684e+00,0.000000000000e+00
5.492000000000e-01,-2.439755898179e+00,-1.601499383076e+00,2.918425794276e+00,3.722466338987e+00,0.000000000000e+00
5.496000000000e-01,-2.430915358935e+00,-1.562492193384e+00,2.889763197338e+00,3.712860531469e+00,0.000000000000e+00
5.500000000000e-01,-2.422146791548e+00,-1.523586364778e+00,2.861487461224e+00,3.703079779165e+00,0.000000000000e+00
5.504000000000e-01,-2.413449470883e+00,-1.484778973528e+00,2.833603174182e+00,3.693121191671e+00,0.000000000000e+00
5.508000000000e-01,-2.404822658166e+00,-1.446067227758e+00,2.806115187305e+00,3.682981953020e+00,0.000000000000e+00
5.512000000000e-01,-2.396265634434e+00,-1.407448227456e+00,2.779028517978e+00,3.672659252938e+00,0.000000000000e+00
5.516000000000e-01,-2.387777818739e+00,-1.368918986527e+00,2.752348470550e+00,3.662150279310e+00,0.000000000000e+00
5.520000000000e-01,-2.379358549674e+00,-1.330476527482e+00,2.726080501029e+00,3.651452296687e+00,0.000000000000e+00
5.524000000000e-01,-2.371007075254e+00,-1.292118212642e+00,2.700230365422e+00,3.640562766177e+00,0.000000000000e+00
5.528000000000e-01,-2.362722662754e+00,-1.253841237464e+00,2.674803961014e+00,3.629479178114e+00,0.000000000000e+00
5.532000000000e-01,-2.354504794522e+00,-1.215642602921e+00,2.649807495925e+00,3.618199017112e+00,0.000000000000e+00
5.536000000000e-01,-2.346352907488e+00,-1.177519209106e+00,2.625247312977e+00,3.606719848867e+00,0.000000000000e+00
5.540000000000e-01,-2.338266242831e+00,-1.139468547326e+00,2.601130060706e+00,3.595039595496e+00,0.000000000000e+00
5.544000000000e-01,-2.330244043533e+00,-1.101487969983e+00,2.577462521636e+00,3.583156274046e+00,0.000000000000e+00
5.548000000000e-01,-2.322285819020e+00,-1.063574487208e+00,2.554251772058e+00,3.571067892554e+00,0.000000000000e+00
5.552000000000e-01,-2.314391120958e+00,-1.025724837436e+00,2.531505027233e+00,3.558772522261e+00,0.000000000000e+00
5.556000000000e-01,-2.306559214588e+00,-9.879365468567e-01,2.509229768478e+00,3.546268747818e+00,0.000000000000e+00
5.560000000000e-01,-2.298789314219e+00,-9.502071964867e-01,2.487433622717e+00,3.533555392128e+00,0.000000000000e+00
5.564000000000e-01,-2.291080918260e+00,-9.125338506667e-01,2.466124449948e+00,3.520631268957e+00,0.000000000000e+00
5.568000000000e-01,-2.283433678806e+00,-8.749130919522e-01,2.445310263336e+00,3.507495225278e+00,0.000000000000e+00
5.572000000000e-01,-2.275846935371e+00,-8.373423240837e-01,2.424999266173e+00,3.494146721599e+00,0.000000000000e+00
5.576000000000e-01,-2.268319877541e+00,-7.998194096405e-01,2.405199816000e+00,3.480585701743e+00,0.000000000000e+00
5.580000000000e-01,-2.260851967688e+00,-7.623415356972e-01,2.385920417124e+00,3.466812113248e+00,0.000000000000e+00
5.584000000000e-01,-2.253442913077e+00,-7.249051882918e-01,2.367169722371e+00,3.452825908705e+00,0.000000000000e+00
5.588000000000e-01,-2.246092174315e+00,-6.875074676906e-01,2.348956486112e+00,3.438627650471e+00,0.000000000000e+00
5.592000000000e-01,-2.238798934574e+00,-6.501465098443e-01,2.331289590273e+00,3.424218717069e+00,0.000000000000e+00
5.596000000000e-01,-2.231562619561e+00,-6.128197043888e-01,2.314177978270e+00,3.409600537659e+00,0.000000000000e+00
5.600000000000e-01,-2.224382929871e+00,-5.755235461799e-01,2.297630686362e+00,3.394774531997e+00,0.000000000000e+00
5.604000000000e-01,-2.217259461063e+00,-5.382547064464e-01,2.281656776705e+00,3.379742610541e+00,0.000000000000e+00
5.608000000000e-01,-2.210191425123e+00,-5.010114787926e-01,2.266265350211e+00,3.364507842650e+00,0.000000000000e+00
5.612000000000e-01,-2.203178236496e+00,-4.637915220193e-01,2.251465504436e+00,3.349073461539e+00,0.000000000000e+00
5.616000000000e-01,-2.196219538589e+00,-4.265914587559e-01,2.237266308325e+00,3.333442690988e+00,0.000000000000e+00
5.620000000000e-01,-2.189315021793e+00,-3.894075621192e-01,2.223676800725e+00,3.317619061843e+00,0.000000000000e+00
5.624000000000e-01,-2.182463974272e+00,-3.522380360373e-01,2.210705912832e+00,3.301607469236e+00,0.000000000000e+00
5.628000000000e-01,-2.175665834170e+00,-3.150808293595e-01,2.198362515830e+00,3.285413183998e+00,0.000000000000e+00
5.632000000000e-01,-2.168920179332e+00,-2.779327861856e-01,2.186655294725e+00,3.269041472282e+00,0.000000000000e+00
5.636000000000e-01,-2.162226712674e+00,-2.407899994368e-01,2.175592834340e+00,3.252497746658e+00,0.000000000000e+00
5.640000000000e-01,-2.155584836344e+00,-2.036502779671e-01,2.165183461601e+00,3.235788713636e+00,0.000000000000e+00
5.644000000000e-01,-2.148994032889e+00,-1.665117960950e-01,2.155435346196e+00,3.218921747748e+00,0.000000000000e+00
5.648000000000e-01,-2.142453857433e+00,-1.293716685807e-01,2.146356345033e+00,3.201904229276e+00,0.000000000000e+00
5.652000000000e-01,-2.135963951817e+00,-9.222608580257e-02,2.137954081445e+00,3.184743586389e+00,0.000000000000e+00
5.656000000000e-01,-2.129523828571e+00,-5.507230946046e-02,2.130235831010e+00,3.167448216248e+00,0.000000000000e+00
5.660000000000e-01,-2.123133012189e+00,-1.790855178578e-02,2.123208539845e+00,3.150027418147e+00,0.000000000000e+00
5.664000000000e-01,-2.116791103787e+00,1.926783031800e-02,2.116878793497e+00,3.132490528125e+00,0.000000000000e+00
5.668000000000e-01,-2.110497656446e+00,5.646032983566e-02,2.111252738710e+00,3.114846892312e+00,0.000000000000e+00
5.672000000000e-01,-2.104252262111e+00,9.367211433214e-02,2.106336166808e+00,3.097106393725e+00,0.000000000000e+00
5.676000000000e-01,-2.098054459060e+00,1.309051974865e-01,2.102134316334e+00,3.079279817568e+00,0.000000000000e+00
5.680000000000e-01,-2.091903938545e+00,1.681620997197e-01,2.098652086431e+00,3.061378037322e+00,0.000000000000e+00
5.684000000000e-01,-2.085800194946e+00,2.054459243819e-01,2.095893718937e+00,3.043411930719e+00,0.000000000000e+00
5.688000000000e-01,-2.079742877298e+00,2.427599227775e-01,2.093863132055e+00,3.025392558984e+00,0.000000000000e+00
5.692000000000e-01,-2.073731504354e+00,2.801065458736e-01,2.092563506609e+00,3.007331565010e+00,0.000000000000e+00
5.696000000000e-01,-2.067765828001e+00,3.174883771864e-01,2.091997702938e+00,2.989240707532e+00,0.000000000000e+00
5.700000000000e-01,-2.061845356532e+00,3.549082185618e-01,2.092167803465e+00,2.971131747411e+00,0.000000000000e+00
5.704000000000e-01,-2.055969795071e+00,3.923690424694e-01,2.093075551368e+00,2.953016454643e+00,0.000000000000e+00
5.708000000000e-01,-2.050138650225e+00,4.298737355239e-01,2.094721917974e+00,2.934906653206e+00,0.000000000000e+00
5.712000000000e-01,-2.044351628808e+00,4.674251415609e-01,2.097107494902e+00,2.916814187935e+00,0.000000000000e+00
5.716000000000e-01,-2.038608318881e+00,5.050259473955e-01,2.100232150348e+00,2.898750902325e+00,0.000000000000e+00
5.720000000000e-01,-2.032908490344e+00,5.426787099873e-01,2.104095319226e+00,2.880728609911e+00,0.000000000000e+00
5.724000000000e-01,-2.027251709206e+00,5.803864711371e-01,2.108695793223e+00,2.862758723659e+00,0.000000000000e+00
5.728000000000e-01,-2.021637526346e+00,6.181524761650e-01,2.114031875758e+00,2.844852365773e+00,0.000000000000e+00
5.732000000000e-01,-2.016065604023e+00,6.559795048604e-01,2.120101325531e+00,2.827020648873e+00,0.000000000000e+00
5.736000000000e-01,-2.010535777973e+00,6.938698137036e-01,2.126901368865e+00,2.809274667925e+00,0.000000000000e+00
5.740000000000e-01,-2.005047787636e+00,7.318262292711e-01,2.134428790228e+00,2.791624933842e+00,0.000000000000e+00
5.744000000000e-01,-1.999600984138e+00,7.698523956766e-01,2.142679819034e+00,2.774081190852e+00,0.000000000000e+00
5.748000000000e-01,-1.994195025850e+00,8.079513452114e-01,2.151650338078e+00,2.756653129028e+00,0.000000000000e+00
5.752000000000e-01,-1.988829792555e+00,8.461252761579e-01,2.161335681172e+00,2.739350433161e+00,0.000000000000e+00
5.756000000000e-01,-1.983505283129e+00,8.843765918280e-01,2.171730914357e+00,2.722182288287e+00,0.000000000000e+00
5.760000000000e-01,-1.978220716486e+00,9.227091573368e-01,2.182830591724e+00,2.705156670648e+00,0.000000000000e+00
5.764000000000e-01,-1.972975643227e+00,9.611263260150e-01,2.194629058252e+00,2.688281376879e+00,0.000000000000e+00
5.768000000000e-01,-1.967769950568e+00,9.996304600895e-01,2.207120213105e+00,2.671564202608e+00,0.000000000000e+00
5.772000000000e-01,-1.962603877350e+00,1.038223615773e+00,2.220297785375e+00,2.655012643907e+00,0.000000000000e+00
5.776000000000e-01,-1.957476680867e+00,1.076909586585e+00,2.234155145422e+00,2.638632800260e+00,0.000000000000e+00
5.780000000000e-01,-1.952387735143e+00,1.115692025296e+00,2.248685519064e+00,2.622430364778e+00,0.000000000000e+00
5.784000000000e-01,-1.947336893033e+00,1.154573579004e+00,2.263881870660e+00,2.606411034331e+00,0.000000000000e+00
5.788000000000e-01,-1.942324512875e+00,1.193556226251e+00,2.279737041533e+00,2.590580372625e+00,0.000000000000e+00
5.792000000000e-01,-1.937350076485e+00,1.232643432734e+00,2.296243704645e+00,2.574942688787e+00,0.000000000000e+00
5.796000000000e-01,-1.932412795245e+00,1.271839062905e+00,2.313394435274e+00,2.559501609920e+00,0.000000000000e+00
5.800000000000e-01,-1.927512438766e+00,1.311146071120e+00,2.331181722091e+00,2.544260763673e+00,0.000000000000e+00
5.804000000000e-01,-1.922649358160e+00,1.350566607939e+00,2.349597990490e+00,2.529223740303e+00,0.000000000000e+00
5.808000000000e-01,-1.917823341423e+00,1.390103751117e+00,2.368635642680e+00,2.514393213752e+00,0.000000000000e+00
5.812000000000e-01,-1.913033533235e+00,1.429761443233e+00,2.388287060601e+00,2.499770977435e+00,0.000000000000e+00
5.816000000000e-01,-1.908279591932e+00,1.469542897691e+00,2.408544649605e+00,2.485358796977e+00,0.000000000000e+00
5.820000000000e-01,-1.903561774742e+00,1.509450576359e+00,2.429400846449e+00,2.471158440443e+00,0.000000000000e+00
5.824000000000e-01,-1.898880133372e+00,1.549487285386e+00,2.450848140641e+00,2.457171124983e+00,0.000000000000e+00
5.828000000000e-01,-1.894233873074e+00,1.589656916033e+00,2.472879106748e+00,2.443397147193e+00,0.000000000000e+00
5.832000000000e-01,-1.889622552066e+00,1.629962863363e+00,2.495486390509e+00,2.429836722080e+00,0.000000000000e+00
5.836000000000e-01,-1.885046298579e+00,1.670407925633e+00,2.518662777309e+00,2.416490077279e+00,0.000000000000e+00
5.840000000000e-01,-1.880505306805e+00,1.710994832700e+00,2.542401134055e+00,2.403357170723e+00,0.000000000000e+00
5.844000000000e-01,-1.875998946628e+00,1.751727340639e+00,2.566694513122e+00,2.390437159117e+00,0.000000000000e+00
5.848000000000e-01,-1.871526722268e+00,1.792608954771e+00,2.591536057417e+00,2.377729055239e+00,0.000000000000e+00
5.852000000000e-01,-1.867088638638e+00,1.833642759072e+00,2.616919133719e+00,2.365231884536e+00,0.000000000000e+00
5.856000000000e-01,-1.862684900402e+00,1.874831587781e+00,2.642837210410e+00,2.352944566171e+00,0.000000000000e+00
5.860000000000e-01,-1.858315088061e+00,1.916179039746e+00,2.669284001165e+00,2.340865437512e+00,0.000000000000e+00
5.864000000000e-01,-1.853978714761e+00,1.957688683484e+00,2.696253336804e+00,2.328992644675e+00,0.000000000000e+00
5.868000000000e-01,-1.849675687117e+00,1.999363812789e+00,2.723739305331e+00,2.317324343306e+00,0.000000000000e+00
5.872000000000e-01,-1.845406139055e+00,2.041207467630e+00,2.751736132693e+00,2.305858657147e+00,0.000000000000e+00
5.876000000000e-01,-1.841169835207e+00,2.083223135330e+00,2.780238297997e+00,2.294593358176e+00,0.000000000000e+00
5.880000000000e-01,-1.836966357024e+00,2.125414420098e+00,2.809240440759e+00,2.283526020423e+00,0.000000000000e+00
5.884000000000e-01,-1.832795547798e+00,2.167784759143e+00,2.838737445063e+00,2.272654221297e+00,0.000000000000e+00
5.888000000000e-01,-1.828657449341e+00,2.210337419631e+00,2.868724381263e+00,2.261975533328e+00,0.000000000000e+00
5.892000000000e-01,-1.824551938008e+00,2.253075860413e+00,2.899196545125e+00,2.251487355311e+00,0.000000000000e+00
5.896000000000e-01,-1.820478703335e+00,2.296003709826e+00,2.930149440699e+00,2.241186928030e+00,0.000000000000e+00
5.900000000000e-01,-1.816437564621e+00,2.339124503017e+00,2.961578779431e+00,2.231071488612e+00,0.000000000000e+00
5.904000000000e-01,-1.812428485432e+00,2.382441713032e+00,2.993480504497e+00,2.221138275277e+00,0.000000000000e+00
5.908000000000e-01,-1.808451379131e+00,2.425958847642e+00,3.025850743367e+00,2.211384463835e+00,0.000000000000e+00
5.912000000000e-01,-1.804506055172e+00,2.469679563613e+00,3.058685869795e+00,2.201807141064e+00,0.000000000000e+00
5.916000000000e-01,-1.800592345358e+00,2.513607470212e+00,3.091982423699e+00,2.192403386795e+00,0.000000000000e+00
5.920000000000e-01,-1.796710163014e+00,2.557746210344e+00,3.125737206869e+00,2.183170280565e+00,0.000000000000e+00
5.924000000000e-01,-1.792859406475e+00,2.602099393626e+00,3.159947168181e+00,2.174104895442e+00,0.000000000000e+00
5.928000000000e-01,-1.789039992081e+00,2.646670720431e+00,3.194609521624e+00,2.165204290313e+00,0.000000000000e+00
5.932000000000e-01,-1.785251792792e+00,2.691463867400e+00,3.229721615432e+00,2.156465521010e+00,0.000000000000e+00
5.936000000000e-01,-1.781494700347e+00,2.736482612619e+00,3.265281068534e+00,2.147885640184e+00,0.000000000000e+00
5.940000000000e-01,-1.777768575777e+00,2.781730694265e+00,3.301285622971e+00,2.139461714216e+00,0.000000000000e+00
5.944000000000e-01,-1.774073413381e+00,2.827211876026e+00,3.337733282935e+00,2.131190857927e+00,0.000000000000e+00
5.948000000000e-01,-1.770409146080e+00,2.872929905977e+00,3.374622169841e+00,2.123070195059e+00,0.000000000000e+00
5.952000000000e-01,-1.766775666969e+00,2.918888670863e+00,3.411950663519e+00,2.115096843695e+00,0.000000000000e+00
5.956000000000e-01,-1.763172802608e+00,2.965092044170e+00,3.449717258307e+00,2.107267937865e+00,0.000000000000e+00
5.960000000000e-01,-1.759600590794e+00,3.011543872076e+00,3.487920688972e+00,2.099580701143e+00,0.000000000000e+00
5.964000000000e-01,-1.756059033476e+00,3.058247982636e+00,3.526559804165e+00,2.092032384618e+00,0.000000000000e+00
5.968000000000e-01,-1.752548041877e+00,3.105208354566e+00,3.565633683422e+00,2.084620232121e+00,0.000000000000e+00
5.972000000000e-01,-1.749067423965e+00,3.152428991453e+00,3.605141522843e+00,2.077341499024e+00,0.000000000000e+00
5.976000000000e-01,-1.745617231951e+00,3.199913837390e+00,3.645082727073e+00,2.070193549635e+00,0.000000000000e+00
5.980000000000e-01,-1.742197537010e+00,3.247666808355e+00,3.685456817825e+00,2.063173797381e+00,0.000000000000e+00
5.984000000000e-01,-1.738808280659e+00,3.295691967182e+00,3.726263514493e+00,2.056279647955e+00,0.000000000000e+00
5.988000000000e-01,-1.735449270297e+00,3.343993437521e+00,3.767502658255e+00,2.049508512855e+00,0.000000000000e+00
5.992000000000e-01,-1.732120555141e+00,3.392575270419e+00,3.809174265245e+00,2.042857915796e+00,0.000000000000e+00
5.996000000000e-01,-1.728822269629e+00,3.441441475710e+00,3.851278472235e+00,2.036325449853e+00,0.000000000000e+00
6.000000000000e-01,-1.725554393514e+00,3.490596197865e+00,3.893815581345e+00,2.029908701102e+00,0.000000000000e+00
6.004000000000e-01,-1.722316749178e+00,3.540043669945e+00,3.936786020298e+00,2.023605256450e+00,0.000000000000e+00
6.008000000000e-01,-1.719109376828e+00,3.589788052464e+00,3.980190361165e+00,2.017412808654e+00,0.000000000000e+00
6.012000000000e-01,-1.715932465482e+00,3.639833452380e+00,4.024029297502e+00,2.011329135685e+00,0.000000000000e+00
6.016000000000e-01,-1.712786037518e+00,3.690184095571e+00,4.068303659945e+00,2.005352010257e+00,0.000000000000e+00
6.020000000000e-01,-1.709669941963e+00,3.740844314667e+00,4.113014405157e+00,1.999479202234e+00,0.000000000000e+00
6.024000000000e-01,-1.706584212568e+00,3.791818376885e+00,4.158162608397e+00,1.993708576552e+00,0.000000000000e+00
6.028000000000e-01,-1.703529084276e+00,3.843110486457e+00,4.203749463526e+00,1.988038093564e+00,0.000000000000e+00
6.032000000000e-01,-1.700504623855e+00,3.894724950383e+00,4.249776278216e+00,1.982465710665e+00,0.000000000000e+00
6.036000000000e-01,-1.697510714899e+00,3.946666191750e+00,4.296244482836e+00,1.976989379947e+00,0.000000000000e+00
6.040000000000e-01,-1.694547392572e+00,3.998938577786e+00,4.343155605614e+00,1.971607136846e+00,0.000000000000e+00
6.044000000000e-01,-1.691614930868e+00,4.051546406747e+00,4.390511286896e+00,1.966317116907e+00,0.000000000000e+00
6.048000000000e-01,-1.688713440998e+00,4.104494064859e+00,4.438313262296e+00,1.961117455030e+00,0.000000000000e+00
6.052000000000e-01,-1.685842846146e+00,4.157786056540e+00,4.486563383466e+00,1.956006279334e+00,0.000000000000e+00
6.056000000000e-01,-1.683003193372e+00,4.211426839284e+00,4.535263583470e+00,1.950981790575e+00,0.000000000000e+00
6.060000000000e-01,-1.680194791415e+00,4.265420798624e+00,4.584415898065e+00,1.946042289687e+00,0.000000000000e+00
6.064000000000e-01,-1.677417795101e+00,4.319772395445e+00,4.634022443598e+00,1.941186078825e+00,0.000000000000e+00
6.068000000000e-01,-1.674672170260e+00,4.374486205385e+00,4.684085443173e+00,1.936411452609e+00,0.000000000000e+00
6.072000000000e-01,-1.671957987167e+00,4.429566763779e+00,4.734607188102e+00,1.931716769506e+00,0.000000000000e+00
6.076000000000e-01,-1.669275587634e+00,4.485018533099e+00,4.785590060767e+00,1.927100484756e+00,0.000000000000e+00
6.080000000000e-01,-1.666625169003e+00,4.540846040938e+00,4.837036512314e+00,1.922561055939e+00,0.000000000000e+00
6.084000000000e-01,-1.664006741727e+00,4.597053922087e+00,4.888949089435e+00,1.918096932865e+00,0.000000000000e+00
6.088000000000e-01,-1.661420410493e+00,4.653646774511e+00,4.941330395989e+00,1.913706622578e+00,0.000000000000e+00
6.092000000000e-01,-1.658866550746e+00,4.710629123580e+00,4.994183113693e+00,1.909388723082e+00,0.000000000000e+00
6.096000000000e-01,-1.656345401433e+00,4.768005551713e+00,5.047509983151e+00,1.905141834974e+00,0.000000000000e+00
6.100000000000e-01,-1.653857019212e+00,4.825780737896e+00,5.101313827853e+00,1.900964551231e+00,0.000000000000e+00
6.104000000000e-01,-1.651401553951e+00,4.883959324324e+00,5.155597518624e+00,1.896855517544e+00,0.000000000000e+00
6.108000000000e-01,-1.648979416878e+00,4.942545881308e+00,5.210363989792e+00,1.892813463173e+00,0.000000000000e+00
6.112000000000e-01,-1.646590888108e+00,5.001545029786e+00,5.265616225835e+00,1.888837119390e+00,0.000000000000e+00
6.116000000000e-01,-1.644236072264e+00,5.060961474235e+00,5.321357280340e+00,1.884925210326e+00,0.000000000000e+00
6.120000000000e-01,-1.641915174761e+00,5.120799878850e+00,5.377590244741e+00,1.881076510156e+00,0.000000000000e+00
6.124000000000e-01,-1.639628645691e+00,5.181064836705e+00,5.434318258798e+00,1.877289868190e+00,0.000000000000e+00
6.128000000000e-01,-1.637376806516e+00,5.241760985983e+00,5.491544504117e+00,1.873564134515e+00,0.000000000000e+00
6.132000000000e-01,-1.635159812264e+00,5.302893033394e+00,5.549272216721e+00,1.869898152872e+00,0.000000000000e+00
6.136000000000e-01,-1.632977933996e+00,5.364465638312e+00,5.607504660501e+00,1.866290815915e+00,0.000000000000e+00
6.140000000000e-01,-1.630831664089e+00,5.426483389765e+00,5.666245132007e+00,1.862741082272e+00,0.000000000000e+00
6.144000000000e-01,-1.628721366238e+00,5.488950916297e+00,5.725496960994e+00,1.859247909689e+00,0.000000000000e+00
6.148000000000e-01,-1.626647249451e+00,5.551872898265e+00,5.785263516265e+00,1.855810250743e+00,0.000000000000e+00
6.152000000000e-01,-1.624609660326e+00,5.615253957952e+00,5.845548183081e+00,1.852427106957e+00,0.000000000000e+00
6.156000000000e-01,-1.622609136873e+00,5.679098648402e+00,5.906354363678e+00,1.849097536102e+00,0.000000000000e+00
6.160000000000e-01,-1.620646086639e+00,5.743411555246e+00,5.967685483592e+00,1.845820593274e+00,0.000000000000e+00
6.164000000000e-01,-1.618720777842e+00,5.808197297807e+00,6.029544991695e+00,1.842595330049e+00,0.000000000000e+00
6.168000000000e-01,-1.616833642110e+00,5.873460422674e+00,6.091936339374e+00,1.839420847716e+00,0.000000000000e+00
6.172000000000e-01,-1.614985266151e+00,5.939205409208e+00,6.154862980006e+00,1.836296293637e+00,0.000000000000e+00
6.176000000000e-01,-1.613176103761e+00,6.005436759609e+00,6.218328377901e+00,1.833220810833e+00,0.000000000000e+00
6.180000000000e-01,-1.611406489818e+00,6.072158990514e+00,6.282336005142e+00,1.830193541108e+00,0.000000000000e+00
6.184000000000e-01,-1.609676949582e+00,6.139376527062e+00,6.346889318639e+00,1.827213676895e+00,0.000000000000e+00
6.188000000000e-01,-1.607988121228e+00,6.207093730679e+00,6.411991763831e+00,1.824280446271e+00,0.000000000000e+00
6.192000000000e-01,-1.606340508085e+00,6.275314971495e+00,6.477646780999e+00,1.821393071666e+00,0.000000000000e+00
6.196000000000e-01,-1.604734522002e+00,6.344044613742e+00,6.543857803105e+00,1.818550777456e+00,0.000000000000e+00
6.200000000000e-01,-1.603170788725e+00,6.413286907633e+00,6.610628225625e+00,1.815752838994e+00,0.000000000000e+00
6.204000000000e-01,-1.601650000517e+00,6.483046044684e+00,6.677961421096e+00,1.812998556909e+00,0.000000000000e+00
6.208000000000e-01,-1.600172714673e+00,6.553326205552e+00,6.745860736271e+00,1.810287225423e+00,0.000000000000e+00
6.212000000000e-01,-1.598739433843e+00,6.624131542688e+00,6.814329495420e+00,1.807618144997e+00,0.000000000000e+00
6.216000000000e-01,-1.597350888172e+00,6.695466070168e+00,6.883370958819e+00,1.804990665888e+00,0.000000000000e+00
6.220000000000e-01,-1.596007826744e+00,6.767333748077e+00,6.952988353283e+00,1.802404153889e+00,0.000000000000e+00
6.224000000000e-01,-1.594710866865e+00,6.839738501383e+00,7.023184855619e+00,1.799857968278e+00,0.000000000000e+00
6.228000000000e-01,-1.593460619961e+00,6.912684199213e+00,7.093963601923e+00,1.797351480303e+00,0.000000000000e+00
6.232000000000e-01,-1.592257920049e+00,6.986174551581e+00,7.165327637248e+00,1.794884107109e+00,0.000000000000e+00
6.236000000000e-01,-1.591103576255e+00,7.060213213218e+00,7.237279959105e+00,1.792455273094e+00,0.000000000000e+00
6.240000000000e-01,-1.589998275195e+00,7.134803778706e+00,7.309823491423e+00,1.790064396856e+00,0.000000000000e+00
6.244000000000e-01,-1.588942756831e+00,7.209949748097e+00,7.382961089873e+00,1.787710915901e+00,0.000000000000e+00
6.248000000000e-01,-1.587937954843e+00,7.285654452883e+00,7.456695498359e+00,1.785394306390e+00,0.000000000000e+00
6.252000000000e-01,-1.586984742711e+00,7.361921154123e+00,7.531029388677e+00,1.783114045639e+00,0.000000000000e+00
6.256000000000e-01,-1.586083890786e+00,7.438753031475e+00,7.605965341223e+00,1.780869606989e+00,0.000000000000e+00
6.260000000000e-01,-1.585236283702e+00,7.516153117008e+00,7.681505825909e+00,1.778660489598e+00,0.000000000000e+00
6.264000000000e-01,-1.584442950535e+00,7.594124279610e+00,7.757653191376e+00,1.776486221508e+00,0.000000000000e+00
6.268000000000e-01,-1.583704834642e+00,7.672669284624e+00,7.834409674920e+00,1.774346328005e+00,0.000000000000e+00
6.272000000000e-01,-1.583022810427e+00,7.751790798847e+00,7.911777411393e+00,1.772240333794e+00,0.000000000000e+00
6.276000000000e-01,-1.582397916743e+00,7.831491277195e+00,7.989758368793e+00,1.770167794589e+00,0.000000000000e+00
6.280000000000e-01,-1.581831274589e+00,7.911773027466e+00,8.068354393518e+00,1.768128284063e+00,0.000000000000e+00
6.284000000000e-01,-1.581323905308e+00,7.992638206842e+00,8.147567170571e+00,1.766121371259e+00,0.000000000000e+00
6.288000000000e-01,-1.580876814104e+00,8.074088850984e+00,8.227398268891e+00,1.764146630132e+00,0.000000000000e+00
6.292000000000e-01,-1.580491194262e+00,8.156126725244e+00,8.307849034099e+00,1.762203666953e+00,0.000000000000e+00
6.296000000000e-01,-1.580168256139e+00,8.238753454612e+00,8.388920681684e+00,1.760292095794e+00,0.000000000000e+00
6.300000000000e-01,-1.579909112662e+00,8.321970472348e+00,8.470614224890e+00,1.758411526081e+00,0.000000000000e+00
6.304000000000e-01,-1.579714931087e+00,8.405779034963e+00,8.552930518139e+00,1.756561579940e+00,0.000000000000e+00
6.308000000000e-01,-1.579587048322e+00,8.490180110214e+00,8.635870167337e+00,1.754741907149e+00,0.000000000000e+00
6.312000000000e-01,-1.579526764412e+00,8.575174490198e+00,8.719433601837e+00,1.752952158142e+00,0.000000000000e+00
6.316000000000e-01,-1.579535307673e+00,8.660762761748e+00,8.803621039292e+00,1.751191980730e+00,0.000000000000e+00
6.320000000000e-01,-1.579614029568e+00,8.746945236129e+00,8.888432451577e+00,1.749461043215e+00,0.000000000000e+00
6.324000000000e-01,-1.579764397663e+00,8.833721963447e+00,8.973867576447e+00,1.747759032360e+00,0.000000000000e+00
6.328000000000e-01,-1.579987807454e+00,8.921092741500e+00,9.059925892310e+00,1.746085631883e+00,0.000000000000e+00
6.332000000000e-01,-1.580285635250e+00,9.009057159869e+00,9.146606671262e+00,1.744440527454e+00,0.000000000000e+00
6.336000000000e-01,-1.580659422816e+00,9.097614425804e+00,9.233908839248e+00,1.742823429562e+00,0.000000000000e+00
6.340000000000e-01,-1.581110756917e+00,9.186763514410e+00,9.321831102060e+00,1.741234056808e+00,0.000000000000e+00
6.344000000000e-01,-1.581641143346e+00,9.276503079648e+00,9.410371836067e+00,1.739672123952e+00,0.000000000000e+00
6.348000000000e-01,-1.582252144711e+00,9.366831510681e+00,9.499529167224e+00,1.738137355348e+00,0.000000000000e+00
6.352000000000e-01,-1.582945480719e+00,9.457746782492e+00,9.589300839825e+00,1.736629497410e+00,0.000000000000e+00
6.356000000000e-01,-1.583722849253e+00,9.549246586854e+00,9.679684315089e+00,1.735148297061e+00,0.000000000000e+00
6.360000000000e-01,-1.584585897497e+00,9.641328293638e+00,9.770676728469e+00,1.733693499440e+00,0.000000000000e+00
6.364000000000e-01,-1.585536399809e+00,9.733988863327e+00,9.862274832233e+00,1.732264867190e+00,0.000000000000e+00
6.368000000000e-01,-1.586576232819e+00,9.827224900441e+00,9.954475043235e+00,1.730862176281e+00,0.000000000000e+00
6.372000000000e-01,-1.587707209761e+00,9.921032608298e+00,1.004727337136e+01,1.729485199814e+00,0.000000000000e+00
6.376000000000e-01,-1.588931160239e+00,1.001540787721e+01,1.014066551953e+01,1.728133714507e+00,0.000000000000e+00
6.380000000000e-01,-1.590250071509e+00,1.011034606180e+01,1.023464668561e+01,1.726807517573e+00,0.000000000000e+00
6.384000000000e-01,-1.591665955556e+00,1.020584217948e+01,1.032921173694e+01,1.725506410013e+00,0.000000000000e+00
6.388000000000e-01,-1.593180765103e+00,1.030189079619e+01,1.042435508446e+01,1.724230190184e+00,0.000000000000e+00
6.392000000000e-01,-1.594796550684e+00,1.039848604191e+01,1.052007072228e+01,1.722978668405e+00,0.000000000000e+00
6.396000000000e-01,-1.596515489215e+00,1.049562155012e+01,1.061635217156e+01,1.721751669929e+00,0.000000000000e+00
6.400000000000e-01,-1.598339717332e+00,1.059329048867e+01,1.071319248540e+01,1.720549018423e+00,0.000000000000e+00
6.404000000000e-01,-1.600271370921e+00,1.069148561943e+01,1.081058431404e+01,1.719370538818e+00,0.000000000000e+00
6.408000000000e-01,-1.602312732276e+00,1.079019907751e+01,1.090851970821e+01,1.718216073592e+00,0.000000000000e+00
6.412000000000e-01,-1.604466135930e+00,1.088942257830e+01,1.100699030935e+01,1.717085470723e+00,0.000000000000e+00
6.416000000000e-01,-1.606733859366e+00,1.098914727094e+01,1.110598718877e+01,1.715978575645e+00,0.000000000000e+00
6.420000000000e-01,-1.609118264780e+00,1.108936381287e+01,1.120550094213e+01,1.714895242904e+00,0.000000000000e+00
6.424000000000e-01,-1.611621844716e+00,1.119006224505e+01,1.130552157215e+01,1.713835341352e+00,0.000000000000e+00
6.428000000000e-01,-1.614247065393e+00,1.129123206673e+01,1.140603853986e+01,1.712798738974e+00,0.000000000000e+00
6.432000000000e-01,-1.616996390855e+00,1.139286227728e+01,1.150704080975e+01,1.711785304517e+00,0.000000000000e+00
6.436000000000e-01,-1.619872423505e+00,1.149494115809e+01,1.160851665358e+01,1.710794922113e+00,0.000000000000e+00
6.440000000000e-01,-1.622877823791e+00,1.159745648784e+01,1.171045385193e+01,1.709827481252e+00,0.000000000000e+00
6.444000000000e-01,-1.626015200294e+00,1.170039538322e+01,1.181283952127e+01,1.708882869266e+00,0.000000000000e+00
6.448000000000e-01,-1.629287247295e+00,1.180374438486e+01,1.191566021827e+01,1.707960981889e+00,0.000000000000e+00
6.452000000000e-01,-1.632696782207e+00,1.190748933721e+01,1.201890182580e+01,1.707061727412e+00,0.000000000000e+00
6.456000000000e-01,-1.636246595586e+00,1.201161544858e+01,1.212254959182e+01,1.706185013259e+00,0.000000000000e+00
6.460000000000e-01,-1.639939486487e+00,1.211610735918e+01,1.222658820189e+01,1.705330748211e+00,0.000000000000e+00
6.464000000000e-01,-1.643778388002e+00,1.222094889552e+01,1.233100155283e+01,1.704498855199e+00,0.000000000000e+00
6.468000000000e-01,-1.647766277354e+00,1.232612331314e+01,1.243577298102e+01,1.703689261000e+00,0.000000000000e+00
6.472000000000e-01,-1.651906087028e+00,1.243161314342e+01,1.254088509906e+01,1.702901890794e+00,0.000000000000e+00
6.476000000000e-01,-1.656200845503e+00,1.253740023181e+01,1.264631985256e+01,1.702136678951e+00,0.000000000000e+00
6.480000000000e-01,-1.660653686541e+00,1.264346570838e+01,1.275205849209e+01,1.701393569808e+00,0.000000000000e+00
6.484000000000e-01,-1.665267704184e+00,1.274978996515e+01,1.285808153194e+01,1.700672506425e+00,0.000000000000e+00
6.488000000000e-01,-1.670046023071e+00,1.285635278279e+01,1.296436888532e+01,1.699973434891e+00,0.000000000000e+00
6.492000000000e-01,-1.674991894599e+00,1.296313306876e+01,1.307089961729e+01,1.699296314248e+00,0.000000000000e+00
6.496000000000e-01,-1.680108582047e+00,1.307010909179e+01,1.317765216261e+01,1.698641105179e+00,0.000000000000e+00
6.500000000000e-01,-1.685399319237e+00,1.317725840096e+01,1.328460424066e+01,1.698007767830e+00,0.000000000000e+00
6.504000000000e-01,-1.690867447998e+00,1.328455773520e+01,1.339173278357e+01,1.697396273061e+00,0.000000000000e+00
6.508000000000e-01,-1.696516380716e+00,1.339198316130e+01,1.349901406854e+01,1.696806598173e+00,0.000000000000e+00
6.512000000000e-01,-1.702349476273e+00,1.349950994864e+01,1.360642357832e+01,1.696238718997e+00,0.000000000000e+00
6.516000000000e-01,-1.708370154635e+00,1.360711269792e+01,1.371393614391e+01,1.695692617287e+00,0.000000000000e+00
6.520000000000e-01,-1.714581940560e+00,1.371476519154e+01,1.382152580181e+01,1.695168285239e+00,0.000000000000e+00
6.524000000000e-01,-1.720988326971e+00,1.382244049131e+01,1.392916587443e+01,1.694665714730e+00,0.000000000000e+00
6.528000000000e-01,-1.727592807530e+00,1.393011100890e+01,1.403682904465e+01,1.694184899298e+00,0.000000000000e+00
6.532000000000e-01,-1.734398986033e+00,1.403774828748e+01,1.414448715314e+01,1.693725843950e+00,0.000000000000e+00
6.536000000000e-01,-1.741410477805e+00,1.414532323789e+01,1.425211142100e+01,1.693288556123e+00,0.000000000000e+00
6.540000000000e-01,-1.748630852033e+00,1.425280605194e+01,1.435967235736e+01,1.692873042682e+00,0.000000000000e+00
6.544000000000e-01,-1.756063764678e+00,1.436016616519e+01,1.446713973934e+01,1.692479319698e+00,0.000000000000e+00
6.548000000000e-01,-1.763712925782e+00,1.446737236278e+01,1.457448271356e+01,1.692107409357e+00,0.000000000000e+00
6.552000000000e-01,-1.771581980442e+00,1.457439270428e+01,1.468166970790e+01,1.691757332677e+00,0.000000000000e+00
6.556000000000e-01,-1.779674617112e+00,1.468119463167e+01,1.478866855251e+01,1.691429116317e+00,0.000000000000e+00
6.560000000000e-01,-1.787994604290e+00,1.478774487275e+01,1.489544638896e+01,1.691122796000e+00,0.000000000000e+00
6.564000000000e-01,-1.796545656379e+00,1.489400952624e+01,1.500196973944e+01,1.690838407042e+00,0.000000000000e+00
6.568000000000e-01,-1.805331478275e+00,1.499995414061e+01,1.510820459111e+01,1.690575987098e+00,0.000000000000e+00
6.572000000000e-01,-1.814355862176e+00,1.510554355587e+01,1.521411625145e+01,1.690335584086e+00,0.000000000000e+00
6.576000000000e-01,-1.823622571459e+00,1.521074209538e+01,1.531966952566e+01,1.690117247260e+00,0.000000000000e+00
6.580000000000e-01,-1.833135315532e+00,1.531551355523e+01,1.542482870393e+01,1.689921026103e+00,0.000000000000e+00
6.584000000000e-01,-1.842897876819e+00,1.541982113298e+01,1.552955750681e+01,1.689746979464e+00,0.000000000000e+00
6.588000000000e-01,-1.852914038044e+00,1.552362757613e+01,1.563381922484e+01,1.689595169992e+00,0.000000000000e+00
6.592000000000e-01,-1.863187500216e+00,1.562689515588e+01,1.573757668366e+01,1.689465659542e+00,0.000000000000e+00
6.596000000000e-01,-1.873722005291e+00,1.572958569682e+01,1.584079228911e+01,1.689358517189e+00,0.000000000000e+00
6.600000000000e-01,-1.884521320423e+00,1.583166061732e+01,1.594342806642e+01,1.689273818244e+00,0.000000000000e+00
6.604000000000e-01,-1.895589120925e+00,1.593308096762e+01,1.604544568518e+01,1.689211637070e+00,0.000000000000e+00
6.608000000000e-01,-1.906929080434e+00,1.603380748951e+01,1.614680653034e+01,1.689172052776e+00,0.000000000000e+00
6.612000000000e-01,-1.918544914175e+00,1.613380058852e+01,1.624747168078e+01,1.689155152473e+00,0.000000000000e+00
6.616000000000e-01,-1.930440248200e+00,1.623302044291e+01,1.634740200313e+01,1.689161022868e+00,0.000000000000e+00
6.620000000000e-01,-1.942618662531e+00,1.633142704254e+01,1.644655819659e+01,1.689189753179e+00,0.000000000000e+00
6.624000000000e-01,-1.955083784861e+00,1.642898016349e+01,1.654490077994e+01,1.689241441446e+00,0.000000000000e+00
6.628000000000e-01,-1.967839162227e+00,1.652563949179e+01,1.664239020036e+01,1.689316186329e+00,0.000000000000e+00
6.632000000000e-01,-1.980888258748e+00,1.662136465279e+01,1.673898686345e+01,1.689414087335e+00,0.000000000000e+00
6.636000000000e-01,-1.994234578971e+00,1.671611522145e+01,1.683465115922e+01,1.689535252600e+00,0.000000000000e+00
6.640000000000e-01,-2.007881558502e+00,1.680985080830e+01,1.692934353572e+01,1.689679792223e+00,0.000000000000e+00
6.644000000000e-01,-2.021832524295e+00,1.690253111893e+01,1.702302455449e+01,1.689847816087e+00,0.000000000000e+00
6.648000000000e-01,-2.036090823366e+00,1.699411598282e+01,1.711565493572e+01,1.690039441727e+00,0.000000000000e+00
6.652000000000e-01,-2.050659747586e+00,1.708456539464e+01,1.720719559150e+01,1.690254790101e+00,0.000000000000e+00
6.656000000000e-01,-2.065542464237e+00,1.717383962769e+01,1.729760773139e+01,1.690493981326e+00,0.000000000000e+00
6.660000000000e-01,-2.080742131903e+00,1.726189924492e+01,1.738685288835e+01,1.690757141839e+00,0.000000000000e+00
6.664000000000e-01,-2.096261867839e+00,1.734870512528e+01,1.747489294223e+01,1.691044402781e+00,0.000000000000e+00
6.668000000000e-01,-2.112104656130e+00,1.743421862137e+01,1.756169026649e+01,1.691355894198e+00,0.000000000000e+00
6.672000000000e-01,-2.128273439970e+00,1.751840153096e+01,1.764720771213e+01,1.691691751022e+00,0.000000000000e+00
6.676000000000e-01,-2.144771133922e+00,1.760121614800e+01,1.773140866106e+01,1.692052113852e+00,0.000000000000e+00
6.680000000000e-01,-2.161600515216e+00,1.768262542508e+01,1.781425717539e+01,1.692437122215e+00,0.000000000000e+00
6.684000000000e-01,-2.178764289157e+00,1.776259291489e+01,1.789571794838e+01,1.692846919153e+00,0.000000000000e+00
6.688000000000e-01,-2.196265142947e+00,1.784108286910e+01,1.797575641024e+01,1.693281653967e+00,0.000000000000e+00
6.692000000000e-01,-2.214105624809e+00,1.791806036277e+01,1.805433883812e+01,1.693741475104e+00,0.000000000000e+00
6.696000000000e-01,-2.232288184494e+00,1.799349123199e+01,1.813143230013e+01,1.694226533301e+00,0.000000000000e+00
6.700000000000e-01,-2.250815260983e+00,1.806734222243e+01,1.820700481467e+01,1.694736985786e+00,0.000000000000e+00
6.704000000000e-01,-2.269689154574e+00,1.813958104771e+01,1.828102539369e+01,1.695272989259e+00,0.000000000000e+00
6.708000000000e-01,-2.288912046835e+00,1.821017634999e+01,1.835346400699e+01,1.695834701678e+00,0.000000000000e+00
6.712000000000e-01,-2.308486112131e+00,1.827909788354e+01,1.842429177922e+01,1.696422287403e+00,0.000000000000e+00
6.716000000000e-01,-2.328413388449e+00,1.834631649847e+01,1.849348095870e+01,1.697035910637e+00,0.000000000000e+00
6.720000000000e-01,-2.348695781801e+00,1.841180414444e+01,1.856100492239e+01,1.697675735995e+00,0.000000000000e+00
6.724000000000e-01,-2.369335190726e+00,1.847553406349e+01,1.862683838383e+01,1.698341934151e+00,0.000000000000e+00
6.728000000000e-01,-2.390333382030e+00,1.853748070890e+01,1.869095729785e+01,1.699034675980e+00,0.000000000000e+00
6.732000000000e-01,-2.411691984159e+00,1.859761980164e+01,1.875333891639e+01,1.699754132095e+00,0.000000000000e+00
6.736000000000e-01,-2.433412614566e+00,1.865592850332e+01,1.881396197705e+01,1.700500478632e+00,0.000000000000e+00
6.740000000000e-01,-2.455496766228e+00,1.871238529235e+01,1.887280656655e+01,1.701273892233e+00,0.000000000000e+00
6.744000000000e-01,-2.477945793192e+00,1.876697007000e+01,1.892985422454e+01,1.702074548747e+00,0.000000000000e+00
6.748000000000e-01,-2.500761033367e+00,1.881966429251e+01,1.898508809115e+01,1.702902628878e+00,0.000000000000e+00
6.752000000000e-01,-2.523943709674e+00,1.887045082633e+01,1.903849275123e+01,1.703758314063e+00,0.000000000000e+00
6.756000000000e-01,-2.547494910293e+00,1.891931409383e+01,1.909005437653e+01,1.704641784511e+00,0.000000000000e+00
6.760000000000e-01,-2.571415702112e+00,1.896624015366e+01,1.913976082086e+01,1.705553224558e+00,0.000000000000e+00
6.764000000000e-01,-2.595707048194e+00,1.901121655174e+01,1.918760146181e+01,1.706492819384e+00,0.000000000000e+00
6.768000000000e-01,-2.620369785000e+00,1.905423249381e+01,1.923356736901e+01,1.707460752589e+00,0.000000000000e+00
6.772000000000e-01,-2.645404723643e+00,1.909527887158e+01,1.927765134386e+01,1.708457211140e+00,0.000000000000e+00
6.776000000000e-01,-2.670812583826e+00,1.913434812031e+01,1.931984776977e+01,1.709482382834e+00,0.000000000000e+00
6.780000000000e-01,-2.696593970038e+00,1.917143440518e+01,1.936015279359e+01,1.710536453602e+00,0.000000000000e+00
6.784000000000e-01,-2.722749459169e+00,1.920653359662e+01,1.939856431325e+01,1.711619611967e+00,0.000000000000e+00
6.788000000000e-01,-2.749279549980e+00,1.923964314035e+01,1.943508184218e+01,1.712732047148e+00,0.000000000000e+00
6.792000000000e-01,-2.776184640097e+00,1.927076224584e+01,1.946970669249e+01,1.713873946260e+00,0.000000000000e+00
6.796000000000e-01,-2.803465099426e+00,1.929989181776e+01,1.950244191739e+01,1.715045498230e+00,0.000000000000e+00
6.800000000000e-01,-2.831121233555e+00,1.932703434064e+01,1.953329219162e+01,1.716246892428e+00,0.000000000000e+00
6.804000000000e-01,-2.859153263233e+00,1.935219405967e+01,1.956226398722e+01,1.717478315924e+00,0.000000000000e+00
6.808000000000e-01,-2.887561383526e+00,1.937537687712e+01,1.958936547911e+01,1.718739956816e+00,0.000000000000e+00
6.812000000000e-01,-2.916345739208e+00,1.939659025103e+01,1.961460644104e+01,1.720032003290e+00,0.000000000000e+00
6.816000000000e-01,-2.945506408317e+00,1.941584336133e+01,1.963799840700e+01,1.721354641061e+00,0.000000000000e+00
6.820000000000e-01,-2.975043447208e+00,1.943314698011e+01,1.965955454895e+01,1.722708056087e+00,0.000000000000e+00
6.824000000000e-01,-3.004956875877e+00,1.944851338260e+01,1.967928958624e+01,1.724092433964e+00,0.000000000000e+00
6.828000000000e-01,-3.035246667135e+00,1.946195649372e+01,1.969721992805e+01,1.725507957668e+00,0.000000000000e+00
6.832000000000e-01,-3.065912777691e+00,1.947349174081e+01,1.971336353187e+01,1.726954809633e+00,0.000000000000e+00
6.836000000000e-01,-3.096955141473e+00,1.948313597451e+01,1.972773982365e+01,1.728433171389e+00,0.000000000000e+00
6.840000000000e-01,-3.128373665847e+00,1.949090759287e+01,1.974036981890e+01,1.729943221728e+00,0.000000000000e+00
6.844000000000e-01,-3.160168248780e+00,1.949682638424e+01,1.975127596936e+01,1.731485138097e+00,0.000000000000e+00
6.848000000000e-01,-3.192338778426e+00,1.950091345573e+01,1.976048209139e+01,1.733059096432e+00,0.000000000000e+00
6.852000000000e-01,-3.224885137700e+00,1.950319133358e+01,1.976801346482e+01,1.734665269828e+00,0.000000000000e+00
6.856000000000e-01,-3.257807207448e+00,1.950368380291e+01,1.977389667427e+01,1.736303829220e+00,0.000000000000e+00
6.860000000000e-01,-3.291104870802e+00,1.950241584176e+01,1.977815954369e+01,1.737974943363e+00,0.000000000000e+00
6.864000000000e-01,-3.324778027328e+00,1.949941369766e+01,1.978083121316e+01,1.739678778090e+00,0.000000000000e+00
6.868000000000e-01,-3.358826581964e+00,1.949470472980e+01,1.978194198025e+01,1.741415496243e+00,0.000000000000e+00
6.872000000000e-01,-3.393250452945e+00,1.948831734731e+01,1.978152323927e+01,1.743185257765e+00,0.000000000000e+00
6.876000000000e-01,-3.428049596598e+00,1.948028106264e+01,1.977960753696e+01,1.744988219613e+00,0.000000000000e+00
6.880000000000e-01,-3.463223981706e+00,1.947062634087e+01,1.977622841831e+01,1.746824534910e+00,0.000000000000e+00
6.884000000000e-01,-3.498773600067e+00,1.945938454136e+01,1.977142036964e+01,1.748694353114e+00,0.000000000000e+00
6.888000000000e-01,-3.534698502853e+00,1.944658794914e+01,1.976521885459e+01,1.750597820660e+00,0.000000000000e+00
6.892000000000e-01,-3.570998760031e+00,1.943226963513e+01,1.975766016806e+01,1.752535079287e+00,0.000000000000e+00
6.896000000000e-01,-3.607674472799e+00,1.941646340086e+01,1.974878138263e+01,1.754506266272e+00,0.000000000000e+00
6.900000000000e-01,-3.644725822312e+00,1.939920378931e+01,1.973862036666e+01,1.756511515853e+00,0.000000000000e+00
6.904000000000e-01,-3.682153013802e+00,1.938052595902e+01,1.972721564908e+01,1.758550956704e+00,0.000000000000e+00
6.908000000000e-01,-3.719956290260e+00,1.936046563212e+01,1.971460636924e+01,1.760624712207e+00,0.000000000000e+00
6.912000000000e-01,-3.758135994205e+00,1.933905908592e+01,1.970083227886e+01,1.762732902718e+00,0.000000000000e+00
6.916000000000e-01,-3.796692496264e+00,1.931634304360e+01,1.968593361995e+01,1.764875642150e+00,0.000000000000e+00
6.920000000000e-01,-3.835626209473e+00,1.929235462559e+01,1.966995107818e+01,1.767053038284e+00,0.000000000000e+00
6.924000000000e-01,-3.874937664693e+00,1.926713132363e+01,1.965292577067e+01,1.769265195902e+00,0.000000000000e+00
6.928000000000e-01,-3.914627423559e+00,1.924071090990e+01,1.963489913862e+01,1.771512212481e+00,0.000000000000e+00
6.932000000000e-01,-3.954696092737e+00,1.921313139208e+01,1.961591290445e+01,1.773794178500e+00,0.000000000000e+00
6.936000000000e-01,-3.995144413483e+00,1.918443097139e+01,1.959600904727e+01,1.776111181499e+00,0.000000000000e+00
6.940000000000e-01,-4.035973159157e+00,1.915464797165e+01,1.957522971153e+01,1.778463300863e+00,0.000000000000e+00
6.944000000000e-01,-4.077183148564e+00,1.912382079821e+01,1.955361716790e+01,1.780850608108e+00,0.000000000000e+00
6.948000000000e-01,-4.118775350138e+00,1.909198788161e+01,1.953121377837e+01,1.783273171889e+00,0.000000000000e+00
6.952000000000e-01,-4.160750764511e+00,1.905918762740e+01,1.950806192170e+01,1.785731051899e+00,0.000000000000e+00
6.956000000000e-01,-4.203110435833e+00,1.902545837920e+01,1.948420395794e+01,1.788224299074e+00,0.000000000000e+00
6.960000000000e-01,-4.245855570998e+00,1.899083834935e+01,1.945968218499e+01,1.790752961595e+00,0.000000000000e+00
6.964000000000e-01,-4.288987408171e+00,1.895536559020e+01,1.943453878139e+01,1.793317077926e+00,0.000000000000e+00
6.968000000000e-01,-4.332507224621e+00,1.891907796104e+01,1.940881577395e+01,1.795916676880e+00,0.000000000000e+00
6.972000000000e-01,-4.376416471405e+00,1.888201304733e+01,1.938255498769e+01,1.798551784644e+00,0.000000000000e+00
6.976000000000e-01,-4.420716629165e+00,1.884420815368e+01,1.935579800614e+01,1.801222417006e+00,0.000000000000e+00
6.980000000000e-01,-4.465409210638e+00,1.880570027422e+01,1.932858614131e+01,1.803928579203e+00,0.000000000000e+00
6.984000000000e-01,-4.510495911179e+00,1.876652600197e+01,1.930096037889e+01,1.806670273996e+00,0.000000000000e+00
6.988000000000e-01,-4.555978453602e+00,1.872672154326e+01,1.927296135597e+01,1.809447493161e+00,0.000000000000e+00
6.992000000000e-01,-4.601858583130e+00,1.868632269102e+01,1.924462933215e+01,1.812260217024e+00,0.000000000000e+00
6.996000000000e-01,-4.648138234086e+00,1.864536472588e+01,1.921600413208e+01,1.815108423593e+00,0.000000000000e+00
7.000000000000e-01,-4.694819366023e+00,1.860388245132e+01,1.918712514011e+01,1.817992079433e+00,0.000000000000e+00
7.004000000000e-01,-4.741903948500e+00,1.856191016920e+01,1.915803127114e+01,1.820911138753e+00,0.000000000000e+00
7.008000000000e-01,-4.789394144191e+00,1.851948157428e+01,1.912876091253e+01,1.823865553620e+00,0.000000000000e+00
7.012000000000e-01,-4.837292138982e+00,1.847662980895e+01,1.909935193494e+01,1.826855264340e+00,0.000000000000e+00
7.016000000000e-01,-4.885600113667e+00,1.843338744015e+01,1.906984166136e+01,1.829880197962e+00,0.000000000000e+00
7.020000000000e-01,-4.934320443576e+00,1.838978634932e+01,1.904026681046e+01,1.832940279576e+00,0.000000000000e+00
7.024000000000e-01,-4.983455525721e+00,1.834585780474e+01,1.901066352258e+01,1.836035422352e+00,0.000000000000e+00
7.028000000000e-01,-5.033007734326e+00,1.830163243935e+01,1.898106732507e+01,1.839165525325e+00,0.000000000000e+00
7.032000000000e-01,-5.082979636836e+00,1.825714013800e+01,1.895151307962e+01,1.842330485743e+00,0.000000000000e+00
7.036000000000e-01,-5.133373821549e+00,1.821241012515e+01,1.892203502159e+01,1.845530188960e+00,0.000000000000e+00
7.040000000000e-01,-5.184192833859e+00,1.816747094287e+01,1.889266672015e+01,1.848764505351e+00,0.000000000000e+00
7.044000000000e-01,-5.235439408198e+00,1.812235033779e+01,1.886344103186e+01,1.852033303654e+00,0.000000000000e+00
7.048000000000e-01,-5.287116299798e+00,1.807707536108e+01,1.883439015147e+01,1.855336440939e+00,0.000000000000e+00
7.052000000000e-01,-5.339226198763e+00,1.803167234623e+01,1.880554556516e+01,1.858673758499e+00,0.000000000000e+00
7.056000000000e-01,-5.391771977024e+00,1.798616679827e+01,1.877693801309e+01,1.862045096118e+00,0.000000000000e+00
7.060000000000e-01,-5.444756527999e+00,1.794058350223e+01,1.874859754888e+01,1.865450282336e+00,0.000000000000e+00
7.064000000000e-01,-5.498182656058e+00,1.789494650083e+01,1.872055348506e+01,1.868889129202e+00,0.000000000000e+00
7.068000000000e-01,-5.552053337010e+00,1.784927898844e+01,1.869283436679e+01,1.872361447331e+00,0.000000000000e+00
7.072000000000e-01,-5.606371569364e+00,1.780360342389e+01,1.866546803723e+01,1.875867036732e+00,0.000000000000e+00
7.076000000000e-01,-5.661140237519e+00,1.775794150828e+01,1.863848157443e+01,1.879405680310e+00,0.000000000000e+00
7.080000000000e-01,-5.716362383606e+00,1.771231408656e+01,1.861190127852e+01,1.882977159564e+00,0.000000000000e+00
7.084000000000e-01,-5.772041073791e+00,1.766674125984e+01,1.858575273965e+01,1.886581246211e+00,0.000000000000e+00
7.088000000000e-01,-5.828179234625e+00,1.762124236408e+01,1.856006076619e+01,1.890217694400e+00,0.000000000000e+00
7.092000000000e-01,-5.884779933220e+00,1.757583588197e+01,1.853484938737e+01,1.893886256841e+00,0.000000000000e+00
7.096000000000e-01,-5.941846261612e+00,1.753053954981e+01,1.851014192015e+01,1.897586677449e+00,0.000000000000e+00
7.100000000000e-01,-5.999381147060e+00,1.748537033805e+01,1.848596088946e+01,1.901318682307e+00,0.000000000000e+00
7.104000000000e-01,-6.057387636674e+00,1.744034437604e+01,1.846232804756e+01,1.905081995948e+00,0.000000000000e+00
7.108000000000e-01,-6.115868802158e+00,1.739547704851e+01,1.843926443627e+01,1.908876335236e+00,0.000000000000e+00
7.112000000000e-01,-6.174827526501e+00,1.735078297920e+01,1.841679030052e+01,1.912701399177e+00,0.000000000000e+00
7.116000000000e-01,-6.234266788273e+00,1.730627597080e+01,1.839492512528e+01,1.916556885038e+00,0.000000000000e+00
7.120000000000e-01,-6.294189588152e+00,1.726196908620e+01,1.837368768931e+01,1.920442483643e+00,0.000000000000e+00
7.124000000000e-01,-6.354598716326e+00,1.721787463667e+01,1.835309597451e+01,1.924357868212e+00,0.000000000000e+00
7.128000000000e-01,-6.415497030772e+00,1.717400413892e+01,1.833316721997e+01,1.928302709968e+00,0.000000000000e+00
7.132000000000e-01,-6.476887405904e+00,1.713036837663e+01,1.831391796388e+01,1.932276674958e+00,0.000000000000e+00
7.136000000000e-01,-6.538772486917e+00,1.708697739497e+01,1.829536395188e+01,1.936279412202e+00,0.000000000000e+00
7.140000000000e-01,-6.601154955651e+00,1.704384047585e+01,1.827752020693e+01,1.940310568414e+00,0.000000000000e+00
7.144000000000e-01,-6.664037500416e+00,1.700096617608e+01,1.826040105603e+01,1.944369786374e+00,0.000000000000e+00
7.148000000000e-01,-6.727422565430e+00,1.695836233024e+01,1.824402004213e+01,1.948456692780e+00,0.000000000000e+00
7.152000000000e-01,-6.791312597333e+00,1.691603604408e+01,1.822839000678e+01,1.952570911669e+00,0.000000000000e+00
7.156000000000e-01,-6.855710033889e+00,1.687399370683e+01,1.821352309925e+01,1.956712064321e+00,0.000000000000e+00
7.160000000000e-01,-6.920617058376e+00,1.683224100448e+01,1.819943069718e+01,1.960879757242e+00,0.000000000000e+00
7.164000000000e-01,-6.986035819546e+00,1.679078293014e+01,1.818612349785e+01,1.965073593926e+00,0.000000000000e+00
7.168000000000e-01,-7.051968435771e+00,1.674962376923e+01,1.817361150762e+01,1.969293176161e+00,0.000000000000e+00
7.172000000000e-01,-7.118416765105e+00,1.670876712555e+01,1.816190397777e+01,1.973538092625e+00,0.000000000000e+00
7.176000000000e-01,-7.185382591942e+00,1.666821594558e+01,1.815100949812e+01,1.977807928682e+00,0.000000000000e+00
7.180000000000e-01,-7.252867642489e+00,1.662797247770e+01,1.814093596700e+01,1.982102268878e+00,0.000000000000e+00
7.184000000000e-01,-7.320873380427e+00,1.658803831207e+01,1.813169054708e+01,1.986420686621e+00,0.000000000000e+00
7.188000000000e-01,-7.389401155526e+00,1.654841441545e+01,1.812327975568e+01,1.990762751811e+00,0.000000000000e+00
7.192000000000e-01,-7.458452225399e+00,1.650910106737e+01,1.811570941618e+01,1.995128034244e+00,0.000000000000e+00
7.196000000000e-01,-7.528027585131e+00,1.647009791376e+01,1.810898463778e+01,1.999516094761e+00,0.000000000000e+00
7.200000000000e-01,-7.598128075716e+00,1.643140400811e+01,1.810310989672e+01,2.003926490696e+00,0.000000000000e+00
7.204000000000e-01,-7.668754406363e+00,1.639301772958e+01,1.809808897170e+01,2.008358779807e+00,0.000000000000e+00
7.208000000000e-01,-7.739907024203e+00,1.635493684911e+01,1.809392494960e+01,2.012812513191e+00,0.000000000000e+00
7.212000000000e-01,-7.811586183327e+00,1.631715857208e+01,1.809062029246e+01,2.017287238705e+00,0.000000000000e+00
7.216000000000e-01,-7.883791961665e+00,1.627967944523e+01,1.808817676092e+01,2.021782504977e+00,0.000000000000e+00
7.220000000000e-01,-7.956524174018e+00,1.624249543304e+01,1.808659544591e+01,2.026297856268e+00,0.000000000000e+00
7.224000000000e-01,-8.029782405407e+00,1.620560195607e+01,1.808587681692e+01,2.030832834194e+00,0.000000000000e+00
7.228000000000e-01,-8.103566016905e+00,1.616899379569e+01,1.808602063903e+01,2.035386981337e+00,0.000000000000e+00
7.232000000000e-01,-8.177874101901e+00,1.613266517749e+01,1.808702602850e+01,2.039959838080e+00,0.000000000000e+00
7.236000000000e-01,-8.252705490124e+00,1.609660979846e+01,1.808889147821e+01,2.044550943137e+00,0.000000000000e+00
7.240000000000e-01,-8.328058737950e+00,1.606082074081e+01,1.809161477622e+01,2.049159836265e+00,0.000000000000e+00
7.244000000000e-01,-8.403932124076e+00,1.602529055773e+01,1.809519308009e+01,2.053786056953e+00,0.000000000000e+00
7.248000000000e-01,-8.480323632761e+00,1.599001128215e+01,1.809962291650e+01,2.058429144401e+00,0.000000000000e+00
7.252000000000e-01,-8.557230926097e+00,1.595497436281e+01,1.810490011131e+01,2.063088638857e+00,0.000000000000e+00
7.256000000000e-01,-8.634651371224e+00,1.592017074586e+01,1.811101987410e+01,2.067764081916e+00,0.000000000000e+00
7.260000000000e-01,-8.712582013393e+00,1.588559085932e+01,1.811797677142e+01,2.072455016635e+00,0.000000000000e+00
7.264000000000e-01,-8.791019529336e+00,1.585122458345e+01,1.812576467794e+01,2.077160987136e+00,0.000000000000e+00
7.268000000000e-01,-8.869960275121e+00,1.581706132214e+01,1.813437686138e+01,2.081881540097e+00,0.000000000000e+00
7.272000000000e-01,-8.949400260947e+00,1.578308995878e+01,1.814380593143e+01,2.086616225750e+00,0.000000000000e+00
7.276000000000e-01,-9.029335085943e+00,1.574929886976e+01,1.815404381903e+01,2.091364595475e+00,0.000000000000e+00
7.280000000000e-01,-9.109759994196e+00,1.571567598163e+01,1.816508185260e+01,2.096126203992e+00,0.000000000000e+00
7.284000000000e-01,-9.190669863152e+00,1.568220869595e+01,1.817691068682e+01,2.100900611907e+00,0.000000000000e+00
7.288000000000e-01,-9.272059121649e+00,1.564888395048e+01,1.818952031394e+01,2.105687381202e+00,0.000000000000e+00
7.292000000000e-01,-9.353921800887e+00,1.561568826027e+01,1.820290012331e+01,2.110486077567e+00,0.000000000000e+00
7.296000000000e-01,-9.436251547325e+00,1.558260761190e+01,1.821703881674e+01,2.115296275007e+00,0.000000000000e+00
7.300000000000e-01,-9.519041527277e+00,1.554962757168e+01,1.823192445180e+01,2.120117549367e+00,0.000000000000e+00
7.304000000000e-01,-9.602284459756e+00,1.551673331084e+01,1.824754447826e+01,2.124949480190e+00,0.000000000000e+00
7.308000000000e-01,-9.685972662911e+00,1.548390947359e+01,1.826388564936e+01,2.129791657697e+00,0.000000000000e+00
7.312000000000e-01,-9.770097949870e+00,1.545114032536e+01,1.828093409277e+01,2.134643674710e+00,0.000000000000e+00
7.316000000000e-01,-9.854651631597e+00,1.541840976423e+01,1.829867531921e+01,2.139505127464e+00,0.000000000000e+00
7.320000000000e-01,-9.939624603251e+00,1.538570117212e+01,1.831709414213e+01,2.144375624962e+00,0.000000000000e+00
7.324000000000e-01,-1.002500723701e+01,1.535299758897e+01,1.833617476654e+01,2.149254779939e+00,0.000000000000e+00
7.328000000000e-01,-1.011078934555e+01,1.532028171531e+01,1.835590076859e+01,2.154142208084e+00,0.000000000000e+00
7.332000000000e-01,-1.019696031090e+01,1.528753575944e+01,1.837625503683e+01,2.159037539488e+00,0.000000000000e+00
7.336000000000e-01,-1.028350898109e+01,1.525474161731e+01,1.839721986538e+01,2.163940409516e+00,0.000000000000e+00
7.340000000000e-01,-1.037042358827e+01,1.522188087566e+01,1.841877690817e+01,2.168850455956e+00,0.000000000000e+00
7.344000000000e-01,-1.045769191800e+01,1.518893466638e+01,1.844090715099e+01,2.173767332048e+00,0.000000000000e+00
7.348000000000e-01,-1.054530121745e+01,1.515588383124e+01,1.846359099614e+01,2.178690698250e+00,0.000000000000e+00
7.352000000000e-01,-1.063323806649e+01,1.512270893713e+01,1.848680819871e+01,2.183620216925e+00,0.000000000000e+00
7.356000000000e-01,-1.072148858017e+01,1.508939014625e+01,1.851053787335e+01,2.188555566301e+00,0.000000000000e+00
7.360000000000e-01,-1.081003833715e+01,1.505590734624e+01,1.853475855978e+01,2.193496434109e+00,0.000000000000e+00
7.364000000000e-01,-1.089887220594e+01,1.502224019015e+01,1.855944815160e+01,2.198442509559e+00,0.000000000000e+00
7.368000000000e-01,-1.098797456954e+01,1.498836798775e+01,1.858458393608e+01,2.203393497502e+00,0.000000000000e+00
7.372000000000e-01,-1.107732928189e+01,1.495426978465e+01,1.861014263275e+01,2.208349114812e+00,0.000000000000e+00
7.376000000000e-01,-1.116691945652e+01,1.491992443967e+01,1.863610032796e+01,2.213309079588e+00,0.000000000000e+00
7.380000000000e-01,-1.125672769833e+01,1.488531053901e+01,1.866243254019e+01,2.218273124746e+00,0.000000000000e+00
7.384000000000e-01,-1.134673609480e+01,1.485040641212e+01,1.868911422754e+01,2.223240997857e+00,0.000000000000e+00
7.388000000000e-01,-1.143692597894e+01,1.481519025819e+01,1.871611974299e+01,2.228212447690e+00,0.000000000000e+00
7.392000000000e-01,-1.152727814987e+01,1.477964008070e+01,1.874342291204e+01,2.233187236504e+00,0.000000000000e+00
7.396000000000e-01,-1.161777290535e+01,1.474373363504e+01,1.877099701085e+01,2.238165143783e+00,0.000000000000e+00
7.400000000000e-01,-1.170838979238e+01,1.470744861036e+01,1.879881475404e+01,2.243145950480e+00,0.000000000000e+00
7.404000000000e-01,-1.179910779821e+01,1.467076258098e+01,1.882684836985e+01,2.248129449313e+00,0.000000000000e+00
7.408000000000e-01,-1.188990543015e+01,1.463365288859e+01,1.885506955706e+01,2.253115452578e+00,0.000000000000e+00
7.412000000000e-01,-1.198076046561e+01,1.459609687644e+01,1.888344950905e+01,2.258103774629e+00,0.000000000000e+00
7.416000000000e-01,-1.207165009900e+01,1.455807185677e+01,1.891195897573e+01,2.263094239629e+00,0.000000000000e+00
7.420000000000e-01,-1.216255107221e+01,1.451955493666e+01,1.894056821066e+01,2.268086693260e+00,0.000000000000e+00
7.424000000000e-01,-1.225343943402e+01,1.448052329240e+01,1.896924702736e+01,2.273080984203e+00,0.000000000000e+00
7.428000000000e-01,-1.234429063336e+01,1.444095415503e+01,1.899796484228e+01,2.278076968925e+00,0.000000000000e+00
7.432000000000e-01,-1.243507970032e+01,1.440082459427e+01,1.902669062523e+01,2.283074526765e+00,0.000000000000e+00
7.436000000000e-01,-1.252578102311e+01,1.436011181314e+01,1.905539297744e+01,2.288073541366e+00,0.000000000000e+00
7.440000000000e-01,-1.261636838380e+01,1.431879315603e+01,1.908404015509e+01,2.293073902240e+00,0.000000000000e+00
7.444000000000e-01,-1.270681518538e+01,1.427684586959e+01,1.911260003609e+01,2.298075522370e+00,0.000000000000e+00
7.448000000000e-01,-1.279709425291e+01,1.423424739104e+01,1.914104020442e+01,2.303078320714e+00,0.000000000000e+00
7.452000000000e-01,-1.288717781436e+01,1.419097538652e+01,1.916932796004e+01,2.308082220455e+00,0.000000000000e+00
7.456000000000e-01,-1.297703776285e+01,1.414700750805e+01,1.919743031063e+01,2.313087167948e+00,0.000000000000e+00
7.460000000000e-01,-1.306664548953e+01,1.410232164693e+01,1.922531404640e+01,2.318093117587e+00,0.000000000000e+00
7.464000000000e-01,-1.315597181660e+01,1.405689601371e+01,1.925294574811e+01,2.323100026637e+00,0.000000000000e+00
7.468000000000e-01,-1.324498727870e+01,1.401070890384e+01,1.928029180280e+01,2.328107874430e+00,0.000000000000e+00
7.472000000000e-01,-1.333366199577e+01,1.396373889394e+01,1.930731846000e+01,2.333116650661e+00,0.000000000000e+00
7.476000000000e-01,-1.342196556887e+01,1.391596497373e+01,1.933399185068e+01,2.338126346876e+00,0.000000000000e+00
7.480000000000e-01,-1.350986736042e+01,1.386736632615e+01,1.936027801763e+01,2.343136974890e+00,0.000000000000e+00
7.484000000000e-01,-1.359733641667e+01,1.381792245397e+01,1.938614295243e+01,2.348148559337e+00,0.000000000000e+00
7.488000000000e-01,-1.368434133776e+01,1.376761336891e+01,1.941155263558e+01,2.353161126024e+00,0.000000000000e+00
7.492000000000e-01,-1.377085053506e+01,1.371641938826e+01,1.943647306724e+01,2.358174718706e+00,0.000000000000e+00
7.496000000000e-01,-1.385683221411e+01,1.366432118857e+01,1.946087029283e+01,2.363189396363e+00,0.000000000000e+00
7.500000000000e-01,-1.394225422800e+01,1.361130004962e+01,1.948471046742e+01,2.368205218851e+00,0.000000000000e+00
7.504000000000e-01,-1.402708429235e+01,1.355733766873e+01,1.950795987305e+01,2.373222261272e+00,0.000000000000e+00
7.508000000000e-01,-1.411129004017e+01,1.350241614756e+01,1.953058494823e+01,2.378240616173e+00,0.000000000000e+00
7.512000000000e-01,-1.419483886151e+01,1.344651827720e+01,1.955255236749e+01,2.383260377050e+00,0.000000000000e+00
7.516000000000e-01,-1.427769806447e+01,1.338962737586e+01,1.957382903993e+01,2.388281649753e+00,0.000000000000e+00
7.520000000000e-01,-1.435983501038e+01,1.333172722019e+01,1.959438215915e+01,2.393304559423e+00,0.000000000000e+00
7.524000000000e-01,-1.444121693667e+01,1.327280234757e+01,1.961417927851e+01,2.398329232622e+00,0.000000000000e+00
7.528000000000e-01,-1.452181106311e+01,1.321283792917e+01,1.963318829674e+01,2.403355805347e+00,0.000000000000e+00
7.532000000000e-01,-1.460158480775e+01,1.315181965821e+01,1.965137754001e+01,2.408384434199e+00,0.000000000000e+00
7.536000000000e-01,-1.468050558832e+01,1.308973404022e+01,1.966871580893e+01,2.413415278070e+00,0.000000000000e+00
7.540000000000e-01,-1.475854088335e+01,1.302656831818e+01,1.968517236789e+01,2.418448502534e+00,0.000000000000e+00
7.544000000000e-01,-1.483565851653e+01,1.296231032754e+01,1.970071705920e+01,2.423484294355e+00,0.000000000000e+00
7.548000000000e-01,-1.491182643651e+01,1.289694874592e+01,1.971532030244e+01,2.428522843883e+00,0.000000000000e+00
7.552000000000e-01,-1.498701275192e+01,1.283047308910e+01,1.972895311253e+01,2.433564345738e+00,0.000000000000e+00
7.556000000000e-01,-1.506118605251e+01,1.276287353659e+01,1.974158722644e+01,2.438609015412e+00,0.000000000000e+00
7.560000000000e-01,-1.513431518178e+01,1.269414111967e+01,1.975319505264e+01,2.443657073727e+00,0.000000000000e+00
7.564000000000e-01,-1.520636926658e+01,1.262426780481e+01,1.976374974238e+01,2.448708743821e+00,0.000000000000e+00
7.568000000000e-01,-1.527731802677e+01,1.255324628599e+01,1.977322529098e+01,2.453764268409e+00,0.000000000000e+00
7.572000000000e-01,-1.534713157379e+01,1.248107010410e+01,1.978159645951e+01,2.458823897713e+00,0.000000000000e+00
7.576000000000e-01,-1.541578044442e+01,1.240773382352e+01,1.978883890849e+01,2.463887882767e+00,0.000000000000e+00
7.580000000000e-01,-1.548323585218e+01,1.233323278682e+01,1.979492923524e+01,2.468956492061e+00,0.000000000000e+00
7.584000000000e-01,-1.554946955192e+01,1.225756317152e+01,1.979984490469e+01,2.474030004027e+00,0.000000000000e+00
7.588000000000e-01,-1.561445387324e+01,1.218072224846e+01,1.980356443304e+01,2.479108696875e+00,0.000000000000e+00
7.592000000000e-01,-1.567816187982e+01,1.210270810311e+01,1.980606733703e+01,2.484192863521e+00,0.000000000000e+00
7.596000000000e-01,-1.574056734153e+01,1.202351964498e+01,1.980733411862e+01,2.489282809284e+00,0.000000000000e+00
7.600000000000e-01,-1.580164474153e+01,1.194315691379e+01,1.980734645542e+01,2.494378838744e+00,0.000000000000e+00
7.604000000000e-01,-1.586136933761e+01,1.186162079059e+01,1.980608707049e+01,2.499481268009e+00,0.000000000000e+00
7.608000000000e-01,-1.591971727304e+01,1.177891297627e+01,1.980353980874e+01,2.504590427825e+00,0.000000000000e+00
7.612000000000e-01,-1.597666551209e+01,1.169503629156e+01,1.979968976389e+01,2.509706648252e+00,0.000000000000e+00
7.616000000000e-01,-1.603219183524e+01,1.160999442486e+01,1.979452312098e+01,2.514830267499e+00,0.000000000000e+00
7.620000000000e-01,-1.608627508576e+01,1.152379188168e+01,1.978802732631e+01,2.519961640127e+00,0.000000000000e+00
7.624000000000e-01,-1.613889500157e+01,1.143643422977e+01,1.978019109523e+01,2.525101120698e+00,0.000000000000e+00
7.628000000000e-01,-1.619003219301e+01,1.134792793416e+01,1.977100429441e+01,2.530249068604e+00,0.000000000000e+00
7.632000000000e-01,-1.623966848249e+01,1.125828026595e+01,1.976045816695e+01,2.535405860454e+00,0.000000000000e+00
7.636000000000e-01,-1.628778663546e+01,1.116749946273e+01,1.974854520546e+01,2.540571874216e+00,0.000000000000e+00
7.640000000000e-01,-1.633437037279e+01,1.107559469261e+01,1.973525913867e+01,2.545747489757e+00,0.000000000000e+00
7.644000000000e-01,-1.637940471408e+01,1.098257589778e+01,1.972059512636e+01,2.550933103804e+00,0.000000000000e+00
7.648000000000e-01,-1.642287566763e+01,1.088845387032e+01,1.970454954777e+01,2.556129116534e+00,0.000000000000e+00
7.652000000000e-01,-1.646477030358e+01,1.079324036107e+01,1.968712012056e+01,2.561335927696e+00,0.000000000000e+00
7.656000000000e-01,-1.650507699508e+01,1.069694783702e+01,1.966830596776e+01,2.566553952169e+00,0.000000000000e+00
7.660000000000e-01,-1.654378517131e+01,1.059958949690e+01,1.964810742278e+01,2.571783611019e+00,0.000000000000e+00
7.664000000000e-01,-1.658088542261e+01,1.050117950049e+01,1.962652624127e+01,2.577025323222e+00,0.000000000000e+00
7.668000000000e-01,-1.661636958315e+01,1.040173265095e+01,1.960356549880e+01,2.582279520031e+00,0.000000000000e+00
7.672000000000e-01,-1.665023063809e+01,1.030126437702e+01,1.957922950646e+01,2.587546641848e+00,0.000000000000e+00
7.676000000000e-01,-1.668246278878e+01,1.019979101998e+01,1.955352401871e+01,2.592827126133e+00,0.000000000000e+00
7.680000000000e-01,-1.671306139450e+01,1.009732949578e+01,1.952645600519e+01,2.598121418994e+00,0.000000000000e+00
7.684000000000e-01,-1.674202308020e+01,9.993897258602e+00,1.949803372737e+01,2.603429978313e+00,0.000000000000e+00
7.688000000000e-01,-1.676934566768e+01,9.889512557796e+00,1.946826681431e+01,2.608753259184e+00,0.000000000000e+00
7.692000000000e-01,-1.679502807202e+01,9.784194174007e+00,1.943716603763e+01,2.614091721341e+00,0.000000000000e+00
7.696000000000e-01,-1.681907056269e+01,9.677961342574e+00,1.940474350104e+01,2.619445838010e+00,0.000000000000e+00
7.700000000000e-01,-1.684147453339e+01,9.570833925398e+00,1.937101253127e+01,2.624816080848e+00,0.000000000000e+00
7.704000000000e-01,-1.686224245024e+01,9.462832296009e+00,1.933598757532e+01,2.630202922342e+00,0.000000000000e+00
7.708000000000e-01,-1.688137814227e+01,9.353977187776e+00,1.929968438114e+01,2.635606848659e+00,0.000000000000e+00
7.712000000000e-01,-1.689888648366e+01,9.244289772678e+00,1.926211976364e+01,2.641028346648e+00,0.000000000000e+00
7.716000000000e-01,-1.691477344094e+01,9.133791721040e+00,1.922331167519e+01,2.646467900987e+00,0.000000000000e+00
7.720000000000e-01,-1.692904623848e+01,9.022504952791e+00,1.918327923395e+01,2.651926008231e+00,0.000000000000e+00
7.724000000000e-01,-1.694171311182e+01,8.910451652222e+00,1.914204251928e+01,2.657403168760e+00,0.000000000000e+00
7.728000000000e-01,-1.695278339528e+01,8.797654460066e+00,1.909962274094e+01,2.662899878785e+00,0.000000000000e+00
7.732000000000e-01,-1.696226750868e+01,8.684136162338e+00,1.905604208439e+01,2.668416643032e+00,0.000000000000e+00
7.736000000000e-01,-1.697017689645e+01,8.569919666253e+00,1.901132365152e+01,2.673953973222e+00,0.000000000000e+00
7.740000000000e-01,-1.697652404103e+01,8.455028233081e+00,1.896549158176e+01,2.679512376244e+00,0.000000000000e+00
7.744000000000e-01,-1.698132234592e+01,8.339485197439e+00,1.891857082272e+01,2.685092363255e+00,0.000000000000e+00
7.748000000000e-01,-1.698458625907e+01,8.223313901678e+00,1.887058721708e+01,2.690694454570e+00,0.000000000000e+00
7.752000000000e-01,-1.698633113324e+01,8.106537877897e+00,1.882156746219e+01,2.696319166570e+00,0.000000000000e+00
7.756000000000e-01,-1.698657313986e+01,7.989180700061e+00,1.877153896978e+01,2.701967015571e+00,0.000000000000e+00
7.760000000000e-01,-1.698532944803e+01,7.871265847179e+00,1.872052997367e+01,2.707638527390e+00,0.000000000000e+00
7.764000000000e-01,-1.698261798971e+01,7.752816803248e+00,1.866856936590e+01,2.713334226115e+00,0.000000000000e+00
7.768000000000e-01,-1.697845746726e+01,7.633857074548e+00,1.861568671315e+01,2.719054632348e+00,0.000000000000e+00
7.772000000000e-01,-1.697286743190e+01,7.514409977390e+00,1.856191224441e+01,2.724800274213e+00,0.000000000000e+00
7.776000000000e-01,-1.696586810865e+01,7.394498668052e+00,1.850727671031e+01,2.730571681089e+00,0.000000000000e+00
7.780000000000e-01,-1.695748043491e+01,7.274146277388e+00,1.845181147653e+01,2.736369376816e+00,0.000000000000e+00
7.784000000000e-01,-1.694772600629e+01,7.153375674803e+00,1.839554838349e+01,2.742193889182e+00,0.000000000000e+00
7.788000000000e-01,-1.693662704697e+01,7.032209445592e+00,1.833851971711e+01,2.748045749592e+00,0.000000000000e+00
7.792000000000e-01,-1.692420637830e+01,6.910670047687e+00,1.828075824585e+01,2.753925483634e+00,0.000000000000e+00
7.796000000000e-01,-1.691048733052e+01,6.788779642882e+00,1.822229707790e+01,2.759833616800e+00,0.000000000000e+00
7.800000000000e-01,-1.689549379801e+01,6.666560022311e+00,1.816316969061e+01,2.765770678622e+00,0.000000000000e+00
7.804000000000e-01,-1.687925012870e+01,6.544032711646e+00,1.810340987324e+01,2.771737194257e+00,0.000000000000e+00
7.808000000000e-01,-1.686178108976e+01,6.421218925928e+00,1.804305168240e+01,2.777733685279e+00,0.000000000000e+00
7.812000000000e-01,-1.684311188484e+01,6.298139448555e+00,1.798212942003e+01,2.783760675510e+00,0.000000000000e+00
7.816000000000e-01,-1.682326805902e+01,6.174814669570e+00,1.792067756501e+01,2.789818686486e+00,0.000000000000e+00
7.820000000000e-01,-1.680227549561e+01,6.051264637072e+00,1.785873079304e+01,2.795908233994e+00,0.000000000000e+00
7.824000000000e-01,-1.678016036417e+01,5.927508929558e+00,1.779632388886e+01,2.802029833060e+00,0.000000000000e+00
7.828000000000e-01,-1.675694909159e+01,5.803566646176e+00,1.773349172258e+01,2.808183997332e+00,0.000000000000e+00
7.832000000000e-01,-1.673266833356e+01,5.679456476826e+00,1.767026925186e+01,2.814371234216e+00,0.000000000000e+00
7.836000000000e-01,-1.670734492603e+01,5.555196620467e+00,1.760669145437e+01,2.820592047705e+00,0.000000000000e+00
7.840000000000e-01,-1.668100585267e+01,5.430804759374e+00,1.754279329501e+01,2.826846938639e+00,0.000000000000e+00
7.844000000000e-01,-1.665367822110e+01,5.306298080333e+00,1.747860971614e+01,2.833136402625e+00,0.000000000000e+00
7.848000000000e-01,-1.662538924419e+01,5.181693256531e+00,1.741417562005e+01,2.839460930155e+00,0.000000000000e+00
7.852000000000e-01,-1.659616615170e+01,5.057006436528e+00,1.734952578700e+01,2.845821005181e+00,0.000000000000e+00
7.856000000000e-01,-1.656603621942e+01,4.932253213486e+00,1.728469489997e+01,2.852217106875e+00,0.000000000000e+00
7.860000000000e-01,-1.653502673054e+01,4.807448626406e+00,1.721971751439e+01,2.858649708459e+00,0.000000000000e+00
7.864000000000e-01,-1.650316490758e+01,4.682607178686e+00,1.715462800403e+01,2.865119274641e+00,0.000000000000e+00
7.868000000000e-01,-1.647047791237e+01,4.557742818509e+00,1.708946056087e+01,2.871626262311e+00,0.000000000000e+00
7.872000000000e-01,-1.643699281914e+01,4.432868887988e+00,1.702424916155e+01,2.878171122605e+00,0.000000000000e+00
7.876000000000e-01,-1.640273661688e+01,4.307998153886e+00,1.695902758464e+01,2.884754298875e+00,0.000000000000e+00
7.880000000000e-01,-1.636773608101e+01,4.183142878703e+00,1.689382931018e+01,2.891376220332e+00,0.000000000000e+00
7.884000000000e-01,-1.633201785851e+01,4.058314690440e+00,1.682868757383e+01,2.898037310448e+00,0.000000000000e+00
7.888000000000e-01,-1.629560844508e+01,3.933524578706e+00,1.676363535176e+01,2.904737986577e+00,0.000000000000e+00
7.892000000000e-01,-1.625853403895e+01,3.808783061554e+00,1.669870526435e+01,2.911478647961e+00,0.000000000000e+00
7.896000000000e-01,-1.622082064862e+01,3.684100070082e+00,1.663392965721e+01,2.918259683627e+00,0.000000000000e+00
7.900000000000e-01,-1.618249402642e+01,3.559484841150e+00,1.656934051945e+01,2.925081477523e+00,0.000000000000e+00
7.904000000000e-01,-1.614357966264e+01,3.434946083922e+00,1.650496952204e+01,2.931944398515e+00,0.000000000000e+00
7.908000000000e-01,-1.610410269516e+01,3.310492055468e+00,1.644084794850e+01,2.938848794452e+00,0.000000000000e+00
7.912000000000e-01,-1.606408798083e+01,3.186130305481e+00,1.637700671610e+01,2.945795008006e+00,0.000000000000e+00
7.916000000000e-01,-1.602356011543e+01,3.061867732148e+00,1.631347641620e+01,2.952783373504e+00,0.000000000000e+00
7.920000000000e-01,-1.598254321985e+01,2.937710897507e+00,1.625028716952e+01,2.959814195291e+00,0.000000000000e+00
7.924000000000e-01,-1.594106113362e+01,2.813665744195e+00,1.618746876401e+01,2.966887766770e+00,0.000000000000e+00
7.928000000000e-01,-1.589913733136e+01,2.689737469035e+00,1.612505055911e+01,2.974004377072e+00,0.000000000000e+00
7.932000000000e-01,-1.585679488149e+01,2.565930866087e+00,1.606306151153e+01,2.981164289713e+00,0.000000000000e+00
7.936000000000e-01,-1.581405642670e+01,2.442250345788e+00,1.600153015866e+01,2.988367740929e+00,0.000000000000e+00
7.940000000000e-01,-1.577094421632e+01,2.318699556947e+00,1.594048459457e+01,2.995614963151e+00,0.000000000000e+00
7.944000000000e-01,-1.572748016054e+01,2.195281533467e+00,1.587995255696e+01,3.002906176562e+00,0.000000000000e+00
7.948000000000e-01,-1.568368559299e+01,2.071999148719e+00,1.581996125950e+01,3.010241558548e+00,0.000000000000e+00
7.952000000000e-01,-1.563958150051e+01,1.948854640394e+00,1.576053755176e+01,3.017621275150e+00,0.000000000000e+00
7.956000000000e-01,-1.559518843637e+01,1.825849475069e+00,1.570170782658e+01,3.025045488944e+00,0.000000000000e+00
7.960000000000e-01,-1.555052646375e+01,1.702984874641e+00,1.564349803538e+01,3.032514325549e+00,0.000000000000e+00
7.964000000000e-01,-1.550561517998e+01,1.580261775800e+00,1.558593370285e+01,3.040027876083e+00,0.000000000000e+00
7.968000000000e-01,-1.546047371997e+01,1.457680321915e+00,1.552903987910e+01,3.047586229527e+00,0.000000000000e+00
7.972000000000e-01,-1.541512083203e+01,1.335240087051e+00,1.547284125027e+01,3.055189459197e+00,0.000000000000e+00
7.976000000000e-01,-1.536957464692e+01,1.212940687363e+00,1.541736196430e+01,3.062837582037e+00,0.000000000000e+00
7.980000000000e-01,-1.532385291076e+01,1.090781124674e+00,1.536262580071e+01,3.070530602057e+00,0.000000000000e+00
7.984000000000e-01,-1.527797288673e+01,9.687596139153e-01,1.530865607155e+01,3.078268521283e+00,0.000000000000e+00
7.988000000000e-01,-1.523195133062e+01,8.468742654696e-01,1.525547565171e+01,3.086051295598e+00,0.000000000000e+00
7.992000000000e-01,-1.518580450875e+01,7.251230614207e-01,1.520310698614e+01,3.093878836141e+00,0.000000000000e+00
7.996000000000e-01,-1.513954819189e+01,6.035031854329e-01,1.515157204878e+01,3.101751053314e+00,0.000000000000e+00
8.000000000000e-01,-1.509319774008e+01,4.820112638687e-01,1.510089245308e+01,3.109667841713e+00,0.000000000000e+00
8.004000000000e-01,-1.504676790239e+01,3.606441795188e-01,1.505108928060e+01,3.117629025969e+00,0.000000000000e+00
8.008000000000e-01,-1.500027303082e+01,2.393982878938e-01,1.500218325909e+01,3.125634413036e+00,0.000000000000e+00
8.012000000000e-01,-1.495372695042e+01,1.182691450932e-01,1.495419463891e+01,3.133683810559e+00,0.000000000000e+00
8.016000000000e-01,-1.490714301490e+01,-2.747733204270e-03,1.490714326814e+01,3.141776976848e+00,0.000000000000e+00
8.020000000000e-01,-1.486053407763e+01,-1.236567206696e-01,1.486104855173e+01,3.149913610702e+00,0.000000000000e+00
8.024000000000e-01,-1.481391249533e+01,-2.444629531919e-01,1.481592945295e+01,3.158093410282e+00,0.000000000000e+00
8.028000000000e-01,-1.476729018871e+01,-3.651721612671e-01,1.477180456901e+01,3.166316062564e+00,0.000000000000e+00
8.032000000000e-01,-1.472067852054e+01,-4.857896482384e-01,1.472869198834e+01,3.174581174859e+00,0.000000000000e+00
8.036000000000e-01,-1.467408846167e+01,-6.063210492880e-01,1.468660945881e+01,3.182888326027e+00,0.000000000000e+00
8.040000000000e-01,-1.462753041563e+01,-7.267727929588e-01,1.464557423773e+01,3.191237098904e+00,0.000000000000e+00
8.044000000000e-01,-1.458101437180e+01,-8.471514098547e-01,1.460560322691e+01,3.199627033712e+00,0.000000000000e+00
8.048000000000e-01,-1.453454982741e+01,-9.674630142516e-01,1.456671285394e+01,3.208057593217e+00,0.000000000000e+00
8.052000000000e-01,-1.448814581599e+01,-1.087714371407e+00,1.452891915247e+01,3.216528236103e+00,0.000000000000e+00
8.056000000000e-01,-1.444181088251e+01,-1.207912895695e+00,1.449223775439e+01,3.225038418014e+00,0.000000000000e+00
8.060000000000e-01,-1.439555310565e+01,-1.328065546187e+00,1.445668382834e+01,3.233587516435e+00,0.000000000000e+00
8.064000000000e-01,-1.434938018568e+01,-1.448179277202e+00,1.442227218340e+01,3.242174861619e+00,0.000000000000e+00
8.068000000000e-01,-1.430329924220e+01,-1.568261774703e+00,1.438901713829e+01,3.250799789553e+00,0.000000000000e+00
8.072000000000e-01,-1.425731700504e+01,-1.688321002337e+00,1.435693268038e+01,3.259461610608e+00,0.000000000000e+00
8.076000000000e-01,-1.421143975060e+01,-1.808364240893e+00,1.432603228436e+01,3.268159544417e+00,0.000000000000e+00
8.080000000000e-01,-1.416567335977e+01,-1.928399180367e+00,1.429632907898e+01,3.276892795804e+00,0.000000000000e+00
8.084000000000e-01,-1.412002314483e+01,-2.048434163058e+00,1.426783571993e+01,3.285660574484e+00,0.000000000000e+00
8.088000000000e-01,-1.407449404678e+01,-2.168477259402e+00,1.424056446554e+01,3.294462030542e+00,0.000000000000e+00
8.092000000000e-01,-1.402909064392e+01,-2.288536105823e+00,1.421452713962e+01,3.303296244031e+00,0.000000000000e+00
8.096000000000e-01,-1.398381698813e+01,-2.408618910434e+00,1.418973511427e+01,3.312162297830e+00,0.000000000000e+00
8.100000000000e-01,-1.393867668368e+01,-2.528734310662e+00,1.416619938114e+01,3.321059268546e+00,0.000000000000e+00
8.104000000000e-01,-1.389367295385e+01,-2.648890246053e+00,1.414393041853e+01,3.329986148867e+00,0.000000000000e+00
8.108000000000e-01,-1.384880870643e+01,-2.769094641151e+00,1.412293835287e+01,3.338941895493e+00,0.000000000000e+00
8.112000000000e-01,-1.380408623063e+01,-2.889355966103e+00,1.410323276989e+01,3.347925473775e+00,0.000000000000e+00
8.116000000000e-01,-1.375950747999e+01,-3.009682730606e+00,1.408482290378e+01,3.356935820589e+00,0.000000000000e+00
8.120000000000e-01,-1.371507405890e+01,-3.130082684904e+00,1.406771744298e+01,3.365971790656e+00,0.000000000000e+00
8.124000000000e-01,-1.367078718120e+01,-3.250563845600e+00,1.405192468909e+01,3.375032230111e+00,0.000000000000e+00
8.128000000000e-01,-1.362664749397e+01,-3.371134641709e+00,1.403745242904e+01,3.384115991417e+00,0.000000000000e+00
8.132000000000e-01,-1.358265533857e+01,-3.491803097037e+00,1.402430800128e+01,3.393221874585e+00,0.000000000000e+00
8.136000000000e-01,-1.353881077141e+01,-3.612576732253e+00,1.401249826942e+01,3.402348621942e+00,0.000000000000e+00
8.140000000000e-01,-1.349511332009e+01,-3.733463379526e+00,1.400202957890e+01,3.411494980870e+00,0.000000000000e+00
8.144000000000e-01,-1.345156209080e+01,-3.854471071038e+00,1.399290784362e+01,3.420659696465e+00,0.000000000000e+00
8.148000000000e-01,-1.340815586528e+01,-3.975607137775e+00,1.398513839122e+01,3.429841449930e+00,0.000000000000e+00
8.152000000000e-01,-1.336489317126e+01,-4.096878711875e+00,1.397872614579e+01,3.439038894010e+00,0.000000000000e+00
8.156000000000e-01,-1.332177191915e+01,-4.218293138671e+00,1.397367539588e+01,3.448250691028e+00,0.000000000000e+00
8.160000000000e-01,-1.327878973006e+01,-4.339857680695e+00,1.396999002805e+01,3.457475488370e+00,0.000000000000e+00
8.164000000000e-01,-1.323594389356e+01,-4.461578856512e+00,1.396767327247e+01,3.466711876740e+00,0.000000000000e+00
8.168000000000e-01,-1.319323139117e+01,-4.583463142107e+00,1.396672792446e+01,3.475958440062e+00,0.000000000000e+00
8.172000000000e-01,-1.315064863513e+01,-4.705517071643e+00,1.396715613274e+01,3.485213770872e+00,0.000000000000e+00
8.176000000000e-01,-1.310819177598e+01,-4.827746808346e+00,1.396895954899e+01,3.494476436902e+00,0.000000000000e+00
8.180000000000e-01,-1.306585667438e+01,-4.950157920113e+00,1.397213920878e+01,3.503744969342e+00,0.000000000000e+00
8.184000000000e-01,-1.302363876671e+01,-5.072755892720e+00,1.397669557058e+01,3.513017903545e+00,0.000000000000e+00
8.188000000000e-01,-1.298153307427e+01,-5.195546102812e+00,1.398262851773e+01,3.522293779803e+00,0.000000000000e+00
8.192000000000e-01,-1.293953428892e+01,-5.318533364705e+00,1.398993726811e+01,3.531571113853e+00,0.000000000000e+00
8.196000000000e-01,-1.289763687940e+01,-5.441722055496e+00,1.399862050354e+01,3.540848405347e+00,0.000000000000e+00
8.200000000000e-01,-1.285583478872e+01,-5.565116315257e+00,1.400867615863e+01,3.550124162288e+00,0.000000000000e+00
8.204000000000e-01,-1.281412170795e+01,-5.688720013974e+00,1.402010165953e+01,3.559396894287e+00,0.000000000000e+00
8.208000000000e-01,-1.277249090248e+01,-5.812536395624e+00,1.403289361481e+01,3.568665097165e+00,0.000000000000e+00
8.212000000000e-01,-1.273093546087e+01,-5.936568317894e+00,1.404704812770e+01,3.577927264578e+00,0.000000000000e+00
8.216000000000e-01,-1.268944793564e+01,-6.060818213339e+00,1.406256044703e+01,3.587181899079e+00,0.000000000000e+00
8.220000000000e-01,-1.264802069175e+01,-6.185288107254e+00,1.407942528617e+01,3.596427505977e+00,0.000000000000e+00
8.224000000000e-01,-1.260664563627e+01,-6.309979428372e+00,1.409763648932e+01,3.605662592488e+00,0.000000000000e+00
8.228000000000e-01,-1.256531447745e+01,-6.434893124859e+00,1.411718730646e+01,3.614885670304e+00,0.000000000000e+00
8.232000000000e-01,-1.252401850492e+01,-6.560029560144e+00,1.413807014205e+01,3.624095258969e+00,0.000000000000e+00
8.236000000000e-01,-1.248274873580e+01,-6.685388597494e+00,1.416027671695e+01,3.633289889708e+00,0.000000000000e+00
8.240000000000e-01,-1.244149580057e+01,-6.810969538948e+00,1.418379793342e+01,3.642468108342e+00,0.000000000000e+00
8.244000000000e-01,-1.240025006094e+01,-6.936771010684e+00,1.420862391749e+01,3.651628467400e+00,0.000000000000e+00
8.248000000000e-01,-1.235900164335e+01,-7.062790945543e+00,1.423474402864e+01,3.660769526959e+00,0.000000000000e+00
8.252000000000e-01,-1.231774021966e+01,-7.189026730169e+00,1.426214673344e+01,3.669889874294e+00,0.000000000000e+00
8.256000000000e-01,-1.227645522021e+01,-7.315475163967e+00,1.429081976825e+01,3.678988116910e+00,0.000000000000e+00
8.260000000000e-01,-1.223513574120e+01,-7.442132138183e+00,1.432074988845e+01,3.688062869374e+00,0.000000000000e+00
8.264000000000e-01,-1.219377080639e+01,-7.568992796832e+00,1.435192316163e+01,3.697112756717e+00,0.000000000000e+00
8.268000000000e-01,-1.215234879411e+01,-7.696051714104e+00,1.438432456530e+01,3.706136448625e+00,0.000000000000e+00
8.272000000000e-01,-1.211085800411e+01,-7.823302767948e+00,1.441793840307e+01,3.715132633982e+00,0.000000000000e+00
8.276000000000e-01,-1.206928639568e+01,-7.950738715061e+00,1.445274784310e+01,3.724100008448e+00,0.000000000000e+00
8.280000000000e-01,-1.202762191266e+01,-8.078351554357e+00,1.448873537303e+01,3.733037286458e+00,0.000000000000e+00
8.284000000000e-01,-1.198585175861e+01,-8.206132683099e+00,1.452588227930e+01,3.741943240309e+00,0.000000000000e+00
8.288000000000e-01,-1.194396316819e+01,-8.334072616679e+00,1.456416913329e+01,3.750816657110e+00,0.000000000000e+00
8.292000000000e-01,-1.190194313038e+01,-8.462160603434e+00,1.460357532788e+01,3.759656330289e+00,0.000000000000e+00
8.296000000000e-01,-1.185977852141e+01,-8.590385138528e+00,1.464407946596e+01,3.768461086161e+00,0.000000000000e+00
8.300000000000e-01,-1.181745554276e+01,-8.718734054658e+00,1.468565895767e+01,3.777229813439e+00,0.000000000000e+00
8.304000000000e-01,-1.177496045672e+01,-8.847194072774e+00,1.472829035288e+01,3.785961411342e+00,0.000000000000e+00
8.308000000000e-01,-1.173227945038e+01,-8.975750583685e+00,1.477194908069e+01,3.794654785625e+00,0.000000000000e+00
8.312000000000e-01,-1.168939839397e+01,-9.104388219243e+00,1.481660958720e+01,3.803308891930e+00,0.000000000000e+00
8.316000000000e-01,-1.164630267793e+01,-9.233090856741e+00,1.486224521514e+01,3.811922744555e+00,0.000000000000e+00
8.320000000000e-01,-1.160297773794e+01,-9.361841026288e+00,1.490882825002e+01,3.820495365249e+00,0.000000000000e+00
8.324000000000e-01,-1.155940912084e+01,-9.490619937649e+00,1.495632996506e+01,3.829025784217e+00,0.000000000000e+00
8.328000000000e-01,-1.151558182543e+01,-9.619408010983e+00,1.500472043258e+01,3.837513097603e+00,0.000000000000e+00
8.332000000000e-01,-1.147148063756e+01,-9.748184798768e+00,1.505396874212e+01,3.845956450781e+00,0.000000000000e+00
8.336000000000e-01,-1.142709036786e+01,-9.876928299843e+00,1.510404273417e+01,3.854354994905e+00,0.000000000000e+00
8.340000000000e-01,-1.138239608850e+01,-1.000561525430e+01,1.515490934756e+01,3.862707893794e+00,0.000000000000e+00
8.344000000000e-01,-1.133738214261e+01,-1.013422155551e+01,1.520653413450e+01,3.871014388950e+00,0.000000000000e+00
8.348000000000e-01,-1.129203293688e+01,-1.026272210802e+01,1.525888177141e+01,3.879273759222e+00,0.000000000000e+00
8.352000000000e-01,-1.124633291430e+01,-1.039109011650e+01,1.531191555059e+01,3.887485288614e+00,0.000000000000e+00
8.356000000000e-01,-1.120026685665e+01,-1.051929761201e+01,1.536559793533e+01,3.895648280327e+00,0.000000000000e+00
8.360000000000e-01,-1.115381874818e+01,-1.064731570936e+01,1.541988989851e+01,3.903762120417e+00,0.000000000000e+00
8.364000000000e-01,-1.110697286787e+01,-1.077511441525e+01,1.547475159572e+01,3.911826220972e+00,0.000000000000e+00
8.368000000000e-01,-1.105971360170e+01,-1.090266197676e+01,1.553014176146e+01,3.919839999105e+00,0.000000000000e+00
8.372000000000e-01,-1.101202566218e+01,-1.102992554769e+01,1.558601831040e+01,3.927802899430e+00,0.000000000000e+00
8.376000000000e-01,-1.096389304238e+01,-1.115687130833e+01,1.564233767809e+01,3.935714447308e+00,0.000000000000e+00
8.380000000000e-01,-1.091530018402e+01,-1.128346422402e+01,1.569905548121e+01,3.943574185469e+00,0.000000000000e+00
8.384000000000e-01,-1.086623176757e+01,-1.140966753878e+01,1.575612598871e+01,3.951381661718e+00,0.000000000000e+00
8.388000000000e-01,-1.081667272480e+01,-1.153544346434e+01,1.581350260867e+01,3.959136459827e+00,0.000000000000e+00
8.392000000000e-01,-1.076660746743e+01,-1.166075321597e+01,1.587113738588e+01,3.966838236596e+00,0.000000000000e+00
8.396000000000e-01,-1.071602094913e+01,-1.178555672120e+01,1.592898151831e+01,3.974486660501e+00,0.000000000000e+00
8.400000000000e-01,-1.066489852416e+01,-1.190981230778e+01,1.598698501085e+01,3.982081405365e+00,0.000000000000e+00
8.404000000000e-01,-1.061322571453e+01,-1.203347732455e+01,1.604509696412e+01,3.989622187808e+00,0.000000000000e+00
8.408000000000e-01,-1.056098778670e+01,-1.215650814658e+01,1.610326530082e+01,3.997108786827e+00,0.000000000000e+00
8.412000000000e-01,-1.050817061526e+01,-1.227885984605e+01,1.616143708952e+01,4.004540989697e+00,0.000000000000e+00
8.416000000000e-01,-1.045476063701e+01,-1.240048607898e+01,1.621955840867e+01,4.011918589588e+00,0.000000000000e+00
8.420000000000e-01,-1.040074440767e+01,-1.252133959144e+01,1.627757443226e+01,4.019241426611e+00,0.000000000000e+00
8.424000000000e-01,-1.034610850803e+01,-1.264137222776e+01,1.633542938097e+01,4.026509391830e+00,0.000000000000e+00
8.428000000000e-01,-1.029084019217e+01,-1.276053459296e+01,1.639306667341e+01,4.033722382807e+00,0.000000000000e+00
8.432000000000e-01,-1.023492741781e+01,-1.287877610152e+01,1.645042896465e+01,4.040880303678e+00,0.000000000000e+00
8.436000000000e-01,-1.017835827253e+01,-1.299604536894e+01,1.650745808280e+01,4.047983106693e+00,0.000000000000e+00
8.440000000000e-01,-1.012112112966e+01,-1.311229022939e+01,1.656409514525e+01,4.055030784338e+00,0.000000000000e+00
8.444000000000e-01,-1.006320511562e+01,-1.322745743507e+01,1.662028060521e+01,4.062023334813e+00,0.000000000000e+00
8.448000000000e-01,-1.000460017198e+01,-1.334149280028e+01,1.667595438771e+01,4.068960763526e+00,0.000000000000e+00
8.452000000000e-01,-9.945296447610e+00,-1.345434151630e+01,1.673105576669e+01,4.075843122446e+00,0.000000000000e+00
8.456000000000e-01,-9.885284596045e+00,-1.356594815899e+01,1.678552355445e+01,4.082670494591e+00,0.000000000000e+00
8.460000000000e-01,-9.824556123251e+00,-1.367625647995e+01,1.683929613506e+01,4.089442968451e+00,0.000000000000e+00
8.464000000000e-01,-9.763103429944e+00,-1.378520956384e+01,1.689231160329e+01,4.096160640103e+00,0.000000000000e+00
8.468000000000e-01,-9.700919259881e+00,-1.389275012833e+01,1.694450768287e+01,4.102823648512e+00,0.000000000000e+00
8.472000000000e-01,-9.637997028997e+00,-1.399882048355e+01,1.699582188838e+01,4.109432156317e+00,0.000000000000e+00
8.476000000000e-01,-9.574331120272e+00,-1.410336247075e+01,1.704619163866e+01,4.115986331613e+00,0.000000000000e+00
8.480000000000e-01,-9.509916861884e+00,-1.420631755052e+01,1.709555430708e+01,4.122486350075e+00,0.000000000000e+00
8.484000000000e-01,-9.444750100454e+00,-1.430762715659e+01,1.714384727277e+01,4.128932425192e+00,0.000000000000e+00
8.488000000000e-01,-9.378827470086e+00,-1.440723256155e+01,1.719100796335e+01,4.135324788485e+00,0.000000000000e+00
8.492000000000e-01,-9.312146691355e+00,-1.450507501030e+01,1.723697412703e+01,4.141663676949e+00,0.000000000000e+00
8.496000000000e-01,-9.244706454899e+00,-1.460109566865e+01,1.728168371897e+01,4.147949334728e+00,0.000000000000e+00
8.500000000000e-01,-9.176506161853e+00,-1.469523609299e+01,1.732507515618e+01,4.154182037978e+00,0.000000000000e+00
8.504000000000e-01,-9.107546067493e+00,-1.478743795840e+01,1.736708716927e+01,4.160362076701e+00,0.000000000000e+00
8.508000000000e-01,-9.037827624492e+00,-1.487764342040e+01,1.740765928879e+01,4.166489746334e+00,0.000000000000e+00
8.512000000000e-01,-8.967353256779e+00,-1.496579487128e+01,1.744673151513e+01,4.172565348654e+00,0.000000000000e+00
8.516000000000e-01,-8.896126284544e+00,-1.505183557271e+01,1.748424482151e+01,4.178589211467e+00,0.000000000000e+00
8.520000000000e-01,-8.824150905065e+00,-1.513570921033e+01,1.752014076698e+01,4.184561673337e+00,0.000000000000e+00
8.524000000000e-01,-8.751432601709e+00,-1.521736050044e+01,1.755436222660e+01,4.190483078127e+00,0.000000000000e+00
8.528000000000e-01,-8.677977806307e+00,-1.529673472290e+01,1.758685281651e+01,4.196353774993e+00,0.000000000000e+00
8.532000000000e-01,-8.603794005823e+00,-1.537377854225e+01,1.761755766162e+01,4.202174133318e+00,0.000000000000e+00
8.536000000000e-01,-8.528889549237e+00,-1.544843936826e+01,1.764642274960e+01,4.207944530918e+00,0.000000000000e+00
8.540000000000e-01,-8.453274124318e+00,-1.552066620171e+01,1.767339590361e+01,4.213665350649e+00,0.000000000000e+00
8.544000000000e-01,-8.376958320375e+00,-1.559040894102e+01,1.769842596531e+01,4.219336979579e+00,0.000000000000e+00
8.548000000000e-01,-8.299953894626e+00,-1.565761938500e+01,1.772146380688e+01,4.224959819578e+00,0.000000000000e+00
8.552000000000e-01,-8.222273421904e+00,-1.572225040972e+01,1.774246144622e+01,4.230534279106e+00,0.000000000000e+00
8.556000000000e-01,-8.143930817237e+00,-1.578425700899e+01,1.776137321498e+01,4.236060771273e+00,0.000000000000e+00
8.560000000000e-01,-8.064940830480e+00,-1.584359541818e+01,1.777815475166e+01,4.241539712468e+00,0.000000000000e+00
8.564000000000e-01,-7.985319425501e+00,-1.590022423788e+01,1.779276417935e+01,4.246971528967e+00,0.000000000000e+00
8.568000000000e-01,-7.905083325030e+00,-1.595410349509e+01,1.780516106941e+01,4.252356652030e+00,0.000000000000e+00
8.572000000000e-01,-7.824250523683e+00,-1.600519576740e+01,1.781530768217e+01,4.257695517039e+00,0.000000000000e+00
8.576000000000e-01,-7.742839776891e+00,-1.605346524436e+01,1.782316790479e+01,4.262988562006e+00,0.000000000000e+00
8.580000000000e-01,-7.660871009945e+00,-1.609887882456e+01,1.782870842319e+01,4.268236230544e+00,0.000000000000e+00
8.584000000000e-01,-7.578364856161e+00,-1.614140522328e+01,1.783189772501e+01,4.273438969671e+00,0.000000000000e+00
8.588000000000e-01,-7.495343062713e+00,-1.618101596917e+01,1.783270718154e+01,4.278597229855e+00,0.000000000000e+00
8.592000000000e-01,-7.411828075985e+00,-1.621768463038e+01,1.783111017852e+01,4.283711463870e+00,0.000000000000e+00
8.596000000000e-01,-7.327843354954e+00,-1.625138762663e+01,1.782708299262e+01,4.288782126604e+00,0.000000000000e+00
8.600000000000e-01,-7.243413047577e+00,-1.628210365897e+01,1.782060414630e+01,4.293809674610e+00,0.000000000000e+00
8.604000000000e-01,-7.158562154753e+00,-1.630981425985e+01,1.781165498527e+01,4.298794567075e+00,0.000000000000e+00
8.608000000000e-01,-7.073316344896e+00,-1.633450351311e+01,1.780021935637e+01,4.303737265416e+00,0.000000000000e+00
8.612000000000e-01,-6.987702019225e+00,-1.635615823328e+01,1.778628380695e+01,4.308638230704e+00,0.000000000000e+00
8.616000000000e-01,-6.901746290822e+00,-1.637476806675e+01,1.776983767801e+01,4.313497923621e+00,0.000000000000e+00
8.620000000000e-01,-6.815476772536e+00,-1.639032523432e+01,1.775087279330e+01,4.318316806549e+00,0.000000000000e+00
8.624000000000e-01,-6.728921739269e+00,-1.640282508258e+01,1.772938404071e+01,4.323095344068e+00,0.000000000000e+00
8.628000000000e-01,-6.642109822297e+00,-1.641226531800e+01,1.770536855759e+01,4.327833999204e+00,0.000000000000e+00
8.632000000000e-01,-6.555070402211e+00,-1.641864704522e+01,1.767882684947e+01,4.332533232202e+00,0.000000000000e+00
8.636000000000e-01,-6.467832970659e+00,-1.642197349394e+01,1.764976138003e+01,4.337193503959e+00,0.000000000000e+00
8.640000000000e-01,-6.380427653654e+00,-1.642225151728e+01,1.761817816746e+01,4.341815277340e+00,0.000000000000e+00
8.644000000000e-01,-6.292884545948e+00,-1.641948987170e+01,1.758408495076e+01,4.346399013710e+00,0.000000000000e+00
8.648000000000e-01,-6.205234455111e+00,-1.641370106884e+01,1.754749319476e+01,4.350945169237e+00,0.000000000000e+00
8.652000000000e-01,-6.117507995789e+00,-1.640489937274e+01,1.750841590517e+01,4.355454199462e+00,0.000000000000e+00
8.656000000000e-01,-6.029736258832e+00,-1.639310277173e+01,1.746686972058e+01,4.359926561328e+00,0.000000000000e+00
8.660000000000e-01,-5.941950057983e+00,-1.637833097887e+01,1.742287278680e+01,4.364362711101e+00,0.000000000000e+00
8.664000000000e-01,-5.854180666413e+00,-1.636060722223e+01,1.737644670107e+01,4.368763098348e+00,0.000000000000e+00
8.668000000000e-01,-5.766459090596e+00,-1.633995657545e+01,1.732761470403e+01,4.373128170066e+00,0.000000000000e+00
8.672000000000e-01,-5.678816432966e+00,-1.631640721578e+01,1.727640299688e+01,4.377458373872e+00,0.000000000000e+00
8.676000000000e-01,-5.591283501005e+00,-1.628998938606e+01,1.722283964352e+01,4.381754157417e+00,0.000000000000e+00
8.680000000000e-01,-5.503891079175e+00,-1.626073592042e+01,1.716695516640e+01,4.386015962131e+00,0.000000000000e+00
8.684000000000e-01,-5.416669802308e+00,-1.622868200393e+01,1.710878228664e+01,4.390244223930e+00,0.000000000000e+00
8.688000000000e-01,-5.329649920451e+00,-1.619386483044e+01,1.704835553422e+01,4.394439378545e+00,0.000000000000e+00
8.692000000000e-01,-5.242861460116e+00,-1.615632415840e+01,1.698571183675e+01,4.398601861693e+00,0.000000000000e+00
8.696000000000e-01,-5.156333924956e+00,-1.611610125209e+01,1.692088943033e+01,4.402732105290e+00,0.000000000000e+00
8.700000000000e-01,-5.070096743892e+00,-1.607324004904e+01,1.685392911658e+01,4.406830532643e+00,0.000000000000e+00
8.704000000000e-01,-4.984178638598e+00,-1.602778564342e+01,1.678487263380e+01,4.410897565708e+00,0.000000000000e+00
8.708000000000e-01,-4.898608025493e+00,-1.597978562200e+01,1.671376406177e+01,4.414933625773e+00,0.000000000000e+00
8.712000000000e-01,-4.813412568764e+00,-1.592928862706e+01,1.664064832635e+01,4.418939132768e+00,0.000000000000e+00
8.716000000000e-01,-4.728619631572e+00,-1.587634539932e+01,1.656557233719e+01,4.422914497530e+00,0.000000000000e+00
8.720000000000e-01,-4.644255900626e+00,-1.582100784933e+01,1.648858399739e+01,4.426860126632e+00,0.000000000000e+00
8.724000000000e-01,-4.560347431131e+00,-1.576332939363e+01,1.640973254702e+01,4.430776425606e+00,0.000000000000e+00
8.728000000000e-01,-4.476919585457e+00,-1.570336475587e+01,1.632906836383e+01,4.434663799038e+00,0.000000000000e+00
8.732000000000e-01,-4.393997020219e+00,-1.564116964279e+01,1.624664265650e+01,4.438522646009e+00,0.000000000000e+00
8.736000000000e-01,-4.311603853868e+00,-1.557680113761e+01,1.616250789554e+01,4.442353356918e+00,0.000000000000e+00
8.740000000000e-01,-4.229763328707e+00,-1.551031692618e+01,1.607671698350e+01,4.446156320808e+00,0.000000000000e+00
8.744000000000e-01,-4.148497988939e+00,-1.544177587179e+01,1.598932386434e+01,4.449931924829e+00,0.000000000000e+00
8.748000000000e-01,-4.067829490388e+00,-1.537123730164e+01,1.590038279244e+01,4.453680554461e+00,0.000000000000e+00
8.752000000000e-01,-3.987778842705e+00,-1.529876137789e+01,1.580994876006e+01,4.457402585613e+00,0.000000000000e+00
8.756000000000e-01,-3.908366235905e+00,-1.522440873261e+01,1.571807710540e+01,4.461098389793e+00,0.000000000000e+00
8.760000000000e-01,-3.829610997282e+00,-1.514824040906e+01,1.562482345120e+01,4.464768336705e+00,0.000000000000e+00
8.764000000000e-01,-3.751531602086e+00,-1.507031784426e+01,1.553024369701e+01,4.468412794292e+00,0.000000000000e+00
8.768000000000e-01,-3.674145675701e+00,-1.499070264586e+01,1.543439380938e+01,4.472032126126e+00,0.000000000000e+00
8.772000000000e-01,-3.597470098899e+00,-1.490945661871e+01,1.533732987770e+01,4.475626686267e+00,0.000000000000e+00
8.776000000000e-01,-3.521520871524e+00,-1.482664164440e+01,1.523910796930e+01,4.479196826999e+00,0.000000000000e+00
8.780000000000e-01,-3.446313100213e+00,-1.474231947226e+01,1.513978392868e+01,4.482742897735e+00,0.000000000000e+00
8.784000000000e-01,-3.371861024884e+00,-1.465655183642e+01,1.503941350269e+01,4.486265246481e+00,0.000000000000e+00
8.788000000000e-01,-3.298178068946e+00,-1.456940018217e+01,1.493805208997e+01,4.489764213820e+00,0.000000000000e+00
8.792000000000e-01,-3.225276855496e+00,-1.448092568978e+01,1.483575477108e+01,4.493240133575e+00,0.000000000000e+00
8.796000000000e-01,-3.153169150998e+00,-1.439118928239e+01,1.473257630750e+01,4.496693337987e+00,0.000000000000e+00
8.800000000000e-01,-3.081865820480e+00,-1.430025120222e+01,1.462857072247e+01,4.500124156088e+00,0.000000000000e+00
8.804000000000e-01,-3.011376937196e+00,-1.420817150381e+01,1.452379180998e+01,4.503532915251e+00,0.000000000000e+00
8.808000000000e-01,-2.941711764309e+00,-1.411500935427e+01,1.441829245006e+01,4.506919933850e+00,0.000000000000e+00
8.812000000000e-01,-2.872878808386e+00,-1.402082350772e+01,1.431212508617e+01,4.510285526088e+00,0.000000000000e+00
8.816000000000e-01,-2.804885750793e+00,-1.392567199925e+01,1.420534141461e+01,4.513630003881e+00,0.000000000000e+00
8.820000000000e-01,-2.737739434772e+00,-1.382961189442e+01,1.409799213942e+01,4.516953676138e+00,0.000000000000e+00
8.824000000000e-01,-2.671446000026e+00,-1.373269988411e+01,1.399012758477e+01,4.520256849482e+00,0.000000000000e+00
8.828000000000e-01,-2.606010807707e+00,-1.363499128721e+01,1.388179670403e+01,4.523539821407e+00,0.000000000000e+00
8.832000000000e-01,-2.541438555494e+00,-1.353654098208e+01,1.377304801745e+01,4.526802886749e+00,0.000000000000e+00
8.836000000000e-01,-2.477733168681e+00,-1.343740269585e+01,1.366392889566e+01,4.530046337405e+00,0.000000000000e+00
8.840000000000e-01,-2.414897838065e+00,-1.333762906465e+01,1.355448562780e+01,4.533270462510e+00,0.000000000000e+00
8.844000000000e-01,-2.352935141264e+00,-1.323727216775e+01,1.344476397049e+01,4.536475548530e+00,0.000000000000e+00
8.848000000000e-01,-2.291846945675e+00,-1.313638240371e+01,1.333480802558e+01,4.539661873294e+00,0.000000000000e+00
8.852000000000e-01,-2.231634560269e+00,-1.303500970677e+01,1.322466146509e+01,4.542829712618e+00,0.000000000000e+00
8.856000000000e-01,-2.172298608494e+00,-1.293320259731e+01,1.311436657515e+01,4.545979339061e+00,0.000000000000e+00
8.860000000000e-01,-2.113839086997e+00,-1.283100839908e+01,1.300396448099e+01,4.549111022455e+00,0.000000000000e+00
8.864000000000e-01,-2.056255480912e+00,-1.272847381180e+01,1.289349573159e+01,4.552225030144e+00,0.000000000000e+00
8.868000000000e-01,-1.999546654659e+00,-1.262564365645e+01,1.278299904420e+01,4.555321621343e+00,0.000000000000e+00
8.872000000000e-01,-1.943711016560e+00,-1.252256224442e+01,1.267251268223e+01,4.558401053391e+00,0.000000000000e+00
8.876000000000e-01,-1.888746407261e+00,-1.241927244381e+01,1.256207351613e+01,4.561463580448e+00,0.000000000000e+00
8.880000000000e-01,-1.834650134329e+00,-1.231581574198e+01,1.245171709066e+01,4.564509453650e+00,0.000000000000e+00
8.884000000000e-01,-1.781419105424e+00,-1.221223308725e+01,1.234147847733e+01,4.567538922333e+00,0.000000000000e+00
8.888000000000e-01,-1.729049708430e+00,-1.210856345592e+01,1.223139083916e+01,4.570552228215e+00,0.000000000000e+00
8.892000000000e-01,-1.677537963032e+00,-1.200484518794e+01,1.212148677365e+01,4.573549610802e+00,0.000000000000e+00
8.896000000000e-01,-1.626879461194e+00,-1.190111541951e+01,1.201179774263e+01,4.576531306984e+00,0.000000000000e+00
8.900000000000e-01,-1.577069340323e+00,-1.179740963024e+01,1.190235361968e+01,4.579497549991e+00,0.000000000000e+00
8.904000000000e-01,-1.528102442768e+00,-1.169376289494e+01,1.179318395170e+01,4.582448572005e+00,0.000000000000e+00
8.908000000000e-01,-1.479973207947e+00,-1.159020845969e+01,1.168431653266e+01,4.585384598655e+00,0.000000000000e+00
8.912000000000e-01,-1.432675769650e+00,-1.148677861215e+01,1.157577827817e+01,4.588305852289e+00,0.000000000000e+00
8.916000000000e-01,-1.386203978668e+00,-1.138350490248e+01,1.146759544696e+01,4.591212553671e+00,0.000000000000e+00
8.920000000000e-01,-1.340551310193e+00,-1.128041699160e+01,1.135979248577e+01,4.594104919230e+00,0.000000000000e+00
8.924000000000e-01,-1.295711020543e+00,-1.117754409947e+01,1.125239348513e+01,4.596983164491e+00,0.000000000000e+00
8.928000000000e-01,-1.251676096684e+00,-1.107491413646e+01,1.114542131016e+01,4.599847500538e+00,0.000000000000e+00
8.932000000000e-01,-1.208439264447e+00,-1.097255355734e+01,1.103889745511e+01,4.602698133498e+00,0.000000000000e+00
8.936000000000e-01,-1.165993080507e+00,-1.087048846435e+01,1.093284314885e+01,4.605535268740e+00,0.000000000000e+00
8.940000000000e-01,-1.124329835607e+00,-1.076874327442e+01,1.082727801849e+01,4.608359107547e+00,0.000000000000e+00
8.944000000000e-01,-1.083441637226e+00,-1.066734152516e+01,1.072222089848e+01,4.611169849177e+00,0.000000000000e+00
8.948000000000e-01,-1.043320449603e+00,-1.056630618742e+01,1.061769014460e+01,4.613967691167e+00,0.000000000000e+00
8.952000000000e-01,-1.003958033515e+00,-1.046565848493e+01,1.051370245233e+01,4.616752825065e+00,0.000000000000e+00
8.956000000000e-01,-9.653460393010e-01,-1.036541917911e+01,1.041027414308e+01,4.619525441075e+00,0.000000000000e+00
8.960000000000e-01,-9.274759834217e-01,-1.026560813718e+01,1.030742073100e+01,4.622285727154e+00,0.000000000000e+00
8.964000000000e-01,-8.903392256859e-01,-1.016624375000e+01,1.020515633987e+01,4.625033867389e+00,0.000000000000e+00
8.968000000000e-01,-8.539270561513e-01,-1.006734413245e+01,1.010349490515e+01,4.627770045296e+00,0.000000000000e+00
8.972000000000e-01,-8.182306593844e-01,-9.968926223244e+00,1.000244927288e+01,4.630494440366e+00,0.000000000000e+00
8.976000000000e-01,-7.832411302360e-01,-9.871005827673e+00,9.902031242025e+00,4.633207228230e+00,0.000000000000e+00
8.980000000000e-01,-7.489495220415e-01,-9.773598501804e+00,9.802252448342e+00,4.635908583981e+00,0.000000000000e+00
8.984000000000e-01,-7.153468030082e-01,-9.676718496463e+00,9.703123306872e+00,4.638598678928e+00,0.000000000000e+00
8.988000000000e-01,-6.824238927070e-01,-9.580379270353e+00,9.604653524888e+00,4.641277682180e+00,0.000000000000e+00
8.992000000000e-01,-6.501716916746e-01,-9.484593979605e+00,9.506852590979e+00,4.643945762006e+00,0.000000000000e+00
8.996000000000e-01,-6.185810540207e-01,-9.389374440474e+00,9.409728736994e+00,4.646603081809e+00,0.000000000000e+00
9.000000000000e-01,-5.876428236562e-01,-9.294731921606e+00,9.313289729345e+00,4.649249803192e+00,0.000000000000e+00
9.004000000000e-01,-5.573478433697e-01,-9.200677320380e+00,9.217543044232e+00,4.651886086728e+00,0.000000000000e+00
9.008000000000e-01,-5.276869358718e-01,-9.107220284324e+00,9.122494988187e+00,4.654512088856e+00,0.000000000000e+00
9.012000000000e-01,-4.986509377579e-01,-9.014370086205e+00,9.028151572099e+00,4.657127964965e+00,0.000000000000e+00
9.016000000000e-01,-4.702307036778e-01,-8.922135565874e+00,8.934518452078e+00,4.659733868972e+00,0.000000000000e+00
9.020000000000e-01,-4.424171007536e-01,-8.830524414239e+00,8.841600212717e+00,4.662329950331e+00,0.000000000000e+00
9.024000000000e-01,-4.152010299944e-01,-8.739544043900e+00,8.749401236117e+00,4.664916357658e+00,0.000000000000e+00
9.028000000000e-01,-3.885734267437e-01,-8.649201418811e+00,8.657925530468e+00,4.667493238023e+00,0.000000000000e+00
9.032000000000e-01,-3.625252606781e-01,-8.559502494793e+00,8.567176169719e+00,4.670060734645e+00,0.000000000000e+00
9.036000000000e-01,-3.370475496249e-01,-8.470453010319e+00,8.477156082717e+00,4.672618990143e+00,0.000000000000e+00
9.040000000000e-01,-3.121313616766e-01,-8.382058262627e+00,8.387867828299e+00,4.675168145441e+00,0.000000000000e+00
9.044000000000e-01,-2.877678204046e-01,-8.294322635828e+00,8.299313122523e+00,4.677708337594e+00,0.000000000000e+00
9.048000000000e-01,-2.639481094749e-01,-8.207250327355e+00,8.211493563315e+00,4.680239703115e+00,0.000000000000e+00
9.052000000000e-01,-2.406634759314e-01,-8.120845143575e+00,8.124410425045e+00,4.682762376923e+00,0.000000000000e+00
9.056000000000e-01,-2.179052383098e-01,-8.035110085727e+00,8.038064243501e+00,4.685276490293e+00,0.000000000000e+00
9.060000000000e-01,-1.956647845680e-01,-7.950047987004e+00,7.952455451216e+00,4.687782173992e+00,0.000000000000e+00
9.064000000000e-01,-1.739335759569e-01,-7.865661347484e+00,7.867584211316e+00,4.690279557384e+00,0.000000000000e+00
9.068000000000e-01,-1.527031577612e-01,-7.781951925830e+00,7.783450008211e+00,4.692768766303e+00,0.000000000000e+00
9.072000000000e-01,-1.319651525343e-01,-7.698921314359e+00,7.700052221003e+00,4.695249926038e+00,0.000000000000e+00
9.076000000000e-01,-1.117112640398e-01,-7.616570851961e+00,7.617390035271e+00,4.697723160699e+00,0.000000000000e+00
9.080000000000e-01,-9.193329203903e-02,-7.534901222516e+00,7.535462040463e+00,4.700188590775e+00,0.000000000000e+00
9.084000000000e-01,-7.262312037279e-02,-7.453912938191e+00,7.454266711605e+00,4.702646336060e+00,0.000000000000e+00
9.088000000000e-01,-5.377271790761e-02,-7.373606327623e+00,7.373802396319e+00,4.705096515571e+00,0.000000000000e+00
9.092000000000e-01,-3.537415527384e-02,-7.293981128433e+00,7.294066906247e+00,4.707539245059e+00,0.000000000000e+00
9.096000000000e-01,-1.741959298465e-02,-7.215036883680e+00,7.215057912108e+00,4.709974639416e+00,0.000000000000e+00
9.100000000000e-01,9.872031717337e-05,-7.136773016801e+00,7.136773017484e+00,4.712402813011e+00,0.000000000000e+00
9.104000000000e-01,1.718842701216e-02,-7.059188466873e+00,7.059209392903e+00,4.714823876850e+00,0.000000000000e+00
9.108000000000e-01,3.385707274349e-02,-6.982281951058e+00,6.982364037018e+00,4.717237940599e+00,0.000000000000e+00
9.112000000000e-01,5.011211434868e-02,-6.906052108238e+00,6.906233919127e+00,4.719645113711e+00,0.000000000000e+00
9.116000000000e-01,6.596090174821e-02,-6.830497193139e+00,6.830815672088e+00,4.722045503127e+00,0.000000000000e+00
9.120000000000e-01,8.141068304593e-02,-6.755615196772e+00,6.756105711589e+00,4.724439214174e+00,0.000000000000e+00
9.124000000000e-01,9.646861638478e-02,-6.681404053619e+00,6.682100442350e+00,4.726826352074e+00,0.000000000000e+00
9.128000000000e-01,1.111417531931e-01,-6.607861441072e+00,6.608796056296e+00,4.729207019822e+00,0.000000000000e+00
9.132000000000e-01,1.254370348056e-01,-6.534984752977e+00,6.536188504881e+00,4.731581317898e+00,0.000000000000e+00
9.136000000000e-01,1.393613115300e-01,-6.462771327444e+00,6.464273726103e+00,4.733949346642e+00,0.000000000000e+00
9.140000000000e-01,1.529213347475e-01,-6.391218347483e+00,6.393047543998e+00,4.736311205290e+00,0.000000000000e+00
9.144000000000e-01,1.661237446135e-01,-6.320322703773e+00,6.322505530116e+00,4.738666990641e+00,0.000000000000e+00
9.148000000000e-01,1.789750881596e-01,-6.250081213941e+00,6.252643222113e+00,4.741016799165e+00,0.000000000000e+00
9.152000000000e-01,1.914818179394e-01,-6.180490618348e+00,6.183456118554e+00,4.743360726738e+00,0.000000000000e+00
9.156000000000e-01,2.036502718409e-01,-6.111547418043e+00,6.114939515336e+00,4.745698866146e+00,0.000000000000e+00
9.160000000000e-01,2.154866900420e-01,-6.043248012546e+00,6.047088642870e+00,4.748031309177e+00,0.000000000000e+00
9.164000000000e-01,2.269972227549e-01,-5.975588757646e+00,5.979898723193e+00,4.750358147504e+00,0.000000000000e+00
9.168000000000e-01,2.381879158665e-01,-5.908565843500e+00,5.913364846704e+00,4.752679470982e+00,0.000000000000e+00
9.172000000000e-01,2.490647140364e-01,-5.842175322245e+00,5.847481998915e+00,4.754995368015e+00,0.000000000000e+00
9.176000000000e-01,2.596334733342e-01,-5.776413210141e+00,5.782245162112e+00,4.757305926960e+00,0.000000000000e+00
9.180000000000e-01,2.698999524806e-01,-5.711275441014e+00,5.717649267617e+00,4.759611234868e+00,0.000000000000e+00
9.184000000000e-01,2.798698024409e-01,-5.646757811283e+00,5.653689139456e+00,4.761911376036e+00,0.000000000000e+00
9.188000000000e-01,2.895485850378e-01,-5.582856073818e+00,5.590359588082e+00,4.764206434416e+00,0.000000000000e+00
9.192000000000e-01,2.989417741282e-01,-5.519565941010e+00,5.527655412694e+00,4.766496493686e+00,0.000000000000e+00
9.196000000000e-01,3.080547434333e-01,-5.456883018159e+00,5.465571333248e+00,4.768781635609e+00,0.000000000000e+00
9.200000000000e-01,3.168927754441e-01,-5.394802849127e+00,5.404102035683e+00,4.771061941127e+00,0.000000000000e+00
9.204000000000e-01,3.254610681544e-01,-5.333320950130e+00,5.343242205251e+00,4.773337491142e+00,0.000000000000e+00
9.208000000000e-01,3.337647256873e-01,-5.272432785922e+00,5.282986501420e+00,4.775608364918e+00,0.000000000000e+00
9.212000000000e-01,3.418087549715e-01,-5.212133760306e+00,5.223329547357e+00,4.777874639415e+00,0.000000000000e+00
9.216000000000e-01,3.495980799094e-01,-5.152419249666e+00,5.164265963504e+00,4.780136391417e+00,0.000000000000e+00
9.220000000000e-01,3.571375413108e-01,-5.093284603149e+00,5.105790367034e+00,4.782393697405e+00,0.000000000000e+00
9.224000000000e-01,3.644318892809e-01,-5.034725128549e+00,5.047897356521e+00,4.784646632136e+00,0.000000000000e+00
9.228000000000e-01,3.714857905642e-01,-4.976736104600e+00,4.990581523973e+00,4.786895269754e+00,0.000000000000e+00
9.232000000000e-01,3.783038325964e-01,-4.919312788070e+00,4.933837461512e+00,4.789139684375e+00,0.000000000000e+00
9.236000000000e-01,3.848905174170e-01,-4.862450421137e+00,4.877659767594e+00,4.791379948612e+00,0.000000000000e+00
9.240000000000e-01,3.912502596548e-01,-4.806144235197e+00,4.822043049911e+00,4.793616132882e+00,0.000000000000e+00
9.244000000000e-01,3.973873966927e-01,-4.750389442230e+00,4.766981916884e+00,4.795848307429e+00,0.000000000000e+00
9.248000000000e-01,4.033061894490e-01,-4.695181238246e+00,4.712470980540e+00,4.798076542310e+00,0.000000000000e+00
9.252000000000e-01,4.090108193041e-01,-4.640514828418e+00,4.658504880654e+00,4.800300906140e+00,0.000000000000e+00
9.256000000000e-01,4.145053915323e-01,-4.586385412534e+00,4.605078269901e+00,4.802521466864e+00,0.000000000000e+00
9.260000000000e-01,4.197939379699e-01,-4.532788172562e+00,4.552185801093e+00,4.804738292420e+00,0.000000000000e+00
9.264000000000e-01,4.248804151018e-01,-4.479718293907e+00,4.499822147586e+00,4.806951449768e+00,0.000000000000e+00
9.268000000000e-01,4.297687017902e-01,-4.427170994883e+00,4.447982031772e+00,4.809161003531e+00,0.000000000000e+00
9.272000000000e-01,4.344626055074e-01,-4.375141484688e+00,4.396660183210e+00,4.811367017989e+00,0.000000000000e+00
9.276000000000e-01,4.389658637589e-01,-4.323624958946e+00,4.345851333762e+00,4.813569557377e+00,0.000000000000e+00
9.280000000000e-01,4.432821452908e-01,-4.272616645972e+00,4.295550263211e+00,4.815768684943e+00,0.000000000000e+00
9.284000000000e-01,4.474150512768e-01,-4.222111804530e+00,4.245751796568e+00,4.817964463007e+00,0.000000000000e+00
9.288000000000e-01,4.513681155493e-01,-4.172105680648e+00,4.196450760611e+00,4.820156953853e+00,0.000000000000e+00
9.292000000000e-01,4.551448049277e-01,-4.122593517567e+00,4.147641993295e+00,4.822346219440e+00,0.000000000000e+00
9.296000000000e-01,4.587485195180e-01,-4.073570621693e+00,4.099320408810e+00,4.824532319540e+00,0.000000000000e+00
9.300000000000e-01,4.621825945763e-01,-4.025032318291e+00,4.051480953185e+00,4.826715313006e+00,0.000000000000e+00
9.304000000000e-01,4.654503014295e-01,-3.976973919965e+00,4.004118572568e+00,4.828895258689e+00,0.000000000000e+00
9.308000000000e-01,4.685548498002e-01,-3.929390755295e+00,3.957228241468e+00,4.831072215075e+00,0.000000000000e+00
9.312000000000e-01,4.714993928202e-01,-3.882278229024e+00,3.910805022624e+00,4.833246239511e+00,0.000000000000e+00
9.316000000000e-01,4.742870234316e-01,-3.835631751345e+00,3.864843995884e+00,4.835417389122e+00,0.000000000000e+00
9.320000000000e-01,4.769207737325e-01,-3.789446721868e+00,3.819340241755e+00,4.837585721021e+00,0.000000000000e+00
9.324000000000e-01,4.794036176556e-01,-3.743718580717e+00,3.774288891993e+00,4.839751291201e+00,0.000000000000e+00
9.328000000000e-01,4.817384738773e-01,-3.698442844711e+00,3.729685165374e+00,4.841914153755e+00,0.000000000000e+00
9.332000000000e-01,4.839282034852e-01,-3.653615028921e+00,3.685524289119e+00,4.844074362595e+00,0.000000000000e+00
9.336000000000e-01,4.859756102635e-01,-3.609230641262e+00,3.641801493162e+00,4.846231971605e+00,0.000000000000e+00
9.340000000000e-01,4.878834481554e-01,-3.565285252026e+00,3.598512079638e+00,4.848387033988e+00,0.000000000000e+00
9.344000000000e-01,4.896544231413e-01,-3.521774500064e+00,3.555651428839e+00,4.850539602209e+00,0.000000000000e+00
9.348000000000e-01,4.912911866128e-01,-3.478694019158e+00,3.513214924961e+00,4.852689728700e+00,0.000000000000e+00
9.352000000000e-01,4.927963357670e-01,-3.436039440208e+00,3.471197957941e+00,4.854837465784e+00,0.000000000000e+00
9.356000000000e-01,4.941724207068e-01,-3.393806473487e+00,3.429596005489e+00,4.856982864169e+00,0.000000000000e+00
9.360000000000e-01,4.954219443942e-01,-3.351990889627e+00,3.388404613846e+00,4.859125973305e+00,0.000000000000e+00
9.364000000000e-01,4.965473581056e-01,-3.310588453266e+00,3.347619331068e+00,4.861266842608e+00,0.000000000000e+00
9.368000000000e-01,4.975510626754e-01,-3.269594930135e+00,3.307235713876e+00,4.863405521428e+00,0.000000000000e+00
9.372000000000e-01,4.984354203850e-01,-3.229006176073e+00,3.267249417081e+00,4.865542058388e+00,0.000000000000e+00
9.376000000000e-01,4.992027517100e-01,-3.188818101464e+00,3.227656157576e+00,4.867676501646e+00,0.000000000000e+00
9.380000000000e-01,4.998553281934e-01,-3.149026610861e+00,3.188451653238e+00,4.869808899357e+00,0.000000000000e+00
9.384000000000e-01,5.003953736774e-01,-3.109627612347e+00,3.149631632027e+00,4.871939299507e+00,0.000000000000e+00
9.388000000000e-01,5.008250748195e-01,-3.070617108987e+00,3.111191923616e+00,4.874067748406e+00,0.000000000000e+00
9.392000000000e-01,5.011465779036e-01,-3.031991156364e+00,3.073128416583e+00,4.876194291394e+00,0.000000000000e+00
9.396000000000e-01,5.013619831529e-01,-2.993745804878e+00,3.035437000232e+00,4.878318973798e+00,0.000000000000e+00
9.400000000000e-01,5.014733463406e-01,-2.955877108879e+00,2.998113573547e+00,4.880441840887e+00,0.000000000000e+00
9.404000000000e-01,5.014826932020e-01,-2.918381218681e+00,2.961154138023e+00,4.882562937301e+00,0.000000000000e+00
9.408000000000e-01,5.013920145721e-01,-2.881254340247e+00,2.924554756791e+00,4.884682307303e+00,0.000000000000e+00
9.412000000000e-01,5.012032578344e-01,-2.844492675278e+00,2.888311493827e+00,4.886799995153e+00,0.000000000000e+00
9.416000000000e-01,5.009183279789e-01,-2.808092427805e+00,2.852420420345e+00,4.888916044996e+00,0.000000000000e+00
9.420000000000e-01,5.005390998762e-01,-2.772049892244e+00,2.816877703344e+00,4.891030499507e+00,0.000000000000e+00
9.424000000000e-01,5.000674159027e-01,-2.736361425725e+00,2.781679577637e+00,4.893143400317e+00,0.000000000000e+00
9.428000000000e-01,4.995050777229e-01,-2.701023382414e+00,2.746822279475e+00,4.895254789032e+00,0.000000000000e+00
9.432000000000e-01,4.988538470055e-01,-2.666032116389e+00,2.712302049236e+00,4.897364707241e+00,0.000000000000e+00
9.436000000000e-01,4.981154597120e-01,-2.631384062128e+00,2.678115212911e+00,4.899473196088e+00,0.000000000000e+00
9.440000000000e-01,4.972916263961e-01,-2.597075729726e+00,2.644258177186e+00,4.901580296298e+00,0.000000000000e+00
9.444000000000e-01,4.963840195829e-01,-2.563103628616e+00,2.610727351893e+00,4.903686048580e+00,0.000000000000e+00
9.448000000000e-01,4.953942736369e-01,-2.529464266034e+00,2.577519148231e+00,4.905790493623e+00,0.000000000000e+00
9.452000000000e-01,4.943239951138e-01,-2.496154210987e+00,2.544630043282e+00,4.907893671144e+00,0.000000000000e+00
9.456000000000e-01,4.931747682468e-01,-2.463170121911e+00,2.512056607943e+00,4.909995619470e+00,0.000000000000e+00
9.460000000000e-01,4.919481422364e-01,-2.430508661124e+00,2.479795420282e+00,4.912096376824e+00,0.000000000000e+00
9.464000000000e-01,4.906456303453e-01,-2.398166488041e+00,2.447843058478e+00,4.914195981427e+00,0.000000000000e+00
9.468000000000e-01,4.892687183298e-01,-2.366140301645e+00,2.416196143901e+00,4.916294471309e+00,0.000000000000e+00
9.472000000000e-01,4.878188777030e-01,-2.334426904401e+00,2.384851406154e+00,4.918391884017e+00,0.000000000000e+00
9.476000000000e-01,4.862975491030e-01,-2.303023112436e+00,2.353805591522e+00,4.920488257022e+00,0.000000000000e+00
9.480000000000e-01,4.847061393169e-01,-2.271925739332e+00,2.323055446288e+00,4.922583627798e+00,0.000000000000e+00
9.484000000000e-01,4.830460249466e-01,-2.241131615748e+00,2.292597736482e+00,4.924678033528e+00,0.000000000000e+00
9.488000000000e-01,4.813185683397e-01,-2.210637674206e+00,2.262429333891e+00,4.926771509862e+00,0.000000000000e+00
9.492000000000e-01,4.795251061392e-01,-2.180440879675e+00,2.232547145567e+00,4.928864091935e+00,0.000000000000e+00
9.496000000000e-01,4.776669433172e-01,-2.150538195011e+00,2.202948078585e+00,4.930955814884e+00,0.000000000000e+00
9.500000000000e-01,4.757453545016e-01,-2.120926586662e+00,2.173629045707e+00,4.933046713822e+00,0.000000000000e+00
9.504000000000e-01,4.737616012411e-01,-2.091603103216e+00,2.144587045609e+00,4.935136823528e+00,0.000000000000e+00
9.508000000000e-01,4.717169289021e-01,-2.062564856483e+00,2.115819143550e+00,4.937226178524e+00,0.000000000000e+00
9.512000000000e-01,4.696125534345e-01,-2.033808958195e+00,2.087322406524e+00,4.939314813324e+00,0.000000000000e+00
9.516000000000e-01,4.674496612017e-01,-2.005332518812e+00,2.059093901881e+00,4.941402762436e+00,0.000000000000e+00
9.520000000000e-01,4.652294184008e-01,-1.977132693159e+00,2.031130743724e+00,4.943490059691e+00,0.000000000000e+00
9.524000000000e-01,4.629529811286e-01,-1.949206725769e+00,2.003430139166e+00,4.945576737564e+00,0.000000000000e+00
9.528000000000e-01,4.606214798033e-01,-1.921551870500e+00,1.975989306317e+00,4.947662828373e+00,0.000000000000e+00
9.532000000000e-01,4.582360171235e-01,-1.894165379885e+00,1.948805463289e+00,4.949748364435e+00,0.000000000000e+00
9.536000000000e-01,4.557976715178e-01,-1.867044519366e+00,1.921875842674e+00,4.951833378016e+00,0.000000000000e+00
9.540000000000e-01,4.533075164020e-01,-1.840186646730e+00,1.895197773118e+00,4.953917901056e+00,0.000000000000e+00
9.544000000000e-01,4.507666079148e-01,-1.813589156652e+00,1.868768622365e+00,4.956001965361e+00,0.000000000000e+00
9.548000000000e-01,4.481759761872e-01,-1.787249442851e+00,1.842585758277e+00,4.958085602735e+00,0.000000000000e+00
9.552000000000e-01,4.455366256858e-01,-1.761164899322e+00,1.816646549946e+00,4.960168844964e+00,0.000000000000e+00
9.556000000000e-01,4.428495474216e-01,-1.735332973697e+00,1.790948422276e+00,4.962251723013e+00,0.000000000000e+00
9.560000000000e-01,4.401157245493e-01,-1.709751188262e+00,1.765488877552e+00,4.964334266701e+00,0.000000000000e+00
9.564000000000e-01,4.373361171512e-01,-1.684417070013e+00,1.740265423754e+00,4.966416505765e+00,0.000000000000e+00
9.568000000000e-01,4.345116610904e-01,-1.659328145220e+00,1.715275568864e+00,4.968498469939e+00,0.000000000000e+00
9.572000000000e-01,4.316432718294e-01,-1.634481953984e+00,1.690516835768e+00,4.970580188916e+00,0.000000000000e+00
9.576000000000e-01,4.287318636210e-01,-1.609876122952e+00,1.665986837324e+00,4.972661692113e+00,0.000000000000e+00
9.580000000000e-01,4.257783361784e-01,-1.585508310663e+00,1.641683219973e+00,4.974743008846e+00,0.000000000000e+00
9.584000000000e-01,4.227835665016e-01,-1.561376175168e+00,1.617603630216e+00,4.976824168431e+00,0.000000000000e+00
9.588000000000e-01,4.197484090825e-01,-1.537477374657e+00,1.593745715135e+00,4.978905200176e+00,0.000000000000e+00
9.592000000000e-01,4.166737067081e-01,-1.513809610477e+00,1.570107166608e+00,4.980986132707e+00,0.000000000000e+00
9.596000000000e-01,4.135602986537e-01,-1.490370657175e+00,1.546685752307e+00,4.983066993502e+00,0.000000000000e+00
9.600000000000e-01,4.104090047313e-01,-1.467158296015e+00,1.523479247227e+00,4.985147809926e+00,0.000000000000e+00
9.604000000000e-01,4.072206236184e-01,-1.444170307972e+00,1.500485426363e+00,4.987228609344e+00,0.000000000000e+00
9.608000000000e-01,4.039959347487e-01,-1.421404480341e+00,1.477702071470e+00,4.989309419104e+00,0.000000000000e+00
9.612000000000e-01,4.007357166809e-01,-1.398858671431e+00,1.455127038186e+00,4.991390266352e+00,0.000000000000e+00
9.616000000000e-01,3.974407401690e-01,-1.376530783185e+00,1.432758227686e+00,4.993471178109e+00,0.000000000000e+00
9.620000000000e-01,3.941117563269e-01,-1.354418718019e+00,1.410593541810e+00,4.995552181394e+00,0.000000000000e+00
9.624000000000e-01,3.907494965137e-01,-1.332520378281e+00,1.388630882402e+00,4.997633303229e+00,0.000000000000e+00
9.628000000000e-01,3.873546777108e-01,-1.310833685864e+00,1.366868171530e+00,4.999714570312e+00,0.000000000000e+00
9.632000000000e-01,3.839280180842e-01,-1.289356637790e+00,1.345303409080e+00,5.001796008120e+00,0.000000000000e+00
9.636000000000e-01,3.804702221474e-01,-1.268087249075e+00,1.323934613645e+00,5.003877641830e+00,0.000000000000e+00
9.640000000000e-01,3.769819759892e-01,-1.247023534751e+00,1.302759803818e+00,5.005959496623e+00,0.000000000000e+00
9.644000000000e-01,3.734639474615e-01,-1.226163510391e+00,1.281776998650e+00,5.008041597675e+00,0.000000000000e+00
9.648000000000e-01,3.699167974771e-01,-1.205505229246e+00,1.260984256362e+00,5.010123970068e+00,0.000000000000e+00
9.652000000000e-01,3.663411890738e-01,-1.185046810371e+00,1.240379703793e+00,5.012206638709e+00,0.000000000000e+00
9.656000000000e-01,3.627377700060e-01,-1.164786379556e+00,1.219961474715e+00,5.014289628489e+00,0.000000000000e+00
9.660000000000e-01,3.591071708110e-01,-1.144722062764e+00,1.199727702900e+00,5.016372964298e+00,0.000000000000e+00
9.664000000000e-01,3.554500055077e-01,-1.124851988414e+00,1.179676524415e+00,5.018456670989e+00,0.000000000000e+00
9.668000000000e-01,3.517668855373e-01,-1.105174334098e+00,1.159806126260e+00,5.020540772574e+00,0.000000000000e+00
9.672000000000e-01,3.480584201126e-01,-1.085687325520e+00,1.140114745368e+00,5.022625292239e+00,0.000000000000e+00
9.676000000000e-01,3.443252029823e-01,-1.066389190613e+00,1.120600620768e+00,5.024710253137e+00,0.000000000000e+00
9.680000000000e-01,3.405678118878e-01,-1.047278157605e+00,1.101261991485e+00,5.026795678420e+00,0.000000000000e+00
9.684000000000e-01,3.367868102263e-01,-1.028352460089e+00,1.082097101795e+00,5.028881591226e+00,0.000000000000e+00
9.688000000000e-01,3.329827641245e-01,-1.009610389005e+00,1.063104255842e+00,5.030968014554e+00,0.000000000000e+00
9.692000000000e-01,3.291562362787e-01,-9.910502718456e-01,1.044281795880e+00,5.033054971308e+00,0.000000000000e+00
9.696000000000e-01,3.253077745758e-01,-9.726704370190e-01,1.025628064773e+00,5.035142484393e+00,0.000000000000e+00
9.700000000000e-01,3.214379119452e-01,-9.544692133373e-01,1.007141405387e+00,5.037230576712e+00,0.000000000000e+00
9.704000000000e-01,3.175471686679e-01,-9.364449371822e-01,9.888201680301e-01,5.039319271041e+00,0.000000000000e+00
9.708000000000e-01,3.136360682612e-01,-9.185960014007e-01,9.706627617786e-01,5.041408589128e+00,0.000000000000e+00
9.712000000000e-01,3.097051286332e-01,-9.009208257844e-01,9.526676235885e-01,5.043498552238e+00,0.000000000000e+00
9.716000000000e-01,3.057548537993e-01,-8.834178306987e-01,9.348331905844e-01,5.045589181632e+00,0.000000000000e+00
9.720000000000e-01,3.017857338651e-01,-8.660854369907e-01,9.171578998907e-01,5.047680498570e+00,0.000000000000e+00
9.724000000000e-01,2.977982479836e-01,-8.489220744494e-01,8.996401975177e-01,5.049772524293e+00,0.000000000000e+00
9.728000000000e-01,2.937928812580e-01,-8.319262296819e-01,8.822785890583e-01,5.051865279896e+00,0.000000000000e+00
9.732000000000e-01,2.897701136903e-01,-8.150964128857e-01,8.650716046012e-01,5.053958786416e+00,0.000000000000e+00
9.736000000000e-01,2.857304122788e-01,-7.984311348172e-01,8.480177743105e-01,5.056053064890e+00,0.000000000000e+00
9.740000000000e-01,2.816742310241e-01,-7.819289067844e-01,8.311156283503e-01,5.058148136354e+00,0.000000000000e+00
9.744000000000e-01,2.776020135176e-01,-7.655882481093e-01,8.143637047119e-01,5.060244021701e+00,0.000000000000e+00
9.748000000000e-01,2.735142081133e-01,-7.494077293749e-01,7.977605949699e-01,5.062340740831e+00,0.000000000000e+00
9.752000000000e-01,2.694112582495e-01,-7.333859428889e-01,7.813049131412e-01,5.064438313228e+00,0.000000000000e+00
9.756000000000e-01,2.652935952709e-01,-7.175214815660e-01,7.649952733190e-01,5.066536758375e+00,0.000000000000e+00
9.760000000000e-01,2.611616384301e-01,-7.018129389158e-01,7.488302895965e-01,5.068636095757e+00,0.000000000000e+00
9.764000000000e-01,2.570157970249e-01,-6.862589147718e-01,7.328085821169e-01,5.070736344840e+00,0.000000000000e+00
9.768000000000e-01,2.528564862792e-01,-6.708580574727e-01,7.169288220804e-01,5.072837524959e+00,0.000000000000e+00
9.772000000000e-01,2.486841189046e-01,-6.556090399337e-01,7.011897063122e-01,5.074939655379e+00,0.000000000000e+00
9.776000000000e-01,2.444990963551e-01,-6.405105358298e-01,6.855899318306e-01,5.077042755368e+00,0.000000000000e+00
9.780000000000e-01,2.403018087838e-01,-6.255612194703e-01,6.701281956536e-01,5.079146844191e+00,0.000000000000e+00
9.784000000000e-01,2.360926361765e-01,-6.107597688385e-01,6.548031979827e-01,5.081251941051e+00,0.000000000000e+00
9.788000000000e-01,2.318719618512e-01,-5.961049015213e-01,6.396136805217e-01,5.083358064332e+00,0.000000000000e+00
9.792000000000e-01,2.276401685624e-01,-5.815953629628e-01,6.245584140519e-01,5.085465231844e+00,0.000000000000e+00
9.796000000000e-01,2.233976287321e-01,-5.672298997701e-01,6.096361699541e-01,5.087573461386e+00,0.000000000000e+00
9.800000000000e-01,2.191447042625e-01,-5.530072592028e-01,5.948457196091e-01,5.089682770755e+00,0.000000000000e+00
9.804000000000e-01,2.148817469748e-01,-5.389261902811e-01,5.801858355336e-01,5.091793177745e+00,0.000000000000e+00
9.808000000000e-01,2.106091104638e-01,-5.249854734548e-01,5.656553232746e-01,5.093904700050e+00,0.000000000000e+00
9.812000000000e-01,2.063271520747e-01,-5.111839245720e-01,5.512530257732e-01,5.096017355246e+00,0.000000000000e+00
9.816000000000e-01,2.020362200380e-01,-4.975203619752e-01,5.369777879831e-01,5.098131160904e+00,0.000000000000e+00
9.820000000000e-01,1.977366527508e-01,-4.839936046771e-01,5.228284548582e-01,5.100246134593e+00,0.000000000000e+00
9.824000000000e-01,1.934287788312e-01,-4.706024725017e-01,5.088038714523e-01,5.102362293883e+00,0.000000000000e+00
9.828000000000e-01,1.891129241494e-01,-4.573458036045e-01,4.949029017443e-01,5.104479655942e+00,0.000000000000e+00
9.832000000000e-01,1.847894203939e-01,-4.442224750657e-01,4.811244508887e-01,5.106598237069e+00,0.000000000000e+00
9.836000000000e-01,1.804585920678e-01,-4.312313696238e-01,4.674674294523e-01,5.108718053449e+00,0.000000000000e+00
9.840000000000e-01,1.761207545122e-01,-4.183713706879e-01,4.539307480015e-01,5.110839121267e+00,0.000000000000e+00
9.844000000000e-01,1.717762139214e-01,-4.056413623832e-01,4.405133171032e-01,5.112961456706e+00,0.000000000000e+00
9.848000000000e-01,1.674252704876e-01,-3.930402369782e-01,4.272140553419e-01,5.115085075920e+00,0.000000000000e+00
9.852000000000e-01,1.630682321327e-01,-3.805669268643e-01,4.140319240757e-01,5.117209994895e+00,0.000000000000e+00
9.856000000000e-01,1.587054036848e-01,-3.682203781654e-01,4.009658988680e-01,5.119336229559e+00,0.000000000000e+00
9.860000000000e-01,1.543370814077e-01,-3.559995376861e-01,3.880149552918e-01,5.121463795841e+00,0.000000000000e+00
9.864000000000e-01,1.499635530105e-01,-3.439033529456e-01,3.751780689203e-01,5.123592709671e+00,0.000000000000e+00
9.868000000000e-01,1.455850982534e-01,-3.319307735999e-01,3.624542168276e-01,5.125722986945e+00,0.000000000000e+00
9.872000000000e-01,1.412019998889e-01,-3.200807767517e-01,3.498424051178e-01,5.127854642900e+00,0.000000000000e+00
9.876000000000e-01,1.368145428960e-01,-3.083523643197e-01,3.373416661626e-01,5.129987692182e+00,0.000000000000e+00
9.880000000000e-01,1.324230046341e-01,-2.967445397545e-01,3.249510332811e-01,5.132122149413e+00,0.000000000000e+00
9.884000000000e-01,1.280276544831e-01,-2.852563072069e-01,3.126695397920e-01,5.134258029217e+00,0.000000000000e+00
9.888000000000e-01,1.236287538596e-01,-2.738866715790e-01,3.004962190269e-01,5.136395346216e+00,0.000000000000e+00
9.892000000000e-01,1.192265615515e-01,-2.626346503397e-01,2.884301172527e-01,5.138534114966e+00,0.000000000000e+00
9.896000000000e-01,1.148213439771e-01,-2.514992957527e-01,2.764703181117e-01,5.140674349825e+00,0.000000000000e+00
9.900000000000e-01,1.104133628134e-01,-2.404796668596e-01,2.646159119566e-01,5.142816065116e+00,0.000000000000e+00
9.904000000000e-01,1.060028722689e-01,-2.295748233904e-01,2.528659891404e-01,5.144959275161e+00,0.000000000000e+00
9.908000000000e-01,1.015901190934e-01,-2.187838258008e-01,2.412196400160e-01,5.147103994283e+00,0.000000000000e+00
9.912000000000e-01,9.717534343227e-02,-2.081057371452e-01,2.296759569566e-01,5.149250236758e+00,0.000000000000e+00
9.916000000000e-01,9.275878987280e-02,-1.975396468810e-01,2.182340605601e-01,5.151398016183e+00,0.000000000000e+00
9.920000000000e-01,8.834070460288e-02,-1.870846639831e-01,2.068930921694e-01,5.153547345662e+00,0.000000000000e+00
9.924000000000e-01,8.392132704054e-02,-1.767398985259e-01,1.956521936069e-01,5.155698238285e+00,0.000000000000e+00
9.928000000000e-01,7.950088964213e-02,-1.665044612829e-01,1.845105066954e-01,5.157850707142e+00,0.000000000000e+00
9.932000000000e-01,7.507961791098e-02,-1.563774637629e-01,1.734671732593e-01,5.160004765326e+00,0.000000000000e+00
9.936000000000e-01,7.065773446348e-02,-1.463580266775e-01,1.625213444826e-01,5.162160425857e+00,0.000000000000e+00
9.940000000000e-01,6.623546862935e-02,-1.364452995533e-01,1.516722027095e-01,5.164317701530e+00,0.000000000000e+00
9.944000000000e-01,6.181304596843e-02,-1.266384384210e-01,1.409189367601e-01,5.166476605089e+00,0.000000000000e+00
9.948000000000e-01,5.739068549518e-02,-1.169366000001e-01,1.302607354546e-01,5.168637149281e+00,0.000000000000e+00
9.952000000000e-01,5.296859968547e-02,-1.073389417328e-01,1.196967876133e-01,5.170799346851e+00,0.000000000000e+00
9.956000000000e-01,4.854699483892e-02,-9.784462253739e-02,1.092262828598e-01,5.172963210527e+00,0.000000000000e+00
9.960000000000e-01,4.412608180371e-02,-8.845282442109e-02,9.884843571557e-02,5.175128752497e+00,0.000000000000e+00
9.964000000000e-01,3.970607812341e-02,-7.916275613412e-02,8.856248979502e-02,5.177295984315e+00,0.000000000000e+00
9.968000000000e-01,3.528719603813e-02,-6.997362852058e-02,7.836769036133e-02,5.179464917499e+00,0.000000000000e+00
9.972000000000e-01,3.086964176392e-02,-6.088465306874e-02,6.826328267768e-02,5.181635563569e+00,0.000000000000e+00
9.976000000000e-01,2.645361549788e-02,-5.189504194189e-02,5.824851200726e-02,5.183807934041e+00,0.000000000000e+00
9.980000000000e-01,2.203931142322e-02,-4.300400800920e-02,4.832262361322e-02,5.185982040436e+00,0.000000000000e+00
9.984000000000e-01,1.762691771437e-02,-3.421076487673e-02,3.848486275875e-02,5.188157894272e+00,0.000000000000e+00
9.988000000000e-01,1.321661654200e-02,-2.551452691841e-02,2.873447470702e-02,5.190335507067e+00,0.000000000000e+00
9.992000000000e-01,8.808584078081e-03,-1.691450930718e-02,1.907070472120e-02,5.192514890340e+00,0.000000000000e+00
9.996000000000e-01,4.402990500884e-03,-8.409928046180e-03,9.492798064470e-03,5.194696055610e+00,0.000000000000e+00
1.000000000000e+00,-8.939633920743e-18,1.698480559424e-17,-1.919376658478e-17,5.196879014394e+00,0.000000000000e+00
