time_over_Tg,Tg_omega_x,Tg_omega_y,Tg_omega_envelope,phase_rad,Tg_delta
0.000000000000e+00,2.390809006455e-17,0.000000000000e+00,2.390809006455e-17,0.000000000000e+00,0.000000000000e+00
4.000000000000e-04,8.628449365119e-03,1.847717458199e-05,8.628469148835e-03,2.141421425403e-03,0.000000000000e+00
8.000000000000e-04,1.730745719574e-02,7.418439018464e-05,1.730761618207e-02,4.286241187442e-03,0.000000000000e+00
1.200000000000e-03,2.603741044129e-02,1.675388075466e-04,2.603794945344e-02,6.434453063616e-03,0.000000000000e+00
1.600000000000e-03,3.481869385551e-02,2.989624218935e-04,3.481997731667e-02,8.586050831428e-03,0.000000000000e+00
2.000000000000e-03,4.365168996350e-02,4.688820675918e-04,4.365420812548e-02,1.074102826838e-02,0.000000000000e+00
2.400000000000e-03,5.253677902860e-02,6.777294225625e-04,5.254115023360e-02,1.289937915197e-02,0.000000000000e+00
2.800000000000e-03,6.147433901913e-02,9.259410124539e-04,6.148131199476e-02,1.506109725969e-02,0.000000000000e+00
3.200000000000e-03,7.046474557497e-02,1.213958214571e-03,7.047520176269e-02,1.722617636906e-02,0.000000000000e+00
3.600000000000e-03,7.950837197396e-02,1.542227261559e-03,7.952332789110e-02,1.939461025757e-02,0.000000000000e+00
4.000000000000e-03,8.860558909820e-02,1.911199244846e-03,8.862619873374e-02,2.156639270272e-02,0.000000000000e+00
4.400000000000e-03,9.775676540011e-02,2.321330117831e-03,9.778432264432e-02,2.374151748201e-02,0.000000000000e+00
4.800000000000e-03,1.069622668863e-01,2.773080699277e-03,1.069982079945e-01,2.591997837282e-02,0.000000000000e+00
5.200000000000e-03,1.162224690566e-01,3.266917002169e-03,1.162683751512e-01,2.810176906142e-02,0.000000000000e+00
5.600000000000e-03,1.255377776432e-01,3.803310972567e-03,1.255953772634e-01,3.028688298526e-02,0.000000000000e+00
6.000000000000e-03,1.349086013464e-01,4.382739982638e-03,1.349797730292e-01,3.247531353962e-02,0.000000000000e+00
6.400000000000e-03,1.443353462496e-01,5.005686706357e-03,1.444221211463e-01,3.466705411979e-02,0.000000000000e+00
6.800000000000e-03,1.538184157824e-01,5.672639122527e-03,1.539229803130e-01,3.686209812108e-02,0.000000000000e+00
7.200000000000e-03,1.633582108528e-01,6.384090523493e-03,1.634829093968e-01,3.906043893468e-02,0.000000000000e+00
7.600000000000e-03,1.729551431568e-01,7.140540014429e-03,1.731024807912e-01,4.126206962510e-02,0.000000000000e+00
8.000000000000e-03,1.826096447534e-01,7.942493024519e-03,1.827822900404e-01,4.346698269772e-02,0.000000000000e+00
8.400000000000e-03,1.923221471550e-01,8.790460680924e-03,1.925229349592e-01,4.567517060306e-02,0.000000000000e+00
8.800000000000e-03,2.020930790182e-01,9.684959735784e-03,2.023250133625e-01,4.788662579163e-02,0.000000000000e+00
9.200000000000e-03,2.119228661042e-01,1.062651256816e-02,2.121891230652e-01,5.010134071398e-02,0.000000000000e+00
9.600000000000e-03,2.218119324162e-01,1.161564724719e-02,2.221158630607e-01,5.231930782007e-02,0.000000000000e+00
1.000000000000e-02,2.317607223842e-01,1.265289875744e-02,2.321058557792e-01,5.454051954898e-02,0.000000000000e+00
1.040000000000e-02,2.417696989410e-01,1.373880915364e-02,2.421597452158e-01,5.676496832978e-02,0.000000000000e+00
1.080000000000e-02,2.518393227418e-01,1.487392657979e-02,2.522781761686e-01,5.899264659116e-02,0.000000000000e+00
1.120000000000e-02,2.619700513187e-01,1.605880523072e-02,2.624617934355e-01,6.122354676180e-02,0.000000000000e+00
1.160000000000e-02,2.721623390385e-01,1.729400535350e-02,2.727112418146e-01,6.345766127039e-02,0.000000000000e+00
1.200000000000e-02,2.824166416789e-01,1.858009352278e-02,2.830271707319e-01,6.569498244108e-02,0.000000000000e+00
1.240000000000e-02,2.927334423547e-01,1.991764428213e-02,2.934102602613e-01,6.793550190563e-02,0.000000000000e+00
1.280000000000e-02,3.031132333034e-01,2.130723930068e-02,3.038612029369e-01,7.017921101434e-02,0.000000000000e+00
1.320000000000e-02,3.135565034338e-01,2.274946668760e-02,3.143806913286e-01,7.242610111670e-02,0.000000000000e+00
1.360000000000e-02,3.240637382454e-01,2.424492099031e-02,3.249694180064e-01,7.467616356218e-02,0.000000000000e+00
1.400000000000e-02,3.346354198560e-01,2.579420320026e-02,3.356280756149e-01,7.692938970046e-02,0.000000000000e+00
1.440000000000e-02,3.452720419169e-01,2.739792195377e-02,3.463573718818e-01,7.918577091959e-02,0.000000000000e+00
1.480000000000e-02,3.559741277236e-01,2.905669520293e-02,3.571580478509e-01,8.144529869241e-02,0.000000000000e+00
1.520000000000e-02,3.667422013799e-01,3.077114815519e-02,3.680308490218e-01,8.370796450309e-02,0.000000000000e+00
1.560000000000e-02,3.775767833057e-01,3.254191293711e-02,3.789765208942e-01,8.597375983580e-02,0.000000000000e+00
1.600000000000e-02,3.884783901876e-01,3.436962859393e-02,3.899958089678e-01,8.824267617473e-02,0.000000000000e+00
1.640000000000e-02,3.994475373035e-01,3.625494128419e-02,4.010894611247e-01,9.051470495426e-02,0.000000000000e+00
1.680000000000e-02,4.104847667359e-01,3.819850668752e-02,4.122582559942e-01,9.278983696634e-02,0.000000000000e+00
1.720000000000e-02,4.215906379713e-01,4.020098951005e-02,4.235029935935e-01,9.506806255604e-02,0.000000000000e+00
1.760000000000e-02,4.327657069551e-01,4.226306185334e-02,4.348244743728e-01,9.734937205936e-02,0.000000000000e+00
1.800000000000e-02,4.440105256079e-01,4.438540317775e-02,4.462234987827e-01,9.963375581232e-02,0.000000000000e+00
1.840000000000e-02,4.553256417985e-01,4.656870030283e-02,4.577008672999e-01,1.019212041510e-01,0.000000000000e+00
1.880000000000e-02,4.667116139198e-01,4.881364896803e-02,4.692573951396e-01,1.042117074823e-01,0.000000000000e+00
1.920000000000e-02,4.781690351316e-01,5.112095665768e-02,4.808939367139e-01,1.065052564006e-01,0.000000000000e+00
1.960000000000e-02,4.896985007048e-01,5.349133942255e-02,4.926113528795e-01,1.088018415314e-01,0.000000000000e+00
2.000000000000e-02,5.013006015543e-01,5.592552122260e-02,5.044105044929e-01,1.111014535001e-01,0.000000000000e+00
2.040000000000e-02,5.129759241812e-01,5.842423392398e-02,5.162922524106e-01,1.134040829322e-01,0.000000000000e+00
2.080000000000e-02,5.247250542285e-01,6.098821767833e-02,5.282574611216e-01,1.157097203834e-01,0.000000000000e+00
2.120000000000e-02,5.365486097879e-01,6.361822456280e-02,5.403070323084e-01,1.180183556967e-01,0.000000000000e+00
2.160000000000e-02,5.484472260030e-01,6.631501727437e-02,5.524418894567e-01,1.203299782969e-01,0.000000000000e+00
2.200000000000e-02,5.604215335907e-01,6.907936694837e-02,5.646629563289e-01,1.226445776036e-01,0.000000000000e+00
2.240000000000e-02,5.724721585062e-01,7.191205312498e-02,5.769711566875e-01,1.249621430366e-01,0.000000000000e+00
2.280000000000e-02,5.845997222920e-01,7.481386379775e-02,5.893674147085e-01,1.272826640182e-01,0.000000000000e+00
2.320000000000e-02,5.968048667687e-01,7.778559873885e-02,6.018526799557e-01,1.296061301385e-01,0.000000000000e+00
2.360000000000e-02,6.090882680935e-01,8.082807173327e-02,6.144279416736e-01,1.319325312501e-01,0.000000000000e+00
2.400000000000e-02,6.214506007504e-01,8.394210604835e-02,6.270941925587e-01,1.342618572285e-01,0.000000000000e+00
2.440000000000e-02,6.338925340607e-01,8.712853398461e-02,6.398524253078e-01,1.365940979489e-01,0.000000000000e+00
2.480000000000e-02,6.464147321176e-01,9.038819686929e-02,6.527036326174e-01,1.389292432868e-01,0.000000000000e+00
2.520000000000e-02,6.590178663740e-01,9.372194669915e-02,6.656488199443e-01,1.412672828948e-01,0.000000000000e+00
2.560000000000e-02,6.717026504042e-01,9.713065088474e-02,6.786890406521e-01,1.436082055896e-01,0.000000000000e+00
2.600000000000e-02,6.844698034305e-01,1.006151878500e-01,6.918253593460e-01,1.459519999917e-01,0.000000000000e+00
2.640000000000e-02,6.973200391000e-01,1.041764456173e-01,7.050588406310e-01,1.482986547214e-01,0.000000000000e+00
2.680000000000e-02,7.102540654154e-01,1.078153217991e-01,7.183905491122e-01,1.506481583994e-01,0.000000000000e+00
2.720000000000e-02,7.232725906713e-01,1.115327245499e-01,7.318215554777e-01,1.530004996949e-01,0.000000000000e+00
2.760000000000e-02,7.363763655765e-01,1.153295795006e-01,7.453529792571e-01,1.553556676709e-01,0.000000000000e+00
2.800000000000e-02,7.495661580921e-01,1.192068262098e-01,7.589859634881e-01,1.577136515794e-01,0.000000000000e+00
2.840000000000e-02,7.628427302735e-01,1.231654145745e-01,7.727216513586e-01,1.600744406738e-01,0.000000000000e+00
2.880000000000e-02,7.762068380471e-01,1.272063047959e-01,7.865611860567e-01,1.624380242074e-01,0.000000000000e+00
2.920000000000e-02,7.896592339058e-01,1.313304677935e-01,8.005057135733e-01,1.648043913894e-01,0.000000000000e+00
2.960000000000e-02,8.032007072739e-01,1.355388915157e-01,8.145564236310e-01,1.671735307391e-01,0.000000000000e+00
3.000000000000e-02,8.168320753447e-01,1.398325799692e-01,8.287145405583e-01,1.695454302304e-01,0.000000000000e+00
3.040000000000e-02,8.305541497044e-01,1.442125482561e-01,8.429812896297e-01,1.719200778220e-01,0.000000000000e+00
3.080000000000e-02,8.443677353171e-01,1.486798224194e-01,8.573578961199e-01,1.742974614728e-01,0.000000000000e+00
3.120000000000e-02,8.582736319254e-01,1.532354397056e-01,8.718455868100e-01,1.766775691553e-01,0.000000000000e+00
3.160000000000e-02,8.722726727023e-01,1.578804559037e-01,8.864456294097e-01,1.790603892168e-01,0.000000000000e+00
3.200000000000e-02,8.863657278335e-01,1.626159465586e-01,9.011593363845e-01,1.814459104141e-01,0.000000000000e+00
3.240000000000e-02,9.005536626261e-01,1.674429993943e-01,9.159880224738e-01,1.838341215247e-01,0.000000000000e+00
3.280000000000e-02,9.148373351862e-01,1.723627138867e-01,9.309330024169e-01,1.862250113263e-01,0.000000000000e+00
3.320000000000e-02,9.292175973336e-01,1.773762014255e-01,9.459955919699e-01,1.886185685821e-01,0.000000000000e+00
3.360000000000e-02,9.436953318555e-01,1.824845920038e-01,9.611771458397e-01,1.910147815045e-01,0.000000000000e+00
3.400000000000e-02,9.582714634784e-01,1.876890366409e-01,9.764790689985e-01,1.934136375946e-01,0.000000000000e+00
3.440000000000e-02,9.729469125115e-01,1.929906994169e-01,9.919027697446e-01,1.958151243067e-01,0.000000000000e+00
3.480000000000e-02,9.877225914783e-01,1.983907568814e-01,1.007449656376e+00,1.982192290951e-01,0.000000000000e+00
3.520000000000e-02,1.002599406080e+00,2.038903982589e-01,1.023121138270e+00,2.006259394246e-01,0.000000000000e+00
3.560000000000e-02,1.017578295211e+00,2.094908341320e-01,1.038918666918e+00,2.030352431792e-01,0.000000000000e+00
3.600000000000e-02,1.032660243164e+00,2.151932996717e-01,1.054843748635e+00,2.054471287880e-01,0.000000000000e+00
3.640000000000e-02,1.047846229451e+00,2.209990442169e-01,1.070897893415e+00,2.078615847166e-01,0.000000000000e+00
3.680000000000e-02,1.063137225110e+00,2.269093304933e-01,1.087082611248e+00,2.102785994308e-01,0.000000000000e+00
3.720000000000e-02,1.078534194239e+00,2.329254349219e-01,1.103399413801e+00,2.126981613752e-01,0.000000000000e+00
3.760000000000e-02,1.094038139277e+00,2.390486568600e-01,1.119849860713e+00,2.151202583903e-01,0.000000000000e+00
3.800000000000e-02,1.109650106618e+00,2.452803202997e-01,1.136435565549e+00,2.175448776376e-01,0.000000000000e+00
3.840000000000e-02,1.125371136405e+00,2.516217640109e-01,1.153158144739e+00,2.199720062424e-01,0.000000000000e+00
3.880000000000e-02,1.141202259613e+00,2.580743409556e-01,1.170019214716e+00,2.224016313303e-01,0.000000000000e+00
3.920000000000e-02,1.157144501404e+00,2.646394190977e-01,1.187020395473e+00,2.248337400638e-01,0.000000000000e+00
3.960000000000e-02,1.173198936005e+00,2.713183948711e-01,1.204163367172e+00,2.272683202360e-01,0.000000000000e+00
4.000000000000e-02,1.189366676658e+00,2.781126915020e-01,1.221449860093e+00,2.297053601651e-01,0.000000000000e+00
4.040000000000e-02,1.205648828212e+00,2.850237478254e-01,1.238881606044e+00,2.321448481853e-01,0.000000000000e+00
4.080000000000e-02,1.222046485520e+00,2.920530179016e-01,1.256460336834e+00,2.345867726308e-01,0.000000000000e+00
4.120000000000e-02,1.238560741385e+00,2.992019728114e-01,1.274187792530e+00,2.370311217438e-01,0.000000000000e+00
4.160000000000e-02,1.255192750115e+00,3.064721153017e-01,1.292065786792e+00,2.394778829481e-01,0.000000000000e+00
4.200000000000e-02,1.271943693173e+00,3.138649726808e-01,1.310096171920e+00,2.419270432376e-01,0.000000000000e+00
4.240000000000e-02,1.288814741661e+00,3.213820884913e-01,1.328280800556e+00,2.443785896021e-01,0.000000000000e+00
4.280000000000e-02,1.305807055869e+00,3.290250224009e-01,1.346621525345e+00,2.468325090319e-01,0.000000000000e+00
4.320000000000e-02,1.322921804533e+00,3.367953554060e-01,1.365120219003e+00,2.492887887333e-01,0.000000000000e+00
4.360000000000e-02,1.340160229199e+00,3.446947076856e-01,1.383778841229e+00,2.517474168514e-01,0.000000000000e+00
4.400000000000e-02,1.357523582644e+00,3.527247228016e-01,1.402599375270e+00,2.542083817851e-01,0.000000000000e+00
4.440000000000e-02,1.375013105978e+00,3.608870616368e-01,1.421583804378e+00,2.566716719332e-01,0.000000000000e+00
4.480000000000e-02,1.392630028910e+00,3.691834024552e-01,1.440734112205e+00,2.591372756908e-01,0.000000000000e+00
4.520000000000e-02,1.410375611974e+00,3.776154515661e-01,1.460052326498e+00,2.616051810230e-01,0.000000000000e+00
4.560000000000e-02,1.428251184102e+00,3.861849534146e-01,1.479540558124e+00,2.640753750847e-01,0.000000000000e+00
4.600000000000e-02,1.446258070673e+00,3.948936730328e-01,1.499200927157e+00,2.665478449411e-01,0.000000000000e+00
4.640000000000e-02,1.464397584434e+00,4.037433937813e-01,1.519035553671e+00,2.690225776572e-01,0.000000000000e+00
4.680000000000e-02,1.482671030581e+00,4.127359188509e-01,1.539046563179e+00,2.714995603576e-01,0.000000000000e+00
4.720000000000e-02,1.501079777866e+00,4.218730926311e-01,1.559236161011e+00,2.739787810383e-01,0.000000000000e+00
4.760000000000e-02,1.519625239823e+00,4.311567961532e-01,1.579606613172e+00,2.764602283580e-01,0.000000000000e+00
4.800000000000e-02,1.538308817803e+00,4.405889305470e-01,1.600160187185e+00,2.789438909918e-01,0.000000000000e+00
4.840000000000e-02,1.557131899368e+00,4.501714165667e-01,1.620899150571e+00,2.814297576149e-01,0.000000000000e+00
4.880000000000e-02,1.576095883303e+00,4.599062015051e-01,1.641825796955e+00,2.839178166814e-01,0.000000000000e+00
4.920000000000e-02,1.595202253436e+00,4.697952801123e-01,1.662942522935e+00,2.864080557734e-01,0.000000000000e+00
4.960000000000e-02,1.614452503484e+00,4.798406746481e-01,1.684251750497e+00,2.889004622577e-01,0.000000000000e+00
5.000000000000e-02,1.633848112393e+00,4.900444281674e-01,1.705755901631e+00,2.913950235013e-01,0.000000000000e+00
5.040000000000e-02,1.653390546740e+00,5.004086052917e-01,1.727457401009e+00,2.938917269005e-01,0.000000000000e+00
5.080000000000e-02,1.673081329584e+00,5.109353147107e-01,1.749358748577e+00,2.963905606730e-01,0.000000000000e+00
5.120000000000e-02,1.692922047903e+00,5.216267127136e-01,1.771462527883e+00,2.988915139490e-01,0.000000000000e+00
5.160000000000e-02,1.712914276866e+00,5.324849792154e-01,1.793771326837e+00,3.013945759063e-01,0.000000000000e+00
5.200000000000e-02,1.733059575511e+00,5.435123163673e-01,1.816287733349e+00,3.038997357228e-01,0.000000000000e+00
5.240000000000e-02,1.753359511854e+00,5.547109561237e-01,1.839014361731e+00,3.064069823836e-01,0.000000000000e+00
5.280000000000e-02,1.773815748055e+00,5.660831864637e-01,1.861953941977e+00,3.089163040311e-01,0.000000000000e+00
5.320000000000e-02,1.794429959528e+00,5.776313279810e-01,1.885109235751e+00,3.114276885766e-01,0.000000000000e+00
5.360000000000e-02,1.815203804401e+00,5.893577248105e-01,1.908483004720e+00,3.139411239314e-01,0.000000000000e+00
5.400000000000e-02,1.836138927787e+00,6.012647461203e-01,1.932078015263e+00,3.164565980577e-01,0.000000000000e+00
5.440000000000e-02,1.857237044829e+00,6.133548155590e-01,1.955897126757e+00,3.189740999231e-01,0.000000000000e+00
5.480000000000e-02,1.878499932693e+00,6.256304097609e-01,1.979943283719e+00,3.214936194151e-01,0.000000000000e+00
5.520000000000e-02,1.899929352815e+00,6.380940315996e-01,2.004219433808e+00,3.240151464550e-01,0.000000000000e+00
5.560000000000e-02,1.921527047855e+00,6.507482091190e-01,2.028728524793e+00,3.265386709638e-01,0.000000000000e+00
5.600000000000e-02,1.943294788052e+00,6.635955106982e-01,2.053473553540e+00,3.290641825576e-01,0.000000000000e+00
5.640000000000e-02,1.965234443529e+00,6.766385695073e-01,2.078457642526e+00,3.315916700733e-01,0.000000000000e+00
5.680000000000e-02,1.987347883219e+00,6.898800514499e-01,2.103683934037e+00,3.341211222249e-01,0.000000000000e+00
5.720000000000e-02,2.009636955811e+00,7.033226490091e-01,2.129155570354e+00,3.366525277264e-01,0.000000000000e+00
5.760000000000e-02,2.032103507557e+00,7.169690879860e-01,2.154875713017e+00,3.391858754967e-01,0.000000000000e+00
5.800000000000e-02,2.054749487704e+00,7.308221680572e-01,2.180847655969e+00,3.417211558626e-01,0.000000000000e+00
5.840000000000e-02,2.077576876013e+00,7.448847368403e-01,2.207074748830e+00,3.442583597435e-01,0.000000000000e+00
5.880000000000e-02,2.100587630526e+00,7.591596704406e-01,2.233560341416e+00,3.467974780605e-01,0.000000000000e+00
5.920000000000e-02,2.123783692728e+00,7.736498752469e-01,2.260307789432e+00,3.493385017043e-01,0.000000000000e+00
5.960000000000e-02,2.147167085526e+00,7.883583226486e-01,2.287320558657e+00,3.518814209917e-01,0.000000000000e+00
6.000000000000e-02,2.170739900806e+00,8.032880459907e-01,2.314602212429e+00,3.544262257311e-01,0.000000000000e+00
6.040000000000e-02,2.194504210168e+00,8.184421097473e-01,2.342156317467e+00,3.569729057134e-01,0.000000000000e+00
6.080000000000e-02,2.218462062690e+00,8.338236087914e-01,2.369986441769e+00,3.595214507426e-01,0.000000000000e+00
6.120000000000e-02,2.242615560884e+00,8.494356993694e-01,2.398096236869e+00,3.620718514943e-01,0.000000000000e+00
6.160000000000e-02,2.266966906260e+00,8.652816191025e-01,2.426489487806e+00,3.646241000361e-01,0.000000000000e+00
6.200000000000e-02,2.291518286040e+00,8.813646421090e-01,2.455169991592e+00,3.671781885607e-01,0.000000000000e+00
6.240000000000e-02,2.316271861924e+00,8.976880744912e-01,2.484141545368e+00,3.697341092603e-01,0.000000000000e+00
6.280000000000e-02,2.341229826059e+00,9.142552754855e-01,2.513408006509e+00,3.722918540674e-01,0.000000000000e+00
6.320000000000e-02,2.366394489323e+00,9.310696918568e-01,2.542973387629e+00,3.748514142466e-01,0.000000000000e+00
6.360000000000e-02,2.391768158482e+00,9.481348127789e-01,2.572841726017e+00,3.774127809560e-01,0.000000000000e+00
6.400000000000e-02,2.417353112815e+00,9.654541611043e-01,2.603017058958e+00,3.799759453538e-01,0.000000000000e+00
6.440000000000e-02,2.443151645941e+00,9.830313115145e-01,2.633503469617e+00,3.825408990669e-01,0.000000000000e+00
6.480000000000e-02,2.469166178204e+00,1.000869940387e+00,2.664305210211e+00,3.851076354495e-01,0.000000000000e+00
6.520000000000e-02,2.495399136313e+00,1.018973775402e+00,2.695426571894e+00,3.876761482539e-01,0.000000000000e+00
6.560000000000e-02,2.521852917248e+00,1.037346580119e+00,2.726871845818e+00,3.902464312322e-01,0.000000000000e+00
6.600000000000e-02,2.548529923671e+00,1.055992168246e+00,2.758645361630e+00,3.928184780027e-01,0.000000000000e+00
6.640000000000e-02,2.575432690576e+00,1.074914455561e+00,2.790751624646e+00,3.953922815730e-01,0.000000000000e+00
6.680000000000e-02,2.602563767939e+00,1.094117414253e+00,2.823195190270e+00,3.979678347765e-01,0.000000000000e+00
6.720000000000e-02,2.629925673875e+00,1.113605054285e+00,2.855980613911e+00,4.005451304469e-01,0.000000000000e+00
6.760000000000e-02,2.657520928673e+00,1.133381439092e+00,2.889112488778e+00,4.031241617965e-01,0.000000000000e+00
6.800000000000e-02,2.685352186868e+00,1.153450747555e+00,2.922595592030e+00,4.057049238827e-01,0.000000000000e+00
6.840000000000e-02,2.713422119768e+00,1.173817221961e+00,2.956434756699e+00,4.082874123228e-01,0.000000000000e+00
6.880000000000e-02,2.741733364247e+00,1.194485144757e+00,2.990634815832e+00,4.108716227346e-01,0.000000000000e+00
6.920000000000e-02,2.770288561816e+00,1.215458855300e+00,3.025200645355e+00,4.134575506193e-01,0.000000000000e+00
6.960000000000e-02,2.799090494701e+00,1.236742809216e+00,3.060137312879e+00,4.160451909576e-01,0.000000000000e+00
7.000000000000e-02,2.828141957878e+00,1.258341525336e+00,3.095449939555e+00,4.186345385851e-01,0.000000000000e+00
7.040000000000e-02,2.857445709427e+00,1.280259564685e+00,3.131143646543e+00,4.212255883371e-01,0.000000000000e+00
7.080000000000e-02,2.887004520852e+00,1.302501555110e+00,3.167223611380e+00,4.238183356066e-01,0.000000000000e+00
7.120000000000e-02,2.916821305257e+00,1.325072255411e+00,3.203695211605e+00,4.264127777641e-01,0.000000000000e+00
7.160000000000e-02,2.946898976209e+00,1.347976488547e+00,3.240563869091e+00,4.290089126184e-01,0.000000000000e+00
7.200000000000e-02,2.977240407629e+00,1.371219122307e+00,3.277835005945e+00,4.316067379777e-01,0.000000000000e+00
7.240000000000e-02,3.007848507003e+00,1.394805102670e+00,3.315514125368e+00,4.342062514877e-01,0.000000000000e+00
7.280000000000e-02,3.038726322108e+00,1.418739503892e+00,3.353606929945e+00,4.368074503931e-01,0.000000000000e+00
7.320000000000e-02,3.069876885889e+00,1.443027459640e+00,3.392119152357e+00,4.394103318786e-01,0.000000000000e+00
7.360000000000e-02,3.101303190475e+00,1.467674151432e+00,3.431056527373e+00,4.420148931493e-01,0.000000000000e+00
7.400000000000e-02,3.133008291887e+00,1.492684863021e+00,3.470424910199e+00,4.446211325937e-01,0.000000000000e+00
7.440000000000e-02,3.164995365059e+00,1.518065011222e+00,3.510230339899e+00,4.472290504069e-01,0.000000000000e+00
7.480000000000e-02,3.197267553102e+00,1.543820069673e+00,3.550478871032e+00,4.498386469365e-01,0.000000000000e+00
7.520000000000e-02,3.229827961802e+00,1.569955565778e+00,3.591176567833e+00,4.524499225168e-01,0.000000000000e+00
7.560000000000e-02,3.262679804059e+00,1.596477150657e+00,3.632329665157e+00,4.550628772535e-01,0.000000000000e+00
7.600000000000e-02,3.295826376318e+00,1.623390590126e+00,3.673944543804e+00,4.576775110563e-01,0.000000000000e+00
7.640000000000e-02,3.329270930469e+00,1.650701704062e+00,3.716027589276e+00,4.602938238285e-01,0.000000000000e+00
7.680000000000e-02,3.363016697304e+00,1.678416379553e+00,3.758585219135e+00,4.629118157903e-01,0.000000000000e+00
7.720000000000e-02,3.397067048066e+00,1.706540660387e+00,3.801624068028e+00,4.655314893070e-01,0.000000000000e+00
7.760000000000e-02,3.431425381220e+00,1.735080688116e+00,3.845150860649e+00,4.681528476338e-01,0.000000000000e+00
7.800000000000e-02,3.466095043038e+00,1.764042659337e+00,3.889172322144e+00,4.707758940283e-01,0.000000000000e+00
7.840000000000e-02,3.501079402724e+00,1.793432863945e+00,3.933695262938e+00,4.734006316892e-01,0.000000000000e+00
7.880000000000e-02,3.536381975493e+00,1.823257749425e+00,3.978726718114e+00,4.760270636590e-01,0.000000000000e+00
7.920000000000e-02,3.572006253547e+00,1.853523837058e+00,4.024273759316e+00,4.786551929550e-01,0.000000000000e+00
7.960000000000e-02,3.607955679301e+00,1.884237708965e+00,4.070343465567e+00,4.812850226688e-01,0.000000000000e+00
8.000000000000e-02,3.644233784458e+00,1.915406088946e+00,4.116943084541e+00,4.839165575962e-01,0.000000000000e+00
8.040000000000e-02,3.680844187703e+00,1.947035844228e+00,4.164080031995e+00,4.865498042314e-01,0.000000000000e+00
8.080000000000e-02,3.717790454126e+00,1.979133905891e+00,4.211761730944e+00,4.891847691418e-01,0.000000000000e+00
8.120000000000e-02,3.755076127272e+00,2.011707285856e+00,4.259995648540e+00,4.918214588933e-01,0.000000000000e+00
8.160000000000e-02,3.792704895514e+00,2.044763167265e+00,4.308789486000e+00,4.944598800425e-01,0.000000000000e+00
8.200000000000e-02,3.830680452227e+00,2.078308832214e+00,4.358151021836e+00,4.971000391434e-01,0.000000000000e+00
8.240000000000e-02,3.869006429214e+00,2.112351626786e+00,4.408088037288e+00,4.997419427779e-01,0.000000000000e+00
8.280000000000e-02,3.907686510630e+00,2.146899030971e+00,4.458608450463e+00,5.023855989758e-01,0.000000000000e+00
8.320000000000e-02,3.946724484656e+00,2.181958693196e+00,4.509720378981e+00,5.050310178769e-01,0.000000000000e+00
8.360000000000e-02,3.986124084990e+00,2.217538335716e+00,4.561431956229e+00,5.076782097878e-01,0.000000000000e+00
8.400000000000e-02,4.025889008389e+00,2.253645764059e+00,4.613751351961e+00,5.103271850393e-01,0.000000000000e+00
8.440000000000e-02,4.066023081389e+00,2.290288962278e+00,4.666686964980e+00,5.129779541161e-01,0.000000000000e+00
8.480000000000e-02,4.106530136488e+00,2.327476025887e+00,4.720247283031e+00,5.156305275623e-01,0.000000000000e+00
8.520000000000e-02,4.147413936805e+00,2.365215120256e+00,4.774440797443e+00,5.182849159609e-01,0.000000000000e+00
8.560000000000e-02,4.188678290824e+00,2.403514555388e+00,4.829276140581e+00,5.209411315093e-01,0.000000000000e+00
8.600000000000e-02,4.230327090530e+00,2.442382813791e+00,4.884762133612e+00,5.235991885652e-01,0.000000000000e+00
8.640000000000e-02,4.272364162183e+00,2.481828456036e+00,4.940907610905e+00,5.262591016377e-01,0.000000000000e+00
8.680000000000e-02,4.314793298904e+00,2.521860139752e+00,4.997721458498e+00,5.289208853139e-01,0.000000000000e+00
8.720000000000e-02,4.357618409468e+00,2.562486709634e+00,5.055212788754e+00,5.315845545233e-01,0.000000000000e+00
8.760000000000e-02,4.400843375161e+00,2.603717115035e+00,5.113390775975e+00,5.342501242889e-01,0.000000000000e+00
8.800000000000e-02,4.444472004897e+00,2.645560384692e+00,5.172264605698e+00,5.369176097801e-01,0.000000000000e+00
8.840000000000e-02,4.488508166926e+00,2.688025718760e+00,5.231843635783e+00,5.395870284077e-01,0.000000000000e+00
8.880000000000e-02,4.532955755678e+00,2.731122469442e+00,5.292137358953e+00,5.422583993371e-01,0.000000000000e+00
8.920000000000e-02,4.577818582908e+00,2.774860067238e+00,5.353155272432e+00,5.449317417828e-01,0.000000000000e+00
8.960000000000e-02,4.623100456748e+00,2.819248070776e+00,5.414906972217e+00,5.476070752217e-01,0.000000000000e+00
9.000000000000e-02,4.668805254461e+00,2.864296214791e+00,5.477402241040e+00,5.502844196268e-01,0.000000000000e+00
9.040000000000e-02,4.714936780241e+00,2.910014322801e+00,5.540650882394e+00,5.529637950260e-01,0.000000000000e+00
9.080000000000e-02,4.761498780257e+00,2.956412321058e+00,5.604662741548e+00,5.556452221162e-01,0.000000000000e+00
9.120000000000e-02,4.808495055282e+00,3.003500325254e+00,5.669447847937e+00,5.583287245424e-01,0.000000000000e+00
9.160000000000e-02,4.855929351356e+00,3.051288561628e+00,5.735016281728e+00,5.610143267619e-01,0.000000000000e+00
9.200000000000e-02,4.903805330758e+00,3.099787344903e+00,5.801378138476e+00,5.637020533018e-01,0.000000000000e+00
9.240000000000e-02,4.952126682619e+00,3.149007153418e+00,5.868543663719e+00,5.663919293728e-01,0.000000000000e+00
9.280000000000e-02,5.000897066633e+00,3.198958593953e+00,5.936523187598e+00,5.690839805707e-01,0.000000000000e+00
9.320000000000e-02,5.050120045693e+00,3.249652358180e+00,6.005327045626e+00,5.717782325971e-01,0.000000000000e+00
9.360000000000e-02,5.099799156230e+00,3.301099284228e+00,6.074965672184e+00,5.744747134180e-01,0.000000000000e+00
9.400000000000e-02,5.149937904755e+00,3.353310356998e+00,6.145449598946e+00,5.771734532283e-01,0.000000000000e+00
9.440000000000e-02,5.200539695716e+00,3.406296647961e+00,6.216789362736e+00,5.798744823261e-01,0.000000000000e+00
9.480000000000e-02,5.251607875855e+00,3.460069348261e+00,6.288995561814e+00,5.825778315661e-01,0.000000000000e+00
9.520000000000e-02,5.303145759164e+00,3.514639789136e+00,6.362078889036e+00,5.852835326596e-01,0.000000000000e+00
9.560000000000e-02,5.355156555794e+00,3.570019390802e+00,6.436050045468e+00,5.879916173982e-01,0.000000000000e+00
9.600000000000e-02,5.407643382898e+00,3.626219680781e+00,6.510919760671e+00,5.907021189942e-01,0.000000000000e+00
9.640000000000e-02,5.460609285013e+00,3.683252322695e+00,6.586698826894e+00,5.934150737867e-01,0.000000000000e+00
9.680000000000e-02,5.514057196766e+00,3.741129072023e+00,6.663398044747e+00,5.961305185314e-01,0.000000000000e+00
9.720000000000e-02,5.567989942771e+00,3.799861776902e+00,6.741028224712e+00,5.988484904128e-01,0.000000000000e+00
9.760000000000e-02,5.622410248340e+00,3.859462392897e+00,6.819600205498e+00,6.015690278412e-01,0.000000000000e+00
9.800000000000e-02,5.677320722592e+00,3.919942964400e+00,6.899124830826e+00,6.042921694449e-01,0.000000000000e+00
9.840000000000e-02,5.732723842378e+00,3.981315621195e+00,6.979612935438e+00,6.070179548994e-01,0.000000000000e+00
9.880000000000e-02,5.788621923681e+00,4.043592580475e+00,7.061075324070e+00,6.097464273815e-01,0.000000000000e+00
9.920000000000e-02,5.845017150346e+00,4.106786144611e+00,7.143522795191e+00,6.124776307990e-01,0.000000000000e+00
9.960000000000e-02,5.901911560060e+00,4.170908689421e+00,7.226966124056e+00,6.152116094915e-01,0.000000000000e+00
1.000000000000e-01,5.959306991287e+00,4.235972636540e+00,7.311416004709e+00,6.179484093103e-01,0.000000000000e+00
1.004000000000e-01,6.017205138841e+00,4.301990482421e+00,7.396883113429e+00,6.206880764371e-01,0.000000000000e+00
1.008000000000e-01,6.075607524607e+00,4.368974785175e+00,7.483378078552e+00,6.234306581898e-01,0.000000000000e+00
1.012000000000e-01,6.134515396352e+00,4.436938115964e+00,7.570911371359e+00,6.261762056077e-01,0.000000000000e+00
1.016000000000e-01,6.193929840670e+00,4.505893113133e+00,7.659493430908e+00,6.289247704919e-01,0.000000000000e+00
1.020000000000e-01,6.253851743708e+00,4.575852452832e+00,7.749134616353e+00,6.316764052813e-01,0.000000000000e+00
1.024000000000e-01,6.314281672033e+00,4.646828771941e+00,7.839845066677e+00,6.344311641731e-01,0.000000000000e+00
1.028000000000e-01,6.375220025290e+00,4.718834764721e+00,7.931634882393e+00,6.371891016751e-01,0.000000000000e+00
1.032000000000e-01,6.436666944104e+00,4.791883129157e+00,8.024514020975e+00,6.399502740711e-01,0.000000000000e+00
1.036000000000e-01,6.498622173443e+00,4.865986483806e+00,8.118492139169e+00,6.427147413781e-01,0.000000000000e+00
1.040000000000e-01,6.561085284600e+00,4.941157499465e+00,8.213578851287e+00,6.454825641073e-01,0.000000000000e+00
1.044000000000e-01,6.624055517846e+00,5.017408787741e+00,8.309783537903e+00,6.482538039732e-01,0.000000000000e+00
1.048000000000e-01,6.687531691615e+00,5.094752835365e+00,8.407115235312e+00,6.510285244622e-01,0.000000000000e+00
1.052000000000e-01,6.751512447691e+00,5.173202172115e+00,8.505582933868e+00,6.538067893518e-01,0.000000000000e+00
1.056000000000e-01,6.815995965242e+00,5.252769181642e+00,8.605195237402e+00,6.565886655617e-01,0.000000000000e+00
1.060000000000e-01,6.880979976857e+00,5.333466108295e+00,8.705960381844e+00,6.593742230022e-01,0.000000000000e+00
1.064000000000e-01,6.946462015579e+00,5.415305216462e+00,8.807886529771e+00,6.621635319267e-01,0.000000000000e+00
1.068000000000e-01,7.012439016420e+00,5.498298498529e+00,8.910981278060e+00,6.649566647455e-01,0.000000000000e+00
1.072000000000e-01,7.078907520097e+00,5.582457816926e+00,9.015251907509e+00,6.677536950742e-01,0.000000000000e+00
1.076000000000e-01,7.145863788237e+00,5.667794989325e+00,9.120705527593e+00,6.705546975375e-01,0.000000000000e+00
1.080000000000e-01,7.213303316227e+00,5.754321440450e+00,9.227348480030e+00,6.733597513128e-01,0.000000000000e+00
1.084000000000e-01,7.281221281103e+00,5.842048512894e+00,9.335186884652e+00,6.761689368865e-01,0.000000000000e+00
1.088000000000e-01,7.349612403009e+00,5.930987352104e+00,9.444226460928e+00,6.789823359597e-01,0.000000000000e+00
1.092000000000e-01,7.418470601462e+00,6.021148638226e+00,9.554472093651e+00,6.818000327661e-01,0.000000000000e+00
1.096000000000e-01,7.487789548365e+00,6.112542999765e+00,9.665928524698e+00,6.846221120344e-01,0.000000000000e+00
1.100000000000e-01,7.557562151197e+00,6.205180627768e+00,9.778599710206e+00,6.874486621303e-01,0.000000000000e+00
1.104000000000e-01,7.627780598484e+00,6.299071299565e+00,9.892488872656e+00,6.902797748147e-01,0.000000000000e+00
1.108000000000e-01,7.698436776407e+00,6.394224678651e+00,1.000759901482e+01,6.931155424625e-01,0.000000000000e+00
1.112000000000e-01,7.769521525036e+00,6.490649721635e+00,1.012393197019e+01,6.959560604006e-01,0.000000000000e+00
1.116000000000e-01,7.841025212524e+00,6.588355117868e+00,1.024148912720e+01,6.988014250844e-01,0.000000000000e+00
1.120000000000e-01,7.912937592046e+00,6.687349178909e+00,1.036027125013e+01,7.016517353355e-01,0.000000000000e+00
1.124000000000e-01,7.985247280970e+00,6.787639421660e+00,1.048027781391e+01,7.045070948647e-01,0.000000000000e+00
1.128000000000e-01,8.057942583804e+00,6.889233195675e+00,1.060150803934e+01,7.073676081936e-01,0.000000000000e+00
1.132000000000e-01,8.131010699976e+00,6.992137026548e+00,1.072395986570e+01,7.102333826225e-01,0.000000000000e+00
1.136000000000e-01,8.204438009148e+00,7.096356830446e+00,1.084763030855e+01,7.131045274552e-01,0.000000000000e+00
1.140000000000e-01,8.278210376661e+00,7.201898160213e+00,1.097251585327e+01,7.159811536862e-01,0.000000000000e+00
1.144000000000e-01,8.352312219444e+00,7.308765437880e+00,1.109861124813e+01,7.188633779208e-01,0.000000000000e+00
1.148000000000e-01,8.426727528085e+00,7.416962762176e+00,1.122591080706e+01,7.217513180816e-01,0.000000000000e+00
1.152000000000e-01,8.501439133684e+00,7.526493273581e+00,1.135440744121e+01,7.246450947714e-01,0.000000000000e+00
1.156000000000e-01,8.576428752965e+00,7.637359168928e+00,1.148409270382e+01,7.275448311870e-01,0.000000000000e+00
1.160000000000e-01,8.651677579233e+00,7.749562191961e+00,1.161495755920e+01,7.304506521480e-01,0.000000000000e+00
1.164000000000e-01,8.727165109224e+00,7.863102636637e+00,1.174699084523e+01,7.333626885210e-01,0.000000000000e+00
1.168000000000e-01,8.802870317907e+00,7.977980305227e+00,1.188018078922e+01,7.362810728181e-01,0.000000000000e+00
1.172000000000e-01,8.878770846749e+00,8.094193778775e+00,1.201451391765e+01,7.392059404769e-01,0.000000000000e+00
1.176000000000e-01,8.954843079045e+00,8.211740452913e+00,1.214997513727e+01,7.421374297213e-01,0.000000000000e+00
1.180000000000e-01,9.031062745626e+00,8.330617054772e+00,1.228654853198e+01,7.450756808425e-01,0.000000000000e+00
1.184000000000e-01,9.107403666352e+00,8.450818534642e+00,1.242421568741e+01,7.480208405773e-01,0.000000000000e+00
1.188000000000e-01,9.183839134644e+00,8.572339230460e+00,1.256295749945e+01,7.509730572658e-01,0.000000000000e+00
1.192000000000e-01,9.260340757913e+00,8.695171800430e+00,1.270275259901e+01,7.539324828271e-01,0.000000000000e+00
1.196000000000e-01,9.336878984516e+00,8.819307658401e+00,1.284357803515e+01,7.568992716882e-01,0.000000000000e+00
1.200000000000e-01,9.413423266046e+00,8.944737110791e+00,1.298540948784e+01,7.598735815474e-01,0.000000000000e+00
1.204000000000e-01,9.489941106136e+00,9.071448478179e+00,1.312821997417e+01,7.628555765165e-01,0.000000000000e+00
1.208000000000e-01,9.566399460112e+00,9.199429300576e+00,1.327198169403e+01,7.658454222099e-01,0.000000000000e+00
1.212000000000e-01,9.642763161153e+00,9.328664851871e+00,1.341666386628e+01,7.688432886559e-01,0.000000000000e+00
1.216000000000e-01,9.718996241396e+00,9.459139317822e+00,1.356223449783e+01,7.718493477737e-01,0.000000000000e+00
1.220000000000e-01,9.795061075205e+00,9.590835000446e+00,1.370865921499e+01,7.748637769879e-01,0.000000000000e+00
1.224000000000e-01,9.870918506092e+00,9.723732389039e+00,1.385590140437e+01,7.778867588977e-01,0.000000000000e+00
1.228000000000e-01,9.946528406468e+00,9.857810611410e+00,1.400392292863e+01,7.809184783382e-01,0.000000000000e+00
1.232000000000e-01,1.002184851129e+01,9.993046281787e+00,1.415268248684e+01,7.839591246254e-01,0.000000000000e+00
1.236000000000e-01,1.009683595125e+01,1.012941492290e+01,1.430213770409e+01,7.870088891655e-01,0.000000000000e+00
1.240000000000e-01,1.017144555807e+01,1.026688934734e+01,1.445224278828e+01,7.900679711839e-01,0.000000000000e+00
1.244000000000e-01,1.024563140226e+01,1.040544104505e+01,1.460295059819e+01,7.931365727816e-01,0.000000000000e+00
1.248000000000e-01,1.031934564443e+01,1.054503900423e+01,1.475421099652e+01,7.962149002125e-01,0.000000000000e+00
1.252000000000e-01,1.039253918935e+01,1.068565029113e+01,1.490597172097e+01,7.993031627284e-01,0.000000000000e+00
1.256000000000e-01,1.046516159495e+01,1.082723995357e+01,1.505817825039e+01,8.024015748213e-01,0.000000000000e+00
1.260000000000e-01,1.053716062249e+01,1.096977053494e+01,1.521077314187e+01,8.055103578071e-01,0.000000000000e+00
1.264000000000e-01,1.060848319753e+01,1.111320291772e+01,1.536369730379e+01,8.086297354848e-01,0.000000000000e+00
1.268000000000e-01,1.067907413837e+01,1.125749499281e+01,1.551688815343e+01,8.117599365132e-01,0.000000000000e+00
1.272000000000e-01,1.074887769772e+01,1.140260316292e+01,1.567028176682e+01,8.149011923144e-01,0.000000000000e+00
1.276000000000e-01,1.081783598417e+01,1.154848076000e+01,1.582381064233e+01,8.180537431714e-01,0.000000000000e+00
1.280000000000e-01,1.088589054455e+01,1.169507952438e+01,1.597740586045e+01,8.212178324141e-01,0.000000000000e+00
1.284000000000e-01,1.095298104569e+01,1.184234818024e+01,1.613099514008e+01,8.243937082262e-01,0.000000000000e+00
1.288000000000e-01,1.101904643807e+01,1.199023356552e+01,1.628450445547e+01,8.275816216020e-01,0.000000000000e+00
1.292000000000e-01,1.108402416912e+01,1.213867984061e+01,1.643785691793e+01,8.307818313867e-01,0.000000000000e+00
1.296000000000e-01,1.114785077743e+01,1.228762901223e+01,1.659097356089e+01,8.339946020044e-01,0.000000000000e+00
1.300000000000e-01,1.121046171278e+01,1.243702062989e+01,1.674377299064e+01,8.372202017185e-01,0.000000000000e+00
1.304000000000e-01,1.127179140067e+01,1.258679178489e+01,1.689617142481e+01,8.404589026025e-01,0.000000000000e+00
1.308000000000e-01,1.133177354469e+01,1.273687743676e+01,1.704808313293e+01,8.437109828668e-01,0.000000000000e+00
1.312000000000e-01,1.139034079697e+01,1.288721002567e+01,1.719941992385e+01,8.469767286541e-01,0.000000000000e+00
1.316000000000e-01,1.144742540082e+01,1.303772000612e+01,1.735009196706e+01,8.502564292985e-01,0.000000000000e+00
1.320000000000e-01,1.150295864217e+01,1.318833519270e+01,1.750000693367e+01,8.535503786502e-01,0.000000000000e+00
1.324000000000e-01,1.155687165862e+01,1.333898162350e+01,1.764907117346e+01,8.568588755116e-01,0.000000000000e+00
1.328000000000e-01,1.160909481133e+01,1.348958289657e+01,1.779718879660e+01,8.601822280457e-01,0.000000000000e+00
1.332000000000e-01,1.165955853483e+01,1.364006091751e+01,1.794426278955e+01,8.635207475291e-01,0.000000000000e+00
1.336000000000e-01,1.170819275070e+01,1.379033519930e+01,1.809019409505e+01,8.668747499600e-01,0.000000000000e+00
1.340000000000e-01,1.175492766380e+01,1.394032372014e+01,1.823488277460e+01,8.702445557717e-01,0.000000000000e+00
1.344000000000e-01,1.179969328272e+01,1.408994246019e+01,1.837822733828e+01,8.736304954089e-01,0.000000000000e+00
1.348000000000e-01,1.184242010220e+01,1.423910596357e+01,1.852012560753e+01,8.770329025966e-01,0.000000000000e+00
1.352000000000e-01,1.188303877609e+01,1.438772693055e+01,1.866047418427e+01,8.804521156443e-01,0.000000000000e+00
1.356000000000e-01,1.192148066351e+01,1.453571681328e+01,1.879916924990e+01,8.838884772601e-01,0.000000000000e+00
1.360000000000e-01,1.195767766705e+01,1.468298574546e+01,1.893610639995e+01,8.873423403379e-01,0.000000000000e+00
1.364000000000e-01,1.199156262128e+01,1.482944277049e+01,1.907118105896e+01,8.908140611273e-01,0.000000000000e+00
1.368000000000e-01,1.202306929867e+01,1.497499583317e+01,1.920428846805e+01,8.943040001226e-01,0.000000000000e+00
1.372000000000e-01,1.205213265664e+01,1.511955206103e+01,1.933532404951e+01,8.978125225602e-01,0.000000000000e+00
1.376000000000e-01,1.207868899441e+01,1.526301809130e+01,1.946418375065e+01,9.013400036314e-01,0.000000000000e+00
1.380000000000e-01,1.210267606298e+01,1.540529997590e+01,1.959076402882e+01,9.048868217438e-01,0.000000000000e+00
1.384000000000e-01,1.212403334104e+01,1.554630352192e+01,1.971496227869e+01,9.084533590396e-01,0.000000000000e+00
1.388000000000e-01,1.214270206341e+01,1.568593436715e+01,1.983667689839e+01,9.120400031656e-01,0.000000000000e+00
1.392000000000e-01,1.215862555451e+01,1.582409851704e+01,1.995580790777e+01,9.156471508966e-01,0.000000000000e+00
1.396000000000e-01,1.217174922675e+01,1.596070214205e+01,2.007225677661e+01,9.192752019330e-01,0.000000000000e+00
1.400000000000e-01,1.218202088814e+01,1.609565198286e+01,2.018592692131e+01,9.229245590753e-01,0.000000000000e+00
1.404000000000e-01,1.218939082074e+01,1.622885558179e+01,2.029672392470e+01,9.265956317665e-01,0.000000000000e+00
1.408000000000e-01,1.219381194265e+01,1.636022154600e+01,2.040455583263e+01,9.302888369375e-01,0.000000000000e+00
1.412000000000e-01,1.219524006720e+01,1.648965975514e+01,2.050933346399e+01,9.340045940992e-01,0.000000000000e+00
1.416000000000e-01,1.219363380704e+01,1.661708126180e+01,2.061097026055e+01,9.377433253279e-01,0.000000000000e+00
1.420000000000e-01,1.218895512992e+01,1.674239926332e+01,2.070938338656e+01,9.415054604159e-01,0.000000000000e+00
1.424000000000e-01,1.218116890206e+01,1.686552844529e+01,2.080449291763e+01,9.452914342948e-01,0.000000000000e+00
1.428000000000e-01,1.217024378513e+01,1.698638616550e+01,2.089622331315e+01,9.491016840431e-01,0.000000000000e+00
1.432000000000e-01,1.215615142335e+01,1.710489141203e+01,2.098450208236e+01,9.529366493188e-01,0.000000000000e+00
1.436000000000e-01,1.213886761590e+01,1.722096669872e+01,2.106926199549e+01,9.567967775098e-01,0.000000000000e+00
1.440000000000e-01,1.211837128754e+01,1.733453653184e+01,2.115043922561e+01,9.606825187404e-01,0.000000000000e+00
1.444000000000e-01,1.209464568323e+01,1.744552914518e+01,2.122797544181e+01,9.645943246187e-01,0.000000000000e+00
1.448000000000e-01,1.206767745841e+01,1.755387538106e+01,2.130181635762e+01,9.685326501576e-01,0.000000000000e+00
1.452000000000e-01,1.203745752302e+01,1.765951010109e+01,2.137191335910e+01,9.724979560618e-01,0.000000000000e+00
1.456000000000e-01,1.200398060281e+01,1.776237150806e+01,2.143822268527e+01,9.764907041239e-01,0.000000000000e+00
1.460000000000e-01,1.196724541319e+01,1.786240151520e+01,2.150070581794e+01,9.805113569872e-01,0.000000000000e+00
1.464000000000e-01,1.192725494407e+01,1.795954642565e+01,2.155933019172e+01,9.845603810722e-01,0.000000000000e+00
1.468000000000e-01,1.188401583819e+01,1.805375610804e+01,2.161406815134e+01,9.886382453398e-01,0.000000000000e+00
1.472000000000e-01,1.183753933529e+01,1.814498547673e+01,2.166489869502e+01,9.927454187546e-01,0.000000000000e+00
1.476000000000e-01,1.178784009690e+01,1.823319290124e+01,2.171180548743e+01,9.968823708874e-01,0.000000000000e+00
1.480000000000e-01,1.173493741998e+01,1.831834229347e+01,2.175477925955e+01,1.001049573398e+00,0.000000000000e+00
1.484000000000e-01,1.167885405747e+01,1.840040139772e+01,2.179381572127e+01,1.005247497971e+00,0.000000000000e+00
1.488000000000e-01,1.161961699334e+01,1.847934314649e+01,2.182891711005e+01,1.009476615524e+00,0.000000000000e+00
1.492000000000e-01,1.155725696119e+01,1.855514511798e+01,2.186009146404e+01,1.013737396379e+00,0.000000000000e+00
1.496000000000e-01,1.149180833691e+01,1.862778956029e+01,2.188735257529e+01,1.018030310181e+00,0.000000000000e+00
1.500000000000e-01,1.142330947563e+01,1.869726411529e+01,2.191072077256e+01,1.022355825095e+00,0.000000000000e+00
1.504000000000e-01,1.135180179648e+01,1.876356054086e+01,2.193022134401e+01,1.026714407533e+00,0.000000000000e+00
1.508000000000e-01,1.127733073228e+01,1.882667638484e+01,2.194588645156e+01,1.031106519827e+00,0.000000000000e+00
1.512000000000e-01,1.119994452954e+01,1.888661332244e+01,2.195775307849e+01,1.035532622179e+00,0.000000000000e+00
1.516000000000e-01,1.111969488575e+01,1.894337842760e+01,2.196586444016e+01,1.039993172377e+00,0.000000000000e+00
1.520000000000e-01,1.103663643103e+01,1.899698338975e+01,2.197026903844e+01,1.044488622170e+00,0.000000000000e+00
1.524000000000e-01,1.095082657713e+01,1.904744448748e+01,2.197102055495e+01,1.049019417302e+00,0.000000000000e+00
1.528000000000e-01,1.086232564851e+01,1.909478318848e+01,2.196817842948e+01,1.053586000449e+00,0.000000000000e+00
1.532000000000e-01,1.077119608324e+01,1.913902491848e+01,2.196180638959e+01,1.058188809291e+00,0.000000000000e+00
1.536000000000e-01,1.067750313431e+01,1.918020020237e+01,2.195197378338e+01,1.062828269104e+00,0.000000000000e+00
1.540000000000e-01,1.058131386304e+01,1.921834347729e+01,2.193875404574e+01,1.067504800501e+00,0.000000000000e+00
1.544000000000e-01,1.048269734760e+01,1.925349372045e+01,2.192222534609e+01,1.072218819865e+00,0.000000000000e+00
1.548000000000e-01,1.038172456370e+01,1.928569400581e+01,2.190247013928e+01,1.076970728816e+00,0.000000000000e+00
1.552000000000e-01,1.027846790700e+01,1.931499102952e+01,2.187957451565e+01,1.081760917812e+00,0.000000000000e+00
1.556000000000e-01,1.017300129068e+01,1.934143584012e+01,2.185362888899e+01,1.086589772826e+00,0.000000000000e+00
1.560000000000e-01,1.006539956490e+01,1.936508265635e+01,2.182472668072e+01,1.091457668162e+00,0.000000000000e+00
1.564000000000e-01,9.955738890330e+00,1.938598933958e+01,2.179296490905e+01,1.096364956569e+00,0.000000000000e+00
1.568000000000e-01,9.844096033026e+00,1.940421700474e+01,2.175844351681e+01,1.101311984611e+00,0.000000000000e+00
1.572000000000e-01,9.730548194140e+00,1.941982983731e+01,2.172126513508e+01,1.106299091185e+00,0.000000000000e+00
1.576000000000e-01,9.615173330528e+00,1.943289496253e+01,2.168153511173e+01,1.111326586991e+00,0.000000000000e+00
1.580000000000e-01,9.498049426263e+00,1.944348195003e+01,2.163936074021e+01,1.116394769781e+00,0.000000000000e+00
1.584000000000e-01,9.379254431364e+00,1.945166323443e+01,2.159485161500e+01,1.121503931307e+00,0.000000000000e+00
1.588000000000e-01,9.258866239923e+00,1.945751329778e+01,2.154811889196e+01,1.126654337409e+00,0.000000000000e+00
1.592000000000e-01,9.136962574162e+00,1.946110859552e+01,2.149927517030e+01,1.131846227454e+00,0.000000000000e+00
1.596000000000e-01,9.013620493265e+00,1.946252772260e+01,2.144843443587e+01,1.137079834402e+00,0.000000000000e+00
1.600000000000e-01,8.888916327175e+00,1.946185085472e+01,2.139571153673e+01,1.142355373003e+00,0.000000000000e+00
1.604000000000e-01,8.762926017449e+00,1.945915949781e+01,2.134122210063e+01,1.147673017062e+00,0.000000000000e+00
1.608000000000e-01,8.635724335921e+00,1.945453651871e+01,2.128508224000e+01,1.153032929941e+00,0.000000000000e+00
1.612000000000e-01,8.507384789804e+00,1.944806604358e+01,2.122740843337e+01,1.158435263788e+00,0.000000000000e+00
1.616000000000e-01,8.377980103931e+00,1.943983279748e+01,2.116831712291e+01,1.163880123403e+00,0.000000000000e+00
1.620000000000e-01,8.247581631818e+00,1.942992226162e+01,2.110792462242e+01,1.169367591928e+00,0.000000000000e+00
1.624000000000e-01,8.116258974351e+00,1.941842065597e+01,2.104634696357e+01,1.174897744763e+00,0.000000000000e+00
1.628000000000e-01,7.984080476764e+00,1.940541434801e+01,2.098369955650e+01,1.180470614834e+00,0.000000000000e+00
1.632000000000e-01,7.851113103547e+00,1.939098981654e+01,2.092009710852e+01,1.186086195294e+00,0.000000000000e+00
1.636000000000e-01,7.717421687666e+00,1.937523369746e+01,2.085565339031e+01,1.191744471716e+00,0.000000000000e+00
1.640000000000e-01,7.583069340857e+00,1.935823256858e+01,2.079048120673e+01,1.197445398674e+00,0.000000000000e+00
1.644000000000e-01,7.448117803989e+00,1.934007237551e+01,2.072469199559e+01,1.203188872444e+00,0.000000000000e+00
1.648000000000e-01,7.312626532926e+00,1.932083881024e+01,2.065839585112e+01,1.208974777441e+00,0.000000000000e+00
1.652000000000e-01,7.176652821443e+00,1.930061724984e+01,2.059170153106e+01,1.214802978883e+00,0.000000000000e+00
1.656000000000e-01,7.040252542872e+00,1.927949185581e+01,2.052471588319e+01,1.220673273003e+00,0.000000000000e+00
1.660000000000e-01,6.903479362124e+00,1.925754622826e+01,2.045754418392e+01,1.226585433376e+00,0.000000000000e+00
1.664000000000e-01,6.766384425816e+00,1.923486321978e+01,2.039028987733e+01,1.232539221815e+00,0.000000000000e+00
1.668000000000e-01,6.629017316274e+00,1.921152427462e+01,2.032305428654e+01,1.238534333607e+00,0.000000000000e+00
1.672000000000e-01,6.491425645549e+00,1.918760986077e+01,2.025593688479e+01,1.244570423165e+00,0.000000000000e+00
1.676000000000e-01,6.353654300537e+00,1.916319927153e+01,2.018903487765e+01,1.250647136350e+00,0.000000000000e+00
1.680000000000e-01,6.215746385107e+00,1.913837045781e+01,2.012244336318e+01,1.256764064547e+00,0.000000000000e+00
1.684000000000e-01,6.077743318348e+00,1.911319985121e+01,2.005625519373e+01,1.262920737614e+00,0.000000000000e+00
1.688000000000e-01,5.939683796821e+00,1.908776248694e+01,1.999056078163e+01,1.269116675769e+00,0.000000000000e+00
1.692000000000e-01,5.801604467135e+00,1.906213211319e+01,1.992544842892e+01,1.275351360663e+00,0.000000000000e+00
1.696000000000e-01,5.663540548215e+00,1.903638046188e+01,1.986100381729e+01,1.281624195769e+00,0.000000000000e+00
1.700000000000e-01,5.525524731530e+00,1.901057783097e+01,1.979731024725e+01,1.287934569146e+00,0.000000000000e+00
1.704000000000e-01,5.387587417099e+00,1.898479313078e+01,1.973444877354e+01,1.294281844531e+00,0.000000000000e+00
1.708000000000e-01,5.249757745463e+00,1.895909301005e+01,1.967249765917e+01,1.300665300668e+00,0.000000000000e+00
1.712000000000e-01,5.112062660373e+00,1.893354266549e+01,1.961153289545e+01,1.307084190041e+00,0.000000000000e+00
1.716000000000e-01,4.974526681960e+00,1.890820567020e+01,1.955162799811e+01,1.313537749899e+00,0.000000000000e+00
1.720000000000e-01,4.837173109293e+00,1.888314341018e+01,1.949285378642e+01,1.320025138011e+00,0.000000000000e+00
1.724000000000e-01,4.700023456009e+00,1.885841568781e+01,1.943527881820e+01,1.326545470615e+00,0.000000000000e+00
1.728000000000e-01,4.563096819179e+00,1.883408046527e+01,1.937896900130e+01,1.333097853203e+00,0.000000000000e+00
1.732000000000e-01,4.426411014890e+00,1.881019375169e+01,1.932398777294e+01,1.339681325499e+00,0.000000000000e+00
1.736000000000e-01,4.289982486959e+00,1.878680975100e+01,1.927039621696e+01,1.346294870373e+00,0.000000000000e+00
1.740000000000e-01,4.153825413253e+00,1.876398074144e+01,1.921825275172e+01,1.352937460587e+00,0.000000000000e+00
1.744000000000e-01,4.017952588249e+00,1.874175726753e+01,1.916761353107e+01,1.359608019883e+00,0.000000000000e+00
1.748000000000e-01,3.882375785768e+00,1.872018783520e+01,1.911853222209e+01,1.366305404151e+00,0.000000000000e+00
1.752000000000e-01,3.747104781861e+00,1.869931908930e+01,1.907105997709e+01,1.373028456777e+00,0.000000000000e+00
1.756000000000e-01,3.612147886892e+00,1.867919604149e+01,1.902524578325e+01,1.379775987665e+00,0.000000000000e+00
1.760000000000e-01,3.477512645658e+00,1.865986152524e+01,1.898113606563e+01,1.386546735175e+00,0.000000000000e+00
1.764000000000e-01,3.343204940889e+00,1.864135663647e+01,1.893877494784e+01,1.393339420736e+00,0.000000000000e+00
1.768000000000e-01,3.209229185685e+00,1.862372082428e+01,1.889820439372e+01,1.400152743833e+00,0.000000000000e+00
1.772000000000e-01,3.075589171094e+00,1.860699136103e+01,1.885946383805e+01,1.406985337117e+00,0.000000000000e+00
1.776000000000e-01,2.942287385188e+00,1.859120388548e+01,1.882259060195e+01,1.413835811048e+00,0.000000000000e+00
1.780000000000e-01,2.809324945617e+00,1.857639229955e+01,1.878761979381e+01,1.420702760849e+00,0.000000000000e+00
1.784000000000e-01,2.676702397895e+00,1.856258846189e+01,1.875458413648e+01,1.427584726646e+00,0.000000000000e+00
1.788000000000e-01,2.544419328659e+00,1.854982263567e+01,1.872351434787e+01,1.434480221875e+00,0.000000000000e+00
1.792000000000e-01,2.412474142927e+00,1.853812325237e+01,1.869443888460e+01,1.441387747838e+00,0.000000000000e+00
1.796000000000e-01,2.280864684901e+00,1.852751688282e+01,1.866738400403e+01,1.448305765567e+00,0.000000000000e+00
1.800000000000e-01,2.149588127279e+00,1.851802848907e+01,1.864237399686e+01,1.455232708131e+00,0.000000000000e+00
1.804000000000e-01,2.018640715559e+00,1.850968114461e+01,1.861943088318e+01,1.462166997275e+00,0.000000000000e+00
1.808000000000e-01,1.888018159231e+00,1.850249622692e+01,1.859857465498e+01,1.469107028918e+00,0.000000000000e+00
1.812000000000e-01,1.757715703537e+00,1.849649345690e+01,1.857982332251e+01,1.476051174434e+00,0.000000000000e+00
1.816000000000e-01,1.627727957534e+00,1.849169066823e+01,1.856319266918e+01,1.482997793714e+00,0.000000000000e+00
1.820000000000e-01,1.498049068185e+00,1.848810410593e+01,1.854869656991e+01,1.489945232625e+00,0.000000000000e+00
1.824000000000e-01,1.368672844214e+00,1.848574829367e+01,1.853634687125e+01,1.496891820781e+00,0.000000000000e+00
1.828000000000e-01,1.239592755721e+00,1.848463591885e+01,1.852615327726e+01,1.503835876379e+00,0.000000000000e+00
1.832000000000e-01,1.110801951049e+00,1.848477812023e+01,1.851812363952e+01,1.510775711730e+00,0.000000000000e+00
1.836000000000e-01,9.822933007125e-01,1.848618425293e+01,1.851226372872e+01,1.517709635210e+00,0.000000000000e+00
1.840000000000e-01,8.540596156941e-01,1.848886190358e+01,1.850857726344e+01,1.524635944975e+00,0.000000000000e+00
1.844000000000e-01,7.260935913704e-01,1.849281709848e+01,1.850706611382e+01,1.531552937827e+00,0.000000000000e+00
1.848000000000e-01,5.983876664615e-01,1.849805402617e+01,1.850773002165e+01,1.538458921383e+00,0.000000000000e+00
1.852000000000e-01,4.709344634912e-01,1.850457516735e+01,1.851056674965e+01,1.545352196001e+00,0.000000000000e+00
1.856000000000e-01,3.437267470768e-01,1.851238139399e+01,1.851557217461e+01,1.552231062381e+00,0.000000000000e+00
1.860000000000e-01,2.167570377912e-01,1.852147169539e+01,1.852274000726e+01,1.559093847292e+00,0.000000000000e+00
1.864000000000e-01,9.001823789775e-02,1.853184339146e+01,1.853206202150e+01,1.565938875326e+00,0.000000000000e+00
1.868000000000e-01,-3.649632008211e-02,1.854349211959e+01,1.854352803462e+01,1.572764471345e+00,0.000000000000e+00
1.872000000000e-01,-1.627935155971e-01,1.855641159894e+01,1.855712567070e+01,1.579569000246e+00,0.000000000000e+00
1.876000000000e-01,-2.888796968979e-01,1.857059388562e+01,1.857284062129e+01,1.586350831991e+00,0.000000000000e+00
1.880000000000e-01,-4.147604830262e-01,1.858602926689e+01,1.859065652869e+01,1.593108335919e+00,0.000000000000e+00
1.884000000000e-01,-5.404416367318e-01,1.860270607893e+01,1.861055481768e+01,1.599839932931e+00,0.000000000000e+00
1.888000000000e-01,-6.659282830636e-01,1.862061096866e+01,1.863251494900e+01,1.606544057989e+00,0.000000000000e+00
1.892000000000e-01,-7.912245232730e-01,1.863972872518e+01,1.865651422948e+01,1.613219144400e+00,0.000000000000e+00
1.896000000000e-01,-9.163344943272e-01,1.866004214926e+01,1.868252771757e+01,1.619863685712e+00,0.000000000000e+00
1.900000000000e-01,-1.041261619555e+00,1.868153229874e+01,1.871052844762e+01,1.626476199514e+00,0.000000000000e+00
1.904000000000e-01,-1.166008019777e+00,1.870417828729e+01,1.874048718963e+01,1.633055200989e+00,0.000000000000e+00
1.908000000000e-01,-1.290575708692e+00,1.872795719628e+01,1.877237242348e+01,1.639599271523e+00,0.000000000000e+00
1.912000000000e-01,-1.414965926476e+00,1.875284428934e+01,1.880615052352e+01,1.646107026576e+00,0.000000000000e+00
1.916000000000e-01,-1.539178355719e+00,1.877881280556e+01,1.884178548856e+01,1.652577078973e+00,0.000000000000e+00
1.920000000000e-01,-1.663212404026e+00,1.880583390184e+01,1.887923897419e+01,1.659008111379e+00,0.000000000000e+00
1.924000000000e-01,-1.787066648361e+00,1.883387682904e+01,1.891847043546e+01,1.665398849766e+00,0.000000000000e+00
1.928000000000e-01,-1.910737881221e+00,1.886290874202e+01,1.895943684450e+01,1.671748017809e+00,0.000000000000e+00
1.932000000000e-01,-2.034222439181e+00,1.889289466033e+01,1.900209276839e+01,1.678054410860e+00,0.000000000000e+00
1.936000000000e-01,-2.157515763811e+00,1.892379760510e+01,1.904639047353e+01,1.684316875321e+00,0.000000000000e+00
1.940000000000e-01,-2.280611315920e+00,1.895557844179e+01,1.909227964485e+01,1.690534256137e+00,0.000000000000e+00
1.944000000000e-01,-2.403501918379e+00,1.898819584867e+01,1.913970749669e+01,1.696705470474e+00,0.000000000000e+00
1.948000000000e-01,-2.526179421779e+00,1.902160641963e+01,1.918861884697e+01,1.702829492342e+00,0.000000000000e+00
1.952000000000e-01,-2.648633531517e+00,1.905576454888e+01,1.923895584814e+01,1.708905295492e+00,0.000000000000e+00
1.956000000000e-01,-2.770853142798e+00,1.909062239867e+01,1.929065812013e+01,1.714931925594e+00,0.000000000000e+00
1.960000000000e-01,-2.892826087166e+00,1.912612997856e+01,1.934366280536e+01,1.720908488751e+00,0.000000000000e+00
1.964000000000e-01,-3.014537919653e+00,1.916223507540e+01,1.939790431861e+01,1.726834092230e+00,0.000000000000e+00
1.968000000000e-01,-3.135973231694e+00,1.919888321352e+01,1.945331449281e+01,1.732707914373e+00,0.000000000000e+00
1.972000000000e-01,-3.257115448486e+00,1.923601772547e+01,1.950982262809e+01,1.738529195303e+00,0.000000000000e+00
1.976000000000e-01,-3.377945622550e+00,1.927357972596e+01,1.956735526539e+01,1.744297177833e+00,0.000000000000e+00
1.980000000000e-01,-3.498443715524e+00,1.931150805933e+01,1.962583633775e+01,1.750011174647e+00,0.000000000000e+00
1.984000000000e-01,-3.618588415376e+00,1.934973937944e+01,1.968518722726e+01,1.755670559439e+00,0.000000000000e+00
1.988000000000e-01,-3.738355979722e+00,1.938820816364e+01,1.974532656676e+01,1.761274710145e+00,0.000000000000e+00
1.992000000000e-01,-3.857721479746e+00,1.942684664352e+01,1.980617039021e+01,1.766823073071e+00,0.000000000000e+00
1.996000000000e-01,-3.976658609753e+00,1.946558491225e+01,1.986763221108e+01,1.772315152900e+00,0.000000000000e+00
2.000000000000e-01,-4.095138619176e+00,1.950435097414e+01,1.992962285727e+01,1.777750460082e+00,0.000000000000e+00
2.004000000000e-01,-4.213131511590e+00,1.954307065557e+01,1.999205061475e+01,1.783128571633e+00,0.000000000000e+00
2.008000000000e-01,-4.330605825779e+00,1.958166775648e+01,2.005482133911e+01,1.788449118770e+00,0.000000000000e+00
2.012000000000e-01,-4.447527689964e+00,1.962006413224e+01,2.011783833085e+01,1.793711739981e+00,0.000000000000e+00
2.016000000000e-01,-4.563861966741e+00,1.965817958294e+01,2.018100246684e+01,1.798916138113e+00,0.000000000000e+00
2.020000000000e-01,-4.679571993777e+00,1.969593206181e+01,2.024421235387e+01,1.804062064900e+00,0.000000000000e+00
2.024000000000e-01,-4.794618787173e+00,1.973323778776e+01,2.030736425296e+01,1.809149280834e+00,0.000000000000e+00
2.028000000000e-01,-4.908962120504e+00,1.977001111415e+01,2.037035219515e+01,1.814177608032e+00,0.000000000000e+00
2.032000000000e-01,-5.022560223172e+00,1.980616480055e+01,2.043306818130e+01,1.819146911481e+00,0.000000000000e+00
2.036000000000e-01,-5.135369151775e+00,1.984161015512e+01,2.049540216421e+01,1.824057066387e+00,0.000000000000e+00
2.040000000000e-01,-5.247343789531e+00,1.987625688978e+01,2.055724214953e+01,1.828908006196e+00,0.000000000000e+00
2.044000000000e-01,-5.358437510182e+00,1.991001345278e+01,2.061847444018e+01,1.833699700949e+00,0.000000000000e+00
2.048000000000e-01,-5.468601726314e+00,1.994278719949e+01,2.067898368212e+01,1.838432132308e+00,0.000000000000e+00
2.052000000000e-01,-5.577786795721e+00,1.997448424897e+01,2.073865295893e+01,1.843105336047e+00,0.000000000000e+00
2.056000000000e-01,-5.685941667321e+00,2.000500986538e+01,2.079736407236e+01,1.847719378421e+00,0.000000000000e+00
2.060000000000e-01,-5.793013603683e+00,2.003426865193e+01,2.085499765117e+01,1.852274338586e+00,0.000000000000e+00
2.064000000000e-01,-5.898948983993e+00,2.006216443415e+01,2.091143325788e+01,1.856770344889e+00,0.000000000000e+00
2.068000000000e-01,-6.003692954840e+00,2.008860066889e+01,2.096654969064e+01,1.861207550591e+00,0.000000000000e+00
2.072000000000e-01,-6.107189311404e+00,2.011348065065e+01,2.102022514554e+01,1.865586122902e+00,0.000000000000e+00
2.076000000000e-01,-6.209381192280e+00,2.013670745511e+01,2.107233736261e+01,1.869906272555e+00,0.000000000000e+00
2.080000000000e-01,-6.310210761815e+00,2.015818434893e+01,2.112276393145e+01,1.874168230459e+00,0.000000000000e+00
2.084000000000e-01,-6.409619221957e+00,2.017781499213e+01,2.117138248739e+01,1.878372242163e+00,0.000000000000e+00
2.088000000000e-01,-6.507547400541e+00,2.019550347574e+01,2.121807092572e+01,1.882518590461e+00,0.000000000000e+00
2.092000000000e-01,-6.603935493431e+00,2.021115470768e+01,2.126270769727e+01,1.886607574586e+00,0.000000000000e+00
2.096000000000e-01,-6.698723169057e+00,2.022467459290e+01,2.130517201255e+01,1.890639508616e+00,0.000000000000e+00
2.100000000000e-01,-6.791850055904e+00,2.023597018312e+01,2.134534413950e+01,1.894614737202e+00,0.000000000000e+00
2.104000000000e-01,-6.883255573521e+00,2.024495002994e+01,2.138310569130e+01,1.898533618772e+00,0.000000000000e+00
2.108000000000e-01,-6.972879084458e+00,2.025152432478e+01,2.141833980970e+01,1.902396526125e+00,0.000000000000e+00
2.112000000000e-01,-7.060660289638e+00,2.025560514834e+01,2.145093153341e+01,1.906203855981e+00,0.000000000000e+00
2.116000000000e-01,-7.146539174616e+00,2.025710680837e+01,2.148076810592e+01,1.909956017105e+00,0.000000000000e+00
2.120000000000e-01,-7.230456161334e+00,2.025594592186e+01,2.150773910689e+01,1.913653431359e+00,0.000000000000e+00
2.124000000000e-01,-7.312352422576e+00,2.025204172188e+01,2.153173685184e+01,1.917296538330e+00,0.000000000000e+00
2.128000000000e-01,-7.392169960702e+00,2.024531641631e+01,2.155265676255e+01,1.920885788593e+00,0.000000000000e+00
2.132000000000e-01,-7.469851717636e+00,2.023569520110e+01,2.157039742229e+01,1.924421643730e+00,0.000000000000e+00
2.136000000000e-01,-7.545341820410e+00,2.022310656284e+01,2.158486095019e+01,1.927904577679e+00,0.000000000000e+00
2.140000000000e-01,-7.618585794051e+00,2.020748269255e+01,2.159595346983e+01,1.931335074677e+00,0.000000000000e+00
2.144000000000e-01,-7.689530602395e+00,2.018875943615e+01,2.160358508340e+01,1.934713627156e+00,0.000000000000e+00
2.148000000000e-01,-7.758124837488e+00,2.016687652738e+01,2.160767016280e+01,1.938040735603e+00,0.000000000000e+00
2.152000000000e-01,-7.824319045213e+00,2.014177806239e+01,2.160812791603e+01,1.941316910187e+00,0.000000000000e+00
2.156000000000e-01,-7.888065691597e+00,2.011341242229e+01,2.160488230989e+01,1.944542665933e+00,0.000000000000e+00
2.160000000000e-01,-7.949319310140e+00,2.008173238374e+01,2.159786223279e+01,1.947718522779e+00,0.000000000000e+00
2.164000000000e-01,-8.008036890460e+00,2.004669560972e+01,2.158700210098e+01,1.950845009554e+00,0.000000000000e+00
2.168000000000e-01,-8.064177792868e+00,2.000826461787e+01,2.157224180501e+01,1.953922656340e+00,0.000000000000e+00
2.172000000000e-01,-8.117703861877e+00,1.996640672307e+01,2.155352670493e+01,1.956951996079e+00,0.000000000000e+00
2.176000000000e-01,-8.168579815625e+00,1.992109447777e+01,2.153080819190e+01,1.959933569507e+00,0.000000000000e+00
2.180000000000e-01,-8.216773144097e+00,1.987230576132e+01,2.150404374003e+01,1.962867915001e+00,0.000000000000e+00
2.184000000000e-01,-8.262254192904e+00,1.982002352692e+01,2.147319671022e+01,1.965755572659e+00,0.000000000000e+00
2.188000000000e-01,-8.304996497010e+00,1.976423613546e+01,2.143823679396e+01,1.968597088928e+00,0.000000000000e+00
2.192000000000e-01,-8.344976690210e+00,1.970493760052e+01,2.139914021171e+01,1.971393004519e+00,0.000000000000e+00
2.196000000000e-01,-8.382174566743e+00,1.964212714821e+01,2.135588933699e+01,1.974143861392e+00,0.000000000000e+00
2.200000000000e-01,-8.416573316557e+00,1.957580940935e+01,2.130847297260e+01,1.976850206096e+00,0.000000000000e+00
2.204000000000e-01,-8.448159457092e+00,1.950599480250e+01,2.125688668286e+01,1.979512576487e+00,0.000000000000e+00
2.208000000000e-01,-8.476922886042e+00,1.943269895259e+01,2.120113228575e+01,1.982131511624e+00,0.000000000000e+00
2.212000000000e-01,-8.502856993401e+00,1.935594273019e+01,2.114121794090e+01,1.984707553146e+00,0.000000000000e+00
2.216000000000e-01,-8.525958608321e+00,1.927575270985e+01,2.107715855428e+01,1.987241231602e+00,0.000000000000e+00
2.220000000000e-01,-8.546228061199e+00,1.919216052016e+01,2.100897521312e+01,1.989733078883e+00,0.000000000000e+00
2.224000000000e-01,-8.563669165306e+00,1.910520273928e+01,2.093669508977e+01,1.992183627310e+00,0.000000000000e+00
2.228000000000e-01,-8.578289159231e+00,1.901492134348e+01,2.086035183303e+01,1.994593396334e+00,0.000000000000e+00
2.232000000000e-01,-8.590098797036e+00,1.892136306972e+01,2.077998502788e+01,1.996962906892e+00,0.000000000000e+00
2.236000000000e-01,-8.599112203833e+00,1.882457918238e+01,2.069563992941e+01,1.999292678196e+00,0.000000000000e+00
2.240000000000e-01,-8.605346797765e+00,1.872462584837e+01,2.060736777639e+01,2.001583215373e+00,0.000000000000e+00
2.244000000000e-01,-8.608823415221e+00,1.862156356387e+01,2.051522532554e+01,2.003835025080e+00,0.000000000000e+00
2.248000000000e-01,-8.609566056604e+00,1.851545681807e+01,2.041927444511e+01,2.006048610235e+00,0.000000000000e+00
2.252000000000e-01,-8.607601780499e+00,1.840637436583e+01,2.031958232117e+01,2.008224458893e+00,0.000000000000e+00
2.256000000000e-01,-8.602960857335e+00,1.829438873150e+01,2.021622107546e+01,2.010363060560e+00,0.000000000000e+00
2.260000000000e-01,-8.595676431545e+00,1.817957580728e+01,2.010926726284e+01,2.012464899229e+00,0.000000000000e+00
2.264000000000e-01,-8.585784386764e+00,1.806201502044e+01,1.999880196748e+01,2.014530443560e+00,0.000000000000e+00
2.268000000000e-01,-8.573323514523e+00,1.794178890284e+01,1.988491048807e+01,2.016560163457e+00,0.000000000000e+00
2.272000000000e-01,-8.558335123312e+00,1.781898266466e+01,1.976768178837e+01,2.018554521868e+00,0.000000000000e+00
2.276000000000e-01,-8.540862877083e+00,1.769368426960e+01,1.964720849682e+01,2.020513966095e+00,0.000000000000e+00
2.280000000000e-01,-8.520952965165e+00,1.756598404934e+01,1.952358663402e+01,2.022438944393e+00,0.000000000000e+00
2.284000000000e-01,-8.498653688545e+00,1.743597428948e+01,1.939691506248e+01,2.024329896983e+00,0.000000000000e+00
2.288000000000e-01,-8.474015274495e+00,1.730374923362e+01,1.926729540990e+01,2.026187248176e+00,0.000000000000e+00
2.292000000000e-01,-8.447090037875e+00,1.716940472288e+01,1.913483181651e+01,2.028011422878e+00,0.000000000000e+00
2.296000000000e-01,-8.417931972278e+00,1.703303782435e+01,1.899963042313e+01,2.029802837294e+00,0.000000000000e+00
2.300000000000e-01,-8.386596541432e+00,1.689474678383e+01,1.886179923651e+01,2.031561891393e+00,0.000000000000e+00
2.304000000000e-01,-8.353140828256e+00,1.675463067818e+01,1.872144788362e+01,2.033288985347e+00,0.000000000000e+00
2.308000000000e-01,-8.317623155100e+00,1.661278910949e+01,1.857868716962e+01,2.034984510373e+00,0.000000000000e+00
2.312000000000e-01,-8.280102848061e+00,1.646932211862e+01,1.843362889453e+01,2.036648841006e+00,0.000000000000e+00
2.316000000000e-01,-8.240640377352e+00,1.632432984990e+01,1.828638561546e+01,2.038282351560e+00,0.000000000000e+00
2.320000000000e-01,-8.199297027075e+00,1.617791232676e+01,1.813707029789e+01,2.039885407554e+00,0.000000000000e+00
2.324000000000e-01,-8.156134622862e+00,1.603016932682e+01,1.798579608004e+01,2.041458357232e+00,0.000000000000e+00
2.328000000000e-01,-8.111215674645e+00,1.588120007313e+01,1.783267606063e+01,2.043001548125e+00,0.000000000000e+00
2.332000000000e-01,-8.064603111499e+00,1.573110309720e+01,1.767782305605e+01,2.044515319559e+00,0.000000000000e+00
2.336000000000e-01,-8.016359957973e+00,1.557997606535e+01,1.752134929658e+01,2.045999992830e+00,0.000000000000e+00
2.340000000000e-01,-7.966549497755e+00,1.542791552695e+01,1.736336627520e+01,2.047455887923e+00,0.000000000000e+00
2.344000000000e-01,-7.915235081191e+00,1.527501685579e+01,1.720398460634e+01,2.048883317614e+00,0.000000000000e+00
2.348000000000e-01,-7.862479735239e+00,1.512137401278e+01,1.704331363384e+01,2.050282575793e+00,0.000000000000e+00
2.352000000000e-01,-7.808346371342e+00,1.496707939602e+01,1.688146139117e+01,2.051653954246e+00,0.000000000000e+00
2.356000000000e-01,-7.752897660813e+00,1.481222382837e+01,1.671853453150e+01,2.052997738900e+00,0.000000000000e+00
2.360000000000e-01,-7.696195573472e+00,1.465689625368e+01,1.655463784250e+01,2.054314195989e+00,0.000000000000e+00
2.364000000000e-01,-7.638301649512e+00,1.450118373514e+01,1.638987436832e+01,2.055603588516e+00,0.000000000000e+00
2.368000000000e-01,-7.579276921089e+00,1.434517142802e+01,1.622434534722e+01,2.056866175218e+00,0.000000000000e+00
2.372000000000e-01,-7.519181403481e+00,1.418894224663e+01,1.605814967724e+01,2.058102194651e+00,0.000000000000e+00
2.376000000000e-01,-7.458074427667e+00,1.403257702831e+01,1.589138421360e+01,2.059311880498e+00,0.000000000000e+00
2.380000000000e-01,-7.396014573428e+00,1.387615441034e+01,1.572414362660e+01,2.060495463800e+00,0.000000000000e+00
2.384000000000e-01,-7.333059182386e+00,1.371975056881e+01,1.555651993997e+01,2.061653155668e+00,0.000000000000e+00
2.388000000000e-01,-7.269264698108e+00,1.356343949252e+01,1.538860292939e+01,2.062785159931e+00,0.000000000000e+00
2.392000000000e-01,-7.204686590474e+00,1.340729271182e+01,1.522047984550e+01,2.063891679241e+00,0.000000000000e+00
2.396000000000e-01,-7.139378984653e+00,1.325137923942e+01,1.505223518396e+01,2.064972897662e+00,0.000000000000e+00
2.400000000000e-01,-7.073394908033e+00,1.309576582313e+01,1.488395102180e+01,2.066028988659e+00,0.000000000000e+00
2.404000000000e-01,-7.006786227248e+00,1.294051655862e+01,1.471570664421e+01,2.067060125588e+00,0.000000000000e+00
2.408000000000e-01,-6.939603469852e+00,1.278569311590e+01,1.454757865670e+01,2.068066465888e+00,0.000000000000e+00
2.412000000000e-01,-6.871895849683e+00,1.263135479164e+01,1.437964104006e+01,2.069048152261e+00,0.000000000000e+00
2.416000000000e-01,-6.803711310193e+00,1.247755818453e+01,1.421196488319e+01,2.070005327634e+00,0.000000000000e+00
2.420000000000e-01,-6.735096528698e+00,1.232435762477e+01,1.404461876001e+01,2.070938123028e+00,0.000000000000e+00
2.424000000000e-01,-6.666096638567e+00,1.217180491643e+01,1.387766836750e+01,2.071846650259e+00,0.000000000000e+00
2.428000000000e-01,-6.596755502405e+00,1.201994933333e+01,1.371117665025e+01,2.072731020517e+00,0.000000000000e+00
2.432000000000e-01,-6.527115777025e+00,1.186883797257e+01,1.354520413968e+01,2.073591337978e+00,0.000000000000e+00
2.436000000000e-01,-6.457218409570e+00,1.171851531807e+01,1.337980832631e+01,2.074427683997e+00,0.000000000000e+00
2.440000000000e-01,-6.387103141063e+00,1.156902363310e+01,1.321504424350e+01,2.075240136696e+00,0.000000000000e+00
2.444000000000e-01,-6.316808486935e+00,1.142040294734e+01,1.305096444483e+01,2.076028771702e+00,0.000000000000e+00
2.448000000000e-01,-6.246371280016e+00,1.127269082946e+01,1.288761858158e+01,2.076793641260e+00,0.000000000000e+00
2.452000000000e-01,-6.175827154919e+00,1.112592287985e+01,1.272505406573e+01,2.077534789024e+00,0.000000000000e+00
2.456000000000e-01,-6.105210457776e+00,1.098013235634e+01,1.256331569676e+01,2.078252259263e+00,0.000000000000e+00
2.460000000000e-01,-6.034554088368e+00,1.083535044641e+01,1.240244582096e+01,2.078946076719e+00,0.000000000000e+00
2.464000000000e-01,-5.963889610303e+00,1.069160639932e+01,1.224248449792e+01,2.079616249456e+00,0.000000000000e+00
2.468000000000e-01,-5.893247331131e+00,1.054892722596e+01,1.208346927519e+01,2.080262787092e+00,0.000000000000e+00
2.472000000000e-01,-5.822656391395e+00,1.040733822645e+01,1.192543569066e+01,2.080885687281e+00,0.000000000000e+00
2.476000000000e-01,-5.752144395905e+00,1.026686266044e+01,1.176841680260e+01,2.081484922533e+00,0.000000000000e+00
2.480000000000e-01,-5.681737861995e+00,1.012752196146e+01,1.161244359350e+01,2.082060464514e+00,0.000000000000e+00
2.484000000000e-01,-5.611462263203e+00,9.989335905378e+00,1.145754513680e+01,2.082612281328e+00,0.000000000000e+00
2.488000000000e-01,-5.541341543046e+00,9.852322351794e+00,1.130374813150e+01,2.083140312129e+00,0.000000000000e+00
2.492000000000e-01,-5.471398655675e+00,9.716497719011e+00,1.115107757900e+01,2.083644487682e+00,0.000000000000e+00
2.496000000000e-01,-5.401655499688e+00,9.581876645773e+00,1.099955645434e+01,2.084124740663e+00,0.000000000000e+00
2.500000000000e-01,-5.332132763845e+00,9.448472300549e+00,1.084920589838e+01,2.084580980451e+00,0.000000000000e+00
2.504000000000e-01,-5.262849991409e+00,9.316296446435e+00,1.070004530411e+01,2.085013094727e+00,0.000000000000e+00
2.508000000000e-01,-5.193825767074e+00,9.185359232575e+00,1.055209222525e+01,2.085420974021e+00,0.000000000000e+00
2.512000000000e-01,-5.125077797469e+00,9.055669645919e+00,1.040536280800e+01,2.085804498194e+00,0.000000000000e+00
2.516000000000e-01,-5.056622459940e+00,8.927235206177e+00,1.025987130176e+01,2.086163512862e+00,0.000000000000e+00
2.520000000000e-01,-4.988475359882e+00,8.800062277539e+00,1.011563060341e+01,2.086497860545e+00,0.000000000000e+00
2.524000000000e-01,-4.920651310919e+00,8.674155969962e+00,9.972652160528e+00,2.086807384359e+00,0.000000000000e+00
2.528000000000e-01,-4.853163986371e+00,8.549520221964e+00,9.830945870280e+00,2.087091893807e+00,0.000000000000e+00
2.532000000000e-01,-4.786026219341e+00,8.426158022117e+00,9.690520418735e+00,2.087351178698e+00,0.000000000000e+00
2.536000000000e-01,-4.719250104542e+00,8.304071096785e+00,9.551383058473e+00,2.087585033797e+00,0.000000000000e+00
2.540000000000e-01,-4.652846998096e+00,8.183260357120e+00,9.413539996203e+00,2.087793236384e+00,0.000000000000e+00
2.544000000000e-01,-4.586827166638e+00,8.063725698800e+00,9.276996044092e+00,2.087975523352e+00,0.000000000000e+00
2.548000000000e-01,-4.521200309144e+00,7.945466144492e+00,9.141755000473e+00,2.088131630739e+00,0.000000000000e+00
2.552000000000e-01,-4.455975558366e+00,7.828479836942e+00,9.007819643740e+00,2.088261294776e+00,0.000000000000e+00
2.556000000000e-01,-4.391161070498e+00,7.712764112366e+00,8.875191592301e+00,2.088364208194e+00,0.000000000000e+00
2.560000000000e-01,-4.326764355295e+00,7.598315670009e+00,8.743871614299e+00,2.088440040701e+00,0.000000000000e+00
2.564000000000e-01,-4.262792422898e+00,7.485130287788e+00,8.613859452411e+00,2.088488468934e+00,0.000000000000e+00
2.568000000000e-01,-4.199251723765e+00,7.373203208845e+00,8.485154129329e+00,2.088509148836e+00,0.000000000000e+00
2.572000000000e-01,-4.136147780300e+00,7.262529016852e+00,8.357753656402e+00,2.088501683655e+00,0.000000000000e+00
2.576000000000e-01,-4.073485742699e+00,7.153101711935e+00,8.231655374058e+00,2.088465674517e+00,0.000000000000e+00
2.580000000000e-01,-4.011270395341e+00,7.044914644927e+00,8.106855897254e+00,2.088400725499e+00,0.000000000000e+00
2.584000000000e-01,-3.949505752596e+00,6.937960709147e+00,7.983351081561e+00,2.088306388484e+00,0.000000000000e+00
2.588000000000e-01,-3.888195260126e+00,6.832232391768e+00,7.861136166992e+00,2.088182178598e+00,0.000000000000e+00
2.592000000000e-01,-3.827342092705e+00,6.727721550919e+00,7.740205731199e+00,2.088027619543e+00,0.000000000000e+00
2.596000000000e-01,-3.766949083574e+00,6.624419690390e+00,7.620553892774e+00,2.087842218949e+00,0.000000000000e+00
2.600000000000e-01,-3.707018232983e+00,6.522317957688e+00,7.502174066285e+00,2.087625410800e+00,0.000000000000e+00
2.604000000000e-01,-3.647551290591e+00,6.421407167126e+00,7.385059270142e+00,2.087376617106e+00,0.000000000000e+00
2.608000000000e-01,-3.588549837251e+00,6.321677625743e+00,7.269202015232e+00,2.087095269175e+00,0.000000000000e+00
2.612000000000e-01,-3.530014942686e+00,6.223119440927e+00,7.154594403014e+00,2.086780746119e+00,0.000000000000e+00
2.616000000000e-01,-3.471947054274e+00,6.125722514637e+00,7.041228065757e+00,2.086432357870e+00,0.000000000000e+00
2.620000000000e-01,-3.414346538717e+00,6.029476377157e+00,6.929094289237e+00,2.086049420028e+00,0.000000000000e+00
2.624000000000e-01,-3.357213652267e+00,5.934370252638e+00,6.818184054597e+00,2.085631246513e+00,0.000000000000e+00
2.628000000000e-01,-3.300547961626e+00,5.840393280590e+00,6.708487945800e+00,2.085177058717e+00,0.000000000000e+00
2.632000000000e-01,-3.244348715518e+00,5.747534463527e+00,6.599996287674e+00,2.084686031456e+00,0.000000000000e+00
2.636000000000e-01,-3.188615194041e+00,5.655782437070e+00,6.492699117558e+00,2.084157354187e+00,0.000000000000e+00
2.640000000000e-01,-3.133346500907e+00,5.565125703034e+00,6.386586285749e+00,2.083590186827e+00,0.000000000000e+00
2.644000000000e-01,-3.078541008976e+00,5.475552795662e+00,6.281647328689e+00,2.082983568204e+00,0.000000000000e+00
2.648000000000e-01,-3.024197040998e+00,5.387052088294e+00,6.177871635504e+00,2.082336518080e+00,0.000000000000e+00
2.652000000000e-01,-2.970313039293e+00,5.299611655712e+00,6.075248410785e+00,2.081648072053e+00,0.000000000000e+00
2.656000000000e-01,-2.916887090120e+00,5.213219588872e+00,5.973766716094e+00,2.080917188735e+00,0.000000000000e+00
2.660000000000e-01,-2.863916672239e+00,5.127864079607e+00,5.873415422431e+00,2.080142699779e+00,0.000000000000e+00
2.664000000000e-01,-2.811399407830e+00,5.043533116169e+00,5.774183312317e+00,2.079323439315e+00,0.000000000000e+00
2.668000000000e-01,-2.759333083217e+00,4.960214472746e+00,5.676059080010e+00,2.078458249616e+00,0.000000000000e+00
2.672000000000e-01,-2.707714920810e+00,4.877896093989e+00,5.579031313421e+00,2.077545835580e+00,0.000000000000e+00
2.676000000000e-01,-2.656541743311e+00,4.796566020724e+00,5.483088511516e+00,2.076584786730e+00,0.000000000000e+00
2.680000000000e-01,-2.605810667949e+00,4.716212067951e+00,5.388219140596e+00,2.075573710227e+00,0.000000000000e+00
2.684000000000e-01,-2.555518958363e+00,4.636821915985e+00,5.294411641260e+00,2.074511201370e+00,0.000000000000e+00
2.688000000000e-01,-2.505663132001e+00,4.558383569387e+00,5.201654399970e+00,2.073395651333e+00,0.000000000000e+00
2.692000000000e-01,-2.456239543209e+00,4.480885068894e+00,5.109935781814e+00,2.072225357641e+00,0.000000000000e+00
2.696000000000e-01,-2.407244969303e+00,4.404314224167e+00,5.019244178901e+00,2.070998645735e+00,0.000000000000e+00
2.700000000000e-01,-2.358676252021e+00,4.328658793687e+00,4.929567994664e+00,2.069713792437e+00,0.000000000000e+00
2.704000000000e-01,-2.310529354096e+00,4.253906990720e+00,4.840895638396e+00,2.068368802484e+00,0.000000000000e+00
2.708000000000e-01,-2.262800310878e+00,4.180046980227e+00,4.753215543589e+00,2.066961612058e+00,0.000000000000e+00
2.712000000000e-01,-2.215485697074e+00,4.107066691778e+00,4.666516225693e+00,2.065490192215e+00,0.000000000000e+00
2.716000000000e-01,-2.168582011495e+00,4.034954105115e+00,4.580786239388e+00,2.063952407242e+00,0.000000000000e+00
2.720000000000e-01,-2.122084794971e+00,3.963697744906e+00,4.496014200380e+00,2.062345782424e+00,0.000000000000e+00
2.724000000000e-01,-2.075989881113e+00,3.893286002842e+00,4.412188786352e+00,2.060667797221e+00,0.000000000000e+00
2.728000000000e-01,-2.030293755882e+00,3.823707019335e+00,4.329298800601e+00,2.058915970689e+00,0.000000000000e+00
2.732000000000e-01,-1.984992648179e+00,3.754949104546e+00,4.247333115151e+00,2.057087633490e+00,0.000000000000e+00
2.736000000000e-01,-1.940081777892e+00,3.687001170756e+00,4.166280708025e+00,2.055179705083e+00,0.000000000000e+00
2.740000000000e-01,-1.895556868220e+00,3.619851916512e+00,4.086130656028e+00,2.053189077912e+00,0.000000000000e+00
2.744000000000e-01,-1.851414415523e+00,3.553489757191e+00,4.006872195674e+00,2.051112687317e+00,0.000000000000e+00
2.748000000000e-01,-1.807650450983e+00,3.487903408056e+00,3.928494665501e+00,2.048947172674e+00,0.000000000000e+00
2.752000000000e-01,-1.764259938134e+00,3.423082231245e+00,3.850987547522e+00,2.046688672004e+00,0.000000000000e+00
2.756000000000e-01,-1.721238558791e+00,3.359015291720e+00,3.774340459772e+00,2.044333311711e+00,0.000000000000e+00
2.760000000000e-01,-1.678582911999e+00,3.295691321450e+00,3.698543210338e+00,2.041877264253e+00,0.000000000000e+00
2.764000000000e-01,-1.636288904049e+00,3.233099484964e+00,3.623585745803e+00,2.039316267769e+00,0.000000000000e+00
2.768000000000e-01,-1.594351270881e+00,3.171229648307e+00,3.549458192071e+00,2.036645432868e+00,0.000000000000e+00
2.772000000000e-01,-1.552765699774e+00,3.110071286559e+00,3.476150849125e+00,2.033859870433e+00,0.000000000000e+00
2.776000000000e-01,-1.511528984109e+00,3.049613470404e+00,3.403654240470e+00,2.030954743043e+00,0.000000000000e+00
2.780000000000e-01,-1.470636985200e+00,2.989845829674e+00,3.331959067494e+00,2.027924603098e+00,0.000000000000e+00
2.784000000000e-01,-1.430084201874e+00,2.930758785091e+00,3.261056252327e+00,2.024763185480e+00,0.000000000000e+00
2.788000000000e-01,-1.389866349059e+00,2.872342255040e+00,3.190936931112e+00,2.021464232102e+00,0.000000000000e+00
2.792000000000e-01,-1.349980510216e+00,2.814585654779e+00,3.121592508008e+00,2.018021549155e+00,0.000000000000e+00
2.796000000000e-01,-1.310422602105e+00,2.757479066532e+00,3.053014608296e+00,2.014428112437e+00,0.000000000000e+00
2.800000000000e-01,-1.271186833195e+00,2.701013517943e+00,2.985195134158e+00,2.010675781451e+00,0.000000000000e+00
2.804000000000e-01,-1.232268936623e+00,2.645179399059e+00,2.918126245620e+00,2.006756419207e+00,0.000000000000e+00
2.808000000000e-01,-1.193666387817e+00,2.589966464301e+00,2.851800436848e+00,2.002661979049e+00,0.000000000000e+00
2.812000000000e-01,-1.155375303630e+00,2.535365201263e+00,2.786210472311e+00,1.998383316912e+00,0.000000000000e+00
2.816000000000e-01,-1.117389497714e+00,2.481367302421e+00,2.721349477580e+00,1.993909690477e+00,0.000000000000e+00
2.820000000000e-01,-1.079704665949e+00,2.427963659283e+00,2.657210886714e+00,1.989230333610e+00,0.000000000000e+00
2.824000000000e-01,-1.042318780507e+00,2.375144356934e+00,2.593788572046e+00,1.984334618574e+00,0.000000000000e+00
2.828000000000e-01,-1.005228385117e+00,2.322900197882e+00,2.531076734429e+00,1.979210517561e+00,0.000000000000e+00
2.832000000000e-01,-9.684267375852e-01,2.271223604425e+00,2.469070069351e+00,1.973843617445e+00,0.000000000000e+00
2.836000000000e-01,-9.319093684588e-01,2.220106007767e+00,2.407763642210e+00,1.968219396560e+00,0.000000000000e+00
2.840000000000e-01,-8.956748412356e-01,2.169537825054e+00,2.347153125717e+00,1.962323551177e+00,0.000000000000e+00
2.844000000000e-01,-8.597204883267e-01,2.119510029850e+00,2.287234593278e+00,1.956140079901e+00,0.000000000000e+00
2.848000000000e-01,-8.240388044631e-01,2.070015838883e+00,2.228004830445e+00,1.949649313499e+00,0.000000000000e+00
2.852000000000e-01,-7.886249084439e-01,2.021047277493e+00,2.169461072266e+00,1.942831249845e+00,0.000000000000e+00
2.856000000000e-01,-7.534780097015e-01,1.972595123864e+00,2.111601438197e+00,1.935666223940e+00,0.000000000000e+00
2.860000000000e-01,-7.185967794795e-01,1.924650328107e+00,2.054424546427e+00,1.928132670095e+00,0.000000000000e+00
2.864000000000e-01,-6.839727599521e-01,1.877206934520e+00,1.997930081701e+00,1.920203315539e+00,0.000000000000e+00
2.868000000000e-01,-6.496002214317e-01,1.830257641676e+00,1.942118297787e+00,1.911849991277e+00,0.000000000000e+00
2.872000000000e-01,-6.154789802070e-01,1.783793660600e+00,1.886990778640e+00,1.903045029141e+00,0.000000000000e+00
2.876000000000e-01,-5.816097726354e-01,1.737805725222e+00,1.832549771831e+00,1.893758884053e+00,0.000000000000e+00
2.880000000000e-01,-5.479832292829e-01,1.692288623058e+00,1.778799146421e+00,1.883953273716e+00,0.000000000000e+00
2.884000000000e-01,-5.145920503180e-01,1.647235840421e+00,1.725743576612e+00,1.873587641230e+00,0.000000000000e+00
2.888000000000e-01,-4.814364174767e-01,1.602639133780e+00,1.673389738583e+00,1.862622126116e+00,0.000000000000e+00
2.892000000000e-01,-4.485198560812e-01,1.558488970667e+00,1.621745335430e+00,1.851015360328e+00,0.000000000000e+00
2.896000000000e-01,-4.158328250610e-01,1.514780538282e+00,1.570820491831e+00,1.838713328082e+00,0.000000000000e+00
2.900000000000e-01,-3.833654007024e-01,1.471508247134e+00,1.520626697069e+00,1.825656534424e+00,0.000000000000e+00
2.904000000000e-01,-3.511174468850e-01,1.428664524537e+00,1.471178366201e+00,1.811786281717e+00,0.000000000000e+00
2.908000000000e-01,-3.190956063643e-01,1.386239859004e+00,1.422491811116e+00,1.797043142514e+00,0.000000000000e+00
2.912000000000e-01,-2.872921717104e-01,1.344229179551e+00,1.374586803036e+00,1.781351217464e+00,0.000000000000e+00
2.916000000000e-01,-2.556935979844e-01,1.302627867644e+00,1.327485810701e+00,1.764622619187e+00,0.000000000000e+00
2.920000000000e-01,-2.242980509500e-01,1.261428999857e+00,1.281215336054e+00,1.746769769498e+00,0.000000000000e+00
2.924000000000e-01,-1.931141459494e-01,1.220623970424e+00,1.235805789976e+00,1.727705166075e+00,0.000000000000e+00
2.928000000000e-01,-1.621393933720e-01,1.180206686956e+00,1.191292158464e+00,1.707323875161e+00,0.000000000000e+00
2.932000000000e-01,-1.313574234822e-01,1.140173281877e+00,1.147715071527e+00,1.685498928132e+00,0.000000000000e+00
2.936000000000e-01,-1.007630411971e-01,1.100516928075e+00,1.105120219456e+00,1.662101489607e+00,0.000000000000e+00
2.940000000000e-01,-7.036226384908e-02,1.061231293928e+00,1.063561332216e+00,1.637001903982e+00,0.000000000000e+00
2.944000000000e-01,-4.015944284966e-02,1.022309092997e+00,1.023097582088e+00,1.610059211915e+00,0.000000000000e+00
2.948000000000e-01,-1.014232929002e-02,9.837468953667e-01,9.837991771632e-01,1.581105858652e+00,0.000000000000e+00
2.952000000000e-01,1.969629522157e-02,9.455369958542e-01,9.457421184311e-01,1.549968535644e+00,0.000000000000e+00
2.956000000000e-01,4.936154902174e-02,9.076754585119e-01,9.090166667926e-01,1.516467465743e+00,0.000000000000e+00
2.960000000000e-01,7.885322153180e-02,8.701538956369e-01,8.737194244367e-01,1.480423310274e+00,0.000000000000e+00
2.964000000000e-01,1.081637433519e-01,8.329702798375e-01,8.399636197291e-01,1.441665819163e+00,0.000000000000e+00
2.968000000000e-01,1.372905636148e-01,7.961186921929e-01,8.078698353798e-01,1.400026081773e+00,0.000000000000e+00
2.972000000000e-01,1.662526689546e-01,7.595940135257e-01,7.775750866113e-01,1.355323698847e+00,0.000000000000e+00
2.976000000000e-01,1.950818531143e-01,7.233816677884e-01,7.492249106289e-01,1.307382406203e+00,0.000000000000e+00
2.980000000000e-01,2.237520399919e-01,6.874810225295e-01,7.229765775865e-01,1.256142555220e+00,0.000000000000e+00
2.984000000000e-01,2.522282406330e-01,6.519013499392e-01,6.989953186004e-01,1.201623660299e+00,0.000000000000e+00
2.988000000000e-01,2.805223750845e-01,6.166385832619e-01,6.774481126184e-01,1.143856920281e+00,0.000000000000e+00
2.992000000000e-01,3.086933424971e-01,5.816657292703e-01,6.585033031881e-01,1.082886934592e+00,0.000000000000e+00
2.996000000000e-01,3.367527981634e-01,5.469645198189e-01,6.423181711673e-01,1.018930195852e+00,0.000000000000e+00
3.000000000000e-01,3.646413439291e-01,5.125621692040e-01,6.290336135705e-01,9.524542803473e-01,0.000000000000e+00
3.004000000000e-01,3.923535908832e-01,4.784709483121e-01,6.187695763833e-01,8.839694127786e-01,0.000000000000e+00
3.008000000000e-01,4.199072515464e-01,4.446741548632e-01,6.116021614616e-01,8.140364522749e-01,0.000000000000e+00
3.012000000000e-01,4.473443086351e-01,4.111449340324e-01,6.075829879520e-01,7.432567579289e-01,0.000000000000e+00
3.016000000000e-01,4.746560204178e-01,3.778678325517e-01,6.066979780716e-01,6.723508533352e-01,0.000000000000e+00
3.020000000000e-01,5.018436154024e-01,3.448500265182e-01,6.089076737156e-01,6.020607218006e-01,0.000000000000e+00
3.024000000000e-01,5.288932179816e-01,3.120938749740e-01,6.141096179211e-01,5.330998527921e-01,0.000000000000e+00
3.028000000000e-01,5.557925705738e-01,2.796359173016e-01,6.221749173264e-01,4.661484745210e-01,0.000000000000e+00
3.032000000000e-01,5.825646548661e-01,2.474424432917e-01,6.329370741562e-01,4.016561220903e-01,0.000000000000e+00
3.036000000000e-01,6.092285418781e-01,2.154636653651e-01,6.462074027210e-01,3.399373589575e-01,0.000000000000e+00
3.040000000000e-01,6.357815134089e-01,1.836949252798e-01,6.617869433330e-01,2.812680737818e-01,0.000000000000e+00
3.044000000000e-01,6.622062960243e-01,1.521814370588e-01,6.794677095194e-01,2.258876513692e-01,0.000000000000e+00
3.048000000000e-01,6.885033134678e-01,1.209505134128e-01,6.990463785408e-01,1.738972844106e-01,0.000000000000e+00
3.052000000000e-01,7.146887224222e-01,8.994926559353e-02,7.203268982471e-01,1.251996670828e-01,0.000000000000e+00
3.056000000000e-01,7.407636169640e-01,5.915234222837e-02,7.431216157592e-01,7.968411349225e-02,0.000000000000e+00
3.060000000000e-01,7.667293859225e-01,2.857014267678e-02,7.672614966813e-01,3.724512344597e-02,0.000000000000e+00
3.064000000000e-01,7.925835731054e-01,-1.773384274383e-03,7.925855570525e-01,-2.237469177020e-03,0.000000000000e+00
3.068000000000e-01,8.183336376165e-01,-3.188771018227e-02,8.189546803794e-01,-3.894693311416e-02,0.000000000000e+00
3.072000000000e-01,8.439791226623e-01,-6.178883046731e-02,8.462379210720e-01,-7.308094303563e-02,0.000000000000e+00
3.076000000000e-01,8.695239633762e-01,-9.148273863940e-02,8.743231750071e-01,-1.048245023822e-01,0.000000000000e+00
3.080000000000e-01,8.949686367165e-01,-1.209732926463e-01,9.031076338067e-01,-1.343561005881e-01,0.000000000000e+00
3.084000000000e-01,9.203161876142e-01,-1.502594933836e-01,9.325019037710e-01,-1.618414417056e-01,0.000000000000e+00
3.088000000000e-01,9.455700497825e-01,-1.793395677336e-01,9.624268281800e-01,-1.874365818616e-01,0.000000000000e+00
3.092000000000e-01,9.707319142934e-01,-2.082174720594e-01,9.928116463351e-01,-2.112937473002e-01,0.000000000000e+00
3.096000000000e-01,9.958036463024e-01,-2.369039850828e-01,1.023595818738e+00,-2.335605925121e-01,0.000000000000e+00
3.100000000000e-01,1.020784322930e+00,-2.654082162482e-01,1.054723734061e+00,-2.543719971877e-01,0.000000000000e+00
3.104000000000e-01,1.045679699058e+00,-2.937235488648e-01,1.086148956718e+00,-2.738360942303e-01,0.000000000000e+00
3.108000000000e-01,1.070492140713e+00,-3.218483099451e-01,1.117828143295e+00,-2.920571712124e-01,0.000000000000e+00
3.112000000000e-01,1.095223950042e+00,-3.497896788796e-01,1.149725323804e+00,-3.091379929574e-01,0.000000000000e+00
3.116000000000e-01,1.119873103073e+00,-3.775607171374e-01,1.181807032519e+00,-3.251780045304e-01,0.000000000000e+00
3.120000000000e-01,1.144443294965e+00,-4.051604177998e-01,1.214045064873e+00,-3.402551862549e-01,0.000000000000e+00
3.124000000000e-01,1.168938775831e+00,-4.325845618164e-01,1.246413761463e+00,-3.544380192330e-01,0.000000000000e+00
3.128000000000e-01,1.193361864538e+00,-4.598360792877e-01,1.278890831755e+00,-3.677947162219e-01,0.000000000000e+00
3.132000000000e-01,1.217712092054e+00,-4.869248348562e-01,1.311456645846e+00,-3.803930999437e-01,0.000000000000e+00
3.136000000000e-01,1.241989924243e+00,-5.138565110299e-01,1.344093555468e+00,-3.922917782063e-01,0.000000000000e+00
3.140000000000e-01,1.266200163939e+00,-5.406276449395e-01,1.376786514182e+00,-4.035368426864e-01,0.000000000000e+00
3.144000000000e-01,1.290345497215e+00,-5.672386250924e-01,1.409521606780e+00,-4.141734870288e-01,0.000000000000e+00
3.148000000000e-01,1.314427018530e+00,-5.936952666856e-01,1.442287231007e+00,-4.242468959149e-01,0.000000000000e+00
3.152000000000e-01,1.338443957961e+00,-6.200054263122e-01,1.475072526101e+00,-4.338001547457e-01,0.000000000000e+00
3.156000000000e-01,1.362399816843e+00,-6.461687549111e-01,1.507868469316e+00,-4.428665712839e-01,0.000000000000e+00
3.160000000000e-01,1.386297832569e+00,-6.721846710451e-01,1.540666710413e+00,-4.514766093920e-01,0.000000000000e+00
3.164000000000e-01,1.410139823562e+00,-6.980563282197e-01,1.573460186774e+00,-4.596607547323e-01,0.000000000000e+00
3.168000000000e-01,1.433925775740e+00,-7.237900798418e-01,1.606242575083e+00,-4.674493018097e-01,0.000000000000e+00
3.172000000000e-01,1.457657157632e+00,-7.493890954413e-01,1.639008360431e+00,-4.748679733691e-01,0.000000000000e+00
3.176000000000e-01,1.481337402831e+00,-7.748528915109e-01,1.671752823988e+00,-4.819379767596e-01,0.000000000000e+00
3.180000000000e-01,1.504968684719e+00,-8.001831577936e-01,1.704471715224e+00,-4.886803350736e-01,0.000000000000e+00
3.184000000000e-01,1.528552015487e+00,-8.253841738170e-01,1.737161563711e+00,-4.951160851054e-01,0.000000000000e+00
3.188000000000e-01,1.552087801287e+00,-8.504606880240e-01,1.769819178554e+00,-5.012650670276e-01,0.000000000000e+00
3.192000000000e-01,1.575578878720e+00,-8.754133542969e-01,1.802442050094e+00,-5.071430041909e-01,0.000000000000e+00
3.196000000000e-01,1.599027690889e+00,-9.002431893169e-01,1.835027889744e+00,-5.127647370843e-01,0.000000000000e+00
3.200000000000e-01,1.622435816445e+00,-9.249530420669e-01,1.867574927148e+00,-5.181451111561e-01,0.000000000000e+00
3.204000000000e-01,1.645803846633e+00,-9.495472137876e-01,1.900081633195e+00,-5.232988336998e-01,0.000000000000e+00
3.208000000000e-01,1.669133489486e+00,-9.740280403922e-01,1.932546824580e+00,-5.282384119006e-01,0.000000000000e+00
3.212000000000e-01,1.692427316924e+00,-9.983963588953e-01,1.964969595827e+00,-5.329746058119e-01,0.000000000000e+00
3.216000000000e-01,1.715687169526e+00,-1.022654173052e+00,1.997349248714e+00,-5.375181270358e-01,0.000000000000e+00
3.220000000000e-01,1.738914178196e+00,-1.046804764552e+00,2.029685378136e+00,-5.418796859504e-01,0.000000000000e+00
3.224000000000e-01,1.762109307900e+00,-1.070851446067e+00,2.061977699330e+00,-5.460693392381e-01,0.000000000000e+00
3.228000000000e-01,1.785274864851e+00,-1.094795431954e+00,2.094226200986e+00,-5.500953003027e-01,0.000000000000e+00
3.232000000000e-01,1.808412851713e+00,-1.118638269316e+00,2.126430958160e+00,-5.539654594704e-01,0.000000000000e+00
3.236000000000e-01,1.831524751022e+00,-1.142382450058e+00,2.158592267152e+00,-5.576877042166e-01,0.000000000000e+00
3.240000000000e-01,1.854611509514e+00,-1.166031178855e+00,2.190710515172e+00,-5.612698347204e-01,0.000000000000e+00
3.244000000000e-01,1.877674807152e+00,-1.189586483743e+00,2.222786243370e+00,-5.647185488720e-01,0.000000000000e+00
3.248000000000e-01,1.900716732922e+00,-1.213049706948e+00,2.254820101546e+00,-5.680397831839e-01,0.000000000000e+00
3.252000000000e-01,1.923738940725e+00,-1.236422835551e+00,2.286812834566e+00,-5.712394568690e-01,0.000000000000e+00
3.256000000000e-01,1.946742654231e+00,-1.259708534508e+00,2.318765308028e+00,-5.743234854169e-01,0.000000000000e+00
3.260000000000e-01,1.969729065961e+00,-1.282909406582e+00,2.350678442235e+00,-5.772974257432e-01,0.000000000000e+00
3.264000000000e-01,1.992700136646e+00,-1.306026903042e+00,2.382553274548e+00,-5.801659356182e-01,0.000000000000e+00
3.268000000000e-01,2.015657621717e+00,-1.329062704049e+00,2.414390879555e+00,-5.829335334529e-01,0.000000000000e+00
3.272000000000e-01,2.038602954179e+00,-1.352019010037e+00,2.446192430756e+00,-5.856047345148e-01,0.000000000000e+00
3.276000000000e-01,2.061537260914e+00,-1.374898403281e+00,2.477959139590e+00,-5.881840020118e-01,0.000000000000e+00
3.280000000000e-01,2.084462138301e+00,-1.397702748253e+00,2.509692287609e+00,-5.906752156279e-01,0.000000000000e+00
3.284000000000e-01,2.107379397987e+00,-1.420433554165e+00,2.541393202332e+00,-5.930818831879e-01,0.000000000000e+00
3.288000000000e-01,2.130290582264e+00,-1.443092704262e+00,2.573063255728e+00,-5.954075048533e-01,0.000000000000e+00
3.292000000000e-01,2.153196964924e+00,-1.465682467509e+00,2.604703872866e+00,-5.976555780277e-01,0.000000000000e+00
3.296000000000e-01,2.176099824960e+00,-1.488205046838e+00,2.636316504068e+00,-5.998293982996e-01,0.000000000000e+00
3.300000000000e-01,2.199000905160e+00,-1.510661966804e+00,2.667902651680e+00,-6.019317857823e-01,0.000000000000e+00
3.304000000000e-01,2.221901813339e+00,-1.533054900446e+00,2.699463834894e+00,-6.039654917182e-01,0.000000000000e+00
3.308000000000e-01,2.244803949885e+00,-1.555385825818e+00,2.731001618559e+00,-6.059332654310e-01,0.000000000000e+00
3.312000000000e-01,2.267708530084e+00,-1.577656942009e+00,2.762517584393e+00,-6.078378254650e-01,0.000000000000e+00
3.316000000000e-01,2.290617073576e+00,-1.599869995005e+00,2.794013346188e+00,-6.096815638684e-01,0.000000000000e+00
3.320000000000e-01,2.313531225437e+00,-1.622026525454e+00,2.825490538004e+00,-6.114666731074e-01,0.000000000000e+00
3.324000000000e-01,2.336452457316e+00,-1.644128302212e+00,2.856950815018e+00,-6.131953419044e-01,0.000000000000e+00
3.328000000000e-01,2.359382067216e+00,-1.666177327549e+00,2.888395856862e+00,-6.148697574510e-01,0.000000000000e+00
3.332000000000e-01,2.382321365994e+00,-1.688175550977e+00,2.919827354791e+00,-6.164919890455e-01,0.000000000000e+00
3.336000000000e-01,2.405271959144e+00,-1.710124497213e+00,2.951247023448e+00,-6.180638367616e-01,0.000000000000e+00
3.340000000000e-01,2.428235362835e+00,-1.732025787524e+00,2.982656585323e+00,-6.195870630703e-01,0.000000000000e+00
3.344000000000e-01,2.451212955229e+00,-1.753881232477e+00,3.014057784701e+00,-6.210634296151e-01,0.000000000000e+00
3.348000000000e-01,2.474205997095e+00,-1.775692778737e+00,3.045452373707e+00,-6.224946794396e-01,0.000000000000e+00
3.352000000000e-01,2.497215952331e+00,-1.797462075541e+00,3.076842119054e+00,-6.238823630650e-01,0.000000000000e+00
3.356000000000e-01,2.520244363714e+00,-1.819190643845e+00,3.108228796515e+00,-6.252279160278e-01,0.000000000000e+00
3.360000000000e-01,2.543292658534e+00,-1.840880150843e+00,3.139614192337e+00,-6.265327720397e-01,0.000000000000e+00
3.364000000000e-01,2.566362148092e+00,-1.862532412783e+00,3.171000104671e+00,-6.277983641478e-01,0.000000000000e+00
3.368000000000e-01,2.589454157436e+00,-1.884149205291e+00,3.202388337048e+00,-6.290260532732e-01,0.000000000000e+00
3.372000000000e-01,2.612570207165e+00,-1.905732025045e+00,3.233780703549e+00,-6.302170392708e-01,0.000000000000e+00
3.376000000000e-01,2.635711757363e+00,-1.927282433545e+00,3.265179022129e+00,-6.313725001508e-01,0.000000000000e+00
3.380000000000e-01,2.658880173847e+00,-1.948802116154e+00,3.296585122032e+00,-6.324936138174e-01,0.000000000000e+00
3.384000000000e-01,2.682076745496e+00,-1.970292845879e+00,3.328000836426e+00,-6.335815463882e-01,0.000000000000e+00
3.388000000000e-01,2.705302902269e+00,-1.991756192288e+00,3.359428005262e+00,-6.346373446653e-01,0.000000000000e+00
3.392000000000e-01,2.728560125778e+00,-2.013193641662e+00,3.390868472651e+00,-6.356619859853e-01,0.000000000000e+00
3.396000000000e-01,2.751849818648e+00,-2.034606778589e+00,3.422324088667e+00,-6.366564469157e-01,0.000000000000e+00
3.400000000000e-01,2.775173304058e+00,-2.055997287562e+00,3.453796710002e+00,-6.376217038720e-01,0.000000000000e+00
3.404000000000e-01,2.798531919396e+00,-2.077366820197e+00,3.485288196051e+00,-6.385586866344e-01,0.000000000000e+00
3.408000000000e-01,2.821927136525e+00,-2.098716838709e+00,3.516800411302e+00,-6.394682244284e-01,0.000000000000e+00
3.412000000000e-01,2.845360384853e+00,-2.120048851274e+00,3.548335222534e+00,-6.403511334737e-01,0.000000000000e+00
3.416000000000e-01,2.868833028288e+00,-2.141364451359e+00,3.579894503716e+00,-6.412082303106e-01,0.000000000000e+00
3.420000000000e-01,2.892346379589e+00,-2.162665290442e+00,3.611480131193e+00,-6.420403234409e-01,0.000000000000e+00
3.424000000000e-01,2.915901854319e+00,-2.183952874885e+00,3.643093985027e+00,-6.428481437965e-01,0.000000000000e+00
3.428000000000e-01,2.939500901890e+00,-2.205228657243e+00,3.674737947519e+00,-6.436323792864e-01,0.000000000000e+00
3.432000000000e-01,2.963144916651e+00,-2.226494159423e+00,3.706413905518e+00,-6.443937176791e-01,0.000000000000e+00
3.436000000000e-01,2.986835237683e+00,-2.247750973346e+00,3.738123750660e+00,-6.451328468471e-01,0.000000000000e+00
3.440000000000e-01,3.010573219738e+00,-2.269000661923e+00,3.769869376412e+00,-6.458504225118e-01,0.000000000000e+00
3.444000000000e-01,3.034360312537e+00,-2.290244657040e+00,3.801652679480e+00,-6.465470356548e-01,0.000000000000e+00
3.448000000000e-01,3.058197934717e+00,-2.311484425596e+00,3.833475558508e+00,-6.472232696306e-01,0.000000000000e+00
3.452000000000e-01,3.082087459132e+00,-2.332721496301e+00,3.865339918435e+00,-6.478797083471e-01,0.000000000000e+00
3.456000000000e-01,3.106030224985e+00,-2.353957436487e+00,3.897247666151e+00,-6.485169296594e-01,0.000000000000e+00
3.460000000000e-01,3.130027650440e+00,-2.375193705699e+00,3.929200711609e+00,-6.491354586405e-01,0.000000000000e+00
3.464000000000e-01,3.154081174758e+00,-2.396431730800e+00,3.961200966544e+00,-6.497357936762e-01,0.000000000000e+00
3.468000000000e-01,3.178192198497e+00,-2.417672990114e+00,3.993250347488e+00,-6.503184334024e-01,0.000000000000e+00
3.472000000000e-01,3.202362083573e+00,-2.438919013012e+00,4.025350775564e+00,-6.508838766286e-01,0.000000000000e+00
3.476000000000e-01,3.226592210134e+00,-2.460171300982e+00,4.057504173833e+00,-6.514325983856e-01,0.000000000000e+00
3.480000000000e-01,3.250884026370e+00,-2.481431264817e+00,4.089712468489e+00,-6.519650312788e-01,0.000000000000e+00
3.484000000000e-01,3.275238956762e+00,-2.502700344138e+00,4.121977588056e+00,-6.524816037212e-01,0.000000000000e+00
3.488000000000e-01,3.299658394023e+00,-2.523980025709e+00,4.154301468048e+00,-6.529827447916e-01,0.000000000000e+00
3.492000000000e-01,3.324143709901e+00,-2.545271821214e+00,4.186686046021e+00,-6.534688784383e-01,0.000000000000e+00
3.496000000000e-01,3.348696339898e+00,-2.566577159570e+00,4.219133263227e+00,-6.539403912131e-01,0.000000000000e+00
3.500000000000e-01,3.373317730875e+00,-2.587897453033e+00,4.251645062896e+00,-6.543976535438e-01,0.000000000000e+00
3.504000000000e-01,3.398009302757e+00,-2.609234154167e+00,4.284223394374e+00,-6.548410363466e-01,0.000000000000e+00
3.508000000000e-01,3.422772448667e+00,-2.630588753829e+00,4.316870211985e+00,-6.552709106250e-01,0.000000000000e+00
3.512000000000e-01,3.447608583366e+00,-2.651962714476e+00,4.349587472746e+00,-6.556876285241e-01,0.000000000000e+00
3.516000000000e-01,3.472519170080e+00,-2.673357437396e+00,4.382377137428e+00,-6.560915143789e-01,0.000000000000e+00
3.520000000000e-01,3.497505653544e+00,-2.694774349333e+00,4.415241170128e+00,-6.564828905453e-01,0.000000000000e+00
3.524000000000e-01,3.522569456950e+00,-2.716214914740e+00,4.448181543293e+00,-6.568620800767e-01,0.000000000000e+00
3.528000000000e-01,3.547711992514e+00,-2.737680612309e+00,4.481200231728e+00,-6.572294011078e-01,0.000000000000e+00
3.532000000000e-01,3.572934725764e+00,-2.759172856176e+00,4.514299215252e+00,-6.575851445141e-01,0.000000000000e+00
3.536000000000e-01,3.598239125988e+00,-2.780693056193e+00,4.547480476104e+00,-6.579295920503e-01,0.000000000000e+00
3.540000000000e-01,3.623626644526e+00,-2.802242655634e+00,4.580746004743e+00,-6.582630260902e-01,0.000000000000e+00
3.544000000000e-01,3.649098714604e+00,-2.823823126652e+00,4.614097796920e+00,-6.585857288418e-01,0.000000000000e+00
3.548000000000e-01,3.674656795004e+00,-2.845435911832e+00,4.647537852392e+00,-6.588979666516e-01,0.000000000000e+00
3.552000000000e-01,3.700302377558e+00,-2.867082415439e+00,4.681068175351e+00,-6.591999881057e-01,0.000000000000e+00
3.556000000000e-01,3.726036940000e+00,-2.888764065471e+00,4.714690775035e+00,-6.594920411844e-01,0.000000000000e+00
3.560000000000e-01,3.751861945955e+00,-2.910482321198e+00,4.748407670316e+00,-6.597743745336e-01,0.000000000000e+00
3.564000000000e-01,3.777778856945e+00,-2.932238646754e+00,4.782220882968e+00,-6.600472315302e-01,0.000000000000e+00
3.568000000000e-01,3.803789179102e+00,-2.954034456980e+00,4.816132441294e+00,-6.603108356280e-01,0.000000000000e+00
3.572000000000e-01,3.829894416814e+00,-2.975871171651e+00,4.850144376635e+00,-6.605654057378e-01,0.000000000000e+00
3.576000000000e-01,3.856096063721e+00,-2.997750239860e+00,4.884258731192e+00,-6.608111614505e-01,0.000000000000e+00
3.580000000000e-01,3.882395602059e+00,-3.019673131531e+00,4.918477552270e+00,-6.610483217237e-01,0.000000000000e+00
3.584000000000e-01,3.908794543419e+00,-3.041641286376e+00,4.952802893074e+00,-6.612770917040e-01,0.000000000000e+00
3.588000000000e-01,3.935294419391e+00,-3.063656124107e+00,4.987236811508e+00,-6.614976659606e-01,0.000000000000e+00
3.592000000000e-01,3.961896751981e+00,-3.085719087531e+00,5.021781373229e+00,-6.617102392284e-01,0.000000000000e+00
3.596000000000e-01,3.988603054211e+00,-3.107831645577e+00,5.056438653965e+00,-6.619150067902e-01,0.000000000000e+00
3.600000000000e-01,4.015414845928e+00,-3.129995263167e+00,5.091210733445e+00,-6.621121578699e-01,0.000000000000e+00
3.604000000000e-01,4.042333682144e+00,-3.152211370759e+00,5.126099698966e+00,-6.623018677413e-01,0.000000000000e+00
3.608000000000e-01,4.069361113324e+00,-3.174481410074e+00,5.161107642119e+00,-6.624843099049e-01,0.000000000000e+00
3.612000000000e-01,4.096498684801e+00,-3.196806849573e+00,5.196236667825e+00,-6.626596585564e-01,0.000000000000e+00
3.616000000000e-01,4.123747936464e+00,-3.219189170542e+00,5.231488885511e+00,-6.628280864889e-01,0.000000000000e+00
3.620000000000e-01,4.151110439932e+00,-3.241629825406e+00,5.266866412724e+00,-6.629897545448e-01,0.000000000000e+00
3.624000000000e-01,4.178587775692e+00,-3.264130261186e+00,5.302371371486e+00,-6.631448181432e-01,0.000000000000e+00
3.628000000000e-01,4.206181519677e+00,-3.286691948154e+00,5.338005895326e+00,-6.632934332257e-01,0.000000000000e+00
3.632000000000e-01,4.233893242171e+00,-3.309316377238e+00,5.373772126799e+00,-6.634357559721e-01,0.000000000000e+00
3.636000000000e-01,4.261724529243e+00,-3.332005027755e+00,5.409672214482e+00,-6.635719356392e-01,0.000000000000e+00
3.640000000000e-01,4.289676990921e+00,-3.354759359278e+00,5.445708314362e+00,-6.637021126738e-01,0.000000000000e+00
3.644000000000e-01,4.317752233149e+00,-3.377580847181e+00,5.481882589595e+00,-6.638264272505e-01,0.000000000000e+00
3.648000000000e-01,4.345951860167e+00,-3.400470990829e+00,5.518197217421e+00,-6.639450201691e-01,0.000000000000e+00
3.652000000000e-01,4.374277477885e+00,-3.423431293725e+00,5.554654379562e+00,-6.640580296333e-01,0.000000000000e+00
3.656000000000e-01,4.402730722236e+00,-3.446463235735e+00,5.591256267405e+00,-6.641655842823e-01,0.000000000000e+00
3.660000000000e-01,4.431313230168e+00,-3.469568302074e+00,5.628005076989e+00,-6.642678107226e-01,0.000000000000e+00
3.664000000000e-01,4.460026638951e+00,-3.492748001593e+00,5.664903019716e+00,-6.643648361980e-01,0.000000000000e+00
3.668000000000e-01,4.488872582925e+00,-3.516003856821e+00,5.701952313630e+00,-6.644567875317e-01,0.000000000000e+00
3.672000000000e-01,4.517852719569e+00,-3.539337374177e+00,5.739155185562e+00,-6.645437842393e-01,0.000000000000e+00
3.676000000000e-01,4.546968718149e+00,-3.562750053979e+00,5.776513868325e+00,-6.646259413257e-01,0.000000000000e+00
3.680000000000e-01,4.576222247373e+00,-3.586243416053e+00,5.814030606777e+00,-6.647033741946e-01,0.000000000000e+00
3.684000000000e-01,4.605614975154e+00,-3.609818999635e+00,5.851707657555e+00,-6.647761986334e-01,0.000000000000e+00
3.688000000000e-01,4.635148580572e+00,-3.633478339228e+00,5.889547283588e+00,-6.648445263083e-01,0.000000000000e+00
3.692000000000e-01,4.664824764263e+00,-3.657222955520e+00,5.927551756642e+00,-6.649084625944e-01,0.000000000000e+00
3.696000000000e-01,4.694645225962e+00,-3.681054381974e+00,5.965723356031e+00,-6.649681125924e-01,0.000000000000e+00
3.700000000000e-01,4.724611668087e+00,-3.704974174351e+00,6.004064377306e+00,-6.650235820052e-01,0.000000000000e+00
3.704000000000e-01,4.754725795109e+00,-3.728983893487e+00,6.042577121110e+00,-6.650749749255e-01,0.000000000000e+00
3.708000000000e-01,4.784989336119e+00,-3.753085085124e+00,6.081263898480e+00,-6.651223889728e-01,0.000000000000e+00
3.712000000000e-01,4.815404022512e+00,-3.777279300030e+00,6.120127025680e+00,-6.651659203225e-01,0.000000000000e+00
3.716000000000e-01,4.845971589486e+00,-3.801568110930e+00,6.159168835821e+00,-6.652056657497e-01,0.000000000000e+00
3.720000000000e-01,4.876693771778e+00,-3.825953102469e+00,6.198391669295e+00,-6.652417217479e-01,0.000000000000e+00
3.724000000000e-01,4.907572323687e+00,-3.850435848799e+00,6.237797875688e+00,-6.652741797155e-01,0.000000000000e+00
3.728000000000e-01,4.938609008747e+00,-3.875017921713e+00,6.277389810652e+00,-6.653031281370e-01,0.000000000000e+00
3.732000000000e-01,4.969805592927e+00,-3.899700911559e+00,6.317169843459e+00,-6.653286559292e-01,0.000000000000e+00
3.736000000000e-01,5.001163843558e+00,-3.924486425593e+00,6.357140355126e+00,-6.653508523160e-01,0.000000000000e+00
3.740000000000e-01,5.032685539289e+00,-3.949376067251e+00,6.397303733445e+00,-6.653698032937e-01,0.000000000000e+00
3.744000000000e-01,5.064372474567e+00,-3.974371432504e+00,6.437662374236e+00,-6.653855908436e-01,0.000000000000e+00
3.748000000000e-01,5.096226444814e+00,-3.999474130764e+00,6.478218682591e+00,-6.653982969945e-01,0.000000000000e+00
3.752000000000e-01,5.128249249528e+00,-4.024685791441e+00,6.518975079345e+00,-6.654080043055e-01,0.000000000000e+00
3.756000000000e-01,5.160442692563e+00,-4.050008046473e+00,6.559933990501e+00,-6.654147937146e-01,0.000000000000e+00
3.760000000000e-01,5.192808596658e+00,-4.075442518362e+00,6.601097851267e+00,-6.654187417898e-01,0.000000000000e+00
3.764000000000e-01,5.225348785764e+00,-4.100990837527e+00,6.642469102854e+00,-6.654199245493e-01,0.000000000000e+00
3.768000000000e-01,5.258065089240e+00,-4.126654655195e+00,6.684050203726e+00,-6.654184185940e-01,0.000000000000e+00
3.772000000000e-01,5.290959337392e+00,-4.152435630303e+00,6.725843617997e+00,-6.654142999537e-01,0.000000000000e+00
3.776000000000e-01,5.324033377861e+00,-4.178335413321e+00,6.767851818324e+00,-6.654076407154e-01,0.000000000000e+00
3.780000000000e-01,5.357289062061e+00,-4.204355657599e+00,6.810077282238e+00,-6.653985116709e-01,0.000000000000e+00
3.784000000000e-01,5.390728246008e+00,-4.230498035703e+00,6.852522502875e+00,-6.653869841446e-01,0.000000000000e+00
3.788000000000e-01,5.424352786546e+00,-4.256764232104e+00,6.895189981475e+00,-6.653731294665e-01,0.000000000000e+00
3.792000000000e-01,5.458164553160e+00,-4.283155925579e+00,6.938082225817e+00,-6.653570159119e-01,0.000000000000e+00
3.796000000000e-01,5.492165422548e+00,-4.309674793583e+00,6.981201748630e+00,-6.653387097536e-01,0.000000000000e+00
3.800000000000e-01,5.526357274173e+00,-4.336322529734e+00,7.024551074886e+00,-6.653182776587e-01,0.000000000000e+00
3.804000000000e-01,5.560741989467e+00,-4.363100842679e+00,7.068132740464e+00,-6.652957866065e-01,0.000000000000e+00
3.808000000000e-01,5.595321457308e+00,-4.390011438693e+00,7.111949285707e+00,-6.652713014643e-01,0.000000000000e+00
3.812000000000e-01,5.630097576179e+00,-4.417056019663e+00,7.156003255878e+00,-6.652448846303e-01,0.000000000000e+00
3.816000000000e-01,5.665072245629e+00,-4.444236300030e+00,7.200297204887e+00,-6.652165986776e-01,0.000000000000e+00
3.820000000000e-01,5.700247368101e+00,-4.471554011068e+00,7.244833699364e+00,-6.651865066454e-01,0.000000000000e+00
3.824000000000e-01,5.735624849242e+00,-4.499010884935e+00,7.289615309055e+00,-6.651546702619e-01,0.000000000000e+00
3.828000000000e-01,5.771206604795e+00,-4.526608647405e+00,7.334644607750e+00,-6.651211486105e-01,0.000000000000e+00
3.832000000000e-01,5.806994550520e+00,-4.554349033242e+00,7.379924174838e+00,-6.650860006792e-01,0.000000000000e+00
3.836000000000e-01,5.842990605030e+00,-4.582233794455e+00,7.425456602628e+00,-6.650492859876e-01,0.000000000000e+00
3.840000000000e-01,5.879196687341e+00,-4.610264686828e+00,7.471244486098e+00,-6.650110633404e-01,0.000000000000e+00
3.844000000000e-01,5.915614725092e+00,-4.638443458608e+00,7.517290422382e+00,-6.649713889767e-01,0.000000000000e+00
3.848000000000e-01,5.952246645510e+00,-4.666771863816e+00,7.563597011865e+00,-6.649303187545e-01,0.000000000000e+00
3.852000000000e-01,5.989094377527e+00,-4.695251672884e+00,7.610166866413e+00,-6.648879090767e-01,0.000000000000e+00
3.856000000000e-01,6.026159848896e+00,-4.723884662322e+00,7.657002600715e+00,-6.648442160314e-01,0.000000000000e+00
3.860000000000e-01,6.063444993027e+00,-4.752672600625e+00,7.704106828971e+00,-6.647992933984e-01,0.000000000000e+00
3.864000000000e-01,6.100951742699e+00,-4.781617259139e+00,7.751482166633e+00,-6.647531943095e-01,0.000000000000e+00
3.868000000000e-01,6.138682030424e+00,-4.810720423908e+00,7.799131238007e+00,-6.647059724197e-01,0.000000000000e+00
3.872000000000e-01,6.176637786486e+00,-4.839983888662e+00,7.847056670367e+00,-6.646576813281e-01,0.000000000000e+00
3.876000000000e-01,6.214820943179e+00,-4.869409439003e+00,7.895261087541e+00,-6.646083726569e-01,0.000000000000e+00
3.880000000000e-01,6.253233431505e+00,-4.898998860631e+00,7.943747112374e+00,-6.645580971675e-01,0.000000000000e+00
3.884000000000e-01,6.291877179859e+00,-4.928753951817e+00,7.992517373392e+00,-6.645069061026e-01,0.000000000000e+00
3.888000000000e-01,6.330754113207e+00,-4.958676519301e+00,8.041574501611e+00,-6.644548508173e-01,0.000000000000e+00
3.892000000000e-01,6.369866154794e+00,-4.988768361656e+00,8.090921121618e+00,-6.644019810128e-01,0.000000000000e+00
3.896000000000e-01,6.409215225054e+00,-5.019031274884e+00,8.140559854170e+00,-6.643483453940e-01,0.000000000000e+00
3.900000000000e-01,6.448803239347e+00,-5.049467065311e+00,8.190493322351e+00,-6.642939930952e-01,0.000000000000e+00
3.904000000000e-01,6.488632107873e+00,-5.080077547652e+00,8.240724150309e+00,-6.642389734731e-01,0.000000000000e+00
3.908000000000e-01,6.528703735494e+00,-5.110864528256e+00,8.291254952782e+00,-6.641833345071e-01,0.000000000000e+00
3.912000000000e-01,6.569020021781e+00,-5.141829808250e+00,8.342088337076e+00,-6.641271231185e-01,0.000000000000e+00
3.916000000000e-01,6.609582858657e+00,-5.172975196842e+00,8.393226909395e+00,-6.640703866085e-01,0.000000000000e+00
3.920000000000e-01,6.650394130475e+00,-5.204302510730e+00,8.444673274547e+00,-6.640131725701e-01,0.000000000000e+00
3.924000000000e-01,6.691455712701e+00,-5.235813557694e+00,8.496430024779e+00,-6.639555274388e-01,0.000000000000e+00
3.928000000000e-01,6.732769472128e+00,-5.267510137607e+00,8.548499740575e+00,-6.638974965892e-01,0.000000000000e+00
3.932000000000e-01,6.774337265109e+00,-5.299394056195e+00,8.600884997736e+00,-6.638391257375e-01,0.000000000000e+00
3.936000000000e-01,6.816160937354e+00,-5.331467125056e+00,8.653588367230e+00,-6.637804609325e-01,0.000000000000e+00
3.940000000000e-01,6.858242321983e+00,-5.363731145769e+00,8.706612403865e+00,-6.637215472292e-01,0.000000000000e+00
3.944000000000e-01,6.900583239327e+00,-5.396187909291e+00,8.759959645755e+00,-6.636624286622e-01,0.000000000000e+00
3.948000000000e-01,6.943185496086e+00,-5.428839210126e+00,8.813632622390e+00,-6.636031495860e-01,0.000000000000e+00
3.952000000000e-01,6.986050884654e+00,-5.461686846450e+00,8.867633854172e+00,-6.635437547074e-01,0.000000000000e+00
3.956000000000e-01,7.029181180706e+00,-5.494732604567e+00,8.921965840939e+00,-6.634842878523e-01,0.000000000000e+00
3.960000000000e-01,7.072578142472e+00,-5.527978257457e+00,8.976631060497e+00,-6.634247918980e-01,0.000000000000e+00
3.964000000000e-01,7.116243510733e+00,-5.561425579128e+00,9.031631977457e+00,-6.633653100382e-01,0.000000000000e+00
3.968000000000e-01,7.160179007851e+00,-5.595076344602e+00,9.086971042454e+00,-6.633058858214e-01,0.000000000000e+00
3.972000000000e-01,7.204386334572e+00,-5.628932314214e+00,9.142650679960e+00,-6.632465619853e-01,0.000000000000e+00
3.976000000000e-01,7.248867169246e+00,-5.662995232397e+00,9.198673286921e+00,-6.631873804133e-01,0.000000000000e+00
3.980000000000e-01,7.293623168044e+00,-5.697266841668e+00,9.255041241539e+00,-6.631283833194e-01,0.000000000000e+00
3.984000000000e-01,7.338655964356e+00,-5.731748882591e+00,9.311756902768e+00,-6.630696132583e-01,0.000000000000e+00
3.988000000000e-01,7.383967163880e+00,-5.766443077011e+00,9.368822596125e+00,-6.630111120109e-01,0.000000000000e+00
3.992000000000e-01,7.429558344984e+00,-5.801351128626e+00,9.426240614324e+00,-6.629529206144e-01,0.000000000000e+00
3.996000000000e-01,7.475431057861e+00,-5.836474735550e+00,9.484013224345e+00,-6.628950804665e-01,0.000000000000e+00
4.000000000000e-01,7.521586825558e+00,-5.871815590828e+00,9.542142668557e+00,-6.628376332745e-01,0.000000000000e+00
4.004000000000e-01,7.568027135737e+00,-5.907375363277e+00,9.600631146435e+00,-6.627806199831e-01,0.000000000000e+00
4.008000000000e-01,7.614753444154e+00,-5.943155701906e+00,9.659480820021e+00,-6.627240809196e-01,0.000000000000e+00
4.012000000000e-01,7.661767170751e+00,-5.979158245417e+00,9.718693816688e+00,-6.626680568132e-01,0.000000000000e+00
4.016000000000e-01,7.709069704181e+00,-6.015384624301e+00,9.778272233999e+00,-6.626125886502e-01,0.000000000000e+00
4.020000000000e-01,7.756662388007e+00,-6.051836437623e+00,9.838218114540e+00,-6.625577166517e-01,0.000000000000e+00
4.024000000000e-01,7.804546529970e+00,-6.088515263808e+00,9.898533459866e+00,-6.625034805622e-01,0.000000000000e+00
4.028000000000e-01,7.852723392417e+00,-6.125422664894e+00,9.959220225570e+00,-6.624499205743e-01,0.000000000000e+00
4.032000000000e-01,7.901194202528e+00,-6.162560191489e+00,1.002028033240e+01,-6.623970770610e-01,0.000000000000e+00
4.036000000000e-01,7.949960130570e+00,-6.199929353963e+00,1.008171563137e+01,-6.623449896254e-01,0.000000000000e+00
4.040000000000e-01,7.999022307686e+00,-6.237531642010e+00,1.014352792986e+01,-6.622936975493e-01,0.000000000000e+00
4.044000000000e-01,8.048381808246e+00,-6.275368521487e+00,1.020571897574e+01,-6.622432406048e-01,0.000000000000e+00
4.048000000000e-01,8.098039667259e+00,-6.313441443011e+00,1.026829047636e+01,-6.621936586391e-01,0.000000000000e+00
4.052000000000e-01,8.147996849606e+00,-6.351751807276e+00,1.033124405299e+01,-6.621449907395e-01,0.000000000000e+00
4.056000000000e-01,8.198254277369e+00,-6.390300994303e+00,1.039458128037e+01,-6.620972758406e-01,0.000000000000e+00
4.060000000000e-01,8.248812803914e+00,-6.429090352235e+00,1.045830365935e+01,-6.620505533912e-01,0.000000000000e+00
4.064000000000e-01,8.299673236757e+00,-6.468121207956e+00,1.052241264149e+01,-6.620048627811e-01,0.000000000000e+00
4.068000000000e-01,8.350836301143e+00,-6.507394830088e+00,1.058690957755e+01,-6.619602426839e-01,0.000000000000e+00
4.072000000000e-01,8.402302672616e+00,-6.546912464337e+00,1.065179576494e+01,-6.619167317990e-01,0.000000000000e+00
4.076000000000e-01,8.454072948574e+00,-6.586675318003e+00,1.071707241576e+01,-6.618743693257e-01,0.000000000000e+00
4.080000000000e-01,8.506147668087e+00,-6.626684566107e+00,1.078274067619e+01,-6.618331942495e-01,0.000000000000e+00
4.084000000000e-01,8.558527280794e+00,-6.666941321722e+00,1.084880158374e+01,-6.617932449364e-01,0.000000000000e+00
4.088000000000e-01,8.611212172935e+00,-6.707446667571e+00,1.091525610719e+01,-6.617545599532e-01,0.000000000000e+00
4.092000000000e-01,8.664202648478e+00,-6.748201644860e+00,1.098210512487e+01,-6.617171782983e-01,0.000000000000e+00
4.096000000000e-01,8.717498932179e+00,-6.789207244888e+00,1.104934942187e+01,-6.616811386036e-01,0.000000000000e+00
4.100000000000e-01,8.771101159172e+00,-6.830464399583e+00,1.111698967610e+01,-6.616464790326e-01,0.000000000000e+00
4.104000000000e-01,8.825009379519e+00,-6.871973996768e+00,1.118502647117e+01,-6.616132381059e-01,0.000000000000e+00
4.108000000000e-01,8.879223562043e+00,-6.913736882752e+00,1.125346030111e+01,-6.615814546464e-01,0.000000000000e+00
4.112000000000e-01,8.933743568255e+00,-6.955753831014e+00,1.132229153047e+01,-6.615511669875e-01,0.000000000000e+00
4.116000000000e-01,8.988569174806e+00,-6.998025562914e+00,1.139152042484e+01,-6.615224131961e-01,0.000000000000e+00
4.120000000000e-01,9.043700046965e+00,-7.040552737836e+00,1.146114712381e+01,-6.614952318080e-01,0.000000000000e+00
4.124000000000e-01,9.099135769344e+00,-7.083335972331e+00,1.153117167706e+01,-6.614696614727e-01,0.000000000000e+00
4.128000000000e-01,9.154875791900e+00,-7.126375788657e+00,1.160159397007e+01,-6.614457402938e-01,0.000000000000e+00
4.132000000000e-01,9.210919479713e+00,-7.169672661187e+00,1.167241379194e+01,-6.614235063494e-01,0.000000000000e+00
4.136000000000e-01,9.267266067203e+00,-7.213226988757e+00,1.174363078233e+01,-6.614029982151e-01,0.000000000000e+00
4.140000000000e-01,9.323914693750e+00,-7.257039113602e+00,1.181524447113e+01,-6.613842543487e-01,0.000000000000e+00
4.144000000000e-01,9.380864354253e+00,-7.301109277428e+00,1.188725421255e+01,-6.613673127188e-01,0.000000000000e+00
4.148000000000e-01,9.438113937947e+00,-7.345437662331e+00,1.195965924083e+01,-6.613522115131e-01,0.000000000000e+00
4.152000000000e-01,9.495662204112e+00,-7.390024374991e+00,1.203245864142e+01,-6.613389893225e-01,0.000000000000e+00
4.156000000000e-01,9.553507778885e+00,-7.434869433301e+00,1.210565134024e+01,-6.613276844080e-01,0.000000000000e+00
4.160000000000e-01,9.611649155928e+00,-7.479972767137e+00,1.217923610469e+01,-6.613183347139e-01,0.000000000000e+00
4.164000000000e-01,9.670084683610e+00,-7.525334219682e+00,1.225321153437e+01,-6.613109785949e-01,0.000000000000e+00
4.168000000000e-01,9.728812591565e+00,-7.570953565113e+00,1.232757609293e+01,-6.613056546022e-01,0.000000000000e+00
4.172000000000e-01,9.787830931141e+00,-7.616830452203e+00,1.240232802639e+01,-6.613024008279e-01,0.000000000000e+00
4.176000000000e-01,9.847137633382e+00,-7.662964455764e+00,1.247746544059e+01,-6.613012553090e-01,0.000000000000e+00
4.180000000000e-01,9.906730452277e+00,-7.709355041135e+00,1.255298623453e+01,-6.613022565641e-01,0.000000000000e+00
4.184000000000e-01,9.966607011681e+00,-7.756001591990e+00,1.262888815455e+01,-6.613054430268e-01,0.000000000000e+00
4.188000000000e-01,1.002676474389e+01,-7.802903357050e+00,1.270516871312e+01,-6.613108526999e-01,0.000000000000e+00
4.192000000000e-01,1.008720093506e+01,-7.850059496078e+00,1.278182525292e+01,-6.613185238191e-01,0.000000000000e+00
4.196000000000e-01,1.014791270211e+01,-7.897469064256e+00,1.285885491910e+01,-6.613284949840e-01,0.000000000000e+00
4.200000000000e-01,1.020889697730e+01,-7.945130989015e+00,1.293625463284e+01,-6.613408044596e-01,0.000000000000e+00
4.204000000000e-01,1.027015052776e+01,-7.993044086839e+00,1.301402111712e+01,-6.613554902816e-01,0.000000000000e+00
4.208000000000e-01,1.033166992022e+01,-8.041207046748e+00,1.309215085878e+01,-6.613725909148e-01,0.000000000000e+00
4.212000000000e-01,1.039345156974e+01,-8.089618462812e+00,1.317064016691e+01,-6.613921449159e-01,0.000000000000e+00
4.216000000000e-01,1.045549165784e+01,-8.138276761566e+00,1.324948506377e+01,-6.614141903989e-01,0.000000000000e+00
4.220000000000e-01,1.051778620650e+01,-8.187180268303e+00,1.332868138382e+01,-6.614387655635e-01,0.000000000000e+00
4.224000000000e-01,1.058033102126e+01,-8.236327168496e+00,1.340822470523e+01,-6.614659090269e-01,0.000000000000e+00
4.228000000000e-01,1.064312171517e+01,-8.285715515541e+00,1.348811037352e+01,-6.614956591742e-01,0.000000000000e+00
4.232000000000e-01,1.070615368840e+01,-8.335343213345e+00,1.356833347482e+01,-6.615280540780e-01,0.000000000000e+00
4.236000000000e-01,1.076942212368e+01,-8.385208024131e+00,1.364888883704e+01,-6.615631321679e-01,0.000000000000e+00
4.240000000000e-01,1.083292201889e+01,-8.435307590734e+00,1.372977106938e+01,-6.616009320442e-01,0.000000000000e+00
4.244000000000e-01,1.089664810949e+01,-8.485639365699e+00,1.381097445754e+01,-6.616414918794e-01,0.000000000000e+00
4.248000000000e-01,1.096059494677e+01,-8.536200679492e+00,1.389249306740e+01,-6.616848498495e-01,0.000000000000e+00
4.252000000000e-01,1.102475682971e+01,-8.586988694511e+00,1.397432066306e+01,-6.617310445407e-01,0.000000000000e+00
4.256000000000e-01,1.108912784633e+01,-8.638000426603e+00,1.405645075267e+01,-6.617801143454e-01,0.000000000000e+00
4.260000000000e-01,1.115370183608e+01,-8.689232712851e+00,1.413887653904e+01,-6.618320973139e-01,0.000000000000e+00
4.264000000000e-01,1.121847239797e+01,-8.740682229326e+00,1.422159093696e+01,-6.618870318098e-01,0.000000000000e+00
4.268000000000e-01,1.128343291852e+01,-8.792345510169e+00,1.430458660699e+01,-6.619449563641e-01,0.000000000000e+00
4.272000000000e-01,1.134857649419e+01,-8.844218876036e+00,1.438785585040e+01,-6.620059090727e-01,0.000000000000e+00
4.276000000000e-01,1.141389601284e+01,-8.896298504860e+00,1.447139071684e+01,-6.620699280222e-01,0.000000000000e+00
4.280000000000e-01,1.147938408495e+01,-8.948580384994e+00,1.455518292144e+01,-6.621370516715e-01,0.000000000000e+00
4.284000000000e-01,1.154503308206e+01,-9.001060333846e+00,1.463922388651e+01,-6.622073182477e-01,0.000000000000e+00
4.288000000000e-01,1.161083510965e+01,-9.053733974363e+00,1.472350470581e+01,-6.622807656439e-01,0.000000000000e+00
4.292000000000e-01,1.167678200240e+01,-9.106596742713e+00,1.480801614552e+01,-6.623574320573e-01,0.000000000000e+00
4.296000000000e-01,1.174286536673e+01,-9.159643917218e+00,1.489274869563e+01,-6.624373557744e-01,0.000000000000e+00
4.300000000000e-01,1.180907649379e+01,-9.212870539496e+00,1.497769245290e+01,-6.625205746146e-01,0.000000000000e+00
4.304000000000e-01,1.187540644419e+01,-9.266271489502e+00,1.506283723380e+01,-6.626071264374e-01,0.000000000000e+00
4.308000000000e-01,1.194184599274e+01,-9.319841446957e+00,1.514817250729e+01,-6.626970494015e-01,0.000000000000e+00
4.312000000000e-01,1.200838563854e+01,-9.373574886480e+00,1.523368739985e+01,-6.627903813268e-01,0.000000000000e+00
4.316000000000e-01,1.207501561923e+01,-9.427466089190e+00,1.531937071382e+01,-6.628871597563e-01,0.000000000000e+00
4.320000000000e-01,1.214172587124e+01,-9.481509122233e+00,1.540521088357e+01,-6.629874225376e-01,0.000000000000e+00
4.324000000000e-01,1.220850609206e+01,-9.535697879609e+00,1.549119604973e+01,-6.630912074473e-01,0.000000000000e+00
4.328000000000e-01,1.227534565982e+01,-9.590026010458e+00,1.557731395168e+01,-6.631985517785e-01,0.000000000000e+00
4.332000000000e-01,1.234223369377e+01,-9.644486977508e+00,1.566355201130e+01,-6.633094929526e-01,0.000000000000e+00
4.336000000000e-01,1.240915904479e+01,-9.699074049658e+00,1.574989732092e+01,-6.634240685542e-01,0.000000000000e+00
4.340000000000e-01,1.247611025064e+01,-9.753780253289e+00,1.583633657812e+01,-6.635423156818e-01,0.000000000000e+00
4.344000000000e-01,1.254307560405e+01,-9.808598431265e+00,1.592285617578e+01,-6.636642712892e-01,0.000000000000e+00
4.348000000000e-01,1.261004309183e+01,-9.863521202576e+00,1.600944212930e+01,-6.637899725859e-01,0.000000000000e+00
4.352000000000e-01,1.267700043833e+01,-9.918540983872e+00,1.609608012412e+01,-6.639194564686e-01,0.000000000000e+00
4.356000000000e-01,1.274393508572e+01,-9.973649971004e+00,1.618275548889e+01,-6.640527594228e-01,0.000000000000e+00
4.360000000000e-01,1.281083418608e+01,-1.002884014415e+01,1.626945319242e+01,-6.641899181321e-01,0.000000000000e+00
4.364000000000e-01,1.287768465096e+01,-1.008410329988e+01,1.635615790252e+01,-6.643309691982e-01,0.000000000000e+00
4.368000000000e-01,1.294447308004e+01,-1.013943098401e+01,1.644285388852e+01,-6.644759486477e-01,0.000000000000e+00
4.372000000000e-01,1.301118582536e+01,-1.019481455313e+01,1.652952510978e+01,-6.646248925398e-01,0.000000000000e+00
4.376000000000e-01,1.307780898050e+01,-1.025024516619e+01,1.661615520202e+01,-6.647778370196e-01,0.000000000000e+00
4.380000000000e-01,1.314432834803e+01,-1.030571374392e+01,1.670272742676e+01,-6.649348176568e-01,0.000000000000e+00
4.384000000000e-01,1.321072950103e+01,-1.036121102335e+01,1.678922475339e+01,-6.650958698179e-01,0.000000000000e+00
4.388000000000e-01,1.327699773869e+01,-1.041672752930e+01,1.687562980671e+01,-6.652610290192e-01,0.000000000000e+00
4.392000000000e-01,1.334311811727e+01,-1.047225358459e+01,1.696192489758e+01,-6.654303303296e-01,0.000000000000e+00
4.396000000000e-01,1.340907545372e+01,-1.052777931132e+01,1.704809202672e+01,-6.656038083706e-01,0.000000000000e+00
4.400000000000e-01,1.347485430956e+01,-1.058329462887e+01,1.713411287068e+01,-6.657814978801e-01,0.000000000000e+00
4.404000000000e-01,1.354043903891e+01,-1.063878928192e+01,1.721996883713e+01,-6.659634333257e-01,0.000000000000e+00
4.408000000000e-01,1.360581374858e+01,-1.069425279935e+01,1.730564100799e+01,-6.661496485351e-01,0.000000000000e+00
4.412000000000e-01,1.367096233166e+01,-1.074967453320e+01,1.739111019007e+01,-6.663401773454e-01,0.000000000000e+00
4.416000000000e-01,1.373586848870e+01,-1.080504367112e+01,1.747635693941e+01,-6.665350534768e-01,0.000000000000e+00
4.420000000000e-01,1.380051569027e+01,-1.086034919140e+01,1.756136150407e+01,-6.667343099106e-01,0.000000000000e+00
4.424000000000e-01,1.386488723263e+01,-1.091557991811e+01,1.764610390205e+01,-6.669379794785e-01,0.000000000000e+00
4.428000000000e-01,1.392896622868e+01,-1.097072451498e+01,1.773056391048e+01,-6.671460949800e-01,0.000000000000e+00
4.432000000000e-01,1.399273560372e+01,-1.102577146474e+01,1.781472104942e+01,-6.673586884866e-01,0.000000000000e+00
4.436000000000e-01,1.405617813571e+01,-1.108070910744e+01,1.789855463736e+01,-6.675757917211e-01,0.000000000000e+00
4.440000000000e-01,1.411927644058e+01,-1.113552563482e+01,1.798204377620e+01,-6.677974363943e-01,0.000000000000e+00
4.444000000000e-01,1.418201299577e+01,-1.119020909269e+01,1.806516737122e+01,-6.680236535726e-01,0.000000000000e+00
4.448000000000e-01,1.424437015461e+01,-1.124474739231e+01,1.814790414948e+01,-6.682544737646e-01,0.000000000000e+00
4.452000000000e-01,1.430633014624e+01,-1.129912832035e+01,1.823023266591e+01,-6.684899274383e-01,0.000000000000e+00
4.456000000000e-01,1.436787510615e+01,-1.135333954983e+01,1.831213133416e+01,-6.687300445276e-01,0.000000000000e+00
4.460000000000e-01,1.442898707544e+01,-1.140736863264e+01,1.839357842140e+01,-6.689748542183e-01,0.000000000000e+00
4.464000000000e-01,1.448964801941e+01,-1.146120302719e+01,1.847455208001e+01,-6.692243855901e-01,0.000000000000e+00
4.468000000000e-01,1.454983984999e+01,-1.151483010689e+01,1.855503037052e+01,-6.694786672941e-01,0.000000000000e+00
4.472000000000e-01,1.460954442683e+01,-1.156823714782e+01,1.863499125483e+01,-6.697377270785e-01,0.000000000000e+00
4.476000000000e-01,1.466874358397e+01,-1.162141136457e+01,1.871441263938e+01,-6.700015924937e-01,0.000000000000e+00
4.480000000000e-01,1.472741914358e+01,-1.167433991576e+01,1.879327238932e+01,-6.702702907407e-01,0.000000000000e+00
4.484000000000e-01,1.478555292852e+01,-1.172700989625e+01,1.887154833364e+01,-6.705438480089e-01,0.000000000000e+00
4.488000000000e-01,1.484312678488e+01,-1.177940836985e+01,1.894921830303e+01,-6.708222901777e-01,0.000000000000e+00
4.492000000000e-01,1.490012259414e+01,-1.183152237735e+01,1.902626014450e+01,-6.711056428197e-01,0.000000000000e+00
4.496000000000e-01,1.495652229737e+01,-1.188333893535e+01,1.910265173959e+01,-6.713939304374e-01,0.000000000000e+00
4.500000000000e-01,1.501230790736e+01,-1.193484505934e+01,1.917837102822e+01,-6.716871770912e-01,0.000000000000e+00
4.504000000000e-01,1.506746152726e+01,-1.198602778031e+01,1.925339603358e+01,-6.719854065466e-01,0.000000000000e+00
4.508000000000e-01,1.512196537948e+01,-1.203687414657e+01,1.932770488595e+01,-6.722886414775e-01,0.000000000000e+00
4.512000000000e-01,1.517580180917e+01,-1.208737123709e+01,1.940127583367e+01,-6.725969039717e-01,0.000000000000e+00
4.516000000000e-01,1.522895331311e+01,-1.213750618990e+01,1.947408728343e+01,-6.729102158117e-01,0.000000000000e+00
4.520000000000e-01,1.528140256567e+01,-1.218726620162e+01,1.954611782025e+01,-6.732285976866e-01,0.000000000000e+00
4.524000000000e-01,1.533313241888e+01,-1.223663853482e+01,1.961734621214e+01,-6.735520695524e-01,0.000000000000e+00
4.528000000000e-01,1.538412594151e+01,-1.228561055786e+01,1.968775146541e+01,-6.738806510351e-01,0.000000000000e+00
4.532000000000e-01,1.543436643651e+01,-1.233416973833e+01,1.975731283425e+01,-6.742143606709e-01,0.000000000000e+00
4.536000000000e-01,1.548383744345e+01,-1.238230364895e+01,1.982600982624e+01,-6.745532161206e-01,0.000000000000e+00
4.540000000000e-01,1.553252278475e+01,-1.243000001614e+01,1.989382226874e+01,-6.748972346794e-01,0.000000000000e+00
4.544000000000e-01,1.558040657243e+01,-1.247724670598e+01,1.996073030538e+01,-6.752464325548e-01,0.000000000000e+00
4.548000000000e-01,1.562747321705e+01,-1.252403173203e+01,2.002671440787e+01,-6.756008249435e-01,0.000000000000e+00
4.552000000000e-01,1.567370747688e+01,-1.257034330919e+01,2.009175544799e+01,-6.759604266358e-01,0.000000000000e+00
4.556000000000e-01,1.571909445446e+01,-1.261616983243e+01,2.015583468153e+01,-6.763252513283e-01,0.000000000000e+00
4.560000000000e-01,1.576361961396e+01,-1.266149988864e+01,2.021893376921e+01,-6.766953115806e-01,0.000000000000e+00
4.564000000000e-01,1.580726882937e+01,-1.270632231231e+01,2.028103484904e+01,-6.770706195027e-01,0.000000000000e+00
4.568000000000e-01,1.585002837277e+01,-1.275062615844e+01,2.034212051016e+01,-6.774511860939e-01,0.000000000000e+00
4.572000000000e-01,1.589188494001e+01,-1.279440071880e+01,2.040217382290e+01,-6.778370211003e-01,0.000000000000e+00
4.576000000000e-01,1.593282569533e+01,-1.283763557727e+01,2.046117840821e+01,-6.782281337752e-01,0.000000000000e+00
4.580000000000e-01,1.597283825335e+01,-1.288032057821e+01,2.051911840370e+01,-6.786245322317e-01,0.000000000000e+00
4.584000000000e-01,1.601191071144e+01,-1.292244584641e+01,2.057597850126e+01,-6.790262232232e-01,0.000000000000e+00
4.588000000000e-01,1.605003168987e+01,-1.296400184123e+01,2.063174401221e+01,-6.794332129698e-01,0.000000000000e+00
4.592000000000e-01,1.608719030907e+01,-1.300497932121e+01,2.068640082724e+01,-6.798455065070e-01,0.000000000000e+00
4.596000000000e-01,1.612337622612e+01,-1.304536936644e+01,2.073993545882e+01,-6.802631074161e-01,0.000000000000e+00
4.600000000000e-01,1.615857967090e+01,-1.308516343161e+01,2.079233510245e+01,-6.806860187065e-01,0.000000000000e+00
4.604000000000e-01,1.619279141949e+01,-1.312435330717e+01,2.084358759155e+01,-6.811142421449e-01,0.000000000000e+00
4.608000000000e-01,1.622600283191e+01,-1.316293114242e+01,2.089368144108e+01,-6.815477779604e-01,0.000000000000e+00
4.612000000000e-01,1.625820588546e+01,-1.320088949837e+01,2.094260590667e+01,-6.819866257760e-01,0.000000000000e+00
4.616000000000e-01,1.628939314502e+01,-1.323822130544e+01,2.099035093477e+01,-6.824307838978e-01,0.000000000000e+00
4.620000000000e-01,1.631955779858e+01,-1.327491988540e+01,2.103690720389e+01,-6.828802490246e-01,0.000000000000e+00
4.624000000000e-01,1.634869368976e+01,-1.331097900523e+01,2.108226618367e+01,-6.833350172186e-01,0.000000000000e+00
4.628000000000e-01,1.637679528541e+01,-1.334639283128e+01,2.112642008072e+01,-6.837950831352e-01,0.000000000000e+00
4.632000000000e-01,1.640385770574e+01,-1.338115594821e+01,2.116936187372e+01,-6.842604397670e-01,0.000000000000e+00
4.636000000000e-01,1.642987675753e+01,-1.341526341488e+01,2.121108537436e+01,-6.847310794447e-01,0.000000000000e+00
4.640000000000e-01,1.645484890023e+01,-1.344871071530e+01,2.125158516989e+01,-6.852069929840e-01,0.000000000000e+00
4.644000000000e-01,1.647877126725e+01,-1.348149377263e+01,2.129085664833e+01,-6.856881695008e-01,0.000000000000e+00
4.648000000000e-01,1.650164170100e+01,-1.351360900781e+01,2.132889606248e+01,-6.861745974265e-01,0.000000000000e+00
4.652000000000e-01,1.652345871924e+01,-1.354505328794e+01,2.136570047107e+01,-6.866662635522e-01,0.000000000000e+00
4.656000000000e-01,1.654422152452e+01,-1.357582393407e+01,2.140126775079e+01,-6.871631529516e-01,0.000000000000e+00
4.660000000000e-01,1.656393004104e+01,-1.360591878187e+01,2.143559666311e+01,-6.876652499946e-01,0.000000000000e+00
4.664000000000e-01,1.658258488398e+01,-1.363533612919e+01,2.146868679707e+01,-6.881725372665e-01,0.000000000000e+00
4.668000000000e-01,1.660018735476e+01,-1.366407473680e+01,2.150053856595e+01,-6.886849956416e-01,0.000000000000e+00
4.672000000000e-01,1.661673947792e+01,-1.369213388896e+01,2.153115327405e+01,-6.892026052704e-01,0.000000000000e+00
4.676000000000e-01,1.663224397756e+01,-1.371951334305e+01,2.156053306622e+01,-6.897253443580e-01,0.000000000000e+00
4.680000000000e-01,1.664670425659e+01,-1.374621332285e+01,2.158868090745e+01,-6.902531894312e-01,0.000000000000e+00
4.684000000000e-01,1.666012443066e+01,-1.377223457572e+01,2.161560064522e+01,-6.907861162684e-01,0.000000000000e+00
4.688000000000e-01,1.667250931625e+01,-1.379757832770e+01,2.164129697152e+01,-6.913240985291e-01,0.000000000000e+00
4.692000000000e-01,1.668386439294e+01,-1.382224626971e+01,2.166577538475e+01,-6.918671082547e-01,0.000000000000e+00
4.696000000000e-01,1.669419583110e+01,-1.384624060731e+01,2.168904224263e+01,-6.924151167040e-01,0.000000000000e+00
4.700000000000e-01,1.670351049520e+01,-1.386956402454e+01,2.171110474145e+01,-6.929680928367e-01,0.000000000000e+00
4.704000000000e-01,1.671181588967e+01,-1.389221966414e+01,2.173197086154e+01,-6.935260040829e-01,0.000000000000e+00
4.708000000000e-01,1.671912017720e+01,-1.391421116615e+01,2.175164940587e+01,-6.940888170389e-01,0.000000000000e+00
4.712000000000e-01,1.672543219904e+01,-1.393554264226e+01,2.177014999900e+01,-6.946564958253e-01,0.000000000000e+00
4.716000000000e-01,1.673076140655e+01,-1.395621865263e+01,2.178748301945e+01,-6.952290031477e-01,0.000000000000e+00
4.720000000000e-01,1.673511786838e+01,-1.397624423007e+01,2.180365962051e+01,-6.958063008009e-01,0.000000000000e+00
4.724000000000e-01,1.673851230596e+01,-1.399562486478e+01,2.181869174750e+01,-6.963883479457e-01,0.000000000000e+00
4.728000000000e-01,1.674095601534e+01,-1.401436648150e+01,2.183259206290e+01,-6.969751024635e-01,0.000000000000e+00
4.732000000000e-01,1.674246086303e+01,-1.403247544739e+01,2.184537394809e+01,-6.975665212121e-01,0.000000000000e+00
4.736000000000e-01,1.674303933105e+01,-1.404995856448e+01,2.185705153274e+01,-6.981625582938e-01,0.000000000000e+00
4.740000000000e-01,1.674270443573e+01,-1.406682305206e+01,2.186763962114e+01,-6.987631666805e-01,0.000000000000e+00
4.744000000000e-01,1.674146971427e+01,-1.408307653794e+01,2.187715367609e+01,-6.993682981596e-01,0.000000000000e+00
4.748000000000e-01,1.673934926949e+01,-1.409872705355e+01,2.188560984977e+01,-6.999779017038e-01,0.000000000000e+00
4.752000000000e-01,1.673635769474e+01,-1.411378302735e+01,2.189302492186e+01,-7.005919253009e-01,0.000000000000e+00
4.756000000000e-01,1.673251005324e+01,-1.412825325966e+01,2.189941626736e+01,-7.012103155444e-01,0.000000000000e+00
4.760000000000e-01,1.672782191310e+01,-1.414214691615e+01,2.190480187892e+01,-7.018330162296e-01,0.000000000000e+00
4.764000000000e-01,1.672230928571e+01,-1.415547353556e+01,2.190920032459e+01,-7.024599702970e-01,0.000000000000e+00
4.768000000000e-01,1.671598860029e+01,-1.416824298952e+01,2.191263070229e+01,-7.030911190399e-01,0.000000000000e+00
4.772000000000e-01,1.670887672342e+01,-1.418046547271e+01,2.191511264815e+01,-7.037264010488e-01,0.000000000000e+00
4.776000000000e-01,1.670099091303e+01,-1.419215152395e+01,2.191666631484e+01,-7.043657541642e-01,0.000000000000e+00
4.780000000000e-01,1.669234879228e+01,-1.420331197399e+01,2.191731231775e+01,-7.050091142958e-01,0.000000000000e+00
4.784000000000e-01,1.668296835145e+01,-1.421395793360e+01,2.191707172853e+01,-7.056564148207e-01,0.000000000000e+00
4.788000000000e-01,1.667286791475e+01,-1.422410082246e+01,2.191596606838e+01,-7.063075884380e-01,0.000000000000e+00
4.792000000000e-01,1.666206611883e+01,-1.423375230990e+01,2.191401725307e+01,-7.069625656169e-01,0.000000000000e+00
4.796000000000e-01,1.665058189785e+01,-1.424292430389e+01,2.191124757432e+01,-7.076212745318e-01,0.000000000000e+00
4.800000000000e-01,1.663843445723e+01,-1.425162897950e+01,2.190767969815e+01,-7.082836427079e-01,0.000000000000e+00
4.804000000000e-01,1.662564326214e+01,-1.425987871860e+01,2.190333661680e+01,-7.089495951500e-01,0.000000000000e+00
4.808000000000e-01,1.661222800783e+01,-1.426768610264e+01,2.189824162136e+01,-7.096190548578e-01,0.000000000000e+00
4.812000000000e-01,1.659820859549e+01,-1.427506393359e+01,2.189241829692e+01,-7.102919441593e-01,0.000000000000e+00
4.816000000000e-01,1.658360513283e+01,-1.428202517685e+01,2.188589048574e+01,-7.109681826068e-01,0.000000000000e+00
4.820000000000e-01,1.656843789263e+01,-1.428858296025e+01,2.187868225497e+01,-7.116476880728e-01,0.000000000000e+00
4.824000000000e-01,1.655272728979e+01,-1.429475058376e+01,2.187081788554e+01,-7.123303776713e-01,0.000000000000e+00
4.828000000000e-01,1.653649389071e+01,-1.430054146671e+01,2.186232184464e+01,-7.130161655549e-01,0.000000000000e+00
4.832000000000e-01,1.651975836451e+01,-1.430596915506e+01,2.185321875347e+01,-7.137049645334e-01,0.000000000000e+00
4.836000000000e-01,1.650254146322e+01,-1.431104731901e+01,2.184353337059e+01,-7.143966864982e-01,0.000000000000e+00
4.840000000000e-01,1.648486403329e+01,-1.431578970396e+01,2.183329056840e+01,-7.150912402990e-01,0.000000000000e+00
4.844000000000e-01,1.646674696470e+01,-1.432021014700e+01,2.182251530538e+01,-7.157885337627e-01,0.000000000000e+00
4.848000000000e-01,1.644821117679e+01,-1.432432256279e+01,2.181123260614e+01,-7.164884735610e-01,0.000000000000e+00
4.852000000000e-01,1.642927762567e+01,-1.432814089910e+01,2.179946753767e+01,-7.171909633813e-01,0.000000000000e+00
4.856000000000e-01,1.640996725508e+01,-1.433167916027e+01,2.178724518763e+01,-7.178959061559e-01,0.000000000000e+00
4.860000000000e-01,1.639030098961e+01,-1.433495138292e+01,2.177459064324e+01,-7.186032033711e-01,0.000000000000e+00
4.864000000000e-01,1.637029973538e+01,-1.433797159908e+01,2.176152896747e+01,-7.193127537206e-01,0.000000000000e+00
4.868000000000e-01,1.634998433323e+01,-1.434075386129e+01,2.174808518024e+01,-7.200244553398e-01,0.000000000000e+00
4.872000000000e-01,1.632937556050e+01,-1.434331221063e+01,2.173428423867e+01,-7.207382046092e-01,0.000000000000e+00
4.876000000000e-01,1.630849412521e+01,-1.434566065124e+01,2.172015101588e+01,-7.214538954132e-01,0.000000000000e+00
4.880000000000e-01,1.628736062090e+01,-1.434781317121e+01,2.170571028074e+01,-7.221714212018e-01,0.000000000000e+00
4.884000000000e-01,1.626599553655e+01,-1.434978370524e+01,2.169098668070e+01,-7.228906733759e-01,0.000000000000e+00
4.888000000000e-01,1.624441924559e+01,-1.435158612337e+01,2.167600472603e+01,-7.236115412113e-01,0.000000000000e+00
4.892000000000e-01,1.622265196350e+01,-1.435323424428e+01,2.166078876680e+01,-7.243339135975e-01,0.000000000000e+00
4.896000000000e-01,1.620071376239e+01,-1.435474179326e+01,2.164536297599e+01,-7.250576771313e-01,0.000000000000e+00
4.900000000000e-01,1.617862455661e+01,-1.435612240629e+01,2.162975134134e+01,-7.257827166947e-01,0.000000000000e+00
4.904000000000e-01,1.615640406680e+01,-1.435738963582e+01,2.161397764236e+01,-7.265089167569e-01,0.000000000000e+00
4.908000000000e-01,1.613407183300e+01,-1.435855690321e+01,2.159806542853e+01,-7.272361593351e-01,0.000000000000e+00
4.912000000000e-01,1.611164719896e+01,-1.435963751768e+01,2.158203802014e+01,-7.279643251459e-01,0.000000000000e+00
4.916000000000e-01,1.608914928670e+01,-1.436064467613e+01,2.156591848922e+01,-7.286932943963e-01,0.000000000000e+00
4.920000000000e-01,1.606659700282e+01,-1.436159141054e+01,2.154972962926e+01,-7.294229447954e-01,0.000000000000e+00
4.924000000000e-01,1.604400902258e+01,-1.436249061873e+01,2.153349396382e+01,-7.301531531358e-01,0.000000000000e+00
4.928000000000e-01,1.602140377741e+01,-1.436335505941e+01,2.151723373395e+01,-7.308837955421e-01,0.000000000000e+00
4.932000000000e-01,1.599879945311e+01,-1.436419729922e+01,2.150097086161e+01,-7.316147457306e-01,0.000000000000e+00
4.936000000000e-01,1.597621397223e+01,-1.436502974804e+01,2.148472696006e+01,-7.323458768213e-01,0.000000000000e+00
4.940000000000e-01,1.595366499465e+01,-1.436586465043e+01,2.146852332872e+01,-7.330770610689e-01,0.000000000000e+00
4.944000000000e-01,1.593116991145e+01,-1.436671404050e+01,2.145238091842e+01,-7.338081685442e-01,0.000000000000e+00
4.948000000000e-01,1.590874582100e+01,-1.436758977136e+01,2.143632033338e+01,-7.345390689539e-01,0.000000000000e+00
4.952000000000e-01,1.588640954256e+01,-1.436850350559e+01,2.142036183504e+01,-7.352696309469e-01,0.000000000000e+00
4.956000000000e-01,1.586417760940e+01,-1.436946668386e+01,2.140452531595e+01,-7.359997213066e-01,0.000000000000e+00
4.960000000000e-01,1.584206623691e+01,-1.437049054173e+01,2.138883028744e+01,-7.367292066015e-01,0.000000000000e+00
4.964000000000e-01,1.582009134607e+01,-1.437158610012e+01,2.137329589069e+01,-7.374579521900e-01,0.000000000000e+00
4.968000000000e-01,1.579826855855e+01,-1.437276415034e+01,2.135794088318e+01,-7.381858219344e-01,0.000000000000e+00
4.972000000000e-01,1.577661315975e+01,-1.437403525746e+01,2.134278361355e+01,-7.389126795576e-01,0.000000000000e+00
4.976000000000e-01,1.575514012543e+01,-1.437540974873e+01,2.132784203373e+01,-7.396383874913e-01,0.000000000000e+00
4.980000000000e-01,1.573386411993e+01,-1.437689771452e+01,2.131313369822e+01,-7.403628070490e-01,0.000000000000e+00
4.984000000000e-01,1.571279946208e+01,-1.437850900338e+01,2.129867573573e+01,-7.410857994233e-01,0.000000000000e+00
4.988000000000e-01,1.569196014475e+01,-1.438025320360e+01,2.128448485127e+01,-7.418072245241e-01,0.000000000000e+00
4.992000000000e-01,1.567135983804e+01,-1.438213965822e+01,2.127057733871e+01,-7.425269414948e-01,0.000000000000e+00
4.996000000000e-01,1.565101186472e+01,-1.438417745784e+01,2.125696905790e+01,-7.432448093387e-01,0.000000000000e+00
5.000000000000e-01,1.563092920569e+01,-1.438637541257e+01,2.124367541987e+01,-7.439606858826e-01,0.000000000000e+00
5.004000000000e-01,1.561112450840e+01,-1.438874207722e+01,2.123071141016e+01,-7.446744284850e-01,0.000000000000e+00
5.008000000000e-01,1.559161007489e+01,-1.439128574580e+01,2.121809157640e+01,-7.453858943313e-01,0.000000000000e+00
5.012000000000e-01,1.557239785275e+01,-1.439401441660e+01,2.120582999813e+01,-7.460949396284e-01,0.000000000000e+00
5.016000000000e-01,1.555349944579e+01,-1.439693582014e+01,2.119394031368e+01,-7.468014203421e-01,0.000000000000e+00
5.020000000000e-01,1.553492611401e+01,-1.440005741726e+01,2.118243571897e+01,-7.475051922462e-01,0.000000000000e+00
5.024000000000e-01,1.551668875700e+01,-1.440338636540e+01,2.117132893261e+01,-7.482061104039e-01,0.000000000000e+00
5.028000000000e-01,1.549879791952e+01,-1.440692953828e+01,2.116063221341e+01,-7.489040297893e-01,0.000000000000e+00
5.032000000000e-01,1.548126380217e+01,-1.441069353017e+01,2.115035737128e+01,-7.495988052113e-01,0.000000000000e+00
5.036000000000e-01,1.546409624540e+01,-1.441468463035e+01,2.114051573826e+01,-7.502902910655e-01,0.000000000000e+00
5.040000000000e-01,1.544730472413e+01,-1.441890882650e+01,2.113111816699e+01,-7.509783417485e-01,0.000000000000e+00
5.044000000000e-01,1.543089836639e+01,-1.442337181651e+01,2.112217505257e+01,-7.516628115879e-01,0.000000000000e+00
5.048000000000e-01,1.541488594347e+01,-1.442807899395e+01,2.111369631556e+01,-7.523435547832e-01,0.000000000000e+00
5.052000000000e-01,1.539927585344e+01,-1.443303543422e+01,2.110569138067e+01,-7.530204255840e-01,0.000000000000e+00
5.056000000000e-01,1.538407614187e+01,-1.443824591192e+01,2.109816920380e+01,-7.536932783486e-01,0.000000000000e+00
5.060000000000e-01,1.536929450074e+01,-1.444371489630e+01,2.109113826838e+01,-7.543619675459e-01,0.000000000000e+00
5.064000000000e-01,1.535493824712e+01,-1.444944652679e+01,2.108460655321e+01,-7.550263477297e-01,0.000000000000e+00
5.068000000000e-01,1.534101433611e+01,-1.445544462953e+01,2.107858155327e+01,-7.556862738173e-01,0.000000000000e+00
5.072000000000e-01,1.532752937052e+01,-1.446171272046e+01,2.107307028919e+01,-7.563416010078e-01,0.000000000000e+00
5.076000000000e-01,1.531448958263e+01,-1.446825398012e+01,2.106807927670e+01,-7.569921846327e-01,0.000000000000e+00
5.080000000000e-01,1.530190083007e+01,-1.447507126193e+01,2.106361452959e+01,-7.576378807017e-01,0.000000000000e+00
5.084000000000e-01,1.528976861793e+01,-1.448216710059e+01,2.105968158161e+01,-7.582785456010e-01,0.000000000000e+00
5.088000000000e-01,1.527809808741e+01,-1.448954369330e+01,2.105628546559e+01,-7.589140359374e-01,0.000000000000e+00
5.092000000000e-01,1.526689399275e+01,-1.449720289746e+01,2.105343069516e+01,-7.595442093401e-01,0.000000000000e+00
5.096000000000e-01,1.525616073328e+01,-1.450514623938e+01,2.105112129426e+01,-7.601689238365e-01,0.000000000000e+00
5.100000000000e-01,1.524590234964e+01,-1.451337490655e+01,2.104936078917e+01,-7.607880378318e-01,0.000000000000e+00
5.104000000000e-01,1.523612248711e+01,-1.452188973753e+01,2.104815217522e+01,-7.614014110825e-01,0.000000000000e+00
5.108000000000e-01,1.522682443119e+01,-1.453069122369e+01,2.104749794385e+01,-7.620089037117e-01,0.000000000000e+00
5.112000000000e-01,1.521801110898e+01,-1.453977951461e+01,2.104740008758e+01,-7.626103764685e-01,0.000000000000e+00
5.116000000000e-01,1.520968505085e+01,-1.454915440700e+01,2.104786006473e+01,-7.632056917175e-01,0.000000000000e+00
5.120000000000e-01,1.520184841900e+01,-1.455881533062e+01,2.104887881065e+01,-7.637947121368e-01,0.000000000000e+00
5.124000000000e-01,1.519450301277e+01,-1.456876136920e+01,2.105045675604e+01,-7.643773013725e-01,0.000000000000e+00
5.128000000000e-01,1.518765023838e+01,-1.457899125204e+01,2.105259379958e+01,-7.649533248547e-01,0.000000000000e+00
5.132000000000e-01,1.518129112428e+01,-1.458950332135e+01,2.105528929660e+01,-7.655226482812e-01,0.000000000000e+00
5.136000000000e-01,1.517542632691e+01,-1.460029556748e+01,2.105854208775e+01,-7.660851387418e-01,0.000000000000e+00
5.140000000000e-01,1.517005611503e+01,-1.461136562405e+01,2.106235048452e+01,-7.666406651686e-01,0.000000000000e+00
5.144000000000e-01,1.516518037186e+01,-1.462271072075e+01,2.106671223835e+01,-7.671890967494e-01,0.000000000000e+00
5.148000000000e-01,1.516079859496e+01,-1.463432772761e+01,2.107162457135e+01,-7.677303045454e-01,0.000000000000e+00
5.152000000000e-01,1.515690989822e+01,-1.464621315183e+01,2.107708417575e+01,-7.682641614075e-01,0.000000000000e+00
5.156000000000e-01,1.515351300701e+01,-1.465836308687e+01,2.108308717527e+01,-7.687905404891e-01,0.000000000000e+00
5.160000000000e-01,1.515060624284e+01,-1.467077325581e+01,2.108962914442e+01,-7.693093173201e-01,0.000000000000e+00
5.164000000000e-01,1.514818754520e+01,-1.468343900851e+01,2.109670512240e+01,-7.698203690691e-01,0.000000000000e+00
5.168000000000e-01,1.514625446610e+01,-1.469635527842e+01,2.110430957936e+01,-7.703235733343e-01,0.000000000000e+00
5.172000000000e-01,1.514480413316e+01,-1.470951661590e+01,2.111243641330e+01,-7.708188105705e-01,0.000000000000e+00
5.176000000000e-01,1.514383329155e+01,-1.472291718441e+01,2.112107897768e+01,-7.713059626457e-01,0.000000000000e+00
5.180000000000e-01,1.514333830038e+01,-1.473655073274e+01,2.113023005976e+01,-7.717849120844e-01,0.000000000000e+00
5.184000000000e-01,1.514331507605e+01,-1.475041061482e+01,2.113988185393e+01,-7.722555446717e-01,0.000000000000e+00
5.188000000000e-01,1.514375914946e+01,-1.476448978133e+01,2.115002599714e+01,-7.727177473408e-01,0.000000000000e+00
5.192000000000e-01,1.514466566382e+01,-1.477878077164e+01,2.116065356186e+01,-7.731714080231e-01,0.000000000000e+00
5.196000000000e-01,1.514602930819e+01,-1.479327572236e+01,2.117175501469e+01,-7.736164181811e-01,0.000000000000e+00
5.200000000000e-01,1.514784437965e+01,-1.480796634861e+01,2.118332024805e+01,-7.740526701661e-01,0.000000000000e+00
5.204000000000e-01,1.515010478077e+01,-1.482284395708e+01,2.119533858762e+01,-7.744800577836e-01,0.000000000000e+00
5.208000000000e-01,1.515280395816e+01,-1.483789944935e+01,2.120779875101e+01,-7.748984784650e-01,0.000000000000e+00
5.212000000000e-01,1.515593495634e+01,-1.485312328651e+01,2.122068886170e+01,-7.753078303250e-01,0.000000000000e+00
5.216000000000e-01,1.515949041440e+01,-1.486850552391e+01,2.123399647120e+01,-7.757080134689e-01,0.000000000000e+00
5.220000000000e-01,1.516346252084e+01,-1.488403581287e+01,2.124770852820e+01,-7.760989315520e-01,0.000000000000e+00
5.224000000000e-01,1.516784305140e+01,-1.489970334821e+01,2.126181136913e+01,-7.764804887838e-01,0.000000000000e+00
5.228000000000e-01,1.517262336240e+01,-1.491549692147e+01,2.127629075078e+01,-7.768525919413e-01,0.000000000000e+00
5.232000000000e-01,1.517779436883e+01,-1.493140492203e+01,2.129113183577e+01,-7.772151511281e-01,0.000000000000e+00
5.236000000000e-01,1.518334656536e+01,-1.494741527411e+01,2.130631916359e+01,-7.775680769622e-01,0.000000000000e+00
5.240000000000e-01,1.518927001128e+01,-1.496351550050e+01,2.132183668471e+01,-7.779112832028e-01,0.000000000000e+00
5.244000000000e-01,1.519555433429e+01,-1.497969272249e+01,2.133766776353e+01,-7.782446865976e-01,0.000000000000e+00
5.248000000000e-01,1.520218874097e+01,-1.499593359843e+01,2.135379514289e+01,-7.785682044661e-01,0.000000000000e+00
5.252000000000e-01,1.520916198528e+01,-1.501222438619e+01,2.137020096573e+01,-7.788817577929e-01,0.000000000000e+00
5.256000000000e-01,1.521646239922e+01,-1.502855094190e+01,2.138686679624e+01,-7.791852701382e-01,0.000000000000e+00
5.260000000000e-01,1.522407789893e+01,-1.504489867178e+01,2.140377359058e+01,-7.794786657928e-01,0.000000000000e+00
5.264000000000e-01,1.523199593275e+01,-1.506125258319e+01,2.142090169601e+01,-7.797618731389e-01,0.000000000000e+00
5.268000000000e-01,1.524020353689e+01,-1.507759728247e+01,2.143823088919e+01,-7.800348226907e-01,0.000000000000e+00
5.272000000000e-01,1.524868734004e+01,-1.509391694678e+01,2.145574035988e+01,-7.802974459522e-01,0.000000000000e+00
5.276000000000e-01,1.525743349476e+01,-1.511019536036e+01,2.147340868785e+01,-7.805496788039e-01,0.000000000000e+00
5.280000000000e-01,1.526642775148e+01,-1.512641590929e+01,2.149121389201e+01,-7.807914588282e-01,0.000000000000e+00
5.284000000000e-01,1.527565546183e+01,-1.514256157625e+01,2.150913342929e+01,-7.810227249531e-01,0.000000000000e+00
5.288000000000e-01,1.528510150431e+01,-1.515861496437e+01,2.152714415883e+01,-7.812434205865e-01,0.000000000000e+00
5.292000000000e-01,1.529475036538e+01,-1.517455828496e+01,2.154522239112e+01,-7.814534904681e-01,0.000000000000e+00
5.296000000000e-01,1.530458614039e+01,-1.519037337486e+01,2.156334390108e+01,-7.816528811174e-01,0.000000000000e+00
5.300000000000e-01,1.531459246836e+01,-1.520604171394e+01,2.158148389426e+01,-7.818415434376e-01,0.000000000000e+00
5.304000000000e-01,1.532475260666e+01,-1.522154440152e+01,2.159961704343e+01,-7.820194293931e-01,0.000000000000e+00
5.308000000000e-01,1.533504943021e+01,-1.523686219496e+01,2.161771751539e+01,-7.821864931934e-01,0.000000000000e+00
5.312000000000e-01,1.534546538544e+01,-1.525197552477e+01,2.163575894910e+01,-7.823426931702e-01,0.000000000000e+00
5.316000000000e-01,1.535598255109e+01,-1.526686446036e+01,2.165371447489e+01,-7.824879885494e-01,0.000000000000e+00
5.320000000000e-01,1.536658263489e+01,-1.528150876562e+01,2.167155675139e+01,-7.826223412539e-01,0.000000000000e+00
5.324000000000e-01,1.537724695164e+01,-1.529588791325e+01,2.168925796025e+01,-7.827457169503e-01,0.000000000000e+00
5.328000000000e-01,1.538795646923e+01,-1.530998104542e+01,2.170678981126e+01,-7.828580821273e-01,0.000000000000e+00
5.332000000000e-01,1.539869180048e+01,-1.532376703961e+01,2.172412358302e+01,-7.829594063721e-01,0.000000000000e+00
5.336000000000e-01,1.540943320578e+01,-1.533722452182e+01,2.174123013438e+01,-7.830496625673e-01,0.000000000000e+00
5.340000000000e-01,1.542016062859e+01,-1.535033183107e+01,2.175807990461e+01,-7.831288244279e-01,0.000000000000e+00
5.344000000000e-01,1.543085367922e+01,-1.536306708712e+01,2.177464294984e+01,-7.831968690863e-01,0.000000000000e+00
5.348000000000e-01,1.544149166003e+01,-1.537540820240e+01,2.179088896941e+01,-7.832537764982e-01,0.000000000000e+00
5.352000000000e-01,1.545205359549e+01,-1.538733285787e+01,2.180678731031e+01,-7.832995275278e-01,0.000000000000e+00
5.356000000000e-01,1.546251820683e+01,-1.539881856659e+01,2.182230699407e+01,-7.833341066702e-01,0.000000000000e+00
5.360000000000e-01,1.547286395636e+01,-1.540984268410e+01,2.183741675567e+01,-7.833575007858e-01,0.000000000000e+00
5.364000000000e-01,1.548306907415e+01,-1.542038239909e+01,2.185208505587e+01,-7.833696977698e-01,0.000000000000e+00
5.368000000000e-01,1.549311152771e+01,-1.543041479135e+01,2.186628010072e+01,-7.833706892406e-01,0.000000000000e+00
5.372000000000e-01,1.550296907946e+01,-1.543991683975e+01,2.187996988793e+01,-7.833604687685e-01,0.000000000000e+00
5.376000000000e-01,1.551261931014e+01,-1.544886542743e+01,2.189312222722e+01,-7.833390311193e-01,0.000000000000e+00
5.380000000000e-01,1.552203959060e+01,-1.545723739607e+01,2.190570475859e+01,-7.833063747463e-01,0.000000000000e+00
5.384000000000e-01,1.553120714565e+01,-1.546500955048e+01,2.191768500087e+01,-7.832624997076e-01,0.000000000000e+00
5.388000000000e-01,1.554009907318e+01,-1.547215867596e+01,2.192903037752e+01,-7.832074074362e-01,0.000000000000e+00
5.392000000000e-01,1.554869232532e+01,-1.547866159125e+01,2.193970824063e+01,-7.831411028907e-01,0.000000000000e+00
5.396000000000e-01,1.555696377281e+01,-1.548449515049e+01,2.194968591789e+01,-7.830635923698e-01,0.000000000000e+00
5.400000000000e-01,1.556489021903e+01,-1.548963626884e+01,2.195893074062e+01,-7.829748837216e-01,0.000000000000e+00
5.404000000000e-01,1.557244839459e+01,-1.549406197525e+01,2.196741007709e+01,-7.828749880535e-01,0.000000000000e+00
5.408000000000e-01,1.557961501972e+01,-1.549774941466e+01,2.197509137825e+01,-7.827639176309e-01,0.000000000000e+00
5.412000000000e-01,1.558636681258e+01,-1.550067587783e+01,2.198194220459e+01,-7.826416864121e-01,0.000000000000e+00
5.416000000000e-01,1.559268049707e+01,-1.550281885236e+01,2.198793026760e+01,-7.825083112826e-01,0.000000000000e+00
5.420000000000e-01,1.559853286446e+01,-1.550415603046e+01,2.199302347883e+01,-7.823638101727e-01,0.000000000000e+00
5.424000000000e-01,1.560390077542e+01,-1.550466533859e+01,2.199718997215e+01,-7.822082027975e-01,0.000000000000e+00
5.428000000000e-01,1.560876117782e+01,-1.550432498404e+01,2.200039814906e+01,-7.820415114405e-01,0.000000000000e+00
5.432000000000e-01,1.561309117063e+01,-1.550311347351e+01,2.200261673699e+01,-7.818637593649e-01,0.000000000000e+00
5.436000000000e-01,1.561686799980e+01,-1.550100963925e+01,2.200381480470e+01,-7.816749716509e-01,0.000000000000e+00
5.440000000000e-01,1.562006908135e+01,-1.549799267824e+01,2.200396180603e+01,-7.814751755904e-01,0.000000000000e+00
5.444000000000e-01,1.562267206987e+01,-1.549404218471e+01,2.200302765130e+01,-7.812643994201e-01,0.000000000000e+00
5.448000000000e-01,1.562465485035e+01,-1.548913817176e+01,2.200098271661e+01,-7.810426731631e-01,0.000000000000e+00
5.452000000000e-01,1.562599556122e+01,-1.548326110039e+01,2.199779788029e+01,-7.808100287206e-01,0.000000000000e+00
5.456000000000e-01,1.562667266764e+01,-1.547639192581e+01,2.199344460749e+01,-7.805664989183e-01,0.000000000000e+00
5.460000000000e-01,1.562666495361e+01,-1.546851211636e+01,2.198789495760e+01,-7.803121182785e-01,0.000000000000e+00
5.464000000000e-01,1.562595153977e+01,-1.545960367011e+01,2.198112160833e+01,-7.800469229032e-01,0.000000000000e+00
5.468000000000e-01,1.562451195924e+01,-1.544964917153e+01,2.197309794925e+01,-7.797709498015e-01,0.000000000000e+00
5.472000000000e-01,1.562232615602e+01,-1.543863181187e+01,2.196379809476e+01,-7.794842375362e-01,0.000000000000e+00
5.476000000000e-01,1.561937449255e+01,-1.542653539126e+01,2.195319689057e+01,-7.791868259927e-01,0.000000000000e+00
5.480000000000e-01,1.561563782505e+01,-1.541334438108e+01,2.194127001093e+01,-7.788787559410e-01,0.000000000000e+00
5.484000000000e-01,1.561109751377e+01,-1.539904395003e+01,2.192799398393e+01,-7.785600695178e-01,0.000000000000e+00
5.488000000000e-01,1.560573541626e+01,-1.538361995032e+01,2.191334617666e+01,-7.782308099666e-01,0.000000000000e+00
5.492000000000e-01,1.559953395943e+01,-1.536705898130e+01,2.189730489093e+01,-7.778910213831e-01,0.000000000000e+00
5.496000000000e-01,1.559247616521e+01,-1.534934842397e+01,2.187984940541e+01,-7.775407490089e-01,0.000000000000e+00
5.500000000000e-01,1.558454562724e+01,-1.533047641105e+01,2.186095993769e+01,-7.771800390141e-01,0.000000000000e+00
5.504000000000e-01,1.557572657723e+01,-1.531043188809e+01,2.184061773413e+01,-7.768089383769e-01,0.000000000000e+00
5.508000000000e-01,1.556600392753e+01,-1.528920465728e+01,2.181880513053e+01,-7.764274949769e-01,0.000000000000e+00
5.512000000000e-01,1.555536323032e+01,-1.526678533232e+01,2.179550549105e+01,-7.760357574760e-01,0.000000000000e+00
5.516000000000e-01,1.554379073687e+01,-1.524316539422e+01,2.177070328922e+01,-7.756337752876e-01,0.000000000000e+00
5.520000000000e-01,1.553127345619e+01,-1.521833724349e+01,2.174438418598e+01,-7.752215984689e-01,0.000000000000e+00
5.524000000000e-01,1.551779909716e+01,-1.519229414153e+01,2.171653494696e+01,-7.747992777370e-01,0.000000000000e+00
5.528000000000e-01,1.550335612007e+01,-1.516503025937e+01,2.168714351300e+01,-7.743668644949e-01,0.000000000000e+00
5.532000000000e-01,1.548793380899e+01,-1.513654073616e+01,2.165619909239e+01,-7.739244105258e-01,0.000000000000e+00
5.536000000000e-01,1.547152219799e+01,-1.510682160882e+01,2.162369205856e+01,-7.734719681675e-01,0.000000000000e+00
5.540000000000e-01,1.545411211524e+01,-1.507586985348e+01,2.158961401021e+01,-7.730095903717e-01,0.000000000000e+00
5.544000000000e-01,1.543569526567e+01,-1.504368344705e+01,2.155395787297e+01,-7.725373302084e-01,0.000000000000e+00
5.548000000000e-01,1.541626414262e+01,-1.501026128692e+01,2.151671777983e+01,-7.720552412055e-01,0.000000000000e+00
5.552000000000e-01,1.539581206589e+01,-1.497560322603e+01,2.147788912235e+01,-7.715633774328e-01,0.000000000000e+00
5.556000000000e-01,1.537433327033e+01,-1.493971013377e+01,2.143746865626e+01,-7.710617928216e-01,0.000000000000e+00
5.560000000000e-01,1.535182280457e+01,-1.490258380716e+01,2.139545436658e+01,-7.705505416666e-01,0.000000000000e+00
5.564000000000e-01,1.532827656498e+01,-1.486422700183e+01,2.135184551308e+01,-7.700296787376e-01,0.000000000000e+00
5.568000000000e-01,1.530369138564e+01,-1.482464348782e+01,2.130664273338e+01,-7.694992584184e-01,0.000000000000e+00
5.572000000000e-01,1.527806492567e+01,-1.478383795370e+01,2.125984789490e+01,-7.689593353567e-01,0.000000000000e+00
5.576000000000e-01,1.525139570193e+01,-1.474181603662e+01,2.121146413887e+01,-7.684099646202e-01,0.000000000000e+00
5.580000000000e-01,1.522368317500e+01,-1.469858436822e+01,2.116149597364e+01,-7.678512006548e-01,0.000000000000e+00
5.584000000000e-01,1.519492762750e+01,-1.465415047314e+01,2.110994911634e+01,-7.672830980600e-01,0.000000000000e+00
5.588000000000e-01,1.516513019855e+01,-1.460852280226e+01,2.105683054031e+01,-7.667057118157e-01,0.000000000000e+00
5.592000000000e-01,1.513429295965e+01,-1.456171076294e+01,2.100214855037e+01,-7.661190960615e-01,0.000000000000e+00
5.596000000000e-01,1.510241878754e+01,-1.451372461459e+01,2.094591261851e+01,-7.655233049612e-01,0.000000000000e+00
5.600000000000e-01,1.506951140340e+01,-1.446457550905e+01,2.088813343969e+01,-7.649183930392e-01,0.000000000000e+00
5.604000000000e-01,1.503557543149e+01,-1.441427549874e+01,2.082882297946e+01,-7.643044137845e-01,0.000000000000e+00
5.608000000000e-01,1.500061627227e+01,-1.436283743356e+01,2.076799431073e+01,-7.636814205541e-01,0.000000000000e+00
5.612000000000e-01,1.496464014800e+01,-1.431027501136e+01,2.070566168128e+01,-7.630494670663e-01,0.000000000000e+00
5.616000000000e-01,1.492765413672e+01,-1.425660275766e+01,2.064184052392e+01,-7.624086058418e-01,0.000000000000e+00
5.620000000000e-01,1.488966605372e+01,-1.420183592988e+01,2.057654730441e+01,-7.617588890785e-01,0.000000000000e+00
5.624000000000e-01,1.485068450280e+01,-1.414599057853e+01,2.050979960042e+01,-7.611003693532e-01,0.000000000000e+00
5.628000000000e-01,1.481071887905e+01,-1.408908349376e+01,2.044161606646e+01,-7.604330979302e-01,0.000000000000e+00
5.632000000000e-01,1.476977926906e+01,-1.403113212426e+01,2.037201630535e+01,-7.597571255169e-01,0.000000000000e+00
5.636000000000e-01,1.472787650285e+01,-1.397215464594e+01,2.030102095297e+01,-7.590725032264e-01,0.000000000000e+00
5.640000000000e-01,1.468502212265e+01,-1.391216987469e+01,2.022865159532e+01,-7.583792808087e-01,0.000000000000e+00
5.644000000000e-01,1.464122831276e+01,-1.385119720711e+01,2.015493067655e+01,-7.576775071738e-01,0.000000000000e+00
5.648000000000e-01,1.459650794201e+01,-1.378925668854e+01,2.007988157643e+01,-7.569672316594e-01,0.000000000000e+00
5.652000000000e-01,1.455087450232e+01,-1.372636889822e+01,2.000352848655e+01,-7.562485022735e-01,0.000000000000e+00
5.656000000000e-01,1.450434207706e+01,-1.366255491693e+01,1.992589636495e+01,-7.555213658502e-01,0.000000000000e+00
5.660000000000e-01,1.445692535891e+01,-1.359783638040e+01,1.984701098557e+01,-7.547858696494e-01,0.000000000000e+00
5.664000000000e-01,1.440863957119e+01,-1.353223535337e+01,1.976689879448e+01,-7.540420597339e-01,0.000000000000e+00
5.668000000000e-01,1.435950047688e+01,-1.346577432201e+01,1.968558691116e+01,-7.532899806188e-01,0.000000000000e+00
5.672000000000e-01,1.430952435626e+01,-1.339847621820e+01,1.960310312864e+01,-7.525296771926e-01,0.000000000000e+00
5.676000000000e-01,1.425872793247e+01,-1.333036430674e+01,1.951947578196e+01,-7.517611933860e-01,0.000000000000e+00
5.680000000000e-01,1.420712840961e+01,-1.326146218886e+01,1.943473377831e+01,-7.509845711946e-01,0.000000000000e+00
5.684000000000e-01,1.415474340773e+01,-1.319179379335e+01,1.934890654339e+01,-7.501998528543e-01,0.000000000000e+00
5.688000000000e-01,1.410159091017e+01,-1.312138329797e+01,1.926202392923e+01,-7.494070799764e-01,0.000000000000e+00
5.692000000000e-01,1.404768930895e+01,-1.305025512247e+01,1.917411624254e+01,-7.486062918893e-01,0.000000000000e+00
5.696000000000e-01,1.399305731255e+01,-1.297843389733e+01,1.908521415598e+01,-7.477975279179e-01,0.000000000000e+00
5.700000000000e-01,1.393771392105e+01,-1.290594442850e+01,1.899534866583e+01,-7.469808271377e-01,0.000000000000e+00
5.704000000000e-01,1.388167845320e+01,-1.283281165918e+01,1.890455108587e+01,-7.461562261328e-01,0.000000000000e+00
5.708000000000e-01,1.382497045818e+01,-1.275906063788e+01,1.881285296096e+01,-7.453237610876e-01,0.000000000000e+00
5.712000000000e-01,1.376760970623e+01,-1.268471651729e+01,1.872028605944e+01,-7.444834682770e-01,0.000000000000e+00
5.716000000000e-01,1.370961618468e+01,-1.260980448145e+01,1.862688232077e+01,-7.436353815351e-01,0.000000000000e+00
5.720000000000e-01,1.365101004332e+01,-1.253434972898e+01,1.853267380416e+01,-7.427795337103e-01,0.000000000000e+00
5.724000000000e-01,1.359181157316e+01,-1.245837748280e+01,1.843769267951e+01,-7.419159579864e-01,0.000000000000e+00
5.728000000000e-01,1.353204118759e+01,-1.238191290811e+01,1.834197115815e+01,-7.410446854618e-01,0.000000000000e+00
5.732000000000e-01,1.347171940223e+01,-1.230498110049e+01,1.824554147006e+01,-7.401657455178e-01,0.000000000000e+00
5.736000000000e-01,1.341086678657e+01,-1.222760709142e+01,1.814843583203e+01,-7.392791679467e-01,0.000000000000e+00
5.740000000000e-01,1.334950395705e+01,-1.214981579270e+01,1.805068640511e+01,-7.383849810904e-01,0.000000000000e+00
5.744000000000e-01,1.328765156274e+01,-1.207163195677e+01,1.795232525754e+01,-7.374832108319e-01,0.000000000000e+00
5.748000000000e-01,1.322533023095e+01,-1.199308019080e+01,1.785338433409e+01,-7.365738832866e-01,0.000000000000e+00
5.752000000000e-01,1.316256057221e+01,-1.191418493709e+01,1.775389544670e+01,-7.356570239136e-01,0.000000000000e+00
5.756000000000e-01,1.309936314729e+01,-1.183497038586e+01,1.765389019164e+01,-7.347326551951e-01,0.000000000000e+00
5.760000000000e-01,1.303575844784e+01,-1.175546052191e+01,1.755339996675e+01,-7.338007993527e-01,0.000000000000e+00
5.764000000000e-01,1.297176687413e+01,-1.167567910955e+01,1.745245594482e+01,-7.328614786383e-01,0.000000000000e+00
5.768000000000e-01,1.290740870745e+01,-1.159564959717e+01,1.735108898949e+01,-7.319147123913e-01,0.000000000000e+00
5.772000000000e-01,1.284270412569e+01,-1.151539517259e+01,1.724932970411e+01,-7.309605187895e-01,0.000000000000e+00
5.776000000000e-01,1.277767312777e+01,-1.143493873146e+01,1.714720835449e+01,-7.299989164506e-01,0.000000000000e+00
5.780000000000e-01,1.271233556135e+01,-1.135430284093e+01,1.704475486559e+01,-7.290299218129e-01,0.000000000000e+00
5.784000000000e-01,1.264671111021e+01,-1.127350972614e+01,1.694199880329e+01,-7.280535490077e-01,0.000000000000e+00
5.788000000000e-01,1.258081922285e+01,-1.119258126941e+01,1.683896932091e+01,-7.270698126039e-01,0.000000000000e+00
5.792000000000e-01,1.251467917327e+01,-1.111153903111e+01,1.673569521859e+01,-7.260787261509e-01,0.000000000000e+00
5.796000000000e-01,1.244830998439e+01,-1.103040413274e+01,1.663220480872e+01,-7.250802999673e-01,0.000000000000e+00
5.800000000000e-01,1.238173044905e+01,-1.094919734739e+01,1.652852599191e+01,-7.240745442790e-01,0.000000000000e+00
5.804000000000e-01,1.231495911497e+01,-1.086793908919e+01,1.642468623901e+01,-7.230614693429e-01,0.000000000000e+00
5.808000000000e-01,1.224801423761e+01,-1.078664930101e+01,1.632071248162e+01,-7.220410821847e-01,0.000000000000e+00
5.812000000000e-01,1.218091384697e+01,-1.070534755831e+01,1.621663123129e+01,-7.210133885429e-01,0.000000000000e+00
5.816000000000e-01,1.211367563367e+01,-1.062405301034e+01,1.611246845534e+01,-7.199783947317e-01,0.000000000000e+00
5.820000000000e-01,1.204631702729e+01,-1.054278439218e+01,1.600824964392e+01,-7.189361049484e-01,0.000000000000e+00
5.824000000000e-01,1.197885515718e+01,-1.046155997794e+01,1.590399975002e+01,-7.178865205740e-01,0.000000000000e+00
5.828000000000e-01,1.191130680892e+01,-1.038039761409e+01,1.579974317902e+01,-7.168296434148e-01,0.000000000000e+00
5.832000000000e-01,1.184368849995e+01,-1.029931476628e+01,1.569550387655e+01,-7.157654747434e-01,0.000000000000e+00
5.836000000000e-01,1.177601636769e+01,-1.021832835872e+01,1.559130513904e+01,-7.146940121526e-01,0.000000000000e+00
5.840000000000e-01,1.170830627258e+01,-1.013745493156e+01,1.548716979510e+01,-7.136152526538e-01,0.000000000000e+00
5.844000000000e-01,1.164057370193e+01,-1.005671058168e+01,1.538312009423e+01,-7.125291937705e-01,0.000000000000e+00
5.848000000000e-01,1.157283381127e+01,-9.976110932304e+00,1.527917771861e+01,-7.114358301897e-01,0.000000000000e+00
5.852000000000e-01,1.150510144409e+01,-9.895671161610e+00,1.517536381697e+01,-7.103351541468e-01,0.000000000000e+00
5.856000000000e-01,1.143739103831e+01,-9.815405987898e+00,1.507169892449e+01,-7.092271585455e-01,0.000000000000e+00
5.860000000000e-01,1.136971675139e+01,-9.735329747630e+00,1.496820310866e+01,-7.081118353821e-01,0.000000000000e+00
5.864000000000e-01,1.130209232725e+01,-9.655456225490e+00,1.486489575799e+01,-7.069891727636e-01,0.000000000000e+00
5.868000000000e-01,1.123453120792e+01,-9.575798824917e+00,1.476179577819e+01,-7.058591584961e-01,0.000000000000e+00
5.872000000000e-01,1.116704645246e+01,-9.496370517054e+00,1.465892149746e+01,-7.047217809208e-01,0.000000000000e+00
5.876000000000e-01,1.109965076615e+01,-9.417183797433e+00,1.455629066092e+01,-7.035770252340e-01,0.000000000000e+00
5.880000000000e-01,1.103235653804e+01,-9.338250734749e+00,1.445392049125e+01,-7.024248741390e-01,0.000000000000e+00
5.884000000000e-01,1.096517574084e+01,-9.259582951853e+00,1.435182760034e+01,-7.012653111275e-01,0.000000000000e+00
5.888000000000e-01,1.089812006885e+01,-9.181191714014e+00,1.425002815171e+01,-7.000983188536e-01,0.000000000000e+00
5.892000000000e-01,1.083120079581e+01,-9.103087749928e+00,1.414853763688e+01,-6.989238757872e-01,0.000000000000e+00
5.896000000000e-01,1.076442890989e+01,-9.025281439994e+00,1.404737110021e+01,-6.977419599676e-01,0.000000000000e+00
5.900000000000e-01,1.069781500490e+01,-8.947782748981e+00,1.394654301259e+01,-6.965525501859e-01,0.000000000000e+00
5.904000000000e-01,1.063136935305e+01,-8.870601221820e+00,1.384606732460e+01,-6.953556222543e-01,0.000000000000e+00
5.908000000000e-01,1.056510189808e+01,-8.793745980313e+00,1.374595745967e+01,-6.941511488863e-01,0.000000000000e+00
5.912000000000e-01,1.049902220641e+01,-8.717225755667e+00,1.364622629762e+01,-6.929391035589e-01,0.000000000000e+00
5.916000000000e-01,1.043313956604e+01,-8.641048954858e+00,1.354688629334e+01,-6.917194594912e-01,0.000000000000e+00
5.920000000000e-01,1.036746286854e+01,-8.565223492389e+00,1.344794927880e+01,-6.904921854673e-01,0.000000000000e+00
5.924000000000e-01,1.030200075573e+01,-8.489756974047e+00,1.334942669366e+01,-6.892572491004e-01,0.000000000000e+00
5.928000000000e-01,1.023676146822e+01,-8.414656613391e+00,1.325132941552e+01,-6.880146190715e-01,0.000000000000e+00
5.932000000000e-01,1.017175299404e+01,-8.339929302380e+00,1.315366791965e+01,-6.867642619690e-01,0.000000000000e+00
5.936000000000e-01,1.010698296674e+01,-8.265581495470e+00,1.305645212714e+01,-6.855061401588e-01,0.000000000000e+00
5.940000000000e-01,1.004245873403e+01,-8.191619347531e+00,1.295969154569e+01,-6.842402163321e-01,0.000000000000e+00
5.944000000000e-01,9.978187331655e+00,-8.118048699586e+00,1.286339524054e+01,-6.829664538053e-01,0.000000000000e+00
5.948000000000e-01,9.914175486424e+00,-8.044875008249e+00,1.276757179239e+01,-6.816848119552e-01,0.000000000000e+00
5.952000000000e-01,9.850429669027e+00,-7.972103411861e+00,1.267222938057e+01,-6.803952473267e-01,0.000000000000e+00
5.956000000000e-01,9.786956006346e+00,-7.899738727083e+00,1.257737571301e+01,-6.790977175585e-01,0.000000000000e+00
5.960000000000e-01,9.723760403852e+00,-7.827785525164e+00,1.248301816948e+01,-6.777921798571e-01,0.000000000000e+00
5.964000000000e-01,9.660848427693e+00,-7.756247966099e+00,1.238916360593e+01,-6.764785863937e-01,0.000000000000e+00
5.968000000000e-01,9.598225443599e+00,-7.685129976893e+00,1.229581857494e+01,-6.751568881535e-01,0.000000000000e+00
5.972000000000e-01,9.535896475660e+00,-7.614435180040e+00,1.220298917092e+01,-6.738270374324e-01,0.000000000000e+00
5.976000000000e-01,9.473866353549e+00,-7.544166962005e+00,1.211068118792e+01,-6.724889845489e-01,0.000000000000e+00
5.980000000000e-01,9.412139604947e+00,-7.474328344044e+00,1.201889995539e+01,-6.711426748126e-01,0.000000000000e+00
5.984000000000e-01,9.350720548978e+00,-7.404922139811e+00,1.192765050971e+01,-6.697880536253e-01,0.000000000000e+00
5.988000000000e-01,9.289613224009e+00,-7.335950915121e+00,1.183693751275e+01,-6.684250674910e-01,0.000000000000e+00
5.992000000000e-01,9.228821456649e+00,-7.267416973994e+00,1.174676529742e+01,-6.670536593324e-01,0.000000000000e+00
5.996000000000e-01,9.168348839514e+00,-7.199322335853e+00,1.165713783647e+01,-6.656737678561e-01,0.000000000000e+00
6.000000000000e-01,9.108198730313e+00,-7.131668814765e+00,1.156805879110e+01,-6.642853326751e-01,0.000000000000e+00
6.004000000000e-01,9.048374275752e+00,-7.064458034962e+00,1.147953153930e+01,-6.628882939970e-01,0.000000000000e+00
6.008000000000e-01,8.988878393897e+00,-6.997691338896e+00,1.139155910553e+01,-6.614825871101e-01,0.000000000000e+00
6.012000000000e-01,8.929713828080e+00,-6.931369859485e+00,1.130414424803e+01,-6.600681441528e-01,0.000000000000e+00
6.016000000000e-01,8.870883073655e+00,-6.865494531118e+00,1.121728940802e+01,-6.586448986495e-01,0.000000000000e+00
6.020000000000e-01,8.812388468267e+00,-6.800066139535e+00,1.113099681150e+01,-6.572127840099e-01,0.000000000000e+00
6.024000000000e-01,8.754232121646e+00,-6.735085188990e+00,1.104526833276e+01,-6.557717277801e-01,0.000000000000e+00
6.028000000000e-01,8.696416007261e+00,-6.670552029909e+00,1.096010564525e+01,-6.543216553875e-01,0.000000000000e+00
6.032000000000e-01,8.638941857531e+00,-6.606466832488e+00,1.087551012259e+01,-6.528624939002e-01,0.000000000000e+00
6.036000000000e-01,8.581811280182e+00,-6.542829641847e+00,1.079148296440e+01,-6.513941694673e-01,0.000000000000e+00
6.040000000000e-01,8.525025672767e+00,-6.479640240342e+00,1.070802504506e+01,-6.499166018062e-01,0.000000000000e+00
6.044000000000e-01,8.468586317160e+00,-6.416898293536e+00,1.062513707774e+01,-6.484297093523e-01,0.000000000000e+00
6.048000000000e-01,8.412494275704e+00,-6.354603313452e+00,1.054281950951e+01,-6.469334123015e-01,0.000000000000e+00
6.052000000000e-01,8.356750504766e+00,-6.292754699584e+00,1.046107263659e+01,-6.454276291391e-01,0.000000000000e+00
6.056000000000e-01,8.301355777529e+00,-6.231351617355e+00,1.037989646982e+01,-6.439122716116e-01,0.000000000000e+00
6.060000000000e-01,8.246310762622e+00,-6.170393140212e+00,1.029929088328e+01,-6.423872507708e-01,0.000000000000e+00
6.064000000000e-01,8.191615936018e+00,-6.109878216969e+00,1.021925552423e+01,-6.408524794858e-01,0.000000000000e+00
6.068000000000e-01,8.137271680470e+00,-6.049805693419e+00,1.013978990561e+01,-6.393078682484e-01,0.000000000000e+00
6.072000000000e-01,8.083278223558e+00,-5.990174210838e+00,1.006089329611e+01,-6.377533205828e-01,0.000000000000e+00
6.076000000000e-01,8.029635697521e+00,-5.930982337712e+00,9.982564847029e+00,-6.361887396791e-01,0.000000000000e+00
6.080000000000e-01,7.976344067248e+00,-5.872228544526e+00,9.904803519418e+00,-6.346140305941e-01,0.000000000000e+00
6.084000000000e-01,7.923403216285e+00,-5.813911209849e+00,9.827608156813e+00,-6.330290955391e-01,0.000000000000e+00
6.088000000000e-01,7.870812898067e+00,-5.756028533297e+00,9.750977394728e+00,-6.314338294632e-01,0.000000000000e+00
6.092000000000e-01,7.818572781027e+00,-5.698578658222e+00,9.674909769923e+00,-6.298281271396e-01,0.000000000000e+00
6.096000000000e-01,7.766682387643e+00,-5.641559653119e+00,9.599403660136e+00,-6.282118852865e-01,0.000000000000e+00
6.100000000000e-01,7.715141171160e+00,-5.584969508455e+00,9.524457344190e+00,-6.265849975592e-01,0.000000000000e+00
6.104000000000e-01,7.663948476277e+00,-5.528806056087e+00,9.450068923180e+00,-6.249473499033e-01,0.000000000000e+00
6.108000000000e-01,7.613103574415e+00,-5.473067085917e+00,9.376236417759e+00,-6.232988280447e-01,0.000000000000e+00
6.112000000000e-01,7.562605608637e+00,-5.417750333020e+00,9.302957715841e+00,-6.216393197758e-01,0.000000000000e+00
6.116000000000e-01,7.512453664365e+00,-5.362853470802e+00,9.230230625966e+00,-6.199687099065e-01,0.000000000000e+00
6.120000000000e-01,7.462646737481e+00,-5.308374029796e+00,9.158052804425e+00,-6.182868749071e-01,0.000000000000e+00
6.124000000000e-01,7.413183762765e+00,-5.254309509919e+00,9.086421843968e+00,-6.165936907491e-01,0.000000000000e+00
6.128000000000e-01,7.364063561724e+00,-5.200657374073e+00,9.015335227467e+00,-6.148890356273e-01,0.000000000000e+00
6.132000000000e-01,7.315284907794e+00,-5.147415041367e+00,8.944790377102e+00,-6.131727851703e-01,0.000000000000e+00
6.136000000000e-01,7.266846502678e+00,-5.094579800925e+00,8.874784585638e+00,-6.114448058983e-01,0.000000000000e+00
6.140000000000e-01,7.218746998360e+00,-5.042148918256e+00,8.805315096020e+00,-6.097049632481e-01,0.000000000000e+00
6.144000000000e-01,7.170984947849e+00,-4.990119638396e+00,8.736379062734e+00,-6.079531250386e-01,0.000000000000e+00
6.148000000000e-01,7.123558862052e+00,-4.938489180552e+00,8.667973595227e+00,-6.061891572721e-01,0.000000000000e+00
6.152000000000e-01,7.076467197889e+00,-4.887254646793e+00,8.600095696293e+00,-6.044129161038e-01,0.000000000000e+00
6.156000000000e-01,7.029708372052e+00,-4.836413116555e+00,8.532742327651e+00,-6.026242555921e-01,0.000000000000e+00
6.160000000000e-01,6.983280717457e+00,-4.785961664654e+00,8.465910384262e+00,-6.008230322771e-01,0.000000000000e+00
6.164000000000e-01,6.937182526388e+00,-4.735897356537e+00,8.399596726991e+00,-5.990091018869e-01,0.000000000000e+00
6.168000000000e-01,6.891412054706e+00,-4.686217156660e+00,8.333798134531e+00,-5.971823099318e-01,0.000000000000e+00
6.172000000000e-01,6.845967525870e+00,-4.636918000629e+00,8.268511347868e+00,-5.953424982001e-01,0.000000000000e+00
6.176000000000e-01,6.800847095935e+00,-4.587996833882e+00,8.203733063063e+00,-5.934895109049e-01,0.000000000000e+00
6.180000000000e-01,6.756048878409e+00,-4.539450607026e+00,8.139459948982e+00,-5.916231925936e-01,0.000000000000e+00
6.184000000000e-01,6.711570965429e+00,-4.491276191027e+00,8.075688617578e+00,-5.897433779829e-01,0.000000000000e+00
6.188000000000e-01,6.667411425008e+00,-4.443470415414e+00,8.012415643424e+00,-5.878498957003e-01,0.000000000000e+00
6.192000000000e-01,6.623568273797e+00,-4.396030130361e+00,7.949637575682e+00,-5.859425764422e-01,0.000000000000e+00
6.196000000000e-01,6.580039483508e+00,-4.348952204350e+00,7.887350941872e+00,-5.840212523724e-01,0.000000000000e+00
6.200000000000e-01,6.536823013599e+00,-4.302233452938e+00,7.825552235766e+00,-5.820857472951e-01,0.000000000000e+00
6.204000000000e-01,6.493916810593e+00,-4.255870634339e+00,7.764237914898e+00,-5.801358758928e-01,0.000000000000e+00
6.208000000000e-01,6.451318783412e+00,-4.209860531580e+00,7.703404425354e+00,-5.781714540432e-01,0.000000000000e+00
6.212000000000e-01,6.409026796464e+00,-4.164199958342e+00,7.643048198909e+00,-5.761923000303e-01,0.000000000000e+00
6.216000000000e-01,6.367038702617e+00,-4.118885705620e+00,7.583165651401e+00,-5.741982263956e-01,0.000000000000e+00
6.220000000000e-01,6.325352356452e+00,-4.073914493518e+00,7.523753168051e+00,-5.721890333893e-01,0.000000000000e+00
6.224000000000e-01,6.283965585805e+00,-4.029283061534e+00,7.464807129025e+00,-5.701645207241e-01,0.000000000000e+00
6.228000000000e-01,6.242876178969e+00,-3.984988191181e+00,7.406323910672e+00,-5.681244910977e-01,0.000000000000e+00
6.232000000000e-01,6.202081906416e+00,-3.941026670501e+00,7.348299884428e+00,-5.660687446887e-01,0.000000000000e+00
6.236000000000e-01,6.161580553941e+00,-3.897395214609e+00,7.290731402374e+00,-5.639970674510e-01,0.000000000000e+00
6.240000000000e-01,6.121369891652e+00,-3.854090540880e+00,7.233614811954e+00,-5.619092416454e-01,0.000000000000e+00
6.244000000000e-01,6.081447657808e+00,-3.811109416383e+00,7.176946467566e+00,-5.598050525304e-01,0.000000000000e+00
6.248000000000e-01,6.041811566299e+00,-3.768448638446e+00,7.120722726189e+00,-5.576842856669e-01,0.000000000000e+00
6.252000000000e-01,6.002459349096e+00,-3.726104949528e+00,7.064939938347e+00,-5.555467135704e-01,0.000000000000e+00
6.256000000000e-01,5.963388740468e+00,-3.684075065978e+00,7.009594450587e+00,-5.533920999038e-01,0.000000000000e+00
6.260000000000e-01,5.924597448835e+00,-3.642355752978e+00,6.954682621227e+00,-5.512202104661e-01,0.000000000000e+00
6.264000000000e-01,5.886083157639e+00,-3.600943825431e+00,6.900200821175e+00,-5.490308133917e-01,0.000000000000e+00
6.268000000000e-01,5.847843556420e+00,-3.559836077188e+00,6.846145423288e+00,-5.468236681181e-01,0.000000000000e+00
6.272000000000e-01,5.809876361271e+00,-3.519029247025e+00,6.792512802687e+00,-5.445985192455e-01,0.000000000000e+00
6.276000000000e-01,5.772179267129e+00,-3.478520109163e+00,6.739299343531e+00,-5.423551111600e-01,0.000000000000e+00
6.280000000000e-01,5.734749949248e+00,-3.438305501845e+00,6.686501454753e+00,-5.400931916458e-01,0.000000000000e+00
6.284000000000e-01,5.697586070738e+00,-3.398382280174e+00,6.634115551878e+00,-5.378125054245e-01,0.000000000000e+00
6.288000000000e-01,5.660685337067e+00,-3.358747233549e+00,6.582138061767e+00,-5.355127790807e-01,0.000000000000e+00
6.292000000000e-01,5.624045446145e+00,-3.319397158736e+00,6.530565417920e+00,-5.331937339339e-01,0.000000000000e+00
6.296000000000e-01,5.587664079214e+00,-3.280328919787e+00,6.479394083102e+00,-5.308550945838e-01,0.000000000000e+00
6.300000000000e-01,5.551538898278e+00,-3.241539428414e+00,6.428620536714e+00,-5.284965867136e-01,0.000000000000e+00
6.304000000000e-01,5.515667595289e+00,-3.203025555233e+00,6.378241272420e+00,-5.261179213105e-01,0.000000000000e+00
6.308000000000e-01,5.480047886639e+00,-3.164784136249e+00,6.328252797488e+00,-5.237187954824e-01,0.000000000000e+00
6.312000000000e-01,5.444677469286e+00,-3.126812062098e+00,6.278651639981e+00,-5.212989077979e-01,0.000000000000e+00
6.316000000000e-01,5.409554027069e+00,-3.089106293992e+00,6.229434361751e+00,-5.188579601634e-01,0.000000000000e+00
6.320000000000e-01,5.374675242712e+00,-3.051663798238e+00,6.180597536007e+00,-5.163956479078e-01,0.000000000000e+00
6.324000000000e-01,5.340038854406e+00,-3.014481474232e+00,6.132137761422e+00,-5.139116448369e-01,0.000000000000e+00
6.328000000000e-01,5.305642586946e+00,-2.977556246213e+00,6.084051648349e+00,-5.114056211813e-01,0.000000000000e+00
6.332000000000e-01,5.271484156387e+00,-2.940885117521e+00,6.036335849296e+00,-5.088772510159e-01,0.000000000000e+00
6.336000000000e-01,5.237561261273e+00,-2.904465138096e+00,5.988987034883e+00,-5.063262085304e-01,0.000000000000e+00
6.340000000000e-01,5.203871646105e+00,-2.868293305936e+00,5.942001901549e+00,-5.037521484509e-01,0.000000000000e+00
6.344000000000e-01,5.170413078817e+00,-2.832366593096e+00,5.895377165482e+00,-5.011547110872e-01,0.000000000000e+00
6.348000000000e-01,5.137183310425e+00,-2.796682036750e+00,5.849109571515e+00,-4.985335388448e-01,0.000000000000e+00
6.352000000000e-01,5.104180082291e+00,-2.761236750623e+00,5.803195904452e+00,-4.958882775777e-01,0.000000000000e+00
6.356000000000e-01,5.071401138976e+00,-2.726027850792e+00,5.757632964656e+00,-4.932185644771e-01,0.000000000000e+00
6.360000000000e-01,5.038844290607e+00,-2.691052381243e+00,5.712417588340e+00,-4.905240111878e-01,0.000000000000e+00
6.364000000000e-01,5.006507332570e+00,-2.656307415823e+00,5.667546626048e+00,-4.878042254794e-01,0.000000000000e+00
6.368000000000e-01,4.974388055893e+00,-2.621790115241e+00,5.623016978366e+00,-4.850588193093e-01,0.000000000000e+00
6.372000000000e-01,4.942484233725e+00,-2.587497692690e+00,5.578825567294e+00,-4.822874048519e-01,0.000000000000e+00
6.376000000000e-01,4.910793690103e+00,-2.553427306451e+00,5.534969347349e+00,-4.794895716837e-01,0.000000000000e+00
6.380000000000e-01,4.879314280487e+00,-2.519576081618e+00,5.491445299630e+00,-4.766648911803e-01,0.000000000000e+00
6.384000000000e-01,4.848043842357e+00,-2.485941211104e+00,5.448250435000e+00,-4.738129365753e-01,0.000000000000e+00
6.388000000000e-01,4.816980207733e+00,-2.452519973387e+00,5.405381812745e+00,-4.709332850704e-01,0.000000000000e+00
6.392000000000e-01,4.786121205168e+00,-2.419309659592e+00,5.362836508747e+00,-4.680255058998e-01,0.000000000000e+00
6.396000000000e-01,4.755464739931e+00,-2.386307476349e+00,5.320611643825e+00,-4.650891370591e-01,0.000000000000e+00
6.400000000000e-01,4.725008706575e+00,-2.353510652197e+00,5.278704354973e+00,-4.621237096922e-01,0.000000000000e+00
6.404000000000e-01,4.694750995342e+00,-2.320916506371e+00,5.237111831707e+00,-4.591287591905e-01,0.000000000000e+00
6.408000000000e-01,4.664689479137e+00,-2.288522424756e+00,5.195831293006e+00,-4.561038225502e-01,0.000000000000e+00
6.412000000000e-01,4.634822071210e+00,-2.256325748806e+00,5.154859989999e+00,-4.530484143371e-01,0.000000000000e+00
6.416000000000e-01,4.605146737153e+00,-2.224323760969e+00,5.114195211793e+00,-4.499620223868e-01,0.000000000000e+00
6.420000000000e-01,4.575661419829e+00,-2.192513804921e+00,5.073834271405e+00,-4.468441347113e-01,0.000000000000e+00
6.424000000000e-01,4.546364062341e+00,-2.160893320987e+00,5.033774541240e+00,-4.436942440788e-01,0.000000000000e+00
6.428000000000e-01,4.517252590939e+00,-2.129459785406e+00,4.994013410875e+00,-4.405118389469e-01,0.000000000000e+00
6.432000000000e-01,4.488325010931e+00,-2.098210582549e+00,4.954548319723e+00,-4.372963718778e-01,0.000000000000e+00
6.436000000000e-01,4.459579335219e+00,-2.067143090223e+00,4.915376730483e+00,-4.340472802234e-01,0.000000000000e+00
6.440000000000e-01,4.431013564866e+00,-2.036254773713e+00,4.876496151490e+00,-4.307640048927e-01,0.000000000000e+00
6.444000000000e-01,4.402625690830e+00,-2.005543184554e+00,4.837904136986e+00,-4.274459903790e-01,0.000000000000e+00
6.448000000000e-01,4.374413714855e+00,-1.975005863403e+00,4.799598265395e+00,-4.240926649349e-01,0.000000000000e+00
6.452000000000e-01,4.346375719960e+00,-1.944640252263e+00,4.761576168642e+00,-4.207034172398e-01,0.000000000000e+00
6.456000000000e-01,4.318509766792e+00,-1.914443833406e+00,4.723835496411e+00,-4.172776308972e-01,0.000000000000e+00
6.460000000000e-01,4.290813917113e+00,-1.884414191470e+00,4.686373962490e+00,-4.138146945382e-01,0.000000000000e+00
6.464000000000e-01,4.263286210415e+00,-1.854548977910e+00,4.649189308189e+00,-4.103139973796e-01,0.000000000000e+00
6.468000000000e-01,4.235924739437e+00,-1.824845775984e+00,4.612279317680e+00,-4.067748961072e-01,0.000000000000e+00
6.472000000000e-01,4.208727645931e+00,-1.795302104735e+00,4.575641817809e+00,-4.031967150207e-01,0.000000000000e+00
6.476000000000e-01,4.181693045520e+00,-1.765915555009e+00,4.539274663905e+00,-3.995787790768e-01,0.000000000000e+00
6.480000000000e-01,4.154819056639e+00,-1.736683822254e+00,4.503175778480e+00,-3.959204184120e-01,0.000000000000e+00
6.484000000000e-01,4.128103776220e+00,-1.707604641124e+00,4.467343102743e+00,-3.922209575162e-01,0.000000000000e+00
6.488000000000e-01,4.101545387175e+00,-1.678675632381e+00,4.431774637976e+00,-3.884796740582e-01,0.000000000000e+00
6.492000000000e-01,4.075142079885e+00,-1.649894402858e+00,4.396468413606e+00,-3.846958251726e-01,0.000000000000e+00
6.496000000000e-01,4.048892030522e+00,-1.621258652664e+00,4.361422508043e+00,-3.808686715762e-01,0.000000000000e+00
6.500000000000e-01,4.022793408244e+00,-1.592766178486e+00,4.326635055645e+00,-3.769974781817e-01,0.000000000000e+00
6.504000000000e-01,3.996844380807e+00,-1.564414775956e+00,4.292104215372e+00,-3.730814930161e-01,0.000000000000e+00
6.508000000000e-01,3.971043208370e+00,-1.536202112179e+00,4.257828213092e+00,-3.691199109311e-01,0.000000000000e+00
6.512000000000e-01,3.945388128086e+00,-1.508125885363e+00,4.223805294677e+00,-3.651119169931e-01,0.000000000000e+00
6.516000000000e-01,3.919877377677e+00,-1.480183900480e+00,4.190033774955e+00,-3.610567012646e-01,0.000000000000e+00
6.520000000000e-01,3.894509174115e+00,-1.452374045973e+00,4.156512008485e+00,-3.569534560617e-01,0.000000000000e+00
6.524000000000e-01,3.869281766280e+00,-1.424694157465e+00,4.123238391020e+00,-3.528013409855e-01,0.000000000000e+00
6.528000000000e-01,3.844193475077e+00,-1.397141961953e+00,4.090211380317e+00,-3.485994658109e-01,0.000000000000e+00
6.532000000000e-01,3.819242587199e+00,-1.369715248310e+00,4.057429457345e+00,-3.443469373738e-01,0.000000000000e+00
6.536000000000e-01,3.794427399222e+00,-1.342411918474e+00,4.024891184471e+00,-3.400428681146e-01,0.000000000000e+00
6.540000000000e-01,3.769746177351e+00,-1.315229940273e+00,3.992595150706e+00,-3.356863691109e-01,0.000000000000e+00
6.544000000000e-01,3.745197252590e+00,-1.288167178745e+00,3.960540006262e+00,-3.312765022788e-01,0.000000000000e+00
6.548000000000e-01,3.720778994768e+00,-1.261221428735e+00,3.928724452059e+00,-3.268122889080e-01,0.000000000000e+00
6.552000000000e-01,3.696489743792e+00,-1.234390567844e+00,3.897147225849e+00,-3.222927513376e-01,0.000000000000e+00
6.556000000000e-01,3.672327849825e+00,-1.207672585097e+00,3.865807148500e+00,-3.177169172488e-01,0.000000000000e+00
6.560000000000e-01,3.648291632396e+00,-1.181065513095e+00,3.834703062981e+00,-3.130838070581e-01,0.000000000000e+00
6.564000000000e-01,3.624379498677e+00,-1.154567244614e+00,3.803833891321e+00,-3.083923786128e-01,0.000000000000e+00
6.568000000000e-01,3.600589860342e+00,-1.128175645382e+00,3.773198593930e+00,-3.036415604880e-01,0.000000000000e+00
6.572000000000e-01,3.576921112643e+00,-1.101888677229e+00,3.742796187756e+00,-2.988302843951e-01,0.000000000000e+00
6.576000000000e-01,3.553371654210e+00,-1.075704406459e+00,3.712625766626e+00,-2.939574865556e-01,0.000000000000e+00
6.580000000000e-01,3.529939862455e+00,-1.049620914536e+00,3.682686451055e+00,-2.890220873232e-01,0.000000000000e+00
6.584000000000e-01,3.506624210459e+00,-1.023636126650e+00,3.652977453142e+00,-2.840229369724e-01,0.000000000000e+00
6.588000000000e-01,3.483423148313e+00,-9.977479785981e-01,3.623498014212e+00,-2.789588670543e-01,0.000000000000e+00
6.592000000000e-01,3.460335126775e+00,-9.719545094282e-01,3.594247453639e+00,-2.738287131834e-01,0.000000000000e+00
6.596000000000e-01,3.437358588913e+00,-9.462538528658e-01,3.565225157383e+00,-2.686313143834e-01,0.000000000000e+00
6.600000000000e-01,3.414491973379e+00,-9.206441243196e-01,3.536430550698e+00,-2.633654829411e-01,0.000000000000e+00
6.604000000000e-01,3.391733807153e+00,-8.951232893184e-01,3.507863156063e+00,-2.580299609236e-01,0.000000000000e+00
6.608000000000e-01,3.369082577644e+00,-8.696893501194e-01,3.479522521941e+00,-2.526234795175e-01,0.000000000000e+00
6.612000000000e-01,3.346536789815e+00,-8.443404140080e-01,3.451408295219e+00,-2.471447742912e-01,0.000000000000e+00
6.616000000000e-01,3.324094928568e+00,-8.190746708085e-01,3.423520178193e+00,-2.415925827812e-01,0.000000000000e+00
6.620000000000e-01,3.301755493542e+00,-7.938902602911e-01,3.395857930556e+00,-2.359656050417e-01,0.000000000000e+00
6.624000000000e-01,3.279517055323e+00,-7.687851947088e-01,3.368421409468e+00,-2.302624767819e-01,0.000000000000e+00
6.628000000000e-01,3.257378138343e+00,-7.437575380083e-01,3.341210500926e+00,-2.244818280765e-01,0.000000000000e+00
6.632000000000e-01,3.235337299330e+00,-7.188054550944e-01,3.314225206999e+00,-2.186222931937e-01,0.000000000000e+00
6.636000000000e-01,3.213393063390e+00,-6.939271790235e-01,3.287465575428e+00,-2.126825065893e-01,0.000000000000e+00
6.640000000000e-01,3.191543987654e+00,-6.691208701351e-01,3.260931732493e+00,-2.066610574935e-01,0.000000000000e+00
6.644000000000e-01,3.169788678271e+00,-6.443845914727e-01,3.234623898790e+00,-2.005564807698e-01,0.000000000000e+00
6.648000000000e-01,3.148125696708e+00,-6.197164630664e-01,3.208542332098e+00,-1.943673089117e-01,0.000000000000e+00
6.652000000000e-01,3.126553648115e+00,-5.951146953068e-01,3.182687420264e+00,-1.880920779272e-01,0.000000000000e+00
6.656000000000e-01,3.105071096423e+00,-5.705775505338e-01,3.157059590033e+00,-1.817293221921e-01,0.000000000000e+00
6.660000000000e-01,3.083676650854e+00,-5.461032106344e-01,3.131659369038e+00,-1.752775288691e-01,0.000000000000e+00
6.664000000000e-01,3.062368946878e+00,-5.216897919959e-01,3.106487374169e+00,-1.687351433714e-01,0.000000000000e+00
6.668000000000e-01,3.041146583071e+00,-4.973354640799e-01,3.081544272529e+00,-1.621006104901e-01,0.000000000000e+00
6.672000000000e-01,3.020008208968e+00,-4.730384691250e-01,3.056830871263e+00,-1.553723774422e-01,0.000000000000e+00
6.676000000000e-01,2.998952425643e+00,-4.487970841282e-01,3.032348013338e+00,-1.485488886031e-01,0.000000000000e+00
6.680000000000e-01,2.977977888162e+00,-4.246095174173e-01,3.008096664780e+00,-1.416285475988e-01,0.000000000000e+00
6.684000000000e-01,2.957083256745e+00,-4.004739404785e-01,2.984077875043e+00,-1.346097305280e-01,0.000000000000e+00
6.688000000000e-01,2.936267166595e+00,-3.763885643331e-01,2.960292760013e+00,-1.274908134371e-01,0.000000000000e+00
6.692000000000e-01,2.915528307335e+00,-3.523516478849e-01,2.936742582290e+00,-1.202701734253e-01,0.000000000000e+00
6.696000000000e-01,2.894865314616e+00,-3.283614678195e-01,2.913428640505e+00,-1.129461851855e-01,0.000000000000e+00
6.700000000000e-01,2.874276883195e+00,-3.044162669799e-01,2.890352377284e+00,-1.055172002596e-01,0.000000000000e+00
6.704000000000e-01,2.853761695004e+00,-2.805142734197e-01,2.867515312856e+00,-9.798155785265e-02,0.000000000000e+00
6.708000000000e-01,2.833318420676e+00,-2.566537307313e-01,2.844919051650e+00,-9.033759678007e-02,0.000000000000e+00
6.712000000000e-01,2.812945785152e+00,-2.328328975443e-01,2.822565348825e+00,-8.258365536143e-02,0.000000000000e+00
6.716000000000e-01,2.792642454931e+00,-2.090500352642e-01,2.800455998285e+00,-7.471807302632e-02,0.000000000000e+00
6.720000000000e-01,2.772407159186e+00,-1.853034318027e-01,2.778592956542e+00,-6.673919744802e-02,0.000000000000e+00
6.724000000000e-01,2.752238600035e+00,-1.615913732842e-01,2.756978252261e+00,-5.864537983806e-02,0.000000000000e+00
6.728000000000e-01,2.732135481620e+00,-1.379121259555e-01,2.735614015977e+00,-5.043497000451e-02,0.000000000000e+00
6.732000000000e-01,2.712096558437e+00,-1.142639294604e-01,2.714502530457e+00,-4.210631563103e-02,0.000000000000e+00
6.736000000000e-01,2.692120522774e+00,-9.064501526221e-02,2.693646121511e+00,-3.365777385170e-02,0.000000000000e+00
6.740000000000e-01,2.672206134539e+00,-6.705372855492e-02,2.673047292507e+00,-2.508775776106e-02,0.000000000000e+00
6.744000000000e-01,2.652352116158e+00,-4.348841512713e-02,2.652708613915e+00,-1.639470054913e-02,0.000000000000e+00
6.748000000000e-01,2.632557202538e+00,-1.994735329676e-02,2.632632773772e+00,-7.577032529725e-03,0.000000000000e+00
6.752000000000e-01,2.612820170403e+00,3.571256339006e-03,2.612822611036e+00,1.366819712862e-03,0.000000000000e+00
6.756000000000e-01,2.593139731374e+00,2.706922627942e-02,2.593281012432e+00,1.043840514561e-02,0.000000000000e+00
6.760000000000e-01,2.573514674573e+00,5.054814132952e-02,2.574011051808e+00,1.963915066004e-02,0.000000000000e+00
6.764000000000e-01,2.553943744718e+00,7.400959469660e-02,2.555015865175e+00,2.897044564940e-02,0.000000000000e+00
6.768000000000e-01,2.534425703805e+00,9.745530684403e-02,2.536298717608e+00,3.843368407505e-02,0.000000000000e+00
6.772000000000e-01,2.514959341368e+00,1.208871365637e-01,2.517863020206e+00,4.803026507917e-02,0.000000000000e+00
6.776000000000e-01,2.495543380512e+00,1.443069531955e-01,2.499712235590e+00,5.776154013416e-02,0.000000000000e+00
6.780000000000e-01,2.476176640583e+00,1.677162600677e-01,2.481850015464e+00,6.762865312452e-02,0.000000000000e+00
6.784000000000e-01,2.456857892593e+00,1.911165891953e-01,2.464280068308e+00,7.763269202898e-02,0.000000000000e+00
6.788000000000e-01,2.437585920934e+00,2.145096703659e-01,2.447006236325e+00,8.777475101060e-02,0.000000000000e+00
6.792000000000e-01,2.418359516156e+00,2.378974404762e-01,2.430032498048e+00,9.805593053796e-02,0.000000000000e+00
6.796000000000e-01,2.399177403823e+00,2.612818365965e-01,2.413362884680e+00,1.084772511951e-01,0.000000000000e+00
6.800000000000e-01,2.380038436951e+00,2.846642729224e-01,2.397001608185e+00,1.190394221724e-01,0.000000000000e+00
6.804000000000e-01,2.360941418747e+00,3.080462228114e-01,2.380952930686e+00,1.297430774246e-01,0.000000000000e+00
6.808000000000e-01,2.341885150332e+00,3.314294348589e-01,2.365221242852e+00,1.405888582649e-01,0.000000000000e+00
6.812000000000e-01,2.322868409384e+00,3.548159383044e-01,2.349811055679e+00,1.515774128877e-01,0.000000000000e+00
6.816000000000e-01,2.303889914239e+00,3.782077455310e-01,2.334726929581e+00,1.627092691043e-01,0.000000000000e+00
6.820000000000e-01,2.284948556652e+00,4.016061812020e-01,2.319973584187e+00,1.739845258157e-01,0.000000000000e+00
6.824000000000e-01,2.266043179133e+00,4.250126675293e-01,2.305555780556e+00,1.854031870746e-01,0.000000000000e+00
6.828000000000e-01,2.247172593100e+00,4.484289795036e-01,2.291478390219e+00,1.969652646043e-01,0.000000000000e+00
6.832000000000e-01,2.228335548617e+00,4.718572448695e-01,2.277746381133e+00,2.086707767880e-01,0.000000000000e+00
6.836000000000e-01,2.209530747538e+00,4.952995537497e-01,2.264364761309e+00,2.205195757376e-01,0.000000000000e+00
6.840000000000e-01,2.190757125128e+00,5.187571521484e-01,2.251338660488e+00,2.325109630112e-01,0.000000000000e+00
6.844000000000e-01,2.172013569868e+00,5.422314262691e-01,2.238673238176e+00,2.446441269299e-01,0.000000000000e+00
6.848000000000e-01,2.153298896768e+00,5.657241824580e-01,2.226373730855e+00,2.569182625454e-01,0.000000000000e+00
6.852000000000e-01,2.134611815213e+00,5.892376413900e-01,2.214445438406e+00,2.693325703521e-01,0.000000000000e+00
6.856000000000e-01,2.115951003602e+00,6.127739659861e-01,2.202893684006e+00,2.818860388176e-01,0.000000000000e+00
6.860000000000e-01,2.097315441950e+00,6.363343495746e-01,2.191723857490e+00,2.945769958092e-01,0.000000000000e+00
6.864000000000e-01,2.078704068192e+00,6.599201674095e-01,2.180941363373e+00,3.074036412897e-01,0.000000000000e+00
6.868000000000e-01,2.060115694661e+00,6.835332591738e-01,2.170551633062e+00,3.203641795521e-01,0.000000000000e+00
6.872000000000e-01,2.041548982529e+00,7.071759186143e-01,2.160560119028e+00,3.334568180845e-01,0.000000000000e+00
6.876000000000e-01,2.023002584620e+00,7.308503674195e-01,2.150972272471e+00,3.466795148265e-01,0.000000000000e+00
6.880000000000e-01,2.004475519144e+00,7.545577893984e-01,2.141793539160e+00,3.600294901228e-01,0.000000000000e+00
6.884000000000e-01,1.985966770162e+00,7.782995846639e-01,2.133029361185e+00,3.735038287911e-01,0.000000000000e+00
6.888000000000e-01,1.967475142307e+00,8.020776255290e-01,2.124685142079e+00,3.870996162654e-01,0.000000000000e+00
6.892000000000e-01,1.948999251104e+00,8.258942448270e-01,2.116766256449e+00,4.008139381195e-01,0.000000000000e+00
6.896000000000e-01,1.930537729249e+00,8.497516999472e-01,2.109278046066e+00,4.146436109074e-01,0.000000000000e+00
6.900000000000e-01,1.912089614585e+00,8.736512239567e-01,2.102225762216e+00,4.285846937769e-01,0.000000000000e+00
6.904000000000e-01,1.893653923564e+00,8.975942864303e-01,2.095614631859e+00,4.426331132709e-01,0.000000000000e+00
6.908000000000e-01,1.875229450054e+00,9.215827899698e-01,2.089449767072e+00,4.567847920878e-01,0.000000000000e+00
6.912000000000e-01,1.856814780406e+00,9.456190626467e-01,2.083736197405e+00,4.710356497249e-01,0.000000000000e+00
6.916000000000e-01,1.838408541842e+00,9.697053685959e-01,2.078478883367e+00,4.853813449104e-01,0.000000000000e+00
6.920000000000e-01,1.820009758927e+00,9.938430580813e-01,2.073682605098e+00,4.998168370069e-01,0.000000000000e+00
6.924000000000e-01,1.801617454471e+00,1.018033717974e+00,2.069352097442e+00,5.143369686799e-01,0.000000000000e+00
6.928000000000e-01,1.783230410889e+00,1.042279278856e+00,2.065491901086e+00,5.289365744208e-01,0.000000000000e+00
6.932000000000e-01,1.764847216704e+00,1.066582018983e+00,2.062106423423e+00,5.436104826029e-01,0.000000000000e+00
6.936000000000e-01,1.746466516371e+00,1.090944181135e+00,2.059199965801e+00,5.583533037494e-01,0.000000000000e+00
6.940000000000e-01,1.728087275530e+00,1.115367298836e+00,2.056776566174e+00,5.731590939837e-01,0.000000000000e+00
6.944000000000e-01,1.709708486722e+00,1.139853118690e+00,2.054840198594e+00,5.880218215069e-01,0.000000000000e+00
6.948000000000e-01,1.691328922615e+00,1.164403598862e+00,2.053394571318e+00,6.029354430077e-01,0.000000000000e+00
6.952000000000e-01,1.672947216446e+00,1.189020932934e+00,2.052443219183e+00,6.178939072235e-01,0.000000000000e+00
6.956000000000e-01,1.654562055411e+00,1.213707324184e+00,2.051989537981e+00,6.328910242955e-01,0.000000000000e+00
6.960000000000e-01,1.636172294612e+00,1.238464540585e+00,2.052036597126e+00,6.479202722862e-01,0.000000000000e+00
6.964000000000e-01,1.617776855307e+00,1.263294516207e+00,2.052587388699e+00,6.629750792670e-01,0.000000000000e+00
6.968000000000e-01,1.599374504213e+00,1.288199239909e+00,2.053644586200e+00,6.780488598940e-01,0.000000000000e+00
6.972000000000e-01,1.580963964366e+00,1.313180806593e+00,2.055210667408e+00,6.931350204821e-01,0.000000000000e+00
6.976000000000e-01,1.562543985084e+00,1.338241380128e+00,2.057287946984e+00,7.082269392386e-01,0.000000000000e+00
6.980000000000e-01,1.544113264324e+00,1.363382988598e+00,2.059878381522e+00,7.233179318545e-01,0.000000000000e+00
6.984000000000e-01,1.525670616316e+00,1.388607760234e+00,2.062983844162e+00,7.384013041199e-01,0.000000000000e+00
6.988000000000e-01,1.507214807135e+00,1.413917722238e+00,2.066605864723e+00,7.534703477615e-01,0.000000000000e+00
6.992000000000e-01,1.488744685587e+00,1.439314883541e+00,2.070745776972e+00,7.685183472114e-01,0.000000000000e+00
6.996000000000e-01,1.470259066588e+00,1.464801390540e+00,2.075404740433e+00,7.835386890058e-01,0.000000000000e+00
7.000000000000e-01,1.451756461312e+00,1.490379527410e+00,2.080583562053e+00,7.985249691608e-01,0.000000000000e+00
7.004000000000e-01,1.433235556249e+00,1.516051601942e+00,2.086282967252e+00,8.134708077582e-01,0.000000000000e+00
7.008000000000e-01,1.414695122754e+00,1.541819692285e+00,2.092503346201e+00,8.283698107674e-01,0.000000000000e+00
7.012000000000e-01,1.396134151409e+00,1.567685759423e+00,2.099244914017e+00,8.432155791830e-01,0.000000000000e+00
7.016000000000e-01,1.377551504130e+00,1.593651972687e+00,2.106507715765e+00,8.580019503444e-01,0.000000000000e+00
7.020000000000e-01,1.358945501205e+00,1.619720842692e+00,2.114291484989e+00,8.727231984006e-01,0.000000000000e+00
7.024000000000e-01,1.340314701503e+00,1.645894827403e+00,2.122595882861e+00,8.873736428381e-01,0.000000000000e+00
7.028000000000e-01,1.321657886779e+00,1.672176073311e+00,2.131420275271e+00,9.019475888970e-01,0.000000000000e+00
7.032000000000e-01,1.302974179304e+00,1.698566548702e+00,2.140763889901e+00,9.164393404341e-01,0.000000000000e+00
7.036000000000e-01,1.284262448440e+00,1.725068495309e+00,2.150625804267e+00,9.308435593410e-01,0.000000000000e+00
7.040000000000e-01,1.265520846887e+00,1.751684605502e+00,2.161004852160e+00,9.451554915125e-01,0.000000000000e+00
7.044000000000e-01,1.246747826051e+00,1.778417454068e+00,2.171899809544e+00,9.593704343567e-01,0.000000000000e+00
7.048000000000e-01,1.227942180452e+00,1.805269277302e+00,2.183309222741e+00,9.734836705317e-01,0.000000000000e+00
7.052000000000e-01,1.209103128521e+00,1.832242111728e+00,2.195231543913e+00,9.874904864989e-01,0.000000000000e+00
7.056000000000e-01,1.190229495489e+00,1.859338318511e+00,2.207665109253e+00,1.001386621608e+00,0.000000000000e+00
7.060000000000e-01,1.171319311686e+00,1.886560725126e+00,2.220608092284e+00,1.015168451816e+00,0.000000000000e+00
7.064000000000e-01,1.152370954300e+00,1.913911996772e+00,2.234058626738e+00,1.028832397995e+00,0.000000000000e+00
7.068000000000e-01,1.133383228115e+00,1.941394483659e+00,2.248014698118e+00,1.042374865662e+00,0.000000000000e+00
7.072000000000e-01,1.114355393446e+00,1.969010346412e+00,2.262474240114e+00,1.055792271390e+00,0.000000000000e+00
7.076000000000e-01,1.095286181477e+00,1.996762101263e+00,2.277435116172e+00,1.069081542840e+00,0.000000000000e+00
7.080000000000e-01,1.076173556564e+00,2.024652673346e+00,2.292895106963e+00,1.082240210228e+00,0.000000000000e+00
7.084000000000e-01,1.057015857990e+00,2.052684806142e+00,2.308851973906e+00,1.095265834830e+00,0.000000000000e+00
7.088000000000e-01,1.037811891879e+00,2.080860988432e+00,2.325303415923e+00,1.108155962489e+00,0.000000000000e+00
7.092000000000e-01,1.018560897487e+00,2.109183548820e+00,2.342247114311e+00,1.120908159632e+00,0.000000000000e+00
7.096000000000e-01,9.992614769529e-01,2.137655179272e+00,2.359680733657e+00,1.133520520856e+00,0.000000000000e+00
7.100000000000e-01,9.799115838979e-01,2.166278880879e+00,2.377601922526e+00,1.145991647061e+00,0.000000000000e+00
7.104000000000e-01,9.605095498128e-01,2.195057479887e+00,2.396008333727e+00,1.158320155205e+00,0.000000000000e+00
7.108000000000e-01,9.410541665242e-01,2.223993626297e+00,2.414897636369e+00,1.170504647855e+00,0.000000000000e+00
7.112000000000e-01,9.215445909385e-01,2.253089846497e+00,2.434267505734e+00,1.182543759566e+00,0.000000000000e+00
7.116000000000e-01,9.019792844367e-01,2.282349015735e+00,2.454115657254e+00,1.194436629772e+00,0.000000000000e+00
7.120000000000e-01,8.823562335682e-01,2.311774206555e+00,2.474439836611e+00,1.206182777272e+00,0.000000000000e+00
7.124000000000e-01,8.626737799495e-01,2.341368347040e+00,2.495237821758e+00,1.217781725278e+00,0.000000000000e+00
7.128000000000e-01,8.429306801224e-01,2.371134266720e+00,2.516507469154e+00,1.229232984993e+00,0.000000000000e+00
7.132000000000e-01,8.231259573361e-01,2.401074707373e+00,2.538246657050e+00,1.240536111688e+00,0.000000000000e+00
7.136000000000e-01,8.032579451643e-01,2.431192727072e+00,2.560453358809e+00,1.251691107105e+00,0.000000000000e+00
7.140000000000e-01,7.833246888654e-01,2.461491480340e+00,2.583125602051e+00,1.262698224341e+00,0.000000000000e+00
7.144000000000e-01,7.633245438040e-01,2.491974025744e+00,2.606261480388e+00,1.273557714531e+00,0.000000000000e+00
7.148000000000e-01,7.432562076994e-01,2.522643385317e+00,2.629859205312e+00,1.284269820191e+00,0.000000000000e+00
7.152000000000e-01,7.231185343614e-01,2.553502525601e+00,2.653917022627e+00,1.294834838785e+00,0.000000000000e+00
7.156000000000e-01,7.029097619573e-01,2.584554684720e+00,2.678433320387e+00,1.305253429515e+00,0.000000000000e+00
7.160000000000e-01,6.826280006661e-01,2.615803120773e+00,2.703406546182e+00,1.315526395601e+00,0.000000000000e+00
7.164000000000e-01,6.622716102667e-01,2.647251055164e+00,2.728835252417e+00,1.325654536756e+00,0.000000000000e+00
7.168000000000e-01,6.418392067453e-01,2.678901710464e+00,2.754718123809e+00,1.335638647783e+00,0.000000000000e+00
7.172000000000e-01,6.213294574420e-01,2.710758283783e+00,2.781053895159e+00,1.345479585589e+00,0.000000000000e+00
7.176000000000e-01,6.007405471190e-01,2.742824192222e+00,2.807841476008e+00,1.355178469266e+00,0.000000000000e+00
7.180000000000e-01,5.800706398110e-01,2.775102826165e+00,2.835079830086e+00,1.364736486621e+00,0.000000000000e+00
7.184000000000e-01,5.593180809325e-01,2.807597600648e+00,2.862768066543e+00,1.374154823470e+00,0.000000000000e+00
7.188000000000e-01,5.384813847961e-01,2.840311943534e+00,2.890905418438e+00,1.383434664059e+00,0.000000000000e+00
7.192000000000e-01,5.175590368474e-01,2.873249288530e+00,2.919491193798e+00,1.392577254644e+00,0.000000000000e+00
7.196000000000e-01,4.965492068372e-01,2.906413234331e+00,2.948524886025e+00,1.401584003479e+00,0.000000000000e+00
7.200000000000e-01,4.754500897190e-01,2.939807336338e+00,2.978006038040e+00,1.410456344994e+00,0.000000000000e+00
7.204000000000e-01,4.542599927410e-01,2.973435228414e+00,3.007934374047e+00,1.419195714355e+00,0.000000000000e+00
7.208000000000e-01,4.329773124578e-01,3.007300548395e+00,3.038309717833e+00,1.427803547909e+00,0.000000000000e+00
7.212000000000e-01,4.116003823729e-01,3.041406973201e+00,3.069132002930e+00,1.436281331566e+00,0.000000000000e+00
7.216000000000e-01,3.901273768883e-01,3.075758291393e+00,3.100401334871e+00,1.444630629596e+00,0.000000000000e+00
7.220000000000e-01,3.685564944417e-01,3.110358257876e+00,3.132117874846e+00,1.452853013940e+00,0.000000000000e+00
7.224000000000e-01,3.468859797745e-01,3.145210741964e+00,3.164281987170e+00,1.460950060292e+00,0.000000000000e+00
7.228000000000e-01,3.251141034237e-01,3.180319599045e+00,3.196894107147e+00,1.468923346710e+00,0.000000000000e+00
7.232000000000e-01,3.032390937041e-01,3.215688757515e+00,3.229954819059e+00,1.476774475196e+00,0.000000000000e+00
7.236000000000e-01,2.812591285478e-01,3.251322208104e+00,3.263464845575e+00,1.484505069986e+00,0.000000000000e+00
7.240000000000e-01,2.591723816107e-01,3.287223941036e+00,3.297424989581e+00,1.492116758440e+00,0.000000000000e+00
7.244000000000e-01,2.369770144429e-01,3.323398067261e+00,3.331836253307e+00,1.499611173997e+00,0.000000000000e+00
7.248000000000e-01,2.146711765190e-01,3.359848673361e+00,3.366699692862e+00,1.506989949985e+00,0.000000000000e+00
7.252000000000e-01,1.922530394099e-01,3.396579948538e+00,3.402016545811e+00,1.514254710255e+00,0.000000000000e+00
7.256000000000e-01,1.697207684122e-01,3.433596101691e+00,3.437788144836e+00,1.521407073929e+00,0.000000000000e+00
7.260000000000e-01,1.470724850586e-01,3.470901390417e+00,3.474015943812e+00,1.528448664968e+00,0.000000000000e+00
7.264000000000e-01,1.243062539166e-01,3.508500167304e+00,3.510701563610e+00,1.535381114083e+00,0.000000000000e+00
7.268000000000e-01,1.014201273265e-01,3.546396771868e+00,3.547846685771e+00,1.542206042461e+00,0.000000000000e+00
7.272000000000e-01,7.841225341095e-02,3.584595660721e+00,3.585453183677e+00,1.548925031534e+00,0.000000000000e+00
7.276000000000e-01,5.528076179541e-02,3.623101282487e+00,3.623522990928e+00,1.555539653504e+00,0.000000000000e+00
7.280000000000e-01,3.202369839150e-02,3.661918183830e+00,3.662058205753e+00,1.562051488578e+00,0.000000000000e+00
7.284000000000e-01,8.639025675053e-03,3.701050959734e+00,3.701061042365e+00,1.568462122246e+00,0.000000000000e+00
7.288000000000e-01,-1.487525519317e-02,3.740504231795e+00,3.740533809671e+00,1.574773110633e+00,0.000000000000e+00
7.292000000000e-01,-3.852101505489e-02,3.780282724019e+00,3.780478983160e+00,1.580985956689e+00,0.000000000000e+00
7.296000000000e-01,-6.230018193618e-02,3.820391153827e+00,3.820899093264e+00,1.587102159855e+00,0.000000000000e+00
7.300000000000e-01,-8.621480133608e-02,3.860834364235e+00,3.861796858980e+00,1.593123229990e+00,0.000000000000e+00
7.304000000000e-01,-1.102670020452e-01,3.901617202118e+00,3.903175066994e+00,1.599050676829e+00,0.000000000000e+00
7.308000000000e-01,-1.344587840565e-01,3.942744596688e+00,3.945036643597e+00,1.604885954401e+00,0.000000000000e+00
7.312000000000e-01,-1.587920534021e-01,3.984221538728e+00,3.987384629791e+00,1.610630471239e+00,0.000000000000e+00
7.316000000000e-01,-1.832688154741e-01,4.026053049066e+00,4.030222154251e+00,1.616285639640e+00,0.000000000000e+00
7.320000000000e-01,-2.078912111967e-01,4.068244257497e+00,4.073552515231e+00,1.621852882153e+00,0.000000000000e+00
7.324000000000e-01,-2.326614241874e-01,4.110800287748e+00,4.117379062469e+00,1.627333608371e+00,0.000000000000e+00
7.328000000000e-01,-2.575814283659e-01,4.153726388626e+00,4.161705311985e+00,1.632729152210e+00,0.000000000000e+00
7.332000000000e-01,-2.826531859764e-01,4.197027825314e+00,4.206534843551e+00,1.638040822999e+00,0.000000000000e+00
7.336000000000e-01,-3.078787936747e-01,4.240709945888e+00,4.251871375847e+00,1.643269939008e+00,0.000000000000e+00
7.340000000000e-01,-3.332604796986e-01,4.284778154374e+00,4.297718741325e+00,1.648417825460e+00,0.000000000000e+00
7.344000000000e-01,-3.588004139654e-01,4.329237891013e+00,4.344080852614e+00,1.653485769778e+00,0.000000000000e+00
7.348000000000e-01,-3.845005607024e-01,4.374094713607e+00,4.390961767630e+00,1.658474987569e+00,0.000000000000e+00
7.352000000000e-01,-4.103629521171e-01,4.419354185152e+00,4.438365596285e+00,1.663386688887e+00,0.000000000000e+00
7.356000000000e-01,-4.363897768242e-01,4.465021980649e+00,4.486296615807e+00,1.668222095118e+00,0.000000000000e+00
7.360000000000e-01,-4.625833174058e-01,4.511103782193e+00,4.534759162211e+00,1.672982425709e+00,0.000000000000e+00
7.364000000000e-01,-4.889456684554e-01,4.557605376185e+00,4.583757697755e+00,1.677668834098e+00,0.000000000000e+00
7.368000000000e-01,-5.154788183786e-01,4.604532611657e+00,4.633296772711e+00,1.682282428702e+00,0.000000000000e+00
7.372000000000e-01,-5.421848781697e-01,4.651891382018e+00,4.683381030004e+00,1.686824323465e+00,0.000000000000e+00
7.376000000000e-01,-5.690661103598e-01,4.699687663090e+00,4.734015248028e+00,1.691295641857e+00,0.000000000000e+00
7.380000000000e-01,-5.961247769733e-01,4.747927446332e+00,4.785204257433e+00,1.695697485578e+00,0.000000000000e+00
7.384000000000e-01,-6.233628907081e-01,4.796616858825e+00,4.836953026842e+00,1.700030880877e+00,0.000000000000e+00
7.388000000000e-01,-6.507824843686e-01,4.845762041649e+00,4.889266571404e+00,1.704296839539e+00,0.000000000000e+00
7.392000000000e-01,-6.783857433699e-01,4.895369226572e+00,4.942150046415e+00,1.708496383564e+00,0.000000000000e+00
7.396000000000e-01,-7.061749646806e-01,4.945444669785e+00,4.995608677894e+00,1.712630537470e+00,0.000000000000e+00
7.400000000000e-01,-7.341522889729e-01,4.995994711562e+00,5.049647783891e+00,1.716700273341e+00,0.000000000000e+00
7.404000000000e-01,-7.623196945052e-01,5.047025780236e+00,5.104272773177e+00,1.720706511635e+00,0.000000000000e+00
7.408000000000e-01,-7.906792605598e-01,5.098544332968e+00,5.159489122802e+00,1.724650175511e+00,0.000000000000e+00
7.412000000000e-01,-8.192332163136e-01,5.150556907681e+00,5.215302438207e+00,1.728532197872e+00,0.000000000000e+00
7.416000000000e-01,-8.479838036947e-01,5.203070056020e+00,5.271718366831e+00,1.732353496469e+00,0.000000000000e+00
7.420000000000e-01,-8.769330070699e-01,5.256090460501e+00,5.328742668572e+00,1.736114920633e+00,0.000000000000e+00
7.424000000000e-01,-9.060827998137e-01,5.309624826962e+00,5.386381145371e+00,1.739817302746e+00,0.000000000000e+00
7.428000000000e-01,-9.354352940952e-01,5.363679933093e+00,5.444639713894e+00,1.743461484364e+00,0.000000000000e+00
7.432000000000e-01,-9.649927040247e-01,5.418262582200e+00,5.503524355219e+00,1.747048310011e+00,0.000000000000e+00
7.436000000000e-01,-9.947570826374e-01,5.473379654753e+00,5.563041119615e+00,1.750578578415e+00,0.000000000000e+00
7.440000000000e-01,-1.024730308271e+00,5.529038115461e+00,5.623196127373e+00,1.754053041889e+00,0.000000000000e+00
7.444000000000e-01,-1.054914344977e+00,5.585244954566e+00,5.683995555746e+00,1.757472455331e+00,0.000000000000e+00
7.448000000000e-01,-1.085311287975e+00,5.642007222966e+00,5.745445682956e+00,1.760837582364e+00,0.000000000000e+00
7.452000000000e-01,-1.115923215398e+00,5.699331990037e+00,5.807552819848e+00,1.764149170743e+00,0.000000000000e+00
7.456000000000e-01,-1.146751940780e+00,5.757226438457e+00,5.870323353730e+00,1.767407908407e+00,0.000000000000e+00
7.460000000000e-01,-1.177799266531e+00,5.815697770459e+00,5.933763701864e+00,1.770614471283e+00,0.000000000000e+00
7.464000000000e-01,-1.209067114933e+00,5.874753241325e+00,5.997880370170e+00,1.773769543973e+00,0.000000000000e+00
7.468000000000e-01,-1.240557473339e+00,5.934400119935e+00,6.062679904806e+00,1.776873811408e+00,0.000000000000e+00
7.472000000000e-01,-1.272272119132e+00,5.994645750456e+00,6.128168896055e+00,1.779927912582e+00,0.000000000000e+00
7.476000000000e-01,-1.304212680122e+00,6.055497532263e+00,6.194353967787e+00,1.782932452947e+00,0.000000000000e+00
7.480000000000e-01,-1.336380861895e+00,6.116962885462e+00,6.261241789785e+00,1.785888042646e+00,0.000000000000e+00
7.484000000000e-01,-1.368778464093e+00,6.179049256255e+00,6.328839087462e+00,1.788795298382e+00,0.000000000000e+00
7.488000000000e-01,-1.401407189138e+00,6.241764117254e+00,6.397152601369e+00,1.791654813641e+00,0.000000000000e+00
7.492000000000e-01,-1.434268480320e+00,6.305115014913e+00,6.466189095976e+00,1.794467133721e+00,0.000000000000e+00
7.496000000000e-01,-1.467363789746e+00,6.369109503137e+00,6.535955351317e+00,1.797232800368e+00,0.000000000000e+00
7.500000000000e-01,-1.500694657885e+00,6.433755152995e+00,6.606458190657e+00,1.799952363242e+00,0.000000000000e+00
7.504000000000e-01,-1.534262614819e+00,6.499059538640e+00,6.677704445243e+00,1.802626365419e+00,0.000000000000e+00
7.508000000000e-01,-1.568068907899e+00,6.565030286974e+00,6.749700939212e+00,1.805255302670e+00,0.000000000000e+00
7.512000000000e-01,-1.602114694792e+00,6.631675040591e+00,6.822454495214e+00,1.807839654670e+00,0.000000000000e+00
7.516000000000e-01,-1.636401193262e+00,6.699001433984e+00,6.895971945841e+00,1.810379907718e+00,0.000000000000e+00
7.520000000000e-01,-1.670929648675e+00,6.767017093881e+00,6.970260127118e+00,1.812876549766e+00,0.000000000000e+00
7.524000000000e-01,-1.705701074852e+00,6.835729662546e+00,7.045325838892e+00,1.815330033762e+00,0.000000000000e+00
7.528000000000e-01,-1.740716283138e+00,6.905146798583e+00,7.121175850122e+00,1.817740783425e+00,0.000000000000e+00
7.532000000000e-01,-1.775976103433e+00,6.975276135351e+00,7.197816911006e+00,1.820109225976e+00,0.000000000000e+00
7.536000000000e-01,-1.811481395904e+00,7.046125273678e+00,7.275255749462e+00,1.822435793754e+00,0.000000000000e+00
7.540000000000e-01,-1.847232859316e+00,7.117701803405e+00,7.353499044586e+00,1.824720897960e+00,0.000000000000e+00
7.544000000000e-01,-1.883230898123e+00,7.190013304585e+00,7.432553392728e+00,1.826964912453e+00,0.000000000000e+00
7.548000000000e-01,-1.919475881781e+00,7.263067329103e+00,7.512425353227e+00,1.829168209802e+00,0.000000000000e+00
7.552000000000e-01,-1.955968189042e+00,7.336871353846e+00,7.593121414769e+00,1.831331168608e+00,0.000000000000e+00
7.556000000000e-01,-1.992708092333e+00,7.411432829122e+00,7.674648012895e+00,1.833454157061e+00,0.000000000000e+00
7.560000000000e-01,-2.029695515152e+00,7.486759148456e+00,7.757011436837e+00,1.835537504351e+00,0.000000000000e+00
7.564000000000e-01,-2.066930279865e+00,7.562857675078e+00,7.840217917591e+00,1.837581532477e+00,0.000000000000e+00
7.568000000000e-01,-2.104412184667e+00,7.639735650015e+00,7.924273559455e+00,1.839586569133e+00,0.000000000000e+00
7.572000000000e-01,-2.142140946004e+00,7.717400266841e+00,8.009184397377e+00,1.841552938114e+00,0.000000000000e+00
7.576000000000e-01,-2.180115914079e+00,7.795858612510e+00,8.094956263320e+00,1.843480927694e+00,0.000000000000e+00
7.580000000000e-01,-2.218336259468e+00,7.875117723846e+00,8.181594888804e+00,1.845370812784e+00,0.000000000000e+00
7.584000000000e-01,-2.256801090463e+00,7.955184476782e+00,8.269105829626e+00,1.847222873044e+00,0.000000000000e+00
7.588000000000e-01,-2.295509430479e+00,8.036065660156e+00,8.357494531243e+00,1.849037387787e+00,0.000000000000e+00
7.592000000000e-01,-2.334459937548e+00,8.117767914021e+00,8.446766192214e+00,1.850814606184e+00,0.000000000000e+00
7.596000000000e-01,-2.373651008406e+00,8.200297784132e+00,8.536925843543e+00,1.852554759015e+00,0.000000000000e+00
7.600000000000e-01,-2.413080937220e+00,8.283661625094e+00,8.627978299035e+00,1.854258080584e+00,0.000000000000e+00
7.604000000000e-01,-2.452747909579e+00,8.367865645455e+00,8.719928197430e+00,1.855924806615e+00,0.000000000000e+00
7.608000000000e-01,-2.492649746975e+00,8.452915868665e+00,8.812779893077e+00,1.857555147758e+00,0.000000000000e+00
7.612000000000e-01,-2.532783932183e+00,8.538818158734e+00,8.906537486310e+00,1.859149293040e+00,0.000000000000e+00
7.616000000000e-01,-2.573147803083e+00,8.625578159843e+00,9.001204819804e+00,1.860707433747e+00,0.000000000000e+00
7.620000000000e-01,-2.613738550896e+00,8.713201296806e+00,9.096785479009e+00,1.862229763307e+00,0.000000000000e+00
7.624000000000e-01,-2.654552994339e+00,8.801692771924e+00,9.193282724419e+00,1.863716453934e+00,0.000000000000e+00
7.628000000000e-01,-2.695587542648e+00,8.891057548832e+00,9.290699464341e+00,1.865167654651e+00,0.000000000000e+00
7.632000000000e-01,-2.736838415621e+00,8.981300335840e+00,9.389038301965e+00,1.866583515666e+00,0.000000000000e+00
7.636000000000e-01,-2.778301638938e+00,9.072425540442e+00,9.488301490983e+00,1.867964189441e+00,0.000000000000e+00
7.640000000000e-01,-2.819972842191e+00,9.164437301149e+00,9.588490907196e+00,1.869309809670e+00,0.000000000000e+00
7.644000000000e-01,-2.861847181745e+00,9.257339431633e+00,9.689607971643e+00,1.870620486558e+00,0.000000000000e+00
7.648000000000e-01,-2.903919577307e+00,9.351135440227e+00,9.791653738411e+00,1.871896330771e+00,0.000000000000e+00
7.652000000000e-01,-2.946184701569e+00,9.445828450852e+00,9.894628816620e+00,1.873137454979e+00,0.000000000000e+00
7.656000000000e-01,-2.988636789179e+00,9.541421255251e+00,9.998533363839e+00,1.874343954168e+00,0.000000000000e+00
7.660000000000e-01,-3.031269545521e+00,9.637916234182e+00,1.010336698308e+01,1.875515900478e+00,0.000000000000e+00
7.664000000000e-01,-3.074076388305e+00,9.735315391256e+00,1.020912882710e+01,1.876653366182e+00,0.000000000000e+00
7.668000000000e-01,-3.117050433205e+00,9.833620266478e+00,1.031581751237e+01,1.877756425063e+00,0.000000000000e+00
7.672000000000e-01,-3.160184295031e+00,9.932831979680e+00,1.042343110090e+01,1.878825133081e+00,0.000000000000e+00
7.676000000000e-01,-3.203470013705e+00,1.003295116159e+01,1.053196701189e+01,1.879859524760e+00,0.000000000000e+00
7.680000000000e-01,-3.246899284324e+00,1.013397796418e+01,1.064142210144e+01,1.880859634781e+00,0.000000000000e+00
7.684000000000e-01,-3.290463445993e+00,1.023591200930e+01,1.075179261108e+01,1.881825498594e+00,0.000000000000e+00
7.688000000000e-01,-3.334153250883e+00,1.033875237671e+01,1.086307408644e+01,1.882757132629e+00,0.000000000000e+00
7.692000000000e-01,-3.377958846345e+00,1.044249759664e+01,1.097526136470e+01,1.883654534070e+00,0.000000000000e+00
7.696000000000e-01,-3.421869968138e+00,1.054714558059e+01,1.108834856852e+01,1.884517700473e+00,0.000000000000e+00
7.700000000000e-01,-3.465875945613e+00,1.065269366521e+01,1.120232915045e+01,1.885346629087e+00,0.000000000000e+00
7.704000000000e-01,-3.509965411259e+00,1.075913848142e+01,1.131719567961e+01,1.886141296129e+00,0.000000000000e+00
7.708000000000e-01,-3.554126384489e+00,1.086647607576e+01,1.143293998331e+01,1.886901661617e+00,0.000000000000e+00
7.712000000000e-01,-3.598346394138e+00,1.097470169419e+01,1.154955298047e+01,1.887627686140e+00,0.000000000000e+00
7.716000000000e-01,-3.642612514526e+00,1.108380998726e+01,1.166702488918e+01,1.888319328340e+00,0.000000000000e+00
7.720000000000e-01,-3.686910995870e+00,1.119379469823e+01,1.178534481624e+01,1.888976523468e+00,0.000000000000e+00
7.724000000000e-01,-3.731227489444e+00,1.130464897067e+01,1.190450112050e+01,1.889599194464e+00,0.000000000000e+00
7.728000000000e-01,-3.775547068839e+00,1.141636494017e+01,1.202448103313e+01,1.890187264830e+00,0.000000000000e+00
7.732000000000e-01,-3.819854295026e+00,1.152893412894e+01,1.214527105439e+01,1.890740653459e+00,0.000000000000e+00
7.736000000000e-01,-3.864132784996e+00,1.164234694866e+01,1.226685634762e+01,1.891259254100e+00,0.000000000000e+00
7.740000000000e-01,-3.908365577055e+00,1.175659317160e+01,1.238922130266e+01,1.891742952533e+00,0.000000000000e+00
7.744000000000e-01,-3.952535057847e+00,1.187166139268e+01,1.251234900432e+01,1.892191634797e+00,0.000000000000e+00
7.748000000000e-01,-3.996622998749e+00,1.198753950385e+01,1.263622169600e+01,1.892605177903e+00,0.000000000000e+00
7.752000000000e-01,-4.040610170825e+00,1.210421417632e+01,1.276082016874e+01,1.892983434229e+00,0.000000000000e+00
7.756000000000e-01,-4.084476750089e+00,1.222167128185e+01,1.288612429102e+01,1.893326251965e+00,0.000000000000e+00
7.760000000000e-01,-4.128202234246e+00,1.233989548626e+01,1.301211259937e+01,1.893633478835e+00,0.000000000000e+00
7.764000000000e-01,-4.171765327824e+00,1.245887050758e+01,1.313876250927e+01,1.893904947270e+00,0.000000000000e+00
7.768000000000e-01,-4.215143788000e+00,1.257857889800e+01,1.326605006197e+01,1.894140468946e+00,0.000000000000e+00
7.772000000000e-01,-4.258314701343e+00,1.269900209688e+01,1.339395006532e+01,1.894339853692e+00,0.000000000000e+00
7.776000000000e-01,-4.301254492190e+00,1.282012045682e+01,1.352243612423e+01,1.894502909078e+00,0.000000000000e+00
7.780000000000e-01,-4.343938571977e+00,1.294191302407e+01,1.365148032411e+01,1.894629420761e+00,0.000000000000e+00
7.784000000000e-01,-4.386341544328e+00,1.306435783086e+01,1.378105357643e+01,1.894719160309e+00,0.000000000000e+00
7.788000000000e-01,-4.428437246864e+00,1.318743145074e+01,1.391112521392e+01,1.894771898252e+00,0.000000000000e+00
7.792000000000e-01,-4.470198840977e+00,1.331110948385e+01,1.404166348297e+01,1.894787398526e+00,0.000000000000e+00
7.796000000000e-01,-4.511598336983e+00,1.343536596758e+01,1.417263483750e+01,1.894765399513e+00,0.000000000000e+00
7.800000000000e-01,-4.552607053311e+00,1.356017392618e+01,1.430400461025e+01,1.894705632633e+00,0.000000000000e+00
7.804000000000e-01,-4.593195531934e+00,1.368550484202e+01,1.443573648885e+01,1.894607827919e+00,0.000000000000e+00
7.808000000000e-01,-4.633333472624e+00,1.381132904341e+01,1.456779286693e+01,1.894471700430e+00,0.000000000000e+00
7.812000000000e-01,-4.672989533472e+00,1.393761541998e+01,1.470013451555e+01,1.894296943248e+00,0.000000000000e+00
7.816000000000e-01,-4.712131662023e+00,1.406433151516e+01,1.483272078105e+01,1.894083246618e+00,0.000000000000e+00
7.820000000000e-01,-4.750727119293e+00,1.419144359014e+01,1.496550965835e+01,1.893830297147e+00,0.000000000000e+00
7.824000000000e-01,-4.788742084933e+00,1.431891636493e+01,1.509845742524e+01,1.893537757465e+00,0.000000000000e+00
7.828000000000e-01,-4.826141966871e+00,1.444671340597e+01,1.523151911395e+01,1.893205277244e+00,0.000000000000e+00
7.832000000000e-01,-4.862891429400e+00,1.457479663309e+01,1.536464805812e+01,1.892832504391e+00,0.000000000000e+00
7.836000000000e-01,-4.898954436535e+00,1.470312683419e+01,1.549779640057e+01,1.892419075900e+00,0.000000000000e+00
7.840000000000e-01,-4.934293869770e+00,1.483166320227e+01,1.563091453943e+01,1.891964603083e+00,0.000000000000e+00
7.844000000000e-01,-4.968871997735e+00,1.496036369098e+01,1.576395162059e+01,1.891468692290e+00,0.000000000000e+00
7.848000000000e-01,-5.002650467778e+00,1.508918482796e+01,1.589685536435e+01,1.890930946783e+00,0.000000000000e+00
7.852000000000e-01,-5.035590013083e+00,1.521808174509e+01,1.602957200864e+01,1.890350947305e+00,0.000000000000e+00
7.856000000000e-01,-5.067650626497e+00,1.534700835919e+01,1.616204654273e+01,1.889728258008e+00,0.000000000000e+00
7.860000000000e-01,-5.098791726717e+00,1.547591707209e+01,1.629422248205e+01,1.889062440842e+00,0.000000000000e+00
7.864000000000e-01,-5.128972189951e+00,1.560475918822e+01,1.642604228192e+01,1.888353047686e+00,0.000000000000e+00
7.868000000000e-01,-5.158149962053e+00,1.573348456499e+01,1.655744689220e+01,1.887599603239e+00,0.000000000000e+00
7.872000000000e-01,-5.186282555368e+00,1.586204194470e+01,1.668837623616e+01,1.886801626201e+00,0.000000000000e+00
7.876000000000e-01,-5.213327074693e+00,1.599037879428e+01,1.681876907423e+01,1.885958631960e+00,0.000000000000e+00
7.880000000000e-01,-5.239239927941e+00,1.611844141132e+01,1.694856302324e+01,1.885070112480e+00,0.000000000000e+00
7.884000000000e-01,-5.263977007024e+00,1.624617506166e+01,1.707769475265e+01,1.884135542653e+00,0.000000000000e+00
7.888000000000e-01,-5.287493926409e+00,1.637352380123e+01,1.720609989775e+01,1.883154395151e+00,0.000000000000e+00
7.892000000000e-01,-5.309745987936e+00,1.650043079450e+01,1.733371336040e+01,1.882126130703e+00,0.000000000000e+00
7.896000000000e-01,-5.330687884643e+00,1.662683817134e+01,1.746046909162e+01,1.881050182647e+00,0.000000000000e+00
7.900000000000e-01,-5.350274194913e+00,1.675268721150e+01,1.758630042866e+01,1.879925979129e+00,0.000000000000e+00
7.904000000000e-01,-5.368459436559e+00,1.687791833587e+01,1.771114011221e+01,1.878752944015e+00,0.000000000000e+00
7.908000000000e-01,-5.385197730262e+00,1.700247122171e+01,1.783492030370e+01,1.877530474713e+00,0.000000000000e+00
7.912000000000e-01,-5.400443094345e+00,1.712628491165e+01,1.795757278950e+01,1.876257954477e+00,0.000000000000e+00
7.916000000000e-01,-5.414149705361e+00,1.724929778450e+01,1.807902904170e+01,1.874934764676e+00,0.000000000000e+00
7.920000000000e-01,-5.426271722673e+00,1.737144775783e+01,1.819922036823e+01,1.873560269876e+00,0.000000000000e+00
7.924000000000e-01,-5.436763188348e+00,1.749267233901e+01,1.831807794301e+01,1.872133809868e+00,0.000000000000e+00
7.928000000000e-01,-5.445578508043e+00,1.761290871432e+01,1.843553304535e+01,1.870654721449e+00,0.000000000000e+00
7.932000000000e-01,-5.452672427329e+00,1.773209379332e+01,1.855151710494e+01,1.869122334119e+00,0.000000000000e+00
7.936000000000e-01,-5.457999732352e+00,1.785016446854e+01,1.866596187268e+01,1.867535948414e+00,0.000000000000e+00
7.940000000000e-01,-5.461515673116e+00,1.796705756733e+01,1.877879951103e+01,1.865894856633e+00,0.000000000000e+00
7.944000000000e-01,-5.463176165010e+00,1.808270998917e+01,1.888996279410e+01,1.864198348721e+00,0.000000000000e+00
7.948000000000e-01,-5.462937478701e+00,1.819705893298e+01,1.899938524549e+01,1.862445690857e+00,0.000000000000e+00
7.952000000000e-01,-5.460756388330e+00,1.831004184658e+01,1.910700114504e+01,1.860636131953e+00,0.000000000000e+00
7.956000000000e-01,-5.456590626035e+00,1.842159671345e+01,1.921274594464e+01,1.858768920176e+00,0.000000000000e+00
7.960000000000e-01,-5.450398628559e+00,1.853166198615e+01,1.931655614180e+01,1.856843289140e+00,0.000000000000e+00
7.964000000000e-01,-5.442139459358e+00,1.864017690771e+01,1.941836957743e+01,1.854858447531e+00,0.000000000000e+00
7.968000000000e-01,-5.431773316939e+00,1.874708155858e+01,1.951812563570e+01,1.852813601945e+00,0.000000000000e+00
7.972000000000e-01,-5.419261466992e+00,1.885231677562e+01,1.961576515601e+01,1.850707952726e+00,0.000000000000e+00
7.976000000000e-01,-5.404566026510e+00,1.895582474829e+01,1.971123095656e+01,1.848540673219e+00,0.000000000000e+00
7.980000000000e-01,-5.387650315641e+00,1.905754867636e+01,1.980446761404e+01,1.846310930443e+00,0.000000000000e+00
7.984000000000e-01,-5.368479082438e+00,1.915743306591e+01,1.989542181843e+01,1.844017890224e+00,0.000000000000e+00
7.988000000000e-01,-5.347018184718e+00,1.925542405349e+01,1.998404260773e+01,1.841660695903e+00,0.000000000000e+00
7.992000000000e-01,-5.323234733398e+00,1.935146910779e+01,2.007028113048e+01,1.839238478201e+00,0.000000000000e+00
7.996000000000e-01,-5.297097564849e+00,1.944551759334e+01,2.015409132371e+01,1.836750369189e+00,0.000000000000e+00
8.000000000000e-01,-5.268576869575e+00,1.953752056621e+01,2.023542962494e+01,1.834195486079e+00,0.000000000000e+00
8.004000000000e-01,-5.237644209420e+00,1.962743099108e+01,2.031425519615e+01,1.831572928400e+00,0.000000000000e+00
8.008000000000e-01,-5.204273022111e+00,1.971520405295e+01,2.039053036432e+01,1.828881797368e+00,0.000000000000e+00
8.012000000000e-01,-5.168438345685e+00,1.980079676234e+01,2.046422017465e+01,1.826121187093e+00,0.000000000000e+00
8.016000000000e-01,-5.130116762568e+00,1.988416867255e+01,2.053529307792e+01,1.823290172531e+00,0.000000000000e+00
8.020000000000e-01,-5.089286743671e+00,1.996528161503e+01,2.060372076899e+01,1.820387828935e+00,0.000000000000e+00
8.024000000000e-01,-5.045928602990e+00,2.004409960781e+01,2.066947809100e+01,1.817413230558e+00,0.000000000000e+00
8.028000000000e-01,-5.000024362053e+00,2.012058960832e+01,2.073254373702e+01,1.814365435387e+00,0.000000000000e+00
8.032000000000e-01,-4.951557882372e+00,2.019472086678e+01,2.079289966190e+01,1.811243499450e+00,0.000000000000e+00
8.036000000000e-01,-4.900515068566e+00,2.026646533723e+01,2.085053153285e+01,1.808046481843e+00,0.000000000000e+00
8.040000000000e-01,-4.846883634566e+00,2.033579794624e+01,2.090542893789e+01,1.804773431499e+00,0.000000000000e+00
8.044000000000e-01,-4.790653100735e+00,2.040269607664e+01,2.095758488775e+01,1.801423393809e+00,0.000000000000e+00
8.048000000000e-01,-4.731815129787e+00,2.046714024440e+01,2.100699655368e+01,1.797995419759e+00,0.000000000000e+00
8.052000000000e-01,-4.670363231677e+00,2.052911377366e+01,2.105366488400e+01,1.794488557163e+00,0.000000000000e+00
8.056000000000e-01,-4.606292736775e+00,2.058860275013e+01,2.109759455434e+01,1.790901851373e+00,0.000000000000e+00
8.060000000000e-01,-4.539601078808e+00,2.064559654507e+01,2.113879454123e+01,1.787234354631e+00,0.000000000000e+00
8.064000000000e-01,-4.470287528657e+00,2.070008718397e+01,2.117727744571e+01,1.783485122289e+00,0.000000000000e+00
8.068000000000e-01,-4.398353227152e+00,2.075206977871e+01,2.121305992098e+01,1.779653211987e+00,0.000000000000e+00
8.072000000000e-01,-4.323801257174e+00,2.080154258389e+01,2.124616274015e+01,1.775737688925e+00,0.000000000000e+00
8.076000000000e-01,-4.246636484040e+00,2.084850647624e+01,2.127661024969e+01,1.771737626149e+00,0.000000000000e+00
8.080000000000e-01,-4.166865685687e+00,2.089296558673e+01,2.130443100979e+01,1.767652107225e+00,0.000000000000e+00
8.084000000000e-01,-4.084497362793e+00,2.093492689915e+01,2.132965735729e+01,1.763480224420e+00,0.000000000000e+00
8.088000000000e-01,-3.999541683913e+00,2.097440007988e+01,2.135232522215e+01,1.759221080853e+00,0.000000000000e+00
8.092000000000e-01,-3.912010725787e+00,2.101139796428e+01,2.137247464221e+01,1.754873800602e+00,0.000000000000e+00
8.096000000000e-01,-3.821918074519e+00,2.104593593822e+01,2.139014907110e+01,1.750437519498e+00,0.000000000000e+00
8.100000000000e-01,-3.729278802007e+00,2.107803214400e+01,2.140539556856e+01,1.745911385943e+00,0.000000000000e+00
8.104000000000e-01,-3.634109804079e+00,2.110770756359e+01,2.141826493108e+01,1.741294579834e+00,0.000000000000e+00
8.108000000000e-01,-3.536429331946e+00,2.113498548860e+01,2.142881107349e+01,1.736586299471e+00,0.000000000000e+00
8.112000000000e-01,-3.436256864128e+00,2.115989193640e+01,2.143709140711e+01,1.731785756590e+00,0.000000000000e+00
8.116000000000e-01,-3.333613535231e+00,2.118245531914e+01,2.144316657002e+01,1.726892203245e+00,0.000000000000e+00
8.120000000000e-01,-3.228521762535e+00,2.120270615354e+01,2.144710006049e+01,1.721904921295e+00,0.000000000000e+00
8.124000000000e-01,-3.121004866777e+00,2.122067748739e+01,2.144895858549e+01,1.716823206560e+00,0.000000000000e+00
8.128000000000e-01,-3.011087573251e+00,2.123640431221e+01,2.144881154016e+01,1.711646401011e+00,0.000000000000e+00
8.132000000000e-01,-2.898795903563e+00,2.124992351568e+01,2.144673091901e+01,1.706373892933e+00,0.000000000000e+00
8.136000000000e-01,-2.784156421873e+00,2.126127415051e+01,2.144279145738e+01,1.701005085464e+00,0.000000000000e+00
8.140000000000e-01,-2.667196763885e+00,2.127049682423e+01,2.143707008261e+01,1.695539430055e+00,0.000000000000e+00
8.144000000000e-01,-2.547945946797e+00,2.127763377667e+01,2.142964599992e+01,1.689976445422e+00,0.000000000000e+00
8.148000000000e-01,-2.426433180080e+00,2.128272893811e+01,2.142060057586e+01,1.684315667486e+00,0.000000000000e+00
8.152000000000e-01,-2.302688334311e+00,2.128582747071e+01,2.141001692380e+01,1.678556678862e+00,0.000000000000e+00
8.156000000000e-01,-2.176742786490e+00,2.128697581753e+01,2.139798001248e+01,1.672699153038e+00,0.000000000000e+00
8.160000000000e-01,-2.048627821524e+00,2.128622161469e+01,2.138457637132e+01,1.666742785979e+00,0.000000000000e+00
8.164000000000e-01,-1.918374913437e+00,2.128361343642e+01,2.136989385138e+01,1.660687315520e+00,0.000000000000e+00
8.168000000000e-01,-1.786017159242e+00,2.127920071053e+01,2.135402163931e+01,1.654532593719e+00,0.000000000000e+00
8.172000000000e-01,-1.651587396013e+00,2.127303359272e+01,2.133704991708e+01,1.648278504890e+00,0.000000000000e+00
8.176000000000e-01,-1.515118155344e+00,2.126516287301e+01,2.131906975082e+01,1.641924968725e+00,0.000000000000e+00
8.180000000000e-01,-1.376643630453e+00,2.125563973341e+01,2.130017296084e+01,1.635472038095e+00,0.000000000000e+00
8.184000000000e-01,-1.236197754333e+00,2.124451567436e+01,2.128045185436e+01,1.628919814331e+00,0.000000000000e+00
8.188000000000e-01,-1.093813676264e+00,2.123184248145e+01,2.125999914194e+01,1.622268427324e+00,0.000000000000e+00
8.192000000000e-01,-9.495261134413e-01,2.121767189789e+01,2.123890770747e+01,1.615518151273e+00,0.000000000000e+00
8.196000000000e-01,-8.033697179011e-01,2.120205562292e+01,2.121727045454e+01,1.608669332465e+00,0.000000000000e+00
8.200000000000e-01,-6.553779299956e-01,2.118504523772e+01,2.119518015860e+01,1.601722339501e+00,0.000000000000e+00
8.204000000000e-01,-5.055855118721e-01,2.116669191795e+01,2.117272923973e+01,1.594677686958e+00,0.000000000000e+00
8.208000000000e-01,-3.540275384846e-01,2.114704646000e+01,2.115000968036e+01,1.587535991619e+00,0.000000000000e+00
8.212000000000e-01,-2.007375384578e-01,2.112615910876e+01,2.112711277595e+01,1.580297888179e+00,0.000000000000e+00
8.216000000000e-01,-4.574996277174e-02,2.110407942073e+01,2.110412900964e+01,1.572964148958e+00,0.000000000000e+00
8.220000000000e-01,1.108999052971e-01,2.108085624487e+01,2.108114794801e+01,1.565535682684e+00,0.000000000000e+00
8.224000000000e-01,2.691785263666e-01,2.105653746666e+01,2.105825793279e+01,1.558013414831e+00,0.000000000000e+00
8.228000000000e-01,4.290519649211e-01,2.103117005531e+01,2.103554609426e+01,1.550398390965e+00,0.000000000000e+00
8.232000000000e-01,5.904848656217e-01,2.100479994095e+01,2.101309812797e+01,1.542691827265e+00,0.000000000000e+00
8.236000000000e-01,7.534436373396e-01,2.097747175863e+01,2.099099803961e+01,1.534894960241e+00,0.000000000000e+00
8.240000000000e-01,9.178948864986e-01,2.094922900664e+01,2.096932824378e+01,1.527009122088e+00,0.000000000000e+00
8.244000000000e-01,1.083803248267e+00,2.092011382501e+01,2.094816917853e+01,1.519035844285e+00,0.000000000000e+00
8.248000000000e-01,1.251134934412e+00,2.089016683859e+01,2.092759922132e+01,1.510976688268e+00,0.000000000000e+00
8.252000000000e-01,1.419856922218e+00,2.085942728008e+01,2.090769475893e+01,1.502833283751e+00,0.000000000000e+00
8.256000000000e-01,1.589933829463e+00,2.082793275005e+01,2.088852968073e+01,1.494607476337e+00,0.000000000000e+00
8.260000000000e-01,1.761331439259e+00,2.079571922675e+01,2.087017552866e+01,1.486301157985e+00,0.000000000000e+00
8.264000000000e-01,1.934016724619e+00,2.076282097458e+01,2.085270139606e+01,1.477916263536e+00,0.000000000000e+00
8.268000000000e-01,2.107954204962e+00,2.072927044514e+01,2.083617345191e+01,1.469454941849e+00,0.000000000000e+00
8.272000000000e-01,2.283108922579e+00,2.069509843592e+01,2.082065526406e+01,1.460919411589e+00,0.000000000000e+00
8.276000000000e-01,2.459447317980e+00,2.066033365558e+01,2.080620743600e+01,1.452311913943e+00,0.000000000000e+00
8.280000000000e-01,2.636933608870e+00,2.062500293173e+01,2.079288736062e+01,1.443634882451e+00,0.000000000000e+00
8.284000000000e-01,2.815531720871e+00,2.058913142653e+01,2.078074954784e+01,1.434890847870e+00,0.000000000000e+00
8.288000000000e-01,2.995206948236e+00,2.055274185311e+01,2.076984502454e+01,1.426082349298e+00,0.000000000000e+00
8.292000000000e-01,3.175922829926e+00,2.051585505869e+01,2.076022144898e+01,1.417212081154e+00,0.000000000000e+00
8.296000000000e-01,3.357641758236e+00,2.047849017691e+01,2.075192323864e+01,1.408282859648e+00,0.000000000000e+00
8.300000000000e-01,3.540327226988e+00,2.044066365238e+01,2.074499089959e+01,1.399297502168e+00,0.000000000000e+00
8.304000000000e-01,3.723941535186e+00,2.040239010557e+01,2.073946148233e+01,1.390258936044e+00,0.000000000000e+00
8.308000000000e-01,3.908445090022e+00,2.036368230139e+01,2.073536833272e+01,1.381170224477e+00,0.000000000000e+00
8.312000000000e-01,4.093798933289e+00,2.032455031420e+01,2.073274065773e+01,1.372034431573e+00,0.000000000000e+00
8.316000000000e-01,4.279963387933e+00,2.028500237458e+01,2.073160408504e+01,1.362854685910e+00,0.000000000000e+00
8.320000000000e-01,4.466896392445e+00,2.024504465050e+01,2.073198003765e+01,1.353634249000e+00,0.000000000000e+00
8.324000000000e-01,4.654555914790e+00,2.020468085762e+01,2.073388577479e+01,1.344376388304e+00,0.000000000000e+00
8.328000000000e-01,4.842899431741e+00,2.016391275001e+01,2.073733474427e+01,1.335084397894e+00,0.000000000000e+00
8.332000000000e-01,5.031881891114e+00,2.012273983405e+01,2.074233578445e+01,1.325761681777e+00,0.000000000000e+00
8.336000000000e-01,5.221457606960e+00,2.008115955053e+01,2.074889366774e+01,1.316411657011e+00,0.000000000000e+00
8.340000000000e-01,5.411580284097e+00,2.003916715503e+01,2.075700897139e+01,1.307037741705e+00,0.000000000000e+00
8.344000000000e-01,5.602201300582e+00,1.999675563526e+01,2.076667752311e+01,1.297643423892e+00,0.000000000000e+00
8.348000000000e-01,5.793270764441e+00,1.995391626409e+01,2.077789114478e+01,1.288232208944e+00,0.000000000000e+00
8.352000000000e-01,5.984737767391e+00,1.991063789698e+01,2.079063701787e+01,1.278807588813e+00,0.000000000000e+00
8.356000000000e-01,6.176549430216e+00,1.986690732291e+01,2.080489772724e+01,1.269373080203e+00,0.000000000000e+00
8.360000000000e-01,6.368651133879e+00,1.982270975729e+01,2.082065175221e+01,1.259932210582e+00,0.000000000000e+00
8.364000000000e-01,6.560986692215e+00,1.977802794152e+01,2.083787262728e+01,1.250488487281e+00,0.000000000000e+00
8.368000000000e-01,6.753498197391e+00,1.973284290771e+01,2.085652960400e+01,1.241045405291e+00,0.000000000000e+00
8.372000000000e-01,6.946125805907e+00,1.968713394925e+01,2.087658752879e+01,1.231606446949e+00,0.000000000000e+00
8.376000000000e-01,7.138807595262e+00,1.964087819296e+01,2.089800636599e+01,1.222175071745e+00,0.000000000000e+00
8.380000000000e-01,7.331479868578e+00,1.959405140035e+01,2.092074203614e+01,1.212754705617e+00,0.000000000000e+00
8.384000000000e-01,7.524077088761e+00,1.954662725666e+01,2.094474571697e+01,1.203348723341e+00,0.000000000000e+00
8.388000000000e-01,7.716531319266e+00,1.949857789133e+01,2.096996412456e+01,1.193960472863e+00,0.000000000000e+00
8.392000000000e-01,7.908772460429e+00,1.944987427723e+01,2.099633994845e+01,1.184593263144e+00,0.000000000000e+00
8.396000000000e-01,8.100728853020e+00,1.940048513420e+01,2.102381105776e+01,1.175250309985e+00,0.000000000000e+00
8.400000000000e-01,8.292326399923e+00,1.935037823789e+01,2.105231139500e+01,1.165934790154e+00,0.000000000000e+00
8.404000000000e-01,8.483488284612e+00,1.929952025839e+01,2.108177069601e+01,1.156649843699e+00,0.000000000000e+00
8.408000000000e-01,8.674136349814e+00,1.924787594669e+01,2.111211429190e+01,1.147398491393e+00,0.000000000000e+00
8.412000000000e-01,8.864190299117e+00,1.919540933331e+01,2.114326391862e+01,1.138183686106e+00,0.000000000000e+00
8.416000000000e-01,9.053566660276e+00,1.914208347071e+01,2.117513704494e+01,1.129008346850e+00,0.000000000000e+00
8.420000000000e-01,9.242180542570e+00,1.908786027240e+01,2.120764746406e+01,1.119875274455e+00,0.000000000000e+00
8.424000000000e-01,9.429945509422e+00,1.903270067107e+01,2.124070542956e+01,1.110787156107e+00,0.000000000000e+00
8.428000000000e-01,9.616771844318e+00,1.897656507987e+01,2.127421732841e+01,1.101746644252e+00,0.000000000000e+00
8.432000000000e-01,9.802567980153e+00,1.891941363847e+01,2.130808652670e+01,1.092756297710e+00,0.000000000000e+00
8.436000000000e-01,9.987241529627e+00,1.886120509398e+01,2.134221288827e+01,1.083818512422e+00,0.000000000000e+00
8.440000000000e-01,1.017069718737e+01,1.880189836556e+01,2.137649324436e+01,1.074935640407e+00,0.000000000000e+00
8.444000000000e-01,1.035283722637e+01,1.874145272205e+01,2.141082176771e+01,1.066109971511e+00,0.000000000000e+00
8.448000000000e-01,1.053356367777e+01,1.867982610260e+01,2.144508957726e+01,1.057343605670e+00,0.000000000000e+00
8.452000000000e-01,1.071277644239e+01,1.861697704975e+01,2.147918558920e+01,1.048638573776e+00,0.000000000000e+00
8.456000000000e-01,1.089037271740e+01,1.855286483870e+01,2.151299634284e+01,1.039996864375e+00,0.000000000000e+00
8.460000000000e-01,1.106624954187e+01,1.848744827240e+01,2.154640625598e+01,1.031420293928e+00,0.000000000000e+00
8.464000000000e-01,1.124030298698e+01,1.842068658202e+01,2.157929807459e+01,1.022910562699e+00,0.000000000000e+00
8.468000000000e-01,1.141242666254e+01,1.835254021568e+01,2.161155280622e+01,1.014469335377e+00,0.000000000000e+00
8.472000000000e-01,1.158251363161e+01,1.828297031905e+01,2.164305028673e+01,1.006098155557e+00,0.000000000000e+00
8.476000000000e-01,1.175045729732e+01,1.821193808518e+01,2.167366917517e+01,9.977983990467e-01,0.000000000000e+00
8.480000000000e-01,1.191614935477e+01,1.813940649795e+01,2.170328739023e+01,9.895714011803e-01,0.000000000000e+00
8.484000000000e-01,1.207948050959e+01,1.806534018356e+01,2.173178237810e+01,9.814184297875e-01,0.000000000000e+00
8.488000000000e-01,1.224034286656e+01,1.798970397064e+01,2.175903128455e+01,9.733405622505e-01,0.000000000000e+00
8.492000000000e-01,1.239862789653e+01,1.791246465118e+01,2.178491137453e+01,9.653388143948e-01,0.000000000000e+00
8.496000000000e-01,1.255422626338e+01,1.783359135304e+01,2.180930025515e+01,9.574141627988e-01,0.000000000000e+00
8.500000000000e-01,1.270703025194e+01,1.775305428429e+01,2.183207626967e+01,9.495674271457e-01,0.000000000000e+00
8.504000000000e-01,1.285693298230e+01,1.767082526580e+01,2.185311857117e+01,9.417993211841e-01,0.000000000000e+00
8.508000000000e-01,1.300382760455e+01,1.758687910606e+01,2.187230781285e+01,9.341105268961e-01,0.000000000000e+00
8.512000000000e-01,1.314760845830e+01,1.750119263626e+01,2.188952607674e+01,9.265016335886e-01,0.000000000000e+00
8.516000000000e-01,1.328817244622e+01,1.741374422779e+01,2.190465738128e+01,9.189730826066e-01,0.000000000000e+00
8.520000000000e-01,1.342541743297e+01,1.732451539613e+01,2.191758807351e+01,9.115252786462e-01,0.000000000000e+00
8.524000000000e-01,1.355924245340e+01,1.723349051035e+01,2.192820674566e+01,9.041585828390e-01,0.000000000000e+00
8.528000000000e-01,1.368955020664e+01,1.714065602659e+01,2.193640521785e+01,8.968732105459e-01,0.000000000000e+00
8.532000000000e-01,1.381624534351e+01,1.704600100822e+01,2.194207797280e+01,8.896693169206e-01,0.000000000000e+00
8.536000000000e-01,1.393923474566e+01,1.694951829297e+01,2.194512327736e+01,8.825470293848e-01,0.000000000000e+00
8.540000000000e-01,1.405842862266e+01,1.685120325325e+01,2.194544295340e+01,8.755063830849e-01,0.000000000000e+00
8.544000000000e-01,1.417374089906e+01,1.675105370676e+01,2.194294263221e+01,8.685473141667e-01,0.000000000000e+00
8.548000000000e-01,1.428508868492e+01,1.664907143745e+01,2.193753264306e+01,8.616697325713e-01,0.000000000000e+00
8.552000000000e-01,1.439239206328e+01,1.654526115250e+01,2.192912711231e+01,8.548735085161e-01,0.000000000000e+00
8.556000000000e-01,1.449557651371e+01,1.643963061282e+01,2.191764570274e+01,8.481584021252e-01,0.000000000000e+00
8.560000000000e-01,1.459457098032e+01,1.633219052825e+01,2.190301233965e+01,8.415241367328e-01,0.000000000000e+00
8.564000000000e-01,1.468930863562e+01,1.622295560078e+01,2.188515653628e+01,8.349704134971e-01,0.000000000000e+00
8.568000000000e-01,1.477972761387e+01,1.611194345764e+01,2.186401313397e+01,8.284968638779e-01,0.000000000000e+00
8.572000000000e-01,1.486577095856e+01,1.599917444504e+01,2.183952218148e+01,8.221030541307e-01,0.000000000000e+00
8.576000000000e-01,1.494738680914e+01,1.588467301443e+01,2.181163013618e+01,8.157885311408e-01,0.000000000000e+00
8.580000000000e-01,1.502452757288e+01,1.576846629757e+01,2.178028829391e+01,8.095528149134e-01,0.000000000000e+00
8.584000000000e-01,1.509715232839e+01,1.565058491804e+01,2.174545508154e+01,8.033953523246e-01,0.000000000000e+00
8.588000000000e-01,1.516522471420e+01,1.553106202028e+01,2.170709395820e+01,7.973155653229e-01,0.000000000000e+00
8.592000000000e-01,1.522871415559e+01,1.540993458761e+01,2.166517525493e+01,7.913128602329e-01,0.000000000000e+00
8.596000000000e-01,1.528759561938e+01,1.528724218643e+01,2.161967514761e+01,7.853866037955e-01,0.000000000000e+00
8.600000000000e-01,1.534185004226e+01,1.516302704371e+01,2.157057606666e+01,7.795361187905e-01,0.000000000000e+00
8.604000000000e-01,1.539146422896e+01,1.503733466179e+01,2.151786710718e+01,7.737607148842e-01,0.000000000000e+00
8.608000000000e-01,1.543643002483e+01,1.491021277877e+01,2.146154274556e+01,7.680596881843e-01,0.000000000000e+00
8.612000000000e-01,1.547674624658e+01,1.478171225944e+01,2.140160488613e+01,7.624322945806e-01,0.000000000000e+00
8.616000000000e-01,1.551241658465e+01,1.465188554086e+01,2.133806031949e+01,7.568777718018e-01,0.000000000000e+00
8.620000000000e-01,1.554345130323e+01,1.452078834239e+01,2.127092316992e+01,7.513953477232e-01,0.000000000000e+00
8.624000000000e-01,1.556986554533e+01,1.438847776158e+01,2.120021239033e+01,7.459842357654e-01,0.000000000000e+00
8.628000000000e-01,1.559168110461e+01,1.425501345106e+01,2.112595389935e+01,7.406436229140e-01,0.000000000000e+00
8.632000000000e-01,1.560892476229e+01,1.412045648707e+01,2.104817862994e+01,7.353726885635e-01,0.000000000000e+00
8.636000000000e-01,1.562162898258e+01,1.398486993377e+01,2.096692345419e+01,7.301706057170e-01,0.000000000000e+00
8.640000000000e-01,1.562983166246e+01,1.384831832413e+01,2.088223068073e+01,7.250365345343e-01,0.000000000000e+00
8.644000000000e-01,1.563357589974e+01,1.371086739504e+01,2.079414773770e+01,7.199696233132e-01,0.000000000000e+00
8.648000000000e-01,1.563291015419e+01,1.357258436749e+01,2.070272750875e+01,7.149690162040e-01,0.000000000000e+00
8.652000000000e-01,1.562788725505e+01,1.343353703672e+01,2.060802701313e+01,7.100338540801e-01,0.000000000000e+00
8.656000000000e-01,1.561856554261e+01,1.329379461831e+01,2.051010884814e+01,7.051632710810e-01,0.000000000000e+00
8.660000000000e-01,1.560500723355e+01,1.315342638780e+01,2.040903908807e+01,7.003563979438e-01,0.000000000000e+00
8.664000000000e-01,1.558727960099e+01,1.301250270609e+01,2.030488887030e+01,6.956123636272e-01,0.000000000000e+00
8.668000000000e-01,1.556545327731e+01,1.287109360270e+01,2.019773220581e+01,6.909302966845e-01,0.000000000000e+00
8.672000000000e-01,1.553960366682e+01,1.272926998215e+01,2.008764785634e+01,6.863093263980e-01,0.000000000000e+00
8.676000000000e-01,1.550980914887e+01,1.258710212117e+01,1.997471701034e+01,6.817485824040e-01,0.000000000000e+00
8.680000000000e-01,1.547615217350e+01,1.244466059068e+01,1.985902473221e+01,6.772471948800e-01,0.000000000000e+00
8.684000000000e-01,1.543871780770e+01,1.230201514824e+01,1.974065815147e+01,6.728042967425e-01,0.000000000000e+00
8.688000000000e-01,1.539759467528e+01,1.215923562734e+01,1.961970776605e+01,6.684190276710e-01,0.000000000000e+00
8.692000000000e-01,1.535287363667e+01,1.201639079827e+01,1.949626571219e+01,6.640905295395e-01,0.000000000000e+00
8.696000000000e-01,1.530464839285e+01,1.187354890367e+01,1.937042658272e+01,6.598179467555e-01,0.000000000000e+00
8.700000000000e-01,1.525301450984e+01,1.173077702294e+01,1.924228627787e+01,6.556004295063e-01,0.000000000000e+00
8.704000000000e-01,1.519806984546e+01,1.158814158467e+01,1.911194266457e+01,6.514371389079e-01,0.000000000000e+00
8.708000000000e-01,1.513991370720e+01,1.144570759282e+01,1.897949444432e+01,6.473272395331e-01,0.000000000000e+00
8.712000000000e-01,1.507864705023e+01,1.130353886643e+01,1.884504146375e+01,6.432699001200e-01,0.000000000000e+00
8.716000000000e-01,1.501437188585e+01,1.116169775055e+01,1.870868407454e+01,6.392642972731e-01,0.000000000000e+00
8.720000000000e-01,1.494719134145e+01,1.102024537821e+01,1.857052334195e+01,6.353096216329e-01,0.000000000000e+00
8.724000000000e-01,1.487720921017e+01,1.087924118351e+01,1.843066039545e+01,6.314050682297e-01,0.000000000000e+00
8.728000000000e-01,1.480452981667e+01,1.073874291667e+01,1.828919633344e+01,6.275498377319e-01,0.000000000000e+00
8.732000000000e-01,1.472925780644e+01,1.059880663660e+01,1.814623205100e+01,6.237431391887e-01,0.000000000000e+00
8.736000000000e-01,1.465149782841e+01,1.045948675271e+01,1.800186800713e+01,6.199841984698e-01,0.000000000000e+00
8.740000000000e-01,1.457135456337e+01,1.032083586362e+01,1.785620415249e+01,6.162722464743e-01,0.000000000000e+00
8.744000000000e-01,1.448893214186e+01,1.018290447945e+01,1.770933929454e+01,6.126065212439e-01,0.000000000000e+00
8.748000000000e-01,1.440433448962e+01,1.004574136010e+01,1.756137157408e+01,6.089862680780e-01,0.000000000000e+00
8.752000000000e-01,1.431766446083e+01,9.909393250561e+00,1.741239760077e+01,6.054107515402e-01,0.000000000000e+00
8.756000000000e-01,1.422902452352e+01,9.773905155424e+00,1.726251316808e+01,6.018792419933e-01,0.000000000000e+00
8.760000000000e-01,1.413851560270e+01,9.639319683771e+00,1.711181192667e+01,5.983910182322e-01,0.000000000000e+00
8.764000000000e-01,1.404623804354e+01,9.505677743821e+00,1.696038656827e+01,5.949453646193e-01,0.000000000000e+00
8.768000000000e-01,1.395229027521e+01,9.373018010328e+00,1.680832741666e+01,5.915415853612e-01,0.000000000000e+00
8.772000000000e-01,1.385676989793e+01,9.241377503787e+00,1.665572364600e+01,5.881789928032e-01,0.000000000000e+00
8.776000000000e-01,1.375977242292e+01,9.110790832567e+00,1.650266180728e+01,5.848569076991e-01,0.000000000000e+00
8.780000000000e-01,1.366139215818e+01,8.981290814925e+00,1.634922690533e+01,5.815746562766e-01,0.000000000000e+00
8.784000000000e-01,1.356172133707e+01,8.852908194383e+00,1.619550150883e+01,5.783315810498e-01,0.000000000000e+00
8.788000000000e-01,1.346085046075e+01,8.725671885178e+00,1.604156616339e+01,5.751270378918e-01,0.000000000000e+00
8.792000000000e-01,1.335886822091e+01,8.599608862860e+00,1.588749926004e+01,5.719603891260e-01,0.000000000000e+00
8.796000000000e-01,1.325586096132e+01,8.474743924807e+00,1.573337644680e+01,5.688310050297e-01,0.000000000000e+00
8.800000000000e-01,1.315191357081e+01,8.351100360391e+00,1.557927173534e+01,5.657382649197e-01,0.000000000000e+00
8.804000000000e-01,1.304710797509e+01,8.228699245838e+00,1.542525584203e+01,5.626815674161e-01,0.000000000000e+00
8.808000000000e-01,1.294152493757e+01,8.107560390335e+00,1.527139820687e+01,5.596603160788e-01,0.000000000000e+00
8.812000000000e-01,1.283524198997e+01,7.987701190904e+00,1.511776462498e+01,5.566739245673e-01,0.000000000000e+00
8.816000000000e-01,1.272833540381e+01,7.869137839632e+00,1.496441955075e+01,5.537218111285e-01,0.000000000000e+00
8.820000000000e-01,1.262087843147e+01,7.751884518216e+00,1.481142417074e+01,5.508034116828e-01,0.000000000000e+00
8.824000000000e-01,1.251294247524e+01,7.635954050988e+00,1.465883773215e+01,5.479181724385e-01,0.000000000000e+00
8.828000000000e-01,1.240459665670e+01,7.521357633374e+00,1.450671702573e+01,5.450655464480e-01,0.000000000000e+00
8.832000000000e-01,1.229590741497e+01,7.408104666747e+00,1.435511594906e+01,5.422449947625e-01,0.000000000000e+00
8.836000000000e-01,1.218693970911e+01,7.296203527294e+00,1.420408692543e+01,5.394559856874e-01,0.000000000000e+00
8.840000000000e-01,1.207775513708e+01,7.185660667515e+00,1.405367882015e+01,5.366980060237e-01,0.000000000000e+00
8.844000000000e-01,1.196841416893e+01,7.076481767857e+00,1.390393943923e+01,5.339705469972e-01,0.000000000000e+00
8.848000000000e-01,1.185897408158e+01,6.968670635929e+00,1.375491318401e+01,5.312731095095e-01,0.000000000000e+00
8.852000000000e-01,1.174949052782e+01,6.862230104600e+00,1.360664285090e+01,5.286051991958e-01,0.000000000000e+00
8.856000000000e-01,1.164001687171e+01,6.757161791588e+00,1.345916892870e+01,5.259663335866e-01,0.000000000000e+00
8.860000000000e-01,1.153060383933e+01,6.653465965348e+00,1.331252922068e+01,5.233560440755e-01,0.000000000000e+00
8.864000000000e-01,1.142130092080e+01,6.551142234972e+00,1.316676039526e+01,5.207738657905e-01,0.000000000000e+00
8.868000000000e-01,1.131215441043e+01,6.450188550476e+00,1.302189578142e+01,5.182193438829e-01,0.000000000000e+00
8.872000000000e-01,1.120320954270e+01,6.350602362263e+00,1.287796779081e+01,5.156920267318e-01,0.000000000000e+00
8.876000000000e-01,1.109450888713e+01,6.252379894199e+00,1.273500615579e+01,5.131914768504e-01,0.000000000000e+00
8.880000000000e-01,1.098609308092e+01,6.155516525189e+00,1.259303874664e+01,5.107172665626e-01,0.000000000000e+00
8.884000000000e-01,1.087800134714e+01,6.060007023524e+00,1.245209213078e+01,5.082689724991e-01,0.000000000000e+00
8.888000000000e-01,1.077027010358e+01,5.965844865976e+00,1.231219001921e+01,5.058461805660e-01,0.000000000000e+00
8.892000000000e-01,1.066293491841e+01,5.873023260357e+00,1.217335546556e+01,5.034484794128e-01,0.000000000000e+00
8.896000000000e-01,1.055602879285e+01,5.781534370646e+00,1.203560898146e+01,5.010754717630e-01,0.000000000000e+00
8.900000000000e-01,1.044958317843e+01,5.691369812673e+00,1.189896965907e+01,4.987267681854e-01,0.000000000000e+00
8.904000000000e-01,1.034362821703e+01,5.602520750756e+00,1.176345542155e+01,4.964019834833e-01,0.000000000000e+00
8.908000000000e-01,1.023819158717e+01,5.514977350450e+00,1.162908174155e+01,4.941007412734e-01,0.000000000000e+00
8.912000000000e-01,1.013330024928e+01,5.428729654434e+00,1.149586358666e+01,4.918226674436e-01,0.000000000000e+00
8.916000000000e-01,1.002897897656e+01,5.343766937790e+00,1.136381381393e+01,4.895674004731e-01,0.000000000000e+00
8.920000000000e-01,9.925251088635e+00,5.260078053453e+00,1.123294397301e+01,4.873345866392e-01,0.000000000000e+00
8.924000000000e-01,9.822138945891e+00,5.177651645405e+00,1.110326483668e+01,4.851238754261e-01,0.000000000000e+00
8.928000000000e-01,9.719662701263e+00,5.096475570060e+00,1.097478502125e+01,4.829349251180e-01,0.000000000000e+00
8.932000000000e-01,9.617841845274e+00,5.016537638068e+00,1.084751269346e+01,4.807673960060e-01,0.000000000000e+00
8.936000000000e-01,9.516694267678e+00,4.937825222815e+00,1.072145455223e+01,4.786209580786e-01,0.000000000000e+00
8.940000000000e-01,9.416236309828e+00,4.860325292148e+00,1.059661588376e+01,4.764952906569e-01,0.000000000000e+00
8.944000000000e-01,9.316483736315e+00,4.784024827201e+00,1.047300161159e+01,4.743900748923e-01,0.000000000000e+00
8.948000000000e-01,9.217450474866e+00,4.708910254637e+00,1.035061491134e+01,4.723050002435e-01,0.000000000000e+00
8.952000000000e-01,9.119149642158e+00,4.634967919085e+00,1.022945833400e+01,4.702397591495e-01,0.000000000000e+00
8.956000000000e-01,9.021593466504e+00,4.562184072699e+00,1.010953372753e+01,4.681940493466e-01,0.000000000000e+00
8.960000000000e-01,8.924792548853e+00,4.490544572429e+00,9.990841435887e+00,4.661675799084e-01,0.000000000000e+00
8.964000000000e-01,8.828757036558e+00,4.420035368017e+00,9.873381561810e+00,4.641600616403e-01,0.000000000000e+00
8.968000000000e-01,8.733495913883e+00,4.350642191394e+00,9.757153189089e+00,4.621712111631e-01,0.000000000000e+00
8.972000000000e-01,8.639017036211e+00,4.282350575708e+00,9.642154417204e+00,4.602007507144e-01,0.000000000000e+00
8.976000000000e-01,8.545327866975e+00,4.215146178967e+00,9.528383161070e+00,4.582484040475e-01,0.000000000000e+00
8.980000000000e-01,8.452434578776e+00,4.149014431876e+00,9.415836185088e+00,4.563139051635e-01,0.000000000000e+00
8.984000000000e-01,8.360342617778e+00,4.083940760495e+00,9.304509703465e+00,4.543969929642e-01,0.000000000000e+00
8.988000000000e-01,8.269056973836e+00,4.019910686111e+00,9.194399662884e+00,4.524974082610e-01,0.000000000000e+00
8.992000000000e-01,8.178581465421e+00,3.956909532761e+00,9.085500967860e+00,4.506148992817e-01,0.000000000000e+00
8.996000000000e-01,8.088919469705e+00,3.894922725907e+00,8.977808264168e+00,4.487492161015e-01,0.000000000000e+00
9.000000000000e-01,8.000073808834e+00,3.833935758525e+00,8.871315818259e+00,4.469001129680e-01,0.000000000000e+00
9.004000000000e-01,7.912046303819e+00,3.773934026829e+00,8.766017040403e+00,4.450673535462e-01,0.000000000000e+00
9.008000000000e-01,7.824838468386e+00,3.714903081813e+00,8.661905215575e+00,4.432507028660e-01,0.000000000000e+00
9.012000000000e-01,7.738451235930e+00,3.656828521162e+00,8.558973207345e+00,4.414499298932e-01,0.000000000000e+00
9.016000000000e-01,7.652884772537e+00,3.599695917138e+00,8.457213254825e+00,4.396648094264e-01,0.000000000000e+00
9.020000000000e-01,7.568139003984e+00,3.543491014977e+00,8.356617530847e+00,4.378951169633e-01,0.000000000000e+00
9.024000000000e-01,7.484213274205e+00,3.488199619834e+00,8.257177781882e+00,4.361406341587e-01,0.000000000000e+00
9.028000000000e-01,7.401106312413e+00,3.433807583453e+00,8.158885289537e+00,4.344011493805e-01,0.000000000000e+00
9.032000000000e-01,7.318816640741e+00,3.380300935161e+00,8.061731292535e+00,4.326764515927e-01,0.000000000000e+00
9.036000000000e-01,7.237342272339e+00,3.327665776439e+00,7.965706665869e+00,4.309663345820e-01,0.000000000000e+00
9.040000000000e-01,7.156680753527e+00,3.275888292713e+00,7.870801961315e+00,4.292705964204e-01,0.000000000000e+00
9.044000000000e-01,7.076829445668e+00,3.224954846982e+00,7.777007700147e+00,4.275890357316e-01,0.000000000000e+00
9.048000000000e-01,6.997785258892e+00,3.174851904736e+00,7.684314097340e+00,4.259214575433e-01,0.000000000000e+00
9.052000000000e-01,6.919544715398e+00,3.125566047880e+00,7.592711122390e+00,4.242676720154e-01,0.000000000000e+00
9.056000000000e-01,6.842104172962e+00,3.077084032723e+00,7.502188724506e+00,4.226274897431e-01,0.000000000000e+00
9.060000000000e-01,6.765459639493e+00,3.029392737467e+00,7.412736639826e+00,4.210007259513e-01,0.000000000000e+00
9.064000000000e-01,6.689606817865e+00,2.982479171005e+00,7.324344433675e+00,4.193871995769e-01,0.000000000000e+00
9.068000000000e-01,6.614541263497e+00,2.936330512926e+00,7.237001658674e+00,4.177867299521e-01,0.000000000000e+00
9.072000000000e-01,6.540258248108e+00,2.890934089671e+00,7.150697718598e+00,4.161991418972e-01,0.000000000000e+00
9.076000000000e-01,6.466752779943e+00,2.846277374203e+00,7.065421884629e+00,4.146242651205e-01,0.000000000000e+00
9.080000000000e-01,6.394019734957e+00,2.802348004196e+00,6.981163420780e+00,4.130619296339e-01,0.000000000000e+00
9.084000000000e-01,6.322053793050e+00,2.759133776077e+00,6.897911521360e+00,4.115119690923e-01,0.000000000000e+00
9.088000000000e-01,6.250849433856e+00,2.716622641741e+00,6.815655303957e+00,4.099742211603e-01,0.000000000000e+00
9.092000000000e-01,6.180401016293e+00,2.674802711312e+00,6.734383881740e+00,4.084485237724e-01,0.000000000000e+00
9.096000000000e-01,6.110702751220e+00,2.633662262698e+00,6.654086340568e+00,4.069347185043e-01,0.000000000000e+00
9.100000000000e-01,6.041748686611e+00,2.593189744441e+00,6.574751724806e+00,4.054326524649e-01,0.000000000000e+00
9.104000000000e-01,5.973532758841e+00,2.553373756931e+00,6.496369075379e+00,4.039421732326e-01,0.000000000000e+00
9.108000000000e-01,5.906048803646e+00,2.514203064406e+00,6.418927443126e+00,4.024631303351e-01,0.000000000000e+00
9.112000000000e-01,5.839290564734e+00,2.475666613521e+00,6.342415902532e+00,4.009953779492e-01,0.000000000000e+00
9.116000000000e-01,5.773251688013e+00,2.437753499071e+00,6.266823531534e+00,3.995387709297e-01,0.000000000000e+00
9.120000000000e-01,5.707925732188e+00,2.400452969775e+00,6.192139422225e+00,3.980931654470e-01,0.000000000000e+00
9.124000000000e-01,5.643306204824e+00,2.363754469678e+00,6.118352728826e+00,3.966584234422e-01,0.000000000000e+00
9.128000000000e-01,5.579386533717e+00,2.327647593443e+00,6.045452622582e+00,3.952344084383e-01,0.000000000000e+00
9.132000000000e-01,5.516160066192e+00,2.292122075249e+00,5.973428285641e+00,3.938209843683e-01,0.000000000000e+00
9.136000000000e-01,5.453620150352e+00,2.257167842435e+00,5.902269005497e+00,3.924180191271e-01,0.000000000000e+00
9.140000000000e-01,5.391760098959e+00,2.222774984928e+00,5.831964128692e+00,3.910253828302e-01,0.000000000000e+00
9.144000000000e-01,5.330573144838e+00,2.188933720261e+00,5.762503005133e+00,3.896429457166e-01,0.000000000000e+00
9.148000000000e-01,5.270052517380e+00,2.155634442280e+00,5.693875076315e+00,3.882705813581e-01,0.000000000000e+00
9.152000000000e-01,5.210191461893e+00,2.122867729283e+00,5.626069895194e+00,3.869081673831e-01,0.000000000000e+00
9.156000000000e-01,5.150983153147e+00,2.090624281614e+00,5.559077021492e+00,3.855555816656e-01,0.000000000000e+00
9.160000000000e-01,5.092420742436e+00,2.058894944576e+00,5.492886072984e+00,3.842127033581e-01,0.000000000000e+00
9.164000000000e-01,5.034497466736e+00,2.027670765103e+00,5.427486846988e+00,3.828794155672e-01,0.000000000000e+00
9.168000000000e-01,4.977206523138e+00,1.996942918251e+00,5.362869175425e+00,3.815556021616e-01,0.000000000000e+00
9.172000000000e-01,4.920541054820e+00,1.966702697056e+00,5.299022907176e+00,3.802411474085e-01,0.000000000000e+00
9.176000000000e-01,4.864494290720e+00,1.936941586694e+00,5.235938064446e+00,3.789359396514e-01,0.000000000000e+00
9.180000000000e-01,4.809059484371e+00,1.907651226343e+00,5.173604770911e+00,3.776398696198e-01,0.000000000000e+00
9.184000000000e-01,4.754229828091e+00,1.878823359113e+00,5.112013152669e+00,3.763528280920e-01,0.000000000000e+00
9.188000000000e-01,4.699998551598e+00,1.850449878531e+00,5.051153446291e+00,3.750747076385e-01,0.000000000000e+00
9.192000000000e-01,4.646359005419e+00,1.822522866058e+00,4.991016089389e+00,3.738054040919e-01,0.000000000000e+00
9.196000000000e-01,4.593304500863e+00,1.795034509005e+00,4.931591540889e+00,3.725448136302e-01,0.000000000000e+00
9.200000000000e-01,4.540828318227e+00,1.767977102754e+00,4.872870288801e+00,3.712928329526e-01,0.000000000000e+00
9.204000000000e-01,4.488923876431e+00,1.741343131863e+00,4.814843037034e+00,3.700493626238e-01,0.000000000000e+00
9.208000000000e-01,4.437584628015e+00,1.715125214437e+00,4.757500586651e+00,3.688143049482e-01,0.000000000000e+00
9.212000000000e-01,4.386803974543e+00,1.689316058226e+00,4.700833740481e+00,3.675875622558e-01,0.000000000000e+00
9.216000000000e-01,4.336575377811e+00,1.663908509752e+00,4.644833423951e+00,3.663690385023e-01,0.000000000000e+00
9.220000000000e-01,4.286892451454e+00,1.638895593031e+00,4.589490783865e+00,3.651586405792e-01,0.000000000000e+00
9.224000000000e-01,4.237748781874e+00,1.614270424900e+00,4.534796990272e+00,3.639562756865e-01,0.000000000000e+00
9.228000000000e-01,4.189137927832e+00,1.590026213321e+00,4.480743234939e+00,3.627618513458e-01,0.000000000000e+00
9.232000000000e-01,4.141053600946e+00,1.566156337880e+00,4.427320928123e+00,3.615752783181e-01,0.000000000000e+00
9.236000000000e-01,4.093489583315e+00,1.542654308737e+00,4.374521606413e+00,3.603964692370e-01,0.000000000000e+00
9.240000000000e-01,4.046439614896e+00,1.519513713210e+00,4.322336807982e+00,3.592253367595e-01,0.000000000000e+00
9.244000000000e-01,3.999897468676e+00,1.496728246874e+00,4.270758153409e+00,3.580617944910e-01,0.000000000000e+00
9.248000000000e-01,3.953857107698e+00,1.474291778913e+00,4.219777515162e+00,3.569057589357e-01,0.000000000000e+00
9.252000000000e-01,3.908312498951e+00,1.452198269010e+00,4.169386813666e+00,3.557571471497e-01,0.000000000000e+00
9.256000000000e-01,3.863257574524e+00,1.430441749236e+00,4.119577974146e+00,3.546158762510e-01,0.000000000000e+00
9.260000000000e-01,3.818686376805e+00,1.409016385270e+00,4.070343083618e+00,3.534818654487e-01,0.000000000000e+00
9.264000000000e-01,3.774593092085e+00,1.387916488071e+00,4.021674425992e+00,3.523550364958e-01,0.000000000000e+00
9.268000000000e-01,3.730971881481e+00,1.367136438925e+00,3.973564297081e+00,3.512353112996e-01,0.000000000000e+00
9.272000000000e-01,3.687816891745e+00,1.346670692595e+00,3.926005015449e+00,3.501226120033e-01,0.000000000000e+00
9.276000000000e-01,3.645122444677e+00,1.326513853793e+00,3.878989126176e+00,3.490168631028e-01,0.000000000000e+00
9.280000000000e-01,3.602882948969e+00,1.306660638214e+00,3.832509304285e+00,3.479179904439e-01,0.000000000000e+00
9.284000000000e-01,3.561092782171e+00,1.287105822469e+00,3.786558226340e+00,3.468259198880e-01,0.000000000000e+00
9.288000000000e-01,3.519746338209e+00,1.267844262624e+00,3.741128621099e+00,3.457405779057e-01,0.000000000000e+00
9.292000000000e-01,3.478838207068e+00,1.248870966193e+00,3.696213462606e+00,3.446618938293e-01,0.000000000000e+00
9.296000000000e-01,3.438363015411e+00,1.230181024304e+00,3.651805796905e+00,3.435897978310e-01,0.000000000000e+00
9.300000000000e-01,3.398315360695e+00,1.211769583543e+00,3.607898670187e+00,3.425242200845e-01,0.000000000000e+00
9.304000000000e-01,3.358689893980e+00,1.193631877767e+00,3.564485217187e+00,3.414650916168e-01,0.000000000000e+00
9.308000000000e-01,3.319481461328e+00,1.175763282113e+00,3.521558812183e+00,3.404123457634e-01,0.000000000000e+00
9.312000000000e-01,3.280684919112e+00,1.158159238058e+00,3.479112869568e+00,3.393659162461e-01,0.000000000000e+00
9.316000000000e-01,3.242295098272e+00,1.140815238401e+00,3.437140804862e+00,3.383257367992e-01,0.000000000000e+00
9.320000000000e-01,3.204306911579e+00,1.123726868576e+00,3.395636149347e+00,3.372917424078e-01,0.000000000000e+00
9.324000000000e-01,3.166715446255e+00,1.106889841166e+00,3.354592648597e+00,3.362638703728e-01,0.000000000000e+00
9.328000000000e-01,3.129515786795e+00,1.090299924550e+00,3.314004071403e+00,3.352420582458e-01,0.000000000000e+00
9.332000000000e-01,3.092702996173e+00,1.073952934718e+00,3.273864189078e+00,3.342262436019e-01,0.000000000000e+00
9.336000000000e-01,3.056272238663e+00,1.057844781179e+00,3.234166906313e+00,3.332163652331e-01,0.000000000000e+00
9.340000000000e-01,3.020218840039e+00,1.041971488052e+00,3.194906324705e+00,3.322123637293e-01,0.000000000000e+00
9.344000000000e-01,2.984538118913e+00,1.026329128499e+00,3.156076561691e+00,3.312141798245e-01,0.000000000000e+00
9.348000000000e-01,2.949225375274e+00,1.010913819690e+00,3.117671737852e+00,3.302217542852e-01,0.000000000000e+00
9.352000000000e-01,2.914276014013e+00,9.957217687436e-01,3.079686108453e+00,3.292350292524e-01,0.000000000000e+00
9.356000000000e-01,2.879685590403e+00,9.807492882088e-01,3.042114111255e+00,3.282539487300e-01,0.000000000000e+00
9.360000000000e-01,2.845449652049e+00,9.659927350296e-01,3.004950197005e+00,3.272784568542e-01,0.000000000000e+00
9.364000000000e-01,2.811563729542e+00,9.514485063883e-01,2.968188819059e+00,3.263084977845e-01,0.000000000000e+00
9.368000000000e-01,2.778023453485e+00,9.371130819898e-01,2.931824557601e+00,3.253440167943e-01,0.000000000000e+00
9.372000000000e-01,2.744824606132e+00,9.229830414864e-01,2.895852173938e+00,3.243849607484e-01,0.000000000000e+00
9.376000000000e-01,2.711962964885e+00,9.090550058493e-01,2.860266443282e+00,3.234312766339e-01,0.000000000000e+00
9.380000000000e-01,2.679434290754e+00,8.953256325910e-01,2.825062142120e+00,3.224829114502e-01,0.000000000000e+00
9.384000000000e-01,2.647234426860e+00,8.817916510777e-01,2.790234152658e+00,3.215398132319e-01,0.000000000000e+00
9.388000000000e-01,2.615359372013e+00,8.684498879681e-01,2.755777540493e+00,3.206019318090e-01,0.000000000000e+00
9.392000000000e-01,2.583805126046e+00,8.552972096833e-01,2.721687389520e+00,3.196692171908e-01,0.000000000000e+00
9.396000000000e-01,2.552567673121e+00,8.423305158197e-01,2.687958783862e+00,3.187416193884e-01,0.000000000000e+00
9.400000000000e-01,2.521643055047e+00,8.295467646767e-01,2.654586885346e+00,3.178190890785e-01,0.000000000000e+00
9.404000000000e-01,2.491027478685e+00,8.169430102254e-01,2.621567046924e+00,3.169015785747e-01,0.000000000000e+00
9.408000000000e-01,2.460717163464e+00,8.045163468413e-01,2.588894650406e+00,3.159890404375e-01,0.000000000000e+00
9.412000000000e-01,2.430708314445e+00,7.922638992710e-01,2.556565077600e+00,3.150814272276e-01,0.000000000000e+00
9.416000000000e-01,2.400997165096e+00,7.801828372646e-01,2.524573755381e+00,3.141786919340e-01,0.000000000000e+00
9.420000000000e-01,2.371580112724e+00,7.682704223350e-01,2.492916298816e+00,3.132807893357e-01,0.000000000000e+00
9.424000000000e-01,2.342453587736e+00,7.565239605418e-01,2.461588372083e+00,3.123876746784e-01,0.000000000000e+00
9.428000000000e-01,2.313614007551e+00,7.449407857854e-01,2.430585639360e+00,3.114993032078e-01,0.000000000000e+00
9.432000000000e-01,2.285057794918e+00,7.335182657312e-01,2.399903783962e+00,3.106156303312e-01,0.000000000000e+00
9.436000000000e-01,2.256781516900e+00,7.222538488925e-01,2.369538654942e+00,3.097366128538e-01,0.000000000000e+00
9.440000000000e-01,2.228781808937e+00,7.111450373941e-01,2.339486186336e+00,3.088622082977e-01,0.000000000000e+00
9.444000000000e-01,2.201055295367e+00,7.001893591296e-01,2.309742312878e+00,3.079923741907e-01,0.000000000000e+00
9.448000000000e-01,2.173598592955e+00,6.893843686290e-01,2.280302973511e+00,3.071270681000e-01,0.000000000000e+00
9.452000000000e-01,2.146408417387e+00,6.787276828575e-01,2.251164223620e+00,3.062662486795e-01,0.000000000000e+00
9.456000000000e-01,2.119481595035e+00,6.682169841790e-01,2.222322247029e+00,3.054098757816e-01,0.000000000000e+00
9.460000000000e-01,2.092814947898e+00,6.578499805151e-01,2.193773234181e+00,3.045579093203e-01,0.000000000000e+00
9.464000000000e-01,2.066405287575e+00,6.476244029830e-01,2.165513375589e+00,3.037103092103e-01,0.000000000000e+00
9.468000000000e-01,2.040249468935e+00,6.375380234334e-01,2.137538918199e+00,3.028670358393e-01,0.000000000000e+00
9.472000000000e-01,2.014344487907e+00,6.275886862141e-01,2.109846268103e+00,3.020280509282e-01,0.000000000000e+00
9.476000000000e-01,1.988687357198e+00,6.177742659968e-01,2.082431859247e+00,3.011933164316e-01,0.000000000000e+00
9.480000000000e-01,1.963275080032e+00,6.080926587189e-01,2.055292125578e+00,3.003627943038e-01,0.000000000000e+00
9.484000000000e-01,1.938104663736e+00,5.985417857942e-01,2.028423515180e+00,2.995364466298e-01,0.000000000000e+00
9.488000000000e-01,1.913173237013e+00,5.891196322699e-01,2.001822613507e+00,2.987142367635e-01,0.000000000000e+00
9.492000000000e-01,1.888477993207e+00,5.798242272417e-01,1.975486083303e+00,2.978961287726e-01,0.000000000000e+00
9.496000000000e-01,1.864016117891e+00,5.706536195759e-01,1.949410588176e+00,2.970820867327e-01,0.000000000000e+00
9.500000000000e-01,1.839784788796e+00,5.616058776408e-01,1.923592792377e+00,2.962720747250e-01,0.000000000000e+00
9.504000000000e-01,1.815781242031e+00,5.526791103812e-01,1.898029430215e+00,2.954660574179e-01,0.000000000000e+00
9.508000000000e-01,1.792002831472e+00,5.438714857576e-01,1.872717368165e+00,2.946640005877e-01,0.000000000000e+00
9.512000000000e-01,1.768446917144e+00,5.351811941455e-01,1.847653487352e+00,2.938658701335e-01,0.000000000000e+00
9.516000000000e-01,1.745110851399e+00,5.266064436409e-01,1.822834668903e+00,2.930716319545e-01,0.000000000000e+00
9.520000000000e-01,1.721991992589e+00,5.181454642082e-01,1.798257808164e+00,2.922812520808e-01,0.000000000000e+00
9.524000000000e-01,1.699087810882e+00,5.097965410364e-01,1.773919925571e+00,2.914946976945e-01,0.000000000000e+00
9.528000000000e-01,1.676395831250e+00,5.015579956111e-01,1.749818106546e+00,2.907119365760e-01,0.000000000000e+00
9.532000000000e-01,1.653913572241e+00,4.934281658411e-01,1.725949437061e+00,2.899329365111e-01,0.000000000000e+00
9.536000000000e-01,1.631638545716e+00,4.854054057841e-01,1.702311003263e+00,2.891576652868e-01,0.000000000000e+00
9.540000000000e-01,1.609568306027e+00,4.774881008041e-01,1.678899942872e+00,2.883860911254e-01,0.000000000000e+00
9.544000000000e-01,1.587700518699e+00,4.696746884897e-01,1.655713516912e+00,2.876181832896e-01,0.000000000000e+00
9.548000000000e-01,1.566032860152e+00,4.619636267639e-01,1.632749004449e+00,2.868539111943e-01,0.000000000000e+00
9.552000000000e-01,1.544563000584e+00,4.543533883311e-01,1.610003684549e+00,2.860932442544e-01,0.000000000000e+00
9.556000000000e-01,1.523288608778e+00,4.468424619929e-01,1.587474841210e+00,2.853361519305e-01,0.000000000000e+00
9.560000000000e-01,1.502207435584e+00,4.394293781904e-01,1.565159850604e+00,2.845826045346e-01,0.000000000000e+00
9.564000000000e-01,1.481317304147e+00,4.321127053741e-01,1.543056170627e+00,2.838325731341e-01,0.000000000000e+00
9.568000000000e-01,1.460616034666e+00,4.248910263987e-01,1.521161262009e+00,2.830860288223e-01,0.000000000000e+00
9.572000000000e-01,1.440101441774e+00,4.177629375555e-01,1.499472585476e+00,2.823429426926e-01,0.000000000000e+00
9.576000000000e-01,1.419771351820e+00,4.107270536549e-01,1.477987619723e+00,2.816032859917e-01,0.000000000000e+00
9.580000000000e-01,1.399623691547e+00,4.037820345735e-01,1.456703953926e+00,2.808670309096e-01,0.000000000000e+00
9.584000000000e-01,1.379656422710e+00,3.969265648965e-01,1.435619219238e+00,2.801341499947e-01,0.000000000000e+00
9.588000000000e-01,1.359867502081e+00,3.901593415774e-01,1.414731046891e+00,2.794046157962e-01,0.000000000000e+00
9.592000000000e-01,1.340254881483e+00,3.834790738104e-01,1.394037068155e+00,2.786784008633e-01,0.000000000000e+00
9.596000000000e-01,1.320816542823e+00,3.768844933777e-01,1.373534950827e+00,2.779554780859e-01,0.000000000000e+00
9.600000000000e-01,1.301550563841e+00,3.703743739493e-01,1.353222467709e+00,2.772358213325e-01,0.000000000000e+00
9.604000000000e-01,1.282455035630e+00,3.639475059383e-01,1.333097410353e+00,2.765194046462e-01,0.000000000000e+00
9.608000000000e-01,1.263528044750e+00,3.576026909884e-01,1.313157570313e+00,2.758062020702e-01,0.000000000000e+00
9.612000000000e-01,1.244767673971e+00,3.513387420700e-01,1.293400739849e+00,2.750961876538e-01,0.000000000000e+00
9.616000000000e-01,1.226172052208e+00,3.451544980084e-01,1.273824763895e+00,2.743893359034e-01,0.000000000000e+00
9.620000000000e-01,1.207739388666e+00,3.390488331118e-01,1.254427575498e+00,2.736856220899e-01,0.000000000000e+00
9.624000000000e-01,1.189467896468e+00,3.330206343892e-01,1.235207116097e+00,2.729850215571e-01,0.000000000000e+00
9.628000000000e-01,1.171355784667e+00,3.270687990794e-01,1.216161327129e+00,2.722875096487e-01,0.000000000000e+00
9.632000000000e-01,1.153401260209e+00,3.211922351110e-01,1.197288152011e+00,2.715930617271e-01,0.000000000000e+00
9.636000000000e-01,1.135602585615e+00,3.153898776996e-01,1.178585596132e+00,2.709016537400e-01,0.000000000000e+00
9.640000000000e-01,1.117958089517e+00,3.096606920027e-01,1.160051737677e+00,2.702132623226e-01,0.000000000000e+00
9.644000000000e-01,1.100466100834e+00,3.040036537419e-01,1.141684658990e+00,2.695278641495e-01,0.000000000000e+00
9.648000000000e-01,1.083124944835e+00,2.984177479539e-01,1.123482442416e+00,2.688454358952e-01,0.000000000000e+00
9.652000000000e-01,1.065932945999e+00,2.929019697096e-01,1.105443173224e+00,2.681659542600e-01,0.000000000000e+00
9.656000000000e-01,1.048888486645e+00,2.874553406786e-01,1.087565000494e+00,2.674893965094e-01,0.000000000000e+00
9.660000000000e-01,1.031990005270e+00,2.820769082889e-01,1.069846135277e+00,2.668157404573e-01,0.000000000000e+00
9.664000000000e-01,1.015235939500e+00,2.767657292407e-01,1.052284791173e+00,2.661449639403e-01,0.000000000000e+00
9.668000000000e-01,9.986247236779e-01,2.715208687287e-01,1.034879181787e+00,2.654770447950e-01,0.000000000000e+00
9.672000000000e-01,9.821547917420e-01,2.663414011645e-01,1.017627523663e+00,2.648119608862e-01,0.000000000000e+00
9.676000000000e-01,9.658246330737e-01,2.612264257591e-01,1.000528094242e+00,2.641496906640e-01,0.000000000000e+00
9.680000000000e-01,9.496327891901e-01,2.561750652513e-01,9.835792283093e-01,2.634902131295e-01,0.000000000000e+00
9.684000000000e-01,9.335778007630e-01,2.511864507965e-01,9.667792628833e-01,2.628335073055e-01,0.000000000000e+00
9.688000000000e-01,9.176582055127e-01,2.462597212925e-01,9.501265349815e-01,2.621795522144e-01,0.000000000000e+00
9.692000000000e-01,9.018725401991e-01,2.413940238508e-01,9.336193836442e-01,2.615283268971e-01,0.000000000000e+00
9.696000000000e-01,8.862193897657e-01,2.365885272695e-01,9.172562008688e-01,2.608798108748e-01,0.000000000000e+00
9.700000000000e-01,8.706973911402e-01,2.318424227828e-01,9.010354354520e-01,2.602339841831e-01,0.000000000000e+00
9.704000000000e-01,8.553051812461e-01,2.271549095001e-01,8.849555389828e-01,2.595908268832e-01,0.000000000000e+00
9.708000000000e-01,8.400413943490e-01,2.225251935975e-01,8.690149630504e-01,2.589503190362e-01,0.000000000000e+00
9.712000000000e-01,8.249046629097e-01,2.179524884803e-01,8.532121600897e-01,2.583124407116e-01,0.000000000000e+00
9.716000000000e-01,8.098936572453e-01,2.134360255112e-01,8.375456244481e-01,2.576771723900e-01,0.000000000000e+00
9.720000000000e-01,7.950071033865e-01,2.089750586183e-01,8.220139108066e-01,2.570444951443e-01,0.000000000000e+00
9.724000000000e-01,7.802437294551e-01,2.045688494704e-01,8.066155785302e-01,2.564143900932e-01,0.000000000000e+00
9.728000000000e-01,7.656022611790e-01,2.002166661839e-01,7.913491869840e-01,2.557868383556e-01,0.000000000000e+00
9.732000000000e-01,7.510814220292e-01,1.959177832961e-01,7.762132956405e-01,2.551618210512e-01,0.000000000000e+00
9.736000000000e-01,7.366799595437e-01,1.916714887511e-01,7.612064912974e-01,2.545393195541e-01,0.000000000000e+00
9.740000000000e-01,7.223966801859e-01,1.874770930351e-01,7.463274240951e-01,2.539193158282e-01,0.000000000000e+00
9.744000000000e-01,7.082303968745e-01,1.833339149041e-01,7.315747531258e-01,2.533017919206e-01,0.000000000000e+00
9.748000000000e-01,6.941799203688e-01,1.792412790062e-01,7.169471374816e-01,2.526867298785e-01,0.000000000000e+00
9.752000000000e-01,6.802440592979e-01,1.751985158315e-01,7.024432362545e-01,2.520741117490e-01,0.000000000000e+00
9.756000000000e-01,6.664216330961e-01,1.712049650752e-01,6.880617218861e-01,2.514639197135e-01,0.000000000000e+00
9.760000000000e-01,6.527115194227e-01,1.672599880237e-01,6.738013291622e-01,2.508561365800e-01,0.000000000000e+00
9.764000000000e-01,6.391126115385e-01,1.633629560626e-01,6.596608110545e-01,2.502507453395e-01,0.000000000000e+00
9.768000000000e-01,6.256238007586e-01,1.595132459589e-01,6.456389205368e-01,2.496477289829e-01,0.000000000000e+00
9.772000000000e-01,6.122439764759e-01,1.557102398163e-01,6.317344105830e-01,2.490470705010e-01,0.000000000000e+00
9.776000000000e-01,5.989720299652e-01,1.519533260136e-01,6.179460380706e-01,2.484487529222e-01,0.000000000000e+00
9.780000000000e-01,5.858068979039e-01,1.482419104216e-01,6.042726087100e-01,2.478527597432e-01,0.000000000000e+00
9.784000000000e-01,5.727475473290e-01,1.445754122834e-01,5.907129614359e-01,2.472590747788e-01,0.000000000000e+00
9.788000000000e-01,5.597929441333e-01,1.409532559250e-01,5.772659358193e-01,2.466676818502e-01,0.000000000000e+00
9.792000000000e-01,5.469420524724e-01,1.373748705546e-01,5.639303714313e-01,2.460785647786e-01,0.000000000000e+00
9.796000000000e-01,5.341938350791e-01,1.338396902982e-01,5.507051081438e-01,2.454917073883e-01,0.000000000000e+00
9.800000000000e-01,5.215472795060e-01,1.303471608663e-01,5.375890131932e-01,2.449070937860e-01,0.000000000000e+00
9.804000000000e-01,5.090014190138e-01,1.268967447367e-01,5.245810026896e-01,2.443247085832e-01,0.000000000000e+00
9.808000000000e-01,4.965552901748e-01,1.234879101488e-01,5.116799978048e-01,2.437445364439e-01,0.000000000000e+00
9.812000000000e-01,4.842079279915e-01,1.201201298067e-01,4.988849197106e-01,2.431665620318e-01,0.000000000000e+00
9.816000000000e-01,4.719583659171e-01,1.167928808426e-01,4.861946895789e-01,2.425907700107e-01,0.000000000000e+00
9.820000000000e-01,4.598056433186e-01,1.135056466567e-01,4.736082362571e-01,2.420171451205e-01,0.000000000000e+00
9.824000000000e-01,4.477488450628e-01,1.102579267887e-01,4.611245370557e-01,2.414456725805e-01,0.000000000000e+00
9.828000000000e-01,4.357870728620e-01,1.070492295321e-01,4.487425881472e-01,2.408763377971e-01,0.000000000000e+00
9.832000000000e-01,4.239194270484e-01,1.038790672790e-01,4.364613857466e-01,2.403091261769e-01,0.000000000000e+00
9.836000000000e-01,4.121450065513e-01,1.007469564785e-01,4.242799260687e-01,2.397440231266e-01,0.000000000000e+00
9.840000000000e-01,4.004629094208e-01,9.765241772962e-02,4.121972058495e-01,2.391810140583e-01,0.000000000000e+00
9.844000000000e-01,3.888722587086e-01,9.459498215597e-02,4.002122489907e-01,2.386200846731e-01,0.000000000000e+00
9.848000000000e-01,3.773722148741e-01,9.157419433864e-02,3.883241192969e-01,2.380612210964e-01,0.000000000000e+00
9.852000000000e-01,3.659619401828e-01,8.858960337215e-02,3.765318837602e-01,2.375044094876e-01,0.000000000000e+00
9.856000000000e-01,3.546405956303e-01,8.564076206458e-02,3.648346093726e-01,2.369496360059e-01,0.000000000000e+00
9.860000000000e-01,3.434073409581e-01,8.272722690864e-02,3.532313631261e-01,2.363968868106e-01,0.000000000000e+00
9.864000000000e-01,3.322613398808e-01,7.984855932467e-02,3.417212173770e-01,2.358461481160e-01,0.000000000000e+00
9.868000000000e-01,3.212017945169e-01,7.700433398765e-02,3.303032852604e-01,2.352974065543e-01,0.000000000000e+00
9.872000000000e-01,3.102279240088e-01,7.419413346908e-02,3.189766986412e-01,2.347506489494e-01,0.000000000000e+00
9.876000000000e-01,2.993389464428e-01,7.141754376913e-02,3.077405894833e-01,2.342058621264e-01,0.000000000000e+00
9.880000000000e-01,2.885340787680e-01,6.867415426703e-02,2.965940897502e-01,2.336630329104e-01,0.000000000000e+00
9.884000000000e-01,2.778125368525e-01,6.596355770537e-02,2.855363314494e-01,2.331221481269e-01,0.000000000000e+00
9.888000000000e-01,2.671735508314e-01,6.328535384496e-02,2.745664624005e-01,2.325831947748e-01,0.000000000000e+00
9.892000000000e-01,2.566163879064e-01,6.063915484005e-02,2.636836696533e-01,2.320461602838e-01,0.000000000000e+00
9.896000000000e-01,2.461403200475e-01,5.802457736957e-02,2.528871462373e-01,2.315110321487e-01,0.000000000000e+00
9.900000000000e-01,2.357446181931e-01,5.544124121010e-02,2.421760851817e-01,2.309777978647e-01,0.000000000000e+00
9.904000000000e-01,2.254285522627e-01,5.288876921236e-02,2.315496795162e-01,2.304464449269e-01,0.000000000000e+00
9.908000000000e-01,2.151913921077e-01,5.036678749993e-02,2.210071232343e-01,2.299169608405e-01,0.000000000000e+00
9.912000000000e-01,2.050324319848e-01,4.787493121234e-02,2.105476364251e-01,2.293893333888e-01,0.000000000000e+00
9.916000000000e-01,1.949509929048e-01,4.541284494638e-02,2.001704676536e-01,2.288635506581e-01,0.000000000000e+00
9.920000000000e-01,1.849463963443e-01,4.298017647345e-02,1.898748669267e-01,2.283396007502e-01,0.000000000000e+00
9.924000000000e-01,1.750179628551e-01,4.057657638552e-02,1.796600842511e-01,2.278174717669e-01,0.000000000000e+00
9.928000000000e-01,1.651650120749e-01,3.820169807409e-02,1.695253696337e-01,2.272971518099e-01,0.000000000000e+00
9.932000000000e-01,1.553868655357e-01,3.585519836008e-02,1.594699759530e-01,2.267786290135e-01,0.000000000000e+00
9.936000000000e-01,1.456828724674e-01,3.353674344703e-02,1.494931854346e-01,2.262618918439e-01,0.000000000000e+00
9.940000000000e-01,1.360523979711e-01,3.124600606810e-02,1.395942974799e-01,2.257469289618e-01,0.000000000000e+00
9.944000000000e-01,1.264948065170e-01,2.898266160218e-02,1.297726117073e-01,2.252337290302e-01,0.000000000000e+00
9.948000000000e-01,1.170094617430e-01,2.674638800552e-02,1.200274277352e-01,2.247222807123e-01,0.000000000000e+00
9.952000000000e-01,1.075957264646e-01,2.453686579272e-02,1.103580451819e-01,2.242125726712e-01,0.000000000000e+00
9.956000000000e-01,9.825296922204e-02,2.235377951280e-02,1.007637703714e-01,2.237045936452e-01,0.000000000000e+00
9.960000000000e-01,8.898059640289e-02,2.019682503300e-02,9.124394926584e-02,2.231983328171e-01,0.000000000000e+00
9.964000000000e-01,7.977802777809e-02,1.806570383053e-02,8.179794233997e-02,2.226937795330e-01,0.000000000000e+00
9.968000000000e-01,7.064468238912e-02,1.596011972743e-02,7.242511009017e-02,2.221909231387e-01,0.000000000000e+00
9.972000000000e-01,6.157997853572e-02,1.387977886880e-02,6.312481301285e-02,2.216897529802e-01,0.000000000000e+00
9.976000000000e-01,5.258333378473e-02,1.182438970590e-02,5.389641160443e-02,2.211902584038e-01,0.000000000000e+00
9.980000000000e-01,4.365416497877e-02,9.793662979471e-03,4.473926636132e-02,2.206924287553e-01,0.000000000000e+00
9.984000000000e-01,3.479188824487e-02,7.787311703130e-03,3.565273777994e-02,2.201962533808e-01,0.000000000000e+00
9.988000000000e-01,2.599591900302e-02,5.805051146844e-03,2.663618635670e-02,2.197017216263e-01,0.000000000000e+00
9.992000000000e-01,1.726567197457e-02,3.846598820553e-03,1.768897258802e-02,2.192088228379e-01,0.000000000000e+00
9.996000000000e-01,8.600561190576e-03,1.911674457888e-03,8.810456970316e-03,2.187175463616e-01,0.000000000000e+00
1.000000000000e+00,-1.868892460480e-17,-4.144445123173e-18,-1.914294460795e-17,2.182278815434e-01,0.000000000000e+00
