time_over_Tg,Tg_omega_x,Tg_omega_y,Tg_omega_envelope,phase_rad,Tg_delta
0.000000000000e+00,7.830175007848e-17,0.000000000000e+00,7.830175007848e-17,0.000000000000e+00,3.113448076559e+00
4.000000000000e-04,4.827896542099e-03,1.336954327096e-05,4.827915053716e-03,2.769220296919e-03,3.113448076559e+00
8.000000000000e-04,9.684702216400e-03,5.363098265606e-05,9.684850711427e-03,5.537644137072e-03,3.113448076559e+00
1.200000000000e-03,1.457072620581e-02,1.210165162236e-04,1.457122874579e-02,8.305264407044e-03,3.113448076559e+00
1.600000000000e-03,1.948627644910e-02,2.157623115992e-04,1.948747092944e-02,1.107207399342e-02,3.113448076559e+00
2.000000000000e-03,2.443165961393e-02,3.381084948936e-04,2.443399903506e-02,1.383806578279e-02,3.113448076559e+00
2.400000000000e-03,2.940718107004e-02,4.882991394300e-04,2.941123483527e-02,1.660323266172e-02,3.113448076559e+00
2.800000000000e-03,3.441314486255e-02,6.665822542707e-04,3.441960010274e-02,1.936756751682e-02,3.113448076559e+00
3.200000000000e-03,3.944985368538e-02,8.732097725444e-04,3.945951661012e-02,2.213106323466e-02,3.113448076559e+00
3.600000000000e-03,4.451760885472e-02,1.108437539576e-03,4.453140613007e-02,2.489371270183e-02,3.113448076559e+00
4.000000000000e-03,4.961671028272e-02,1.372525300817e-03,4.963569043522e-02,2.765550880491e-02,3.113448076559e+00
4.400000000000e-03,5.474745645125e-02,1.665736689582e-03,5.477279129824e-02,3.041644443048e-02,3.113448076559e+00
4.800000000000e-03,5.991014438576e-02,1.988339214590e-03,5.994313049179e-02,3.317651246514e-02,3.113448076559e+00
5.200000000000e-03,6.510506962931e-02,2.340604247308e-03,6.514712978850e-02,3.593570579547e-02,3.113448076559e+00
5.600000000000e-03,7.033252621668e-02,2.722807009104e-03,7.038521096103e-02,3.869401730804e-02,3.113448076559e+00
6.000000000000e-03,7.559280664869e-02,3.135226558210e-03,7.565779578204e-02,4.145143988946e-02,3.113448076559e+00
6.400000000000e-03,8.088620238909e-02,3.578145800154e-03,8.096530654729e-02,4.420796643309e-02,3.113448076559e+00
6.800000000000e-03,8.621302622418e-02,4.051852558971e-03,8.630818848691e-02,4.696359013048e-02,3.113448076559e+00
7.200000000000e-03,9.157362066569e-02,4.556640317369e-03,9.168691822068e-02,4.971830458125e-02,3.113448076559e+00
7.600000000000e-03,9.696832881944e-02,5.092807081218e-03,9.710197463492e-02,5.247210341445e-02,3.113448076559e+00
8.000000000000e-03,1.023974920913e-01,5.660655268911e-03,1.025538366160e-01,5.522498025918e-02,3.113448076559e+00
8.400000000000e-03,1.078614501576e-01,6.260491696658e-03,1.080429830501e-01,5.797692874451e-02,3.113448076559e+00
8.800000000000e-03,1.133605409359e-01,6.892627563584e-03,1.135698928238e-01,6.072794249951e-02,3.113448076559e+00
9.200000000000e-03,1.188951005558e-01,7.557378436599e-03,1.191350448232e-01,6.347801515327e-02,3.113448076559e+00
9.600000000000e-03,1.244654662760e-01,8.255064427320e-03,1.247389208868e-01,6.622714030974e-02,3.113448076559e+00
1.000000000000e-02,1.300720028690e-01,8.986012011864e-03,1.303820322829e-01,6.897531132265e-02,3.113448076559e+00
1.040000000000e-02,1.357150900633e-01,9.750553527588e-03,1.360649071766e-01,7.172252140202e-02,3.113448076559e+00
1.080000000000e-02,1.413951058450e-01,1.054902616177e-02,1.417880739339e-01,7.446876375617e-02,3.113448076559e+00
1.120000000000e-02,1.471124262254e-01,1.138177192199e-02,1.475520609210e-01,7.721403159342e-02,3.113448076559e+00
1.160000000000e-02,1.528674252090e-01,1.224913761880e-02,1.533573965039e-01,7.995831812209e-02,3.113448076559e+00
1.200000000000e-02,1.586604747619e-01,1.315147484823e-02,1.592046090488e-01,8.270161655049e-02,3.113448076559e+00
1.240000000000e-02,1.644919448039e-01,1.408913997604e-02,1.650942269452e-01,8.544392008729e-02,3.113448076559e+00
1.280000000000e-02,1.703622173096e-01,1.506249540532e-02,1.710267927972e-01,8.818522214955e-02,3.113448076559e+00
1.320000000000e-02,1.762717102325e-01,1.607191200698e-02,1.770028875015e-01,9.092551671574e-02,3.113448076559e+00
1.360000000000e-02,1.822208456594e-01,1.711776657036e-02,1.830230983378e-01,9.366479785793e-02,3.113448076559e+00
1.400000000000e-02,1.882100434153e-01,1.820044124179e-02,1.890880125861e-01,9.640305964817e-02,3.113448076559e+00
1.440000000000e-02,1.942397210281e-01,1.932032350498e-02,1.951982175262e-01,9.914029615853e-02,3.113448076559e+00
1.480000000000e-02,2.003102936937e-01,2.047780616124e-02,2.013543004379e-01,1.018765014611e-01,3.113448076559e+00
1.520000000000e-02,2.064221742410e-01,2.167328730936e-02,2.075568486010e-01,1.046116696279e-01,3.113448076559e+00
1.560000000000e-02,2.125757761453e-01,2.290717064957e-02,2.138064523604e-01,1.073457947113e-01,3.113448076559e+00
1.600000000000e-02,2.187715478639e-01,2.417986925434e-02,2.201037397046e-01,1.100788705233e-01,3.113448076559e+00
1.640000000000e-02,2.250099604561e-01,2.549180467667e-02,2.264493638987e-01,1.128108907141e-01,3.113448076559e+00
1.680000000000e-02,2.312914828603e-01,2.684340444268e-02,2.328439786763e-01,1.155418489308e-01,3.113448076559e+00
1.720000000000e-02,2.376165813901e-01,2.823510198056e-02,2.392882377706e-01,1.182717388207e-01,3.113448076559e+00
1.760000000000e-02,2.439857196959e-01,2.966733659765e-02,2.457827949152e-01,1.210005540310e-01,3.113448076559e+00
1.800000000000e-02,2.503993587269e-01,3.114055345711e-02,2.523283038433e-01,1.237282882089e-01,3.113448076559e+00
1.840000000000e-02,2.568579569188e-01,3.265520358380e-02,2.589254185159e-01,1.264549350044e-01,3.113448076559e+00
1.880000000000e-02,2.633619937084e-01,3.421174697717e-02,2.655748168808e-01,1.291804883462e-01,3.113448076559e+00
1.920000000000e-02,2.699119900770e-01,3.581065572342e-02,2.722772216890e-01,1.319049426843e-01,3.113448076559e+00
1.960000000000e-02,2.765084689093e-01,3.745240910944e-02,2.790333605981e-01,1.346282925258e-01,3.113448076559e+00
2.000000000000e-02,2.831519500827e-01,3.913749297725e-02,2.858439612659e-01,1.373505323776e-01,3.113448076559e+00
2.040000000000e-02,2.898429504252e-01,4.086639969794e-02,2.927097513502e-01,1.400716567467e-01,3.113448076559e+00
2.080000000000e-02,2.965819836734e-01,4.263962814543e-02,2.996314585087e-01,1.427916601403e-01,3.113448076559e+00
2.120000000000e-02,3.033695604305e-01,4.445768366989e-02,3.066098103993e-01,1.455105370652e-01,3.113448076559e+00
2.160000000000e-02,3.102062009617e-01,4.632107996876e-02,3.136455476562e-01,1.482282819685e-01,3.113448076559e+00
2.200000000000e-02,3.170924781468e-01,4.823034570979e-02,3.207394673946e-01,1.509448890359e-01,3.113448076559e+00
2.240000000000e-02,3.240289766811e-01,5.018601902060e-02,3.278923820923e-01,1.536603523820e-01,3.113448076559e+00
2.280000000000e-02,3.310162778196e-01,5.218864529371e-02,3.351051042272e-01,1.563746661217e-01,3.113448076559e+00
2.320000000000e-02,3.380549593304e-01,5.423877715647e-02,3.423784462774e-01,1.590878243695e-01,3.113448076559e+00
2.360000000000e-02,3.451455954491e-01,5.633697444057e-02,3.497132207210e-01,1.617998212402e-01,3.113448076559e+00
2.400000000000e-02,3.522887568324e-01,5.848380415142e-02,3.571102400360e-01,1.645106508484e-01,3.113448076559e+00
2.440000000000e-02,3.594850177116e-01,6.067984167605e-02,3.645703240048e-01,1.672203073735e-01,3.113448076559e+00
2.480000000000e-02,3.667350063356e-01,6.292567968932e-02,3.720943509869e-01,1.699287855145e-01,3.113448076559e+00
2.520000000000e-02,3.740393748433e-01,6.522192359757e-02,3.796832275081e-01,1.726360802201e-01,3.113448076559e+00
2.560000000000e-02,3.813987716042e-01,6.756918691311e-02,3.873378602736e-01,1.753421864404e-01,3.113448076559e+00
2.600000000000e-02,3.888138409903e-01,6.996809119020e-02,3.950591559886e-01,1.780470991259e-01,3.113448076559e+00
2.640000000000e-02,3.962852233250e-01,7.241926599059e-02,4.028480213583e-01,1.807508132267e-01,3.113448076559e+00
2.680000000000e-02,4.038135548326e-01,7.492334884884e-02,4.107053630880e-01,1.834533236931e-01,3.113448076559e+00
2.720000000000e-02,4.113994730031e-01,7.748098624940e-02,4.186320933915e-01,1.861546254575e-01,3.113448076559e+00
2.760000000000e-02,4.190436725371e-01,8.009284428824e-02,4.266291869991e-01,1.888547132491e-01,3.113448076559e+00
2.800000000000e-02,4.267468826565e-01,8.275960513042e-02,4.346976582619e-01,1.915535816685e-01,3.113448076559e+00
2.840000000000e-02,4.345098286804e-01,8.548196002003e-02,4.428385221599e-01,1.942512253141e-01,3.113448076559e+00
2.880000000000e-02,4.423332313507e-01,8.826060912691e-02,4.510527936734e-01,1.969476387845e-01,3.113448076559e+00
2.920000000000e-02,4.502178067756e-01,9.109626150683e-02,4.593414877826e-01,1.996428166781e-01,3.113448076559e+00
2.960000000000e-02,4.581642663746e-01,9.398963506142e-02,4.677056194676e-01,2.023367535935e-01,3.113448076559e+00
3.000000000000e-02,4.661733226761e-01,9.694145773406e-02,4.761462096903e-01,2.050294441687e-01,3.113448076559e+00
3.040000000000e-02,4.742457511373e-01,9.995248080194e-02,4.846643486891e-01,2.077208835019e-01,3.113448076559e+00
3.080000000000e-02,4.823823657451e-01,1.030234745258e-01,4.932611712725e-01,2.104110669870e-01,3.113448076559e+00
3.120000000000e-02,4.905839760152e-01,1.061552192914e-01,5.019378129865e-01,2.130999900226e-01,3.113448076559e+00
3.160000000000e-02,4.988513862086e-01,1.093485054148e-01,5.106954093770e-01,2.157876480078e-01,3.113448076559e+00
3.200000000000e-02,5.071853952694e-01,1.126041330970e-01,5.195350959898e-01,2.184740363411e-01,3.113448076559e+00
3.240000000000e-02,5.155867967637e-01,1.159229123785e-01,5.284580083709e-01,2.211591504214e-01,3.113448076559e+00
3.280000000000e-02,5.240563886387e-01,1.193056653170e-01,5.374652921350e-01,2.238429856254e-01,3.113448076559e+00
3.320000000000e-02,5.325950464608e-01,1.227532428797e-01,5.465581781953e-01,2.265255371416e-01,3.113448076559e+00
3.360000000000e-02,5.412036818450e-01,1.262665164304e-01,5.557379404126e-01,2.292068000641e-01,3.113448076559e+00
3.400000000000e-02,5.498832007665e-01,1.298463684927e-01,5.650058529750e-01,2.318867694863e-01,3.113448076559e+00
3.440000000000e-02,5.586345031741e-01,1.334936926270e-01,5.743631900703e-01,2.345654405014e-01,3.113448076559e+00
3.480000000000e-02,5.674584829217e-01,1.372093933787e-01,5.838112258865e-01,2.372428082027e-01,3.113448076559e+00
3.520000000000e-02,5.763560277016e-01,1.409943862255e-01,5.933512346115e-01,2.399188676837e-01,3.113448076559e+00
3.560000000000e-02,5.853280400758e-01,1.448496028118e-01,6.029845121840e-01,2.425936141438e-01,3.113448076559e+00
3.600000000000e-02,5.943755158182e-01,1.487760110768e-01,6.127124572555e-01,2.452670432843e-01,3.113448076559e+00
3.640000000000e-02,6.034994733480e-01,1.527745985668e-01,6.225364987682e-01,2.479391509545e-01,3.113448076559e+00
3.680000000000e-02,6.127009242364e-01,1.568463651756e-01,6.324580656683e-01,2.506099330038e-01,3.113448076559e+00
3.720000000000e-02,6.219808731267e-01,1.609923230850e-01,6.424785869022e-01,2.532793852813e-01,3.113448076559e+00
3.760000000000e-02,6.313403176599e-01,1.652134967054e-01,6.525994914161e-01,2.559475036365e-01,3.113448076559e+00
3.800000000000e-02,6.407802487385e-01,1.695109227060e-01,6.628222085070e-01,2.586142839180e-01,3.113448076559e+00
3.840000000000e-02,6.503017018414e-01,1.738856636472e-01,6.731482210032e-01,2.612797218984e-01,3.113448076559e+00
3.880000000000e-02,6.599058118274e-01,1.783388234287e-01,6.835791222862e-01,2.639438131929e-01,3.113448076559e+00
3.920000000000e-02,6.695937189944e-01,1.828715232069e-01,6.941165194092e-01,2.666065533969e-01,3.113448076559e+00
3.960000000000e-02,6.793665557652e-01,1.874848978802e-01,7.047620194260e-01,2.692679381062e-01,3.113448076559e+00
4.000000000000e-02,6.892254466046e-01,1.921800960200e-01,7.155172293897e-01,2.719279629162e-01,3.113448076559e+00
4.040000000000e-02,6.991715079376e-01,1.969582798041e-01,7.263837563541e-01,2.745866234227e-01,3.113448076559e+00
4.080000000000e-02,7.092058552102e-01,2.018206269998e-01,7.373632148046e-01,2.772439152474e-01,3.113448076559e+00
4.120000000000e-02,7.193296994888e-01,2.067683590673e-01,7.484573273594e-01,2.798998343942e-01,3.113448076559e+00
4.160000000000e-02,7.295443216020e-01,2.118027350490e-01,7.596678983318e-01,2.825543771559e-01,3.113448076559e+00
4.200000000000e-02,7.398509953411e-01,2.169250299242e-01,7.709967340493e-01,2.852075398319e-01,3.113448076559e+00
4.240000000000e-02,7.502509854303e-01,2.221365339819e-01,7.824456408394e-01,2.878593187220e-01,3.113448076559e+00
4.280000000000e-02,7.607455474352e-01,2.274385527437e-01,7.940164250295e-01,2.905097101259e-01,3.113448076559e+00
4.320000000000e-02,7.713359276924e-01,2.328324068930e-01,8.057108929689e-01,2.931587103432e-01,3.113448076559e+00
4.360000000000e-02,7.820234096083e-01,2.383194462986e-01,8.175308995135e-01,2.958063156321e-01,3.113448076559e+00
4.400000000000e-02,7.928094118599e-01,2.439010807673e-01,8.294784510360e-01,2.984525221211e-01,3.113448076559e+00
4.440000000000e-02,8.036953711645e-01,2.495787457687e-01,8.415555834113e-01,3.010973259133e-01,3.113448076559e+00
4.480000000000e-02,8.146827139047e-01,2.553538939169e-01,8.537643325144e-01,3.037407231120e-01,3.113448076559e+00
4.520000000000e-02,8.257728560274e-01,2.612279948818e-01,8.661067342203e-01,3.063827098204e-01,3.113448076559e+00
4.560000000000e-02,8.369672029426e-01,2.672025353013e-01,8.785848244040e-01,3.090232821417e-01,3.113448076559e+00
4.600000000000e-02,8.482671609064e-01,2.732790224194e-01,8.912006510134e-01,3.116624362095e-01,3.113448076559e+00
4.640000000000e-02,8.596742644137e-01,2.794590259314e-01,9.039564082796e-01,3.143001685244e-01,3.113448076559e+00
4.680000000000e-02,8.711901289553e-01,2.857441643650e-01,9.168543877072e-01,3.169364758312e-01,3.113448076559e+00
4.720000000000e-02,8.828163598904e-01,2.921360759979e-01,9.298968825572e-01,3.195713548790e-01,3.113448076559e+00
4.760000000000e-02,8.945545506609e-01,2.986364182192e-01,9.430861860906e-01,3.222048024171e-01,3.113448076559e+00
4.800000000000e-02,9.064062826799e-01,3.052468674297e-01,9.564245915686e-01,3.248368151947e-01,3.113448076559e+00
4.840000000000e-02,9.183731268146e-01,3.119691194824e-01,9.699143939368e-01,3.274673899602e-01,3.113448076559e+00
4.880000000000e-02,9.304567439534e-01,3.188049240493e-01,9.835579962394e-01,3.300965234134e-01,3.113448076559e+00
4.920000000000e-02,9.426589445761e-01,3.257561066125e-01,9.973579732396e-01,3.327242121766e-01,3.113448076559e+00
4.960000000000e-02,9.549815401441e-01,3.328245190628e-01,1.011316914970e+00,3.353504528654e-01,3.113448076559e+00
5.000000000000e-02,9.674263285018e-01,3.400120347184e-01,1.025437411465e+00,3.379752420953e-01,3.113448076559e+00
5.040000000000e-02,9.799950937519e-01,3.473205482100e-01,1.039722052756e+00,3.405985764819e-01,3.113448076559e+00
5.080000000000e-02,9.926896061692e-01,3.547519753795e-01,1.054173428916e+00,3.432204526407e-01,3.113448076559e+00
5.120000000000e-02,1.005511689435e+00,3.623082775761e-01,1.068794201701e+00,3.458408673128e-01,3.113448076559e+00
5.160000000000e-02,1.018463359253e+00,3.699915132489e-01,1.083587252609e+00,3.484598176231e-01,3.113448076559e+00
5.200000000000e-02,1.031546655409e+00,3.778037790931e-01,1.098555505099e+00,3.510773007702e-01,3.113448076559e+00
5.240000000000e-02,1.044763602104e+00,3.857471958316e-01,1.113701882630e+00,3.536933139524e-01,3.113448076559e+00
5.280000000000e-02,1.058116207815e+00,3.938239080845e-01,1.129029308663e+00,3.563078543683e-01,3.113448076559e+00
5.320000000000e-02,1.071606465155e+00,4.020360842378e-01,1.144540706656e+00,3.589209192163e-01,3.113448076559e+00
5.360000000000e-02,1.085236402331e+00,4.103859358093e-01,1.160239055219e+00,3.615325056855e-01,3.113448076559e+00
5.400000000000e-02,1.099008270107e+00,4.188757893555e-01,1.176127588603e+00,3.641426109218e-01,3.113448076559e+00
5.440000000000e-02,1.112924370924e+00,4.275080243554e-01,1.192209615078e+00,3.667512320587e-01,3.113448076559e+00
5.480000000000e-02,1.126986989374e+00,4.362850472589e-01,1.208488442924e+00,3.693583662296e-01,3.113448076559e+00
5.520000000000e-02,1.141198392040e+00,4.452092913346e-01,1.224967380417e+00,3.719640105680e-01,3.113448076559e+00
5.560000000000e-02,1.155560827343e+00,4.542832165203e-01,1.241649735836e+00,3.745681622072e-01,3.113448076559e+00
5.600000000000e-02,1.170076575712e+00,4.635093292936e-01,1.258538871617e+00,3.771708183452e-01,3.113448076559e+00
5.640000000000e-02,1.184748163710e+00,4.728902691917e-01,1.275638435494e+00,3.797719765199e-01,3.113448076559e+00
5.680000000000e-02,1.199578184752e+00,4.824287403271e-01,1.292952168808e+00,3.823716343808e-01,3.113448076559e+00
5.720000000000e-02,1.214569211825e+00,4.921274770909e-01,1.310483812957e+00,3.849697895773e-01,3.113448076559e+00
5.760000000000e-02,1.229723797266e+00,5.019892439631e-01,1.328237109336e+00,3.875664397589e-01,3.113448076559e+00
5.800000000000e-02,1.245044472591e+00,5.120168353415e-01,1.346215799343e+00,3.901615825752e-01,3.113448076559e+00
5.840000000000e-02,1.260533817002e+00,5.222131038249e-01,1.364423698714e+00,3.927552156770e-01,3.113448076559e+00
5.880000000000e-02,1.276194695438e+00,5.325810605033e-01,1.382864956050e+00,3.953473367220e-01,3.113448076559e+00
5.920000000000e-02,1.292030035730e+00,5.431237858508e-01,1.401543813081e+00,3.979379433695e-01,3.113448076559e+00
5.960000000000e-02,1.308042742196e+00,5.538443943350e-01,1.420464511541e+00,4.005270332788e-01,3.113448076559e+00
6.000000000000e-02,1.324235695446e+00,5.647460342209e-01,1.439631293165e+00,4.031146041094e-01,3.113448076559e+00
6.040000000000e-02,1.340611752313e+00,5.758318874279e-01,1.459048399820e+00,4.057006535208e-01,3.113448076559e+00
6.080000000000e-02,1.357173863635e+00,5.871052205319e-01,1.478720202104e+00,4.082851792743e-01,3.113448076559e+00
6.120000000000e-02,1.373925293850e+00,5.985694824555e-01,1.498651439931e+00,4.108681794237e-01,3.113448076559e+00
6.160000000000e-02,1.390869341098e+00,6.102281863849e-01,1.518846919036e+00,4.134496520749e-01,3.113448076559e+00
6.200000000000e-02,1.408009276492e+00,6.220848836620e-01,1.539311445149e+00,4.160295953337e-01,3.113448076559e+00
6.240000000000e-02,1.425348343908e+00,6.341431635626e-01,1.560049824004e+00,4.186080073061e-01,3.113448076559e+00
6.280000000000e-02,1.442889764294e+00,6.464066551000e-01,1.581066866285e+00,4.211848860986e-01,3.113448076559e+00
6.320000000000e-02,1.460636960504e+00,6.588791284462e-01,1.602367634562e+00,4.237602298532e-01,3.113448076559e+00
6.360000000000e-02,1.478593659973e+00,6.715645450319e-01,1.623957557776e+00,4.263340367634e-01,3.113448076559e+00
6.400000000000e-02,1.496763585647e+00,6.844669211708e-01,1.645842093731e+00,4.289063050268e-01,3.113448076559e+00
6.440000000000e-02,1.515150429366e+00,6.975903160683e-01,1.668026700230e+00,4.314770328410e-01,3.113448076559e+00
6.480000000000e-02,1.533757851636e+00,7.109388315673e-01,1.690516835079e+00,4.340462184035e-01,3.113448076559e+00
6.520000000000e-02,1.552589519126e+00,7.245166295448e-01,1.713317997742e+00,4.366138599332e-01,3.113448076559e+00
6.560000000000e-02,1.571649458761e+00,7.383280990824e-01,1.736436121231e+00,4.391799558699e-01,3.113448076559e+00
6.600000000000e-02,1.590941895873e+00,7.523777857858e-01,1.759877395896e+00,4.417445047847e-01,3.113448076559e+00
6.640000000000e-02,1.610471023336e+00,7.666702851335e-01,1.783648015476e+00,4.443075052502e-01,3.113448076559e+00
6.680000000000e-02,1.630240998224e+00,7.812102407608e-01,1.807754173708e+00,4.468689558394e-01,3.113448076559e+00
6.720000000000e-02,1.650255941852e+00,7.960023443162e-01,1.832202064668e+00,4.494288551250e-01,3.113448076559e+00
6.760000000000e-02,1.670520123764e+00,8.110514247201e-01,1.856998087625e+00,4.519872017235e-01,3.113448076559e+00
6.800000000000e-02,1.691038273217e+00,8.263626032919e-01,1.882149195363e+00,4.545439943694e-01,3.113448076559e+00
6.840000000000e-02,1.711815162092e+00,8.419410961291e-01,1.907662433063e+00,4.570992318167e-01,3.113448076559e+00
6.880000000000e-02,1.732855521291e+00,8.577921738168e-01,1.933544845906e+00,4.596529128195e-01,3.113448076559e+00
6.920000000000e-02,1.754164040441e+00,8.739211610968e-01,1.959803479073e+00,4.622050361318e-01,3.113448076559e+00
6.960000000000e-02,1.775745409440e+00,8.903334575465e-01,1.986445424565e+00,4.647556005225e-01,3.113448076559e+00
7.000000000000e-02,1.797604767516e+00,9.070347650041e-01,2.013478324969e+00,4.673046049339e-01,3.113448076559e+00
7.040000000000e-02,1.819747528299e+00,9.240310063116e-01,2.040910181114e+00,4.698520484212e-01,3.113448076559e+00
7.080000000000e-02,1.842179063972e+00,9.413281685978e-01,2.068748999935e+00,4.723979300415e-01,3.113448076559e+00
7.120000000000e-02,1.864904699470e+00,9.589323001744e-01,2.097002788368e+00,4.749422488521e-01,3.113448076559e+00
7.160000000000e-02,1.887929716089e+00,9.768495121970e-01,2.125679557782e+00,4.774850039113e-01,3.113448076559e+00
7.200000000000e-02,1.911259683049e+00,9.950861513726e-01,2.154787698290e+00,4.800261943723e-01,3.113448076559e+00
7.240000000000e-02,1.934900706743e+00,1.013648935946e+00,2.184336263101e+00,4.825658195555e-01,3.113448076559e+00
7.280000000000e-02,1.958858899264e+00,1.032544684496e+00,2.214334372381e+00,4.851038787977e-01,3.113448076559e+00
7.320000000000e-02,1.983140318502e+00,1.051780284859e+00,2.244791146295e+00,4.876403714359e-01,3.113448076559e+00
7.360000000000e-02,2.007750967776e+00,1.071362693689e+00,2.275715705011e+00,4.901752968071e-01,3.113448076559e+00
7.400000000000e-02,2.032696983759e+00,1.091299037224e+00,2.307117382456e+00,4.927086542874e-01,3.113448076559e+00
7.440000000000e-02,2.057985184439e+00,1.111596910404e+00,2.339006351122e+00,4.952404434073e-01,3.113448076559e+00
7.480000000000e-02,2.083622507657e+00,1.132264083313e+00,2.371392989105e+00,4.977706637347e-01,3.113448076559e+00
7.520000000000e-02,2.109615829092e+00,1.153308404277e+00,2.404287674496e+00,5.002993148378e-01,3.113448076559e+00
7.560000000000e-02,2.135971961851e+00,1.174737799373e+00,2.437700785390e+00,5.028263962847e-01,3.113448076559e+00
7.600000000000e-02,2.162697772427e+00,1.196560336421e+00,2.471642832927e+00,5.053519076788e-01,3.113448076559e+00
7.640000000000e-02,2.189800873140e+00,1.218784612640e+00,2.506125255451e+00,5.078758488714e-01,3.113448076559e+00
7.680000000000e-02,2.217289151443e+00,1.241419503882e+00,2.541159885904e+00,5.103982198187e-01,3.113448076559e+00
7.720000000000e-02,2.245170424614e+00,1.264473975281e+00,2.576758558678e+00,5.129190204773e-01,3.113448076559e+00
7.760000000000e-02,2.273452438007e+00,1.287957079986e+00,2.612933108169e+00,5.154382508041e-01,3.113448076559e+00
7.800000000000e-02,2.302142954741e+00,1.311878009994e+00,2.649695472535e+00,5.179559107659e-01,3.113448076559e+00
7.840000000000e-02,2.331250521874e+00,1.336246536789e+00,2.687058578226e+00,5.204720004257e-01,3.113448076559e+00
7.880000000000e-02,2.360784081816e+00,1.361072801218e+00,2.725035899061e+00,5.229865199001e-01,3.113448076559e+00
7.920000000000e-02,2.390752499960e+00,1.386367047049e+00,2.763640914664e+00,5.254994693060e-01,3.113448076559e+00
7.960000000000e-02,2.421164559112e+00,1.412139617453e+00,2.802887104662e+00,5.280108487605e-01,3.113448076559e+00
8.000000000000e-02,2.452029061398e+00,1.438401014556e+00,2.842788067482e+00,5.305206584123e-01,3.113448076559e+00
8.040000000000e-02,2.483355707575e+00,1.465162420530e+00,2.883358543240e+00,5.330288987158e-01,3.113448076559e+00
8.080000000000e-02,2.515154655210e+00,1.492435451331e+00,2.924613908880e+00,5.355355702958e-01,3.113448076559e+00
8.120000000000e-02,2.547435973364e+00,1.520231839651e+00,2.966569548263e+00,5.380406737787e-01,3.113448076559e+00
8.160000000000e-02,2.580209636026e+00,1.548563430686e+00,3.009240845246e+00,5.405442097912e-01,3.113448076559e+00
8.200000000000e-02,2.613485684505e+00,1.577442279801e+00,3.052643374064e+00,5.430461789678e-01,3.113448076559e+00
8.240000000000e-02,2.647275227613e+00,1.606881262207e+00,3.096794071546e+00,5.455465820016e-01,3.113448076559e+00
8.280000000000e-02,2.681589776050e+00,1.636893686108e+00,3.141710468302e+00,5.480454196106e-01,3.113448076559e+00
8.320000000000e-02,2.716440733988e+00,1.667492988799e+00,3.187410097393e+00,5.505426925130e-01,3.113448076559e+00
8.360000000000e-02,2.751839396311e+00,1.698692734558e+00,3.233910491886e+00,5.530384014273e-01,3.113448076559e+00
8.400000000000e-02,2.787797290003e+00,1.730506826533e+00,3.281229587643e+00,5.555325471760e-01,3.113448076559e+00
8.440000000000e-02,2.824327234085e+00,1.762950175130e+00,3.329386977386e+00,5.580251310118e-01,3.113448076559e+00
8.480000000000e-02,2.861442285952e+00,1.796038059433e+00,3.378402679783e+00,5.605161542975e-01,3.113448076559e+00
8.520000000000e-02,2.899155377798e+00,1.829785903110e+00,3.428296713506e+00,5.630056183962e-01,3.113448076559e+00
8.560000000000e-02,2.937479322971e+00,1.864209277951e+00,3.479089105625e+00,5.654935246710e-01,3.113448076559e+00
8.600000000000e-02,2.976427570604e+00,1.899324385087e+00,3.530800787759e+00,5.679798744934e-01,3.113448076559e+00
8.640000000000e-02,3.016014867910e+00,1.935148492823e+00,3.583454391050e+00,5.704646692513e-01,3.113448076559e+00
8.680000000000e-02,3.056255977468e+00,1.971699133651e+00,3.637072734143e+00,5.729479103343e-01,3.113448076559e+00
8.720000000000e-02,3.097165517826e+00,2.008994003073e+00,3.691678635688e+00,5.754295991320e-01,3.113448076559e+00
8.760000000000e-02,3.138758072057e+00,2.047051029987e+00,3.747295044999e+00,5.779097370661e-01,3.113448076559e+00
8.800000000000e-02,3.181049567503e+00,2.085889284656e+00,3.803946695046e+00,5.803883259981e-01,3.113448076559e+00
8.840000000000e-02,3.224056851093e+00,2.125528724205e+00,3.861659609094e+00,5.828653681070e-01,3.113448076559e+00
8.880000000000e-02,3.267796628720e+00,2.165989506829e+00,3.920459839148e+00,5.853408655791e-01,3.113448076559e+00
8.920000000000e-02,3.312285440406e+00,2.207291975012e+00,3.980373437466e+00,5.878148206008e-01,3.113448076559e+00
8.960000000000e-02,3.357540281933e+00,2.249457071351e+00,4.041427205908e+00,5.902872353514e-01,3.113448076559e+00
9.000000000000e-02,3.403579968569e+00,2.292507267559e+00,4.103650347465e+00,5.927581119883e-01,3.113448076559e+00
9.040000000000e-02,3.450423526573e+00,2.336465510508e+00,4.167072544907e+00,5.952274526645e-01,3.113448076559e+00
9.080000000000e-02,3.498089792218e+00,2.381354955745e+00,4.231723481003e+00,5.976952595328e-01,3.113448076559e+00
9.120000000000e-02,3.546597543806e+00,2.427199057324e+00,4.297632999874e+00,6.001615347835e-01,3.113448076559e+00
9.160000000000e-02,3.595967248119e+00,2.474022773692e+00,4.364833230983e+00,6.026262811363e-01,3.113448076559e+00
9.200000000000e-02,3.646220558540e+00,2.521852253552e+00,4.433357999335e+00,6.050895017033e-01,3.113448076559e+00
9.240000000000e-02,3.697378943713e+00,2.570713905126e+00,4.503241170027e+00,6.075511996061e-01,3.113448076559e+00
9.280000000000e-02,3.749463662216e+00,2.620634378220e+00,4.574516619118e+00,6.100113779658e-01,3.113448076559e+00
9.320000000000e-02,3.802496935991e+00,2.671641387904e+00,4.647219669198e+00,6.124700398771e-01,3.113448076559e+00
9.360000000000e-02,3.856503106818e+00,2.723764552094e+00,4.721388519085e+00,6.149271883816e-01,3.113448076559e+00
9.400000000000e-02,3.911506546519e+00,2.777033950612e+00,4.797061707578e+00,6.173828265146e-01,3.113448076559e+00
9.440000000000e-02,3.967531376458e+00,2.831479929273e+00,4.874277773481e+00,6.198369573115e-01,3.113448076559e+00
9.480000000000e-02,4.024602100330e+00,2.887133553973e+00,4.953076036612e+00,6.222895839769e-01,3.113448076559e+00
9.520000000000e-02,4.082745853828e+00,2.944028247628e+00,5.033499382118e+00,6.247407104895e-01,3.113448076559e+00
9.560000000000e-02,4.141990315650e+00,3.002198325951e+00,5.115591711941e+00,6.271903410484e-01,3.113448076559e+00
9.600000000000e-02,4.202362877561e+00,3.061678405915e+00,5.199396928101e+00,6.296384798528e-01,3.113448076559e+00
9.640000000000e-02,4.263890989740e+00,3.122503657600e+00,5.284959362579e+00,6.320851310924e-01,3.113448076559e+00
9.680000000000e-02,4.326604756247e+00,3.184711719727e+00,5.372327005548e+00,6.345302988777e-01,3.113448076559e+00
9.720000000000e-02,4.390535452084e+00,3.248341657314e+00,5.461549695704e+00,6.369739872790e-01,3.113448076559e+00
9.760000000000e-02,4.455714036102e+00,3.313432883128e+00,5.552677286005e+00,6.394162003660e-01,3.113448076559e+00
9.800000000000e-02,4.522171378613e+00,3.380025327344e+00,5.645759930340e+00,6.418569422702e-01,3.113448076559e+00
9.840000000000e-02,4.589941065491e+00,3.448161552766e+00,5.740851598731e+00,6.442962179023e-01,3.113448076559e+00
9.880000000000e-02,4.659058415982e+00,3.517886069057e+00,5.838008883035e+00,6.467340327084e-01,3.113448076559e+00
9.920000000000e-02,4.729558415780e+00,3.589243799487e+00,5.937288426582e+00,6.491703921451e-01,3.113448076559e+00
9.960000000000e-02,4.801475902310e+00,3.662280221700e+00,6.038747160026e+00,6.516053016630e-01,3.113448076559e+00
1.000000000000e-01,4.874848566088e+00,3.737043671101e+00,6.142446087839e+00,6.540387666255e-01,3.113448076559e+00
1.004000000000e-01,4.949716087442e+00,3.813584737146e+00,6.248449239105e+00,6.564707923316e-01,3.113448076559e+00
1.008000000000e-01,5.026117776956e+00,3.891954481865e+00,6.356820714535e+00,6.589013840787e-01,3.113448076559e+00
1.012000000000e-01,5.104092846711e+00,3.972204651361e+00,6.467625033978e+00,6.613305472459e-01,3.113448076559e+00
1.016000000000e-01,5.183683891609e+00,4.054390411048e+00,6.580931567287e+00,6.637582881554e-01,3.113448076559e+00
1.020000000000e-01,5.264935490583e+00,4.138569317388e+00,6.696812802732e+00,6.661846137365e-01,3.113448076559e+00
1.024000000000e-01,5.347891776578e+00,4.224799440204e+00,6.815341280078e+00,6.686095309282e-01,3.113448076559e+00
1.028000000000e-01,5.432597014415e+00,4.313139820564e+00,6.936590331911e+00,6.710330466548e-01,3.113448076559e+00
1.032000000000e-01,5.519099485268e+00,4.403653580118e+00,7.060639063284e+00,6.734551677319e-01,3.113448076559e+00
1.036000000000e-01,5.607448929140e+00,4.496405958827e+00,7.187569132849e+00,6.758759009272e-01,3.113448076559e+00
1.040000000000e-01,5.697694543183e+00,4.591462740396e+00,7.317462210620e+00,6.782952530083e-01,3.113448076559e+00
1.044000000000e-01,5.789886383132e+00,4.688891389023e+00,7.450401786993e+00,6.807132310875e-01,3.113448076559e+00
1.048000000000e-01,5.884079203419e+00,4.788764210917e+00,7.586478151281e+00,6.831298435652e-01,3.113448076559e+00
1.052000000000e-01,5.980328372270e+00,4.891155109040e+00,7.725783179773e+00,6.855450991428e-01,3.113448076559e+00
1.056000000000e-01,6.078688678089e+00,4.996138622314e+00,7.868408808553e+00,6.879590065205e-01,3.113448076559e+00
1.060000000000e-01,6.179217297853e+00,5.103792375978e+00,8.014450887689e+00,6.903715743403e-01,3.113448076559e+00
1.064000000000e-01,6.281975571075e+00,5.214198613154e+00,8.164011529450e+00,6.927828111511e-01,3.113448076559e+00
1.068000000000e-01,6.387024570778e+00,5.327440597835e+00,8.317193408306e+00,6.951927254931e-01,3.113448076559e+00
1.072000000000e-01,6.494425181817e+00,5.443602688950e+00,8.474099874167e+00,6.976013260360e-01,3.113448076559e+00
1.076000000000e-01,6.604242914036e+00,5.562774416957e+00,8.634841265568e+00,7.000086227873e-01,3.113448076559e+00
1.080000000000e-01,6.716545665027e+00,5.685048693527e+00,8.799532051090e+00,7.024146265448e-01,3.113448076559e+00
1.084000000000e-01,6.831400589040e+00,5.810519203240e+00,8.968286760534e+00,7.048193481167e-01,3.113448076559e+00
1.088000000000e-01,6.948876388089e+00,5.939282360308e+00,9.141223004194e+00,7.072227982807e-01,3.113448076559e+00
1.092000000000e-01,7.069046863987e+00,6.071440405491e+00,9.318466191530e+00,7.096249877375e-01,3.113448076559e+00
1.096000000000e-01,7.191985868975e+00,6.207097170552e+00,9.500142947567e+00,7.120259271760e-01,3.113448076559e+00
1.100000000000e-01,7.317766901478e+00,6.346357746798e+00,9.686380597246e+00,7.144256274290e-01,3.113448076559e+00
1.104000000000e-01,7.446468237710e+00,6.489332984627e+00,9.877313997266e+00,7.168241008775e-01,3.113448076559e+00
1.108000000000e-01,7.578170655312e+00,6.636137611878e+00,1.007308259099e+01,7.192213608455e-01,3.113448076559e+00
1.112000000000e-01,7.712954044158e+00,6.786887311117e+00,1.027382594076e+01,7.216174206701e-01,3.113448076559e+00
1.116000000000e-01,7.850900522144e+00,6.941701473972e+00,1.047968789432e+01,7.240122936756e-01,3.113448076559e+00
1.120000000000e-01,7.992096671886e+00,7.100705254675e+00,1.069081962838e+01,7.264059931635e-01,3.113448076559e+00
1.124000000000e-01,8.136628545933e+00,7.264025226530e+00,1.090737303782e+01,7.287985324333e-01,3.113448076559e+00
1.128000000000e-01,8.284582571668e+00,7.431790210154e+00,1.112950197064e+01,7.311899252669e-01,3.113448076559e+00
1.132000000000e-01,8.436050238663e+00,7.604135552485e+00,1.135736858299e+01,7.335801874977e-01,3.113448076559e+00
1.136000000000e-01,8.591123516120e+00,7.781199087581e+00,1.159113723971e+01,7.359693355045e-01,3.113448076559e+00
1.140000000000e-01,8.749893716876e+00,7.963120128515e+00,1.183097300469e+01,7.383573856726e-01,3.113448076559e+00
1.144000000000e-01,8.912455687654e+00,8.150043309220e+00,1.207704733478e+01,7.407443544451e-01,3.113448076559e+00
1.148000000000e-01,9.078905568374e+00,8.342116626757e+00,1.232953511426e+01,7.431302582959e-01,3.113448076559e+00
1.152000000000e-01,9.249338465365e+00,8.539489347937e+00,1.258861153465e+01,7.455151138050e-01,3.113448076559e+00
1.156000000000e-01,9.423851711414e+00,8.742315067077e+00,1.285445657392e+01,7.478989393944e-01,3.113448076559e+00
1.160000000000e-01,9.602544293966e+00,8.950751247347e+00,1.312725427534e+01,7.502817550499e-01,3.113448076559e+00
1.164000000000e-01,9.785514013341e+00,9.164956598853e+00,1.340718889119e+01,7.526635808121e-01,3.113448076559e+00
1.168000000000e-01,9.972858948935e+00,9.385092461686e+00,1.369444690850e+01,7.550444368556e-01,3.113448076559e+00
1.172000000000e-01,1.016467761342e+01,9.611322987162e+00,1.398921729577e+01,7.574243435038e-01,3.113448076559e+00
1.176000000000e-01,1.036106723310e+01,9.843813541644e+00,1.429168916718e+01,7.598033211403e-01,3.113448076559e+00
1.180000000000e-01,1.056212401294e+01,1.008273099494e+01,1.460205218389e+01,7.621813919149e-01,3.113448076559e+00
1.184000000000e-01,1.076794320379e+01,1.032824380390e+01,1.492049667112e+01,7.645585801209e-01,3.113448076559e+00
1.188000000000e-01,1.097861858039e+01,1.058052148147e+01,1.524721288478e+01,7.669349101902e-01,3.113448076559e+00
1.192000000000e-01,1.119424027128e+01,1.083973249629e+01,1.558238800191e+01,7.693104068172e-01,3.113448076559e+00
1.196000000000e-01,1.141489452487e+01,1.110604399448e+01,1.592620576977e+01,7.716850949888e-01,3.113448076559e+00
1.200000000000e-01,1.164066576693e+01,1.137962375092e+01,1.627884935154e+01,7.740589998414e-01,3.113448076559e+00
1.204000000000e-01,1.187163183921e+01,1.166063553492e+01,1.664049469228e+01,7.764321489054e-01,3.113448076559e+00
1.208000000000e-01,1.210786476172e+01,1.194923974025e+01,1.701131151494e+01,7.788045717752e-01,3.113448076559e+00
1.212000000000e-01,1.234943386980e+01,1.224559635007e+01,1.739146764576e+01,7.811762981724e-01,3.113448076559e+00
1.216000000000e-01,1.259639555783e+01,1.254985469904e+01,1.778111453246e+01,7.835473583997e-01,3.113448076559e+00
1.220000000000e-01,1.284879849591e+01,1.286215841650e+01,1.818039443796e+01,7.859177830848e-01,3.113448076559e+00
1.224000000000e-01,1.310668621939e+01,1.318264788943e+01,1.858944402155e+01,7.882876035916e-01,3.113448076559e+00
1.228000000000e-01,1.337008267308e+01,1.351144563701e+01,1.900837378333e+01,7.906568547643e-01,3.113448076559e+00
1.232000000000e-01,1.363900527953e+01,1.384866908264e+01,1.943728634289e+01,7.930255724838e-01,3.113448076559e+00
1.236000000000e-01,1.391345809463e+01,1.419442342679e+01,1.987626656518e+01,7.953937930772e-01,3.113448076559e+00
1.240000000000e-01,1.419341864618e+01,1.454878787298e+01,2.032536251678e+01,7.977615537972e-01,3.113448076559e+00
1.244000000000e-01,1.447885906139e+01,1.491183674875e+01,2.078461534262e+01,8.001288921898e-01,3.113448076559e+00
1.248000000000e-01,1.476972311728e+01,1.528361572760e+01,2.125402622258e+01,8.024958488306e-01,3.113448076559e+00
1.252000000000e-01,1.506593112177e+01,1.566414621992e+01,2.173356292386e+01,8.048624668282e-01,3.113448076559e+00
1.256000000000e-01,1.536739186674e+01,1.605343723256e+01,2.222317663535e+01,8.072287896956e-01,3.113448076559e+00
1.260000000000e-01,1.567396681069e+01,1.645144753057e+01,2.272274986514e+01,8.095948623877e-01,3.113448076559e+00
1.264000000000e-01,1.598550383368e+01,1.685812003134e+01,2.323214462351e+01,8.119607303358e-01,3.113448076559e+00
1.268000000000e-01,1.630181470380e+01,1.727335765868e+01,2.375116939103e+01,8.143264416768e-01,3.113448076559e+00
1.272000000000e-01,1.662266697691e+01,1.769701383191e+01,2.427956663518e+01,8.166920478852e-01,3.113448076559e+00
1.276000000000e-01,1.694781287440e+01,1.812892213171e+01,2.481705419431e+01,8.190576010405e-01,3.113448076559e+00
1.280000000000e-01,1.727693603493e+01,1.856883870235e+01,2.536324682506e+01,8.214231552246e-01,3.113448076559e+00
1.284000000000e-01,1.760969832811e+01,1.901649097598e+01,2.591772374740e+01,8.237887652693e-01,3.113448076559e+00
1.288000000000e-01,1.794570778173e+01,1.947154235347e+01,2.647998091786e+01,8.261544891348e-01,3.113448076559e+00
1.292000000000e-01,1.828451630864e+01,1.993358829301e+01,2.704942659052e+01,8.285203880758e-01,3.113448076559e+00
1.296000000000e-01,1.862564727075e+01,2.040218488901e+01,2.762542098322e+01,8.308865243717e-01,3.113448076559e+00
1.300000000000e-01,1.896853617450e+01,2.087678283390e+01,2.820718749002e+01,8.332529630092e-01,3.113448076559e+00
1.304000000000e-01,1.931259606830e+01,2.135679726272e+01,2.879390831787e+01,8.356197699506e-01,3.113448076559e+00
1.308000000000e-01,1.965715537672e+01,2.184153809377e+01,2.938463108167e+01,8.379870153050e-01,3.113448076559e+00
1.312000000000e-01,2.000149839714e+01,2.233025278603e+01,2.997832763212e+01,8.403547714913e-01,3.113448076559e+00
1.316000000000e-01,2.034484728872e+01,2.282210479477e+01,3.057386593914e+01,8.427231132830e-01,3.113448076559e+00
1.320000000000e-01,2.068634858658e+01,2.331615654356e+01,3.116998835113e+01,8.450921182950e-01,3.113448076559e+00
1.324000000000e-01,2.102511235030e+01,2.381141146897e+01,3.176536896507e+01,8.474618660321e-01,3.113448076559e+00
1.328000000000e-01,2.136015745599e+01,2.430675065275e+01,3.235852984670e+01,8.498324403055e-01,3.113448076559e+00
1.332000000000e-01,2.169047749494e+01,2.480100529837e+01,3.294793890016e+01,8.522039265292e-01,3.113448076559e+00
1.336000000000e-01,2.201497766780e+01,2.529288338759e+01,3.353191303478e+01,8.545764147341e-01,3.113448076559e+00
1.340000000000e-01,2.233253612733e+01,2.578103760536e+01,3.410870958988e+01,8.569499967795e-01,3.113448076559e+00
1.344000000000e-01,2.264196561348e+01,2.626401982670e+01,3.467646672167e+01,8.593247682374e-01,3.113448076559e+00
1.348000000000e-01,2.294204796647e+01,2.674031906455e+01,3.523325458384e+01,8.617008269318e-01,3.113448076559e+00
1.352000000000e-01,2.323152599338e+01,2.720835079260e+01,3.577706182506e+01,8.640782753607e-01,3.113448076559e+00
1.356000000000e-01,2.350911409730e+01,2.766646787122e+01,3.630581069346e+01,8.664572198422e-01,3.113448076559e+00
1.360000000000e-01,2.377351521916e+01,2.811297922458e+01,3.681738212797e+01,8.688377690653e-01,3.113448076559e+00
1.364000000000e-01,2.402341954000e+01,2.854614748250e+01,3.730961300372e+01,8.712200343302e-01,3.113448076559e+00
1.368000000000e-01,2.425752939666e+01,2.896421794204e+01,3.778033421535e+01,8.736041313048e-01,3.113448076559e+00
1.372000000000e-01,2.447456007074e+01,2.936541942814e+01,3.822737172298e+01,8.759901817516e-01,3.113448076559e+00
1.376000000000e-01,2.467326084895e+01,2.974798924022e+01,3.864857907810e+01,8.783783090491e-01,3.113448076559e+00
1.380000000000e-01,2.485242845863e+01,3.011018986499e+01,3.904185874158e+01,8.807686385925e-01,3.113448076559e+00
1.384000000000e-01,2.501091412987e+01,3.045031852464e+01,3.940517382100e+01,8.831613001009e-01,3.113448076559e+00
1.388000000000e-01,2.514765428989e+01,3.076674599745e+01,3.973659743304e+01,8.855564313907e-01,3.113448076559e+00
1.392000000000e-01,2.526165956175e+01,3.105790463248e+01,4.003429634668e+01,8.879541715525e-01,3.113448076559e+00
1.396000000000e-01,2.535206236352e+01,3.132234876784e+01,4.029660777805e+01,8.903546604013e-01,3.113448076559e+00
1.400000000000e-01,2.541808808440e+01,3.155872231778e+01,4.052199595525e+01,8.927580424565e-01,3.113448076559e+00
1.404000000000e-01,2.545911571878e+01,3.176583706217e+01,4.070915102827e+01,8.951644720734e-01,3.113448076559e+00
1.408000000000e-01,2.547463346951e+01,3.194262060791e+01,4.085692060969e+01,8.975741043932e-01,3.113448076559e+00
1.412000000000e-01,2.546430561304e+01,3.208820343541e+01,4.096441944013e+01,8.999870936208e-01,3.113448076559e+00
1.416000000000e-01,2.542791811261e+01,3.220185551888e+01,4.103094586285e+01,9.024035996934e-01,3.113448076559e+00
1.420000000000e-01,2.536544429476e+01,3.228307373729e+01,4.105609107304e+01,9.048237938307e-01,3.113448076559e+00
1.424000000000e-01,2.527698651896e+01,3.233151211429e+01,4.103964818412e+01,9.072478469554e-01,3.113448076559e+00
1.428000000000e-01,2.516283336090e+01,3.234705903169e+01,4.098170824585e+01,9.096759273524e-01,3.113448076559e+00
1.432000000000e-01,2.502340267007e+01,3.232977015026e+01,4.088257231581e+01,9.121082109771e-01,3.113448076559e+00
1.436000000000e-01,2.485928401396e+01,3.227992791234e+01,4.074282449355e+01,9.145448859954e-01,3.113448076559e+00
1.440000000000e-01,2.467119057540e+01,3.219798337938e+01,4.056325650273e+01,9.169861384137e-01,3.113448076559e+00
1.444000000000e-01,2.445998455296e+01,3.208459354970e+01,4.034491278440e+01,9.194321502780e-01,3.113448076559e+00
1.448000000000e-01,2.422663644324e+01,3.194057372235e+01,4.008902796359e+01,9.218831142068e-01,3.113448076559e+00
1.452000000000e-01,2.397223307745e+01,3.176691209330e+01,3.979704339097e+01,9.243392351629e-01,3.113448076559e+00
1.456000000000e-01,2.369795106533e+01,3.156473746318e+01,3.947056543571e+01,9.268007134274e-01,3.113448076559e+00
1.460000000000e-01,2.340505152481e+01,3.133531562320e+01,3.911135950187e+01,9.292677447838e-01,3.113448076559e+00
1.464000000000e-01,2.309485635821e+01,3.108002199463e+01,3.872131399363e+01,9.317405391789e-01,3.113448076559e+00
1.468000000000e-01,2.276873597586e+01,3.080032744286e+01,3.830242170576e+01,9.342193181598e-01,3.113448076559e+00
1.472000000000e-01,2.242809608571e+01,3.049778132914e+01,3.785675844588e+01,9.367042957793e-01,3.113448076559e+00
1.476000000000e-01,2.207436326929e+01,3.017399389964e+01,3.738646040481e+01,9.391956819943e-01,3.113448076559e+00
1.480000000000e-01,2.170896471798e+01,2.983061125954e+01,3.689369210643e+01,9.416937047264e-01,3.113448076559e+00
1.484000000000e-01,2.133332068726e+01,2.946930515713e+01,3.638063383161e+01,9.441986021357e-01,3.113448076559e+00
1.488000000000e-01,2.094882924192e+01,2.909175101390e+01,3.584945499811e+01,9.467106022241e-01,3.113448076559e+00
1.492000000000e-01,2.055686438433e+01,2.869962574756e+01,3.530231141675e+01,9.492299299858e-01,3.113448076559e+00
1.496000000000e-01,2.015874766923e+01,2.829456932945e+01,3.474129763165e+01,9.517568319804e-01,3.113448076559e+00
1.500000000000e-01,1.975576044542e+01,2.787820008247e+01,3.416846661200e+01,9.542915635996e-01,3.113448076559e+00
1.504000000000e-01,1.934911917099e+01,2.745207769072e+01,3.358578541929e+01,9.568343678634e-01,3.113448076559e+00
1.508000000000e-01,1.893999311998e+01,2.701772745929e+01,3.299516534963e+01,9.593854859503e-01,3.113448076559e+00
1.512000000000e-01,1.852946711456e+01,2.657658738131e+01,3.239839731200e+01,9.619451838484e-01,3.113448076559e+00
1.516000000000e-01,1.811857231031e+01,2.613004901731e+01,3.179720308786e+01,9.645137356636e-01,3.113448076559e+00
1.520000000000e-01,1.770825512756e+01,2.567940986437e+01,3.119317859156e+01,9.670914014508e-01,3.113448076559e+00
1.524000000000e-01,1.729940848781e+01,2.522591704665e+01,3.058784766656e+01,9.696784398981e-01,3.113448076559e+00
1.528000000000e-01,1.689283221755e+01,2.477070940323e+01,2.998259202720e+01,9.722751374152e-01,3.113448076559e+00
1.532000000000e-01,1.648927196639e+01,2.431487069736e+01,2.937871724583e+01,9.748817892722e-01,3.113448076559e+00
1.536000000000e-01,1.608938938079e+01,2.385938256682e+01,2.877739715674e+01,9.774986755545e-01,3.113448076559e+00
1.540000000000e-01,1.569379596540e+01,2.340517289810e+01,2.817973296881e+01,9.801260740444e-01,3.113448076559e+00
1.544000000000e-01,1.530301937690e+01,2.295306540485e+01,2.758669268921e+01,9.827642926529e-01,3.113448076559e+00
1.548000000000e-01,1.491753838503e+01,2.250382835527e+01,2.699917113751e+01,9.854136511329e-01,3.113448076559e+00
1.552000000000e-01,1.453776229792e+01,2.205814042926e+01,2.641795018217e+01,9.880744536937e-01,3.113448076559e+00
1.556000000000e-01,1.416405674468e+01,2.161662810560e+01,2.584374419705e+01,9.907469994373e-01,3.113448076559e+00
1.560000000000e-01,1.379672337580e+01,2.117983474567e+01,2.527716312726e+01,9.934316185649e-01,3.113448076559e+00
1.564000000000e-01,1.343602069403e+01,2.074824960785e+01,2.471874822640e+01,9.961286592019e-01,3.113448076559e+00
1.568000000000e-01,1.308215903780e+01,2.032229698543e+01,2.416896025596e+01,9.988384550597e-01,3.113448076559e+00
1.572000000000e-01,1.273531078439e+01,1.990235057644e+01,2.362819712213e+01,1.001561330129e+00,3.113448076559e+00
1.576000000000e-01,1.239560785551e+01,1.948872982154e+01,2.309678947743e+01,1.004297637003e+00,3.113448076559e+00
1.580000000000e-01,1.206314364361e+01,1.908170120011e+01,2.257500288497e+01,1.007047756077e+00,3.113448076559e+00
1.584000000000e-01,1.173798455620e+01,1.868149333639e+01,2.206305678548e+01,1.009812057248e+00,3.113448076559e+00
1.588000000000e-01,1.142016437277e+01,1.828828674750e+01,2.156111282981e+01,1.012590895170e+00,3.113448076559e+00
1.592000000000e-01,1.110969665460e+01,1.790223392413e+01,2.106929849880e+01,1.015384644685e+00,3.113448076559e+00
1.596000000000e-01,1.080656239687e+01,1.752343921256e+01,2.058768351888e+01,1.018193721233e+00,3.113448076559e+00
1.600000000000e-01,1.051073018308e+01,1.715198842685e+01,2.011631566606e+01,1.021018538246e+00,3.113448076559e+00
1.604000000000e-01,1.022214415585e+01,1.678792793637e+01,1.965519665482e+01,1.023859489523e+00,3.113448076559e+00
1.608000000000e-01,9.940739404387e+00,1.643128996441e+01,1.920431175024e+01,1.026716975000e+00,3.113448076559e+00
1.612000000000e-01,9.666429275123e+00,1.608207265067e+01,1.876360614787e+01,1.029591444201e+00,3.113448076559e+00
1.616000000000e-01,9.399119189764e+00,1.574026064262e+01,1.833300975402e+01,1.032483360360e+00,3.113448076559e+00
1.620000000000e-01,9.138702386931e+00,1.540581635039e+01,1.791242749431e+01,1.035393167892e+00,3.113448076559e+00
1.624000000000e-01,8.885065300857e+00,1.507868884638e+01,1.750174970471e+01,1.038321302582e+00,3.113448076559e+00
1.628000000000e-01,8.638085829510e+00,1.475881224086e+01,1.710084984902e+01,1.041268241074e+00,3.113448076559e+00
1.632000000000e-01,8.397633722256e+00,1.444610572202e+01,1.670958475441e+01,1.044234500509e+00,3.113448076559e+00
1.636000000000e-01,8.163576120360e+00,1.414048092869e+01,1.632780377049e+01,1.047220589101e+00,3.113448076559e+00
1.640000000000e-01,7.935775189467e+00,1.384183731317e+01,1.595534355826e+01,1.050226995066e+00,3.113448076559e+00
1.644000000000e-01,7.714092007718e+00,1.355006976143e+01,1.559203662268e+01,1.053254220672e+00,3.113448076559e+00
1.648000000000e-01,7.498382592572e+00,1.326506297703e+01,1.523770446259e+01,1.056302832999e+00,3.113448076559e+00
1.652000000000e-01,7.288502628474e+00,1.298669780305e+01,1.489216540309e+01,1.059373413139e+00,3.113448076559e+00
1.656000000000e-01,7.084307477892e+00,1.271485007236e+01,1.455523358810e+01,1.062466521382e+00,3.113448076559e+00
1.660000000000e-01,6.885652939437e+00,1.244939223814e+01,1.422672075713e+01,1.065582707641e+00,3.113448076559e+00
1.664000000000e-01,6.692394788487e+00,1.219019416585e+01,1.390643670414e+01,1.068722569060e+00,3.113448076559e+00
1.668000000000e-01,6.504388501704e+00,1.193712275719e+01,1.359418881366e+01,1.071886762240e+00,3.113448076559e+00
1.672000000000e-01,6.321491358432e+00,1.169004379267e+01,1.328978468107e+01,1.075075939692e+00,3.113448076559e+00
1.676000000000e-01,6.143563099383e+00,1.144882263064e+01,1.299303302481e+01,1.078290729643e+00,3.113448076559e+00
1.680000000000e-01,5.970465231394e+00,1.121332378223e+01,1.270374296514e+01,1.081531764404e+00,3.113448076559e+00
1.684000000000e-01,5.802060808302e+00,1.098341248108e+01,1.242172529694e+01,1.084799755215e+00,3.113448076559e+00
1.688000000000e-01,5.638214569967e+00,1.075895378289e+01,1.214679175912e+01,1.088095454821e+00,3.113448076559e+00
1.692000000000e-01,5.478794357421e+00,1.053981373845e+01,1.187875672165e+01,1.091419600861e+00,3.113448076559e+00
1.696000000000e-01,5.323671615749e+00,1.032586033618e+01,1.161743823545e+01,1.094772909231e+00,3.113448076559e+00
1.700000000000e-01,5.172719816235e+00,1.011696170254e+01,1.136265569257e+01,1.098156118137e+00,3.113448076559e+00
1.704000000000e-01,5.025815122445e+00,9.912989331115e+00,1.111423299755e+01,1.101570067144e+00,3.113448076559e+00
1.708000000000e-01,4.882835807746e+00,9.713814968854e+00,1.087199552863e+01,1.105015621352e+00,3.113448076559e+00
1.712000000000e-01,4.743664163840e+00,9.519313296689e+00,1.063577337761e+01,1.108493623970e+00,3.113448076559e+00
1.716000000000e-01,4.608186033200e+00,9.329361304169e+00,1.040540056222e+01,1.112004900079e+00,3.113448076559e+00
1.720000000000e-01,4.476289434149e+00,9.143837093718e+00,1.018071332937e+01,1.115550318169e+00,3.113448076559e+00
1.724000000000e-01,4.347865392793e+00,8.962623226464e+00,9.961553522087e+00,1.119130863345e+00,3.113448076559e+00
1.728000000000e-01,4.222807051623e+00,8.785602542951e+00,9.747764432830e+00,1.122747537388e+00,3.113448076559e+00
1.732000000000e-01,4.101011885977e+00,8.612661873725e+00,9.539195093929e+00,1.126401315686e+00,3.113448076559e+00
1.736000000000e-01,3.982380560322e+00,8.443690144683e+00,9.335698055670e+00,1.130093157881e+00,3.113448076559e+00
1.740000000000e-01,3.866815885389e+00,8.278578007890e+00,9.137128592956e+00,1.133824086173e+00,3.113448076559e+00
1.744000000000e-01,3.754223510627e+00,8.117220816008e+00,8.943347692200e+00,1.137595256838e+00,3.113448076559e+00
1.748000000000e-01,3.644511082641e+00,7.959514197493e+00,8.754217685870e+00,1.141407840302e+00,3.113448076559e+00
1.752000000000e-01,3.537590423791e+00,7.805357981035e+00,8.569606713182e+00,1.145262977571e+00,3.113448076559e+00
1.756000000000e-01,3.433376257151e+00,7.654653958412e+00,8.389386136435e+00,1.149161793812e+00,3.113448076559e+00
1.760000000000e-01,3.331785220363e+00,7.507305674634e+00,8.213429931948e+00,1.153105489221e+00,3.113448076559e+00
1.764000000000e-01,3.232736427987e+00,7.363221388257e+00,8.041617624914e+00,1.157095425715e+00,3.113448076559e+00
1.768000000000e-01,3.136150799876e+00,7.222309605788e+00,7.873829937294e+00,1.161132983348e+00,3.113448076559e+00
1.772000000000e-01,3.041952999274e+00,7.084482651472e+00,7.709952820141e+00,1.165219511106e+00,3.113448076559e+00
1.776000000000e-01,2.950070458764e+00,6.949654933401e+00,7.549875456259e+00,1.169356338921e+00,3.113448076559e+00
1.780000000000e-01,2.860432204139e+00,6.817742146792e+00,7.393489052850e+00,1.173544872348e+00,3.113448076559e+00
1.784000000000e-01,2.772969277554e+00,6.688664664011e+00,7.240690132981e+00,1.177786721065e+00,3.113448076559e+00
1.788000000000e-01,2.687614315276e+00,6.562343165801e+00,7.091376349723e+00,1.182083526933e+00,3.113448076559e+00
1.792000000000e-01,2.604303104453e+00,6.438701330625e+00,6.945449552394e+00,1.186436901370e+00,3.113448076559e+00
1.796000000000e-01,2.522974205184e+00,6.317665279417e+00,6.802815110142e+00,1.190848430256e+00,3.113448076559e+00
1.800000000000e-01,2.443567514096e+00,6.199161739671e+00,6.663379658292e+00,1.195319759617e+00,3.113448076559e+00
1.804000000000e-01,2.366024395953e+00,6.083121877198e+00,6.527054712126e+00,1.199852792447e+00,3.113448076559e+00
1.808000000000e-01,2.290287605471e+00,5.969477521031e+00,6.393753138014e+00,1.204449498874e+00,3.113448076559e+00
1.812000000000e-01,2.216302375513e+00,5.858162360016e+00,6.263390651717e+00,1.209111823089e+00,3.113448076559e+00
1.816000000000e-01,2.144016767883e+00,5.749112956074e+00,6.135886870100e+00,1.213841673770e+00,3.113448076559e+00
1.820000000000e-01,2.073380104470e+00,5.642265990245e+00,6.011162164032e+00,1.218640992096e+00,3.113448076559e+00
1.824000000000e-01,2.004342617436e+00,5.537561814754e+00,5.889140869455e+00,1.223512013671e+00,3.113448076559e+00
1.828000000000e-01,1.936855653101e+00,5.434942247609e+00,5.769749306148e+00,1.228457121242e+00,3.113448076559e+00
1.832000000000e-01,1.870872401291e+00,5.334349766071e+00,5.652915262826e+00,1.233478681740e+00,3.113448076559e+00
1.836000000000e-01,1.806348847071e+00,5.235729894788e+00,5.538570545591e+00,1.238579015395e+00,3.113448076559e+00
1.840000000000e-01,1.743242363148e+00,5.139028296866e+00,5.426647747244e+00,1.243760444986e+00,3.113448076559e+00
1.844000000000e-01,1.681510886418e+00,5.044192960708e+00,5.317082046198e+00,1.249025569191e+00,3.113448076559e+00
1.848000000000e-01,1.621112947165e+00,4.951174362250e+00,5.209811393215e+00,1.254377282504e+00,3.113448076559e+00
1.852000000000e-01,1.562008471276e+00,4.859922899702e+00,5.104774339321e+00,1.259818487012e+00,3.113448076559e+00
1.856000000000e-01,1.504159873679e+00,4.770391465006e+00,5.001912799619e+00,1.265352034416e+00,3.113448076559e+00
1.860000000000e-01,1.447531258362e+00,4.682533750378e+00,4.901170173271e+00,1.270980754456e+00,3.113448076559e+00
1.864000000000e-01,1.392087359658e+00,4.596304237413e+00,4.802491005695e+00,1.276707653373e+00,3.113448076559e+00
1.868000000000e-01,1.337792748126e+00,4.511660525080e+00,4.705823002462e+00,1.282536227041e+00,3.113448076559e+00
1.872000000000e-01,1.284613034799e+00,4.428560265385e+00,4.611114471939e+00,1.288470054348e+00,3.113448076559e+00
1.876000000000e-01,1.232515786482e+00,4.346962349701e+00,4.518315707611e+00,1.294512675933e+00,3.113448076559e+00
1.880000000000e-01,1.181470593295e+00,4.266827349645e+00,4.427379404852e+00,1.300667586155e+00,3.113448076559e+00
1.884000000000e-01,1.131448028471e+00,4.188115753920e+00,4.338258660957e+00,1.306938334703e+00,3.113448076559e+00
1.888000000000e-01,1.082418092526e+00,4.110790576274e+00,4.250909089714e+00,1.313329037934e+00,3.113448076559e+00
1.892000000000e-01,1.034351073681e+00,4.034815942394e+00,4.165287725071e+00,1.319844132001e+00,3.113448076559e+00
1.896000000000e-01,9.872187472562e-01,3.960155991318e+00,4.081352267387e+00,1.326488040780e+00,3.113448076559e+00
1.900000000000e-01,9.409950141533e-01,3.886776800150e+00,3.999063079128e+00,1.333265123153e+00,3.113448076559e+00
1.904000000000e-01,8.956551333867e-01,3.814644573290e+00,3.918381214034e+00,1.340179724701e+00,3.113448076559e+00
1.908000000000e-01,8.511743169702e-01,3.743726487156e+00,3.839268905470e+00,1.347236572618e+00,3.113448076559e+00
1.912000000000e-01,8.075267680125e-01,3.673991973342e+00,3.761690644011e+00,1.354441124315e+00,3.113448076559e+00
1.916000000000e-01,7.646877871171e-01,3.605410224040e+00,3.685611251255e+00,1.361798917318e+00,3.113448076559e+00
1.920000000000e-01,7.226345100761e-01,3.537951460698e+00,3.610997254695e+00,1.369315438327e+00,3.113448076559e+00
1.924000000000e-01,6.813458053589e-01,3.471586961526e+00,3.537816860427e+00,1.376996124025e+00,3.113448076559e+00
1.928000000000e-01,6.408014103977e-01,3.406287855408e+00,3.466038574723e+00,1.384846512487e+00,3.113448076559e+00
1.932000000000e-01,6.009795263280e-01,3.342027321428e+00,3.395632931905e+00,1.392873057251e+00,3.113448076559e+00
1.936000000000e-01,5.618582878480e-01,3.278779250164e+00,3.326571524397e+00,1.401082689483e+00,3.113448076559e+00
1.940000000000e-01,5.234173361106e-01,3.216517387023e+00,3.258826446555e+00,1.409482327888e+00,3.113448076559e+00
1.944000000000e-01,4.856382081401e-01,3.155216961042e+00,3.192371930157e+00,1.418078819183e+00,3.113448076559e+00
1.948000000000e-01,4.485038109719e-01,3.094853232890e+00,3.127182789922e+00,1.426878992678e+00,3.113448076559e+00
1.952000000000e-01,4.119968105284e-01,3.035402018713e+00,3.063234693439e+00,1.435890186311e+00,3.113448076559e+00
1.956000000000e-01,3.760979039740e-01,2.976840977989e+00,3.000505264386e+00,1.445120904595e+00,3.113448076559e+00
1.960000000000e-01,3.407887856090e-01,2.919147470636e+00,2.938972431262e+00,1.454579813897e+00,3.113448076559e+00
1.964000000000e-01,3.060528275085e-01,2.862299450130e+00,2.878615374697e+00,1.464275539828e+00,3.113448076559e+00
1.968000000000e-01,2.718750490520e-01,2.806275897418e+00,2.819414913546e+00,1.474216654682e+00,3.113448076559e+00
1.972000000000e-01,2.382415233600e-01,2.751055488168e+00,2.761352082301e+00,1.484411802542e+00,3.113448076559e+00
1.976000000000e-01,2.051365508331e-01,2.696618222537e+00,2.704409518288e+00,1.494870778731e+00,3.113448076559e+00
1.980000000000e-01,1.725435012262e-01,2.642944884317e+00,2.648571109363e+00,1.505604276767e+00,3.113448076559e+00
1.984000000000e-01,1.404471707577e-01,2.590015842242e+00,2.593821017502e+00,1.516623008928e+00,3.113448076559e+00
1.988000000000e-01,1.088339442757e-01,2.537812686000e+00,2.540145282587e+00,1.527937648173e+00,3.113448076559e+00
1.992000000000e-01,7.769155249392e-02,2.486317282913e+00,2.487530825666e+00,1.539558849008e+00,3.113448076559e+00
1.996000000000e-01,4.700810260198e-02,2.435511414692e+00,2.435965027007e+00,1.551497601171e+00,3.113448076559e+00
2.000000000000e-01,1.676933719978e-02,2.385378347294e+00,2.385437291234e+00,1.563766389187e+00,3.113448076559e+00
2.004000000000e-01,-1.303863868884e-02,2.335901198591e+00,2.335937588139e+00,1.576378113937e+00,3.113448076559e+00
2.008000000000e-01,-4.242841169742e-02,2.287063123497e+00,2.287456644611e+00,1.589345681605e+00,3.113448076559e+00
2.012000000000e-01,-7.141142611586e-02,2.238848613277e+00,2.239987210890e+00,1.602682012496e+00,3.113448076559e+00
2.016000000000e-01,-9.999809025861e-02,2.191241849107e+00,2.193522386331e+00,1.616400037189e+00,3.113448076559e+00
2.020000000000e-01,-1.281991798340e-01,2.144227420763e+00,2.148056391639e+00,1.630513291194e+00,3.113448076559e+00
2.024000000000e-01,-1.560267652007e-01,2.097790963466e+00,2.103585338858e+00,1.645036330349e+00,3.113448076559e+00
2.028000000000e-01,-1.834921468519e-01,2.051917546042e+00,2.060105575865e+00,1.659983811566e+00,3.113448076559e+00
2.032000000000e-01,-2.106060129619e-01,2.006592933073e+00,2.017614951311e+00,1.675370472113e+00,3.113448076559e+00
2.036000000000e-01,-2.373786455506e-01,1.961803730635e+00,1.976112977261e+00,1.691211138317e+00,3.113448076559e+00
2.040000000000e-01,-2.638197364587e-01,1.917535948796e+00,1.935599382174e+00,1.707520635050e+00,3.113448076559e+00
2.044000000000e-01,-2.899385708126e-01,1.873776624547e+00,1.896075740456e+00,1.724313700791e+00,3.113448076559e+00
2.048000000000e-01,-3.157442344718e-01,1.830513316198e+00,1.857544998749e+00,1.741605009797e+00,3.113448076559e+00
2.052000000000e-01,-3.412457783352e-01,1.787732954661e+00,1.820010384150e+00,1.759409262402e+00,3.113448076559e+00
2.056000000000e-01,-3.664530416412e-01,1.745423477966e+00,1.783477207357e+00,1.777741391000e+00,3.113448076559e+00
2.060000000000e-01,-3.913764329719e-01,1.703572733362e+00,1.747951821458e+00,1.796616444079e+00,3.113448076559e+00
2.064000000000e-01,-4.160258099056e-01,1.662168024763e+00,1.713440987327e+00,1.816048917390e+00,3.113448076559e+00
2.068000000000e-01,-4.404072369404e-01,1.621198816359e+00,1.679953611417e+00,1.836050337495e+00,3.113448076559e+00
2.072000000000e-01,-4.645265795950e-01,1.580654628520e+00,1.647499316483e+00,1.856631239739e+00,3.113448076559e+00
2.076000000000e-01,-4.883914195995e-01,1.540524304094e+00,1.616088274273e+00,1.877802241142e+00,3.113448076559e+00
2.080000000000e-01,-5.120118875900e-01,1.500797021984e+00,1.585732598590e+00,1.899574250359e+00,3.113448076559e+00
2.084000000000e-01,-5.353999580153e-01,1.461460710736e+00,1.556444834894e+00,1.921958229865e+00,3.113448076559e+00
2.088000000000e-01,-5.585649300141e-01,1.422503787160e+00,1.528238137701e+00,1.944961944271e+00,3.113448076559e+00
2.092000000000e-01,-5.815082551703e-01,1.383918631733e+00,1.501127119897e+00,1.968585500949e+00,3.113448076559e+00
2.096000000000e-01,-6.042334032991e-01,1.345697039332e+00,1.475126613999e+00,1.992827884977e+00,3.113448076559e+00
2.100000000000e-01,-6.267475564535e-01,1.307829514832e+00,1.450251888254e+00,2.017688073929e+00,3.113448076559e+00
2.104000000000e-01,-6.490616603724e-01,1.270305176268e+00,1.426518937771e+00,2.043165032855e+00,3.113448076559e+00
2.108000000000e-01,-6.711897071849e-01,1.233110958538e+00,1.403943823341e+00,2.069257445020e+00,3.113448076559e+00
2.112000000000e-01,-6.931381114029e-01,1.196237152677e+00,1.382542500947e+00,2.095955009116e+00,3.113448076559e+00
2.116000000000e-01,-7.149051546788e-01,1.159679194551e+00,1.362330802140e+00,2.123236757531e+00,3.113448076559e+00
2.120000000000e-01,-7.364938944186e-01,1.123431095136e+00,1.343324488735e+00,2.151081070436e+00,3.113448076559e+00
2.124000000000e-01,-7.579114198677e-01,1.087484189953e+00,1.325538224180e+00,2.179465762886e+00,3.113448076559e+00
2.128000000000e-01,-7.791686095123e-01,1.051826949022e+00,1.308985734353e+00,2.208368167548e+00,3.113448076559e+00
2.132000000000e-01,-8.002792988290e-01,1.016445891320e+00,1.293680488419e+00,2.237764351004e+00,3.113448076559e+00
2.136000000000e-01,-8.212464957389e-01,9.813338210384e-01,1.279633492480e+00,2.267616787203e+00,3.113448076559e+00
2.140000000000e-01,-8.420695751611e-01,9.464874533414e-01,1.266854241318e+00,2.297879609733e+00,3.113448076559e+00
2.144000000000e-01,-8.627530146114e-01,9.119018719797e-01,1.255351659234e+00,2.328506685826e+00,3.113448076559e+00
2.148000000000e-01,-8.833027338968e-01,8.775687014857e-01,1.245130734315e+00,2.359450839309e+00,3.113448076559e+00
2.152000000000e-01,-9.037273885377e-01,8.434774635084e-01,1.236194735565e+00,2.390664438314e+00,3.113448076559e+00
2.156000000000e-01,-9.240371956237e-01,8.096173565971e-01,1.228545889660e+00,2.422098125999e+00,3.113448076559e+00
2.160000000000e-01,-9.442352691804e-01,7.759813243892e-01,1.222181352895e+00,2.453694105503e+00,3.113448076559e+00
2.164000000000e-01,-9.643251740345e-01,7.425640794802e-01,1.217096731329e+00,2.485391999862e+00,3.113448076559e+00
2.168000000000e-01,-9.843124937201e-01,7.093601934897e-01,1.213286021267e+00,2.517131356296e+00,3.113448076559e+00
2.172000000000e-01,-1.004201010807e+00,6.763625475161e-01,1.210737777468e+00,2.548851467854e+00,3.113448076559e+00
2.176000000000e-01,-1.023995720340e+00,6.435653989650e-01,1.209439398241e+00,2.580491581109e+00,3.113448076559e+00
2.180000000000e-01,-1.043702979629e+00,6.109622796730e-01,1.209376209816e+00,2.611992925901e+00,3.113448076559e+00
2.184000000000e-01,-1.063328975310e+00,5.785422298521e-01,1.210528653711e+00,2.643301407419e+00,3.113448076559e+00
2.188000000000e-01,-1.082880089639e+00,5.462965920432e-01,1.212876438478e+00,2.674363610372e+00,3.113448076559e+00
2.192000000000e-01,-1.102361386281e+00,5.142190872695e-01,1.216397096213e+00,2.705126576579e+00,3.113448076559e+00
2.196000000000e-01,-1.121775346609e+00,4.823055600978e-01,1.221064528009e+00,2.735538110463e+00,3.113448076559e+00
2.200000000000e-01,-1.141124576672e+00,4.505564414039e-01,1.226852234939e+00,2.765546383855e+00,3.113448076559e+00
2.204000000000e-01,-1.160414542734e+00,4.189660626784e-01,1.233731929012e+00,2.795109077533e+00,3.113448076559e+00
2.208000000000e-01,-1.179652702750e+00,3.875200842436e-01,1.241673191624e+00,2.824195196604e+00,3.113448076559e+00
2.212000000000e-01,-1.198845119833e+00,3.562083046327e-01,1.250645424426e+00,2.852774446260e+00,3.113448076559e+00
2.216000000000e-01,-1.217996024215e+00,3.250247254433e-01,1.260617066025e+00,2.880817202161e+00,3.113448076559e+00
2.220000000000e-01,-1.237108243068e+00,2.939680047302e-01,1.271555737226e+00,2.908294409326e+00,3.113448076559e+00
2.224000000000e-01,-1.256184519469e+00,2.630409760780e-01,1.283429040520e+00,2.935178284263e+00,3.113448076559e+00
2.228000000000e-01,-1.275230640692e+00,2.322355071900e-01,1.296204658902e+00,2.961454217605e+00,3.113448076559e+00
2.232000000000e-01,-1.294252769591e+00,2.015381810558e-01,1.309850323517e+00,2.987115479993e+00,3.113448076559e+00
2.236000000000e-01,-1.313255473679e+00,1.709397926512e-01,1.324333927625e+00,3.012155474554e+00,3.113448076559e+00
2.240000000000e-01,-1.332243057463e+00,1.404353815995e-01,1.339624447584e+00,3.036567781318e+00,3.113448076559e+00
2.244000000000e-01,-1.351219299979e+00,1.100241715001e-01,1.355691305183e+00,3.060346053074e+00,3.113448076559e+00
2.248000000000e-01,-1.370187950899e+00,7.970653307055e-02,1.372504335951e+00,3.083486167733e+00,3.113448076559e+00
2.252000000000e-01,-1.389154490210e+00,4.947328599407e-02,1.390035180741e+00,3.105993743820e+00,3.113448076559e+00
2.256000000000e-01,-1.408123518492e+00,1.931445446440e-02,1.408255975127e+00,3.127877064675e+00,3.113448076559e+00
2.260000000000e-01,-1.427098912967e+00,-1.077720144083e-02,1.427139606157e+00,3.149144335169e+00,3.113448076559e+00
2.264000000000e-01,-1.446085479090e+00,-4.080617315920e-02,1.446661106342e+00,3.169803535951e+00,3.113448076559e+00
2.268000000000e-01,-1.465087420616e+00,-7.077470783064e-02,1.466795898997e+00,3.189862627222e+00,3.113448076559e+00
2.272000000000e-01,-1.484109033611e+00,-1.006860971448e-01,1.487520525507e+00,3.209331644441e+00,3.113448076559e+00
2.276000000000e-01,-1.503155283319e+00,-1.305479022456e-01,1.508813626844e+00,3.228224520129e+00,3.113448076559e+00
2.280000000000e-01,-1.522230076272e+00,-1.603671387393e-01,1.530654116480e+00,3.246555612031e+00,3.113448076559e+00
2.284000000000e-01,-1.541337584066e+00,-1.901496787143e-01,1.553022359262e+00,3.264339120248e+00,3.113448076559e+00
2.288000000000e-01,-1.560482702827e+00,-2.199004424248e-01,1.575900526810e+00,3.281589048643e+00,3.113448076559e+00
2.292000000000e-01,-1.579669506394e+00,-2.496237156634e-01,1.599271005444e+00,3.298319425068e+00,3.113448076559e+00
2.296000000000e-01,-1.598902574758e+00,-2.793244172392e-01,1.623117855744e+00,3.314544875496e+00,3.113448076559e+00
2.300000000000e-01,-1.618186664991e+00,-3.090081340967e-01,1.647426511166e+00,3.330280516355e+00,3.113448076559e+00
2.304000000000e-01,-1.637525707186e+00,-3.386803126450e-01,1.672182644291e+00,3.345541466103e+00,3.113448076559e+00
2.308000000000e-01,-1.656924365953e+00,-3.683464860987e-01,1.697373703198e+00,3.360342731931e+00,3.113448076559e+00
2.312000000000e-01,-1.676387205940e+00,-3.980123449891e-01,1.722988070477e+00,3.374699262462e+00,3.113448076559e+00
2.316000000000e-01,-1.695918166406e+00,-4.276835050993e-01,1.749014467544e+00,3.388625830846e+00,3.113448076559e+00
2.320000000000e-01,-1.715522241952e+00,-4.573646644662e-01,1.775443324619e+00,3.402136305636e+00,3.113448076559e+00
2.324000000000e-01,-1.735204172802e+00,-4.870604215075e-01,1.802265622906e+00,3.415244263876e+00,3.113448076559e+00
2.328000000000e-01,-1.754968277533e+00,-5.167758112339e-01,1.829472845992e+00,3.427963278925e+00,3.113448076559e+00
2.332000000000e-01,-1.774819407587e+00,-5.465166574498e-01,1.857057992206e+00,3.440306913453e+00,3.113448076559e+00
2.336000000000e-01,-1.794761746319e+00,-5.762893204528e-01,1.885014351913e+00,3.452288719838e+00,3.113448076559e+00
2.340000000000e-01,-1.814799597745e+00,-6.060995356267e-01,1.913335889765e+00,3.463921508906e+00,3.113448076559e+00
2.344000000000e-01,-1.834938331541e+00,-6.359515177907e-01,1.942017768595e+00,3.475216773776e+00,3.113448076559e+00
2.348000000000e-01,-1.855182773041e+00,-6.658497589436e-01,1.971055306904e+00,3.486185873383e+00,3.113448076559e+00
2.352000000000e-01,-1.875537714112e+00,-6.957995949078e-01,2.000444648905e+00,3.496840202569e+00,3.113448076559e+00
2.356000000000e-01,-1.896007919003e+00,-7.258072901217e-01,2.030182812290e+00,3.507191194166e+00,3.113448076559e+00
2.360000000000e-01,-1.916597504907e+00,-7.558795286032e-01,2.060266938427e+00,3.517250164188e+00,3.113448076559e+00
2.364000000000e-01,-1.937311586309e+00,-7.860214197791e-01,2.090695064996e+00,3.527027127740e+00,3.113448076559e+00
2.368000000000e-01,-1.958155715140e+00,-8.162372602544e-01,2.121465783312e+00,3.536531296377e+00,3.113448076559e+00
2.372000000000e-01,-1.979134944562e+00,-8.465319302130e-01,2.152577858675e+00,3.545771883592e+00,3.113448076559e+00
2.376000000000e-01,-2.000254415646e+00,-8.769113524298e-01,2.184030962998e+00,3.554758178403e+00,3.113448076559e+00
2.380000000000e-01,-2.021518813641e+00,-9.073822002363e-01,2.215825076853e+00,3.563499494955e+00,3.113448076559e+00
2.384000000000e-01,-2.042932769943e+00,-9.379509256142e-01,2.247960462590e+00,3.572004690717e+00,3.113448076559e+00
2.388000000000e-01,-2.064502171304e+00,-9.686222409986e-01,2.280438173044e+00,3.580281340795e+00,3.113448076559e+00
2.392000000000e-01,-2.086232687196e+00,-9.994009497553e-01,2.313259406875e+00,3.588336797781e+00,3.113448076559e+00
2.396000000000e-01,-2.108129761948e+00,-1.030292623401e+00,2.346425788949e+00,3.596178461161e+00,3.113448076559e+00
2.400000000000e-01,-2.130198743710e+00,-1.061303764161e+00,2.379939572242e+00,3.603813799533e+00,3.113448076559e+00
2.404000000000e-01,-2.152444497317e+00,-1.092441333690e+00,2.413803095032e+00,3.611250230026e+00,3.113448076559e+00
2.408000000000e-01,-2.174872712413e+00,-1.123711182729e+00,2.448019227332e+00,3.618494301115e+00,3.113448076559e+00
2.412000000000e-01,-2.197489692170e+00,-1.155118342165e+00,2.482591253428e+00,3.625551884520e+00,3.113448076559e+00
2.416000000000e-01,-2.220301374678e+00,-1.186668306695e+00,2.517522564846e+00,3.632428845915e+00,3.113448076559e+00
2.420000000000e-01,-2.243313663636e+00,-1.218367460695e+00,2.552817162026e+00,3.639131125829e+00,3.113448076559e+00
2.424000000000e-01,-2.266532128423e+00,-1.250222823761e+00,2.588479282943e+00,3.645664693639e+00,3.113448076559e+00
2.428000000000e-01,-2.289962370114e+00,-1.282241294719e+00,2.624513363354e+00,3.652035220272e+00,3.113448076559e+00
2.432000000000e-01,-2.313611098451e+00,-1.314428527378e+00,2.660924401117e+00,3.658247525957e+00,3.113448076559e+00
2.436000000000e-01,-2.337484912894e+00,-1.346790259307e+00,2.697717501995e+00,3.664306281419e+00,3.113448076559e+00
2.440000000000e-01,-2.361590257591e+00,-1.379332871761e+00,2.734898118005e+00,3.670216200006e+00,3.113448076559e+00
2.444000000000e-01,-2.385933479715e+00,-1.412063496907e+00,2.772472161974e+00,3.675982051795e+00,3.113448076559e+00
2.448000000000e-01,-2.410520626823e+00,-1.444989581333e+00,2.810445619915e+00,3.681608556946e+00,3.113448076559e+00
2.452000000000e-01,-2.435358585687e+00,-1.478117747858e+00,2.848824936252e+00,3.687099837284e+00,3.113448076559e+00
2.456000000000e-01,-2.460454680185e+00,-1.511454196946e+00,2.887616841395e+00,3.692459641359e+00,3.113448076559e+00
2.460000000000e-01,-2.485816001079e+00,-1.545005534557e+00,2.926828196705e+00,3.697691726430e+00,3.113448076559e+00
2.464000000000e-01,-2.511449658327e+00,-1.578779124757e+00,2.966466401475e+00,3.702799910886e+00,3.113448076559e+00
2.468000000000e-01,-2.537362504432e+00,-1.612782777100e+00,3.006539001079e+00,3.707788025919e+00,3.113448076559e+00
2.472000000000e-01,-2.563561706172e+00,-1.647024064889e+00,3.047053805182e+00,3.712659622410e+00,3.113448076559e+00
2.476000000000e-01,-2.590055286572e+00,-1.681509871995e+00,3.088019079785e+00,3.717417767235e+00,3.113448076559e+00
2.480000000000e-01,-2.616851126633e+00,-1.716247279492e+00,3.129443168252e+00,3.722065482420e+00,3.113448076559e+00
2.484000000000e-01,-2.643957118643e+00,-1.751243998654e+00,3.171334859021e+00,3.726605833905e+00,3.113448076559e+00
2.488000000000e-01,-2.671381069951e+00,-1.786508287453e+00,3.213703266021e+00,3.731041919743e+00,3.113448076559e+00
2.492000000000e-01,-2.699130751218e+00,-1.822048506601e+00,3.256557626172e+00,3.735376743580e+00,3.113448076559e+00
2.496000000000e-01,-2.727214861237e+00,-1.857872418299e+00,3.299907699017e+00,3.739612878756e+00,3.113448076559e+00
2.500000000000e-01,-2.755642202862e+00,-1.893987776832e+00,3.343763396082e+00,3.743752777369e+00,3.113448076559e+00
2.504000000000e-01,-2.784421541182e+00,-1.930402805325e+00,3.388134930873e+00,3.747798916264e+00,3.113448076559e+00
2.508000000000e-01,-2.813561719282e+00,-1.967126359095e+00,3.433033011909e+00,3.751753812869e+00,3.113448076559e+00
2.512000000000e-01,-2.843071438268e+00,-2.004167524389e+00,3.478468437245e+00,3.755619961353e+00,3.113448076559e+00
2.516000000000e-01,-2.872960142643e+00,-2.041535051090e+00,3.524452488834e+00,3.759399556275e+00,3.113448076559e+00
2.520000000000e-01,-2.903237684606e+00,-2.079237537129e+00,3.570996750086e+00,3.763094605564e+00,3.113448076559e+00
2.524000000000e-01,-2.933913845732e+00,-2.117283911298e+00,3.618112990941e+00,3.766707126357e+00,3.113448076559e+00
2.528000000000e-01,-2.964998603582e+00,-2.155683774489e+00,3.665813587028e+00,3.770239175844e+00,3.113448076559e+00
2.532000000000e-01,-2.996501824173e+00,-2.194447024173e+00,3.714111054367e+00,3.773692812904e+00,3.113448076559e+00
2.536000000000e-01,-3.028433898162e+00,-2.233583443717e+00,3.763018319858e+00,3.777069908830e+00,3.113448076559e+00
2.540000000000e-01,-3.060805859070e+00,-2.273102639429e+00,3.812548769038e+00,3.780372125526e+00,3.113448076559e+00
2.544000000000e-01,-3.093628686583e+00,-2.313014449051e+00,3.862715921728e+00,3.783601119650e+00,3.113448076559e+00
2.548000000000e-01,-3.126913627957e+00,-2.353329378046e+00,3.913533952616e+00,3.786758582147e+00,3.113448076559e+00
2.552000000000e-01,-3.160671912429e+00,-2.394058292256e+00,3.965017281770e+00,3.789846215132e+00,3.113448076559e+00
2.556000000000e-01,-3.194915136755e+00,-2.435212078354e+00,4.017180677742e+00,3.792865604735e+00,3.113448076559e+00
2.560000000000e-01,-3.229655686628e+00,-2.476801510909e+00,4.070039505780e+00,3.795818138245e+00,3.113448076559e+00
2.564000000000e-01,-3.264905946087e+00,-2.518837536395e+00,4.123609265140e+00,3.798705186500e+00,3.113448076559e+00
2.568000000000e-01,-3.300678619022e+00,-2.561331753289e+00,4.177906137825e+00,3.801528148339e+00,3.113448076559e+00
2.572000000000e-01,-3.336986501047e+00,-2.604296182664e+00,4.232946670489e+00,3.804288437150e+00,3.113448076559e+00
2.576000000000e-01,-3.373842679576e+00,-2.647742938303e+00,4.288747730267e+00,3.806987389580e+00,3.113448076559e+00
2.580000000000e-01,-3.411261117265e+00,-2.691684129620e+00,4.345326899534e+00,3.809626168871e+00,3.113448076559e+00
2.584000000000e-01,-3.449255835453e+00,-2.736132014073e+00,4.402701922325e+00,3.812205916545e+00,3.113448076559e+00
2.588000000000e-01,-3.487841237432e+00,-2.781099504369e+00,4.460891273135e+00,3.814727797465e+00,3.113448076559e+00
2.592000000000e-01,-3.527031916849e+00,-2.826599983548e+00,4.519913894032e+00,3.817192991252e+00,3.113448076559e+00
2.596000000000e-01,-3.566842759173e+00,-2.872646969412e+00,4.579789064961e+00,3.819602619418e+00,3.113448076559e+00
2.600000000000e-01,-3.607289584666e+00,-2.919254094808e+00,4.640536888949e+00,3.821957658082e+00,3.113448076559e+00
2.604000000000e-01,-3.648388320983e+00,-2.966435144658e+00,4.702177666587e+00,3.824259062865e+00,3.113448076559e+00
2.608000000000e-01,-3.690155371214e+00,-3.014204600384e+00,4.764732525197e+00,3.826507809939e+00,3.113448076559e+00
2.612000000000e-01,-3.732607400234e+00,-3.062577434395e+00,4.828223125120e+00,3.828704888463e+00,3.113448076559e+00
2.616000000000e-01,-3.775761438155e+00,-3.111568793109e+00,4.892671539365e+00,3.830851235570e+00,3.113448076559e+00
2.620000000000e-01,-3.819635494923e+00,-3.161194054723e+00,4.958100761954e+00,3.832947669283e+00,3.113448076559e+00
2.624000000000e-01,-3.864247721678e+00,-3.211468773965e+00,5.024534022240e+00,3.834994993180e+00,3.113448076559e+00
2.628000000000e-01,-3.909616884345e+00,-3.262409292230e+00,5.091995539313e+00,3.836994029989e+00,3.113448076559e+00
2.632000000000e-01,-3.955762040955e+00,-3.314032420146e+00,5.160510072312e+00,3.838945612097e+00,3.113448076559e+00
2.636000000000e-01,-4.002702776839e+00,-3.366355207060e+00,5.230102953080e+00,3.840850517872e+00,3.113448076559e+00
2.640000000000e-01,-4.050459666140e+00,-3.419395033340e+00,5.300800496251e+00,3.842709431962e+00,3.113448076559e+00
2.644000000000e-01,-4.099053469178e+00,-3.473169509196e+00,5.372629317456e+00,3.844523032748e+00,3.113448076559e+00
2.648000000000e-01,-4.148505741776e+00,-3.527697162827e+00,5.445617243451e+00,3.846292016891e+00,3.113448076559e+00
2.652000000000e-01,-4.198838317455e+00,-3.582996915822e+00,5.519792578976e+00,3.848017085596e+00,3.113448076559e+00
2.656000000000e-01,-4.250073832631e+00,-3.639088053351e+00,5.595184486937e+00,3.849698879262e+00,3.113448076559e+00
2.660000000000e-01,-4.302235831912e+00,-3.695990240671e+00,5.671823076624e+00,3.851337971175e+00,3.113448076559e+00
2.664000000000e-01,-4.355348178280e+00,-3.753723506235e+00,5.749738943232e+00,3.852934936322e+00,3.113448076559e+00
2.668000000000e-01,-4.409435689319e+00,-3.812308904564e+00,5.828964083099e+00,3.854490366232e+00,3.113448076559e+00
2.672000000000e-01,-4.464523452980e+00,-3.871767782952e+00,5.909530897399e+00,3.856004849103e+00,3.113448076559e+00
2.676000000000e-01,-4.520637733430e+00,-3.932122054354e+00,5.991473054871e+00,3.857478905584e+00,3.113448076559e+00
2.680000000000e-01,-4.577805490983e+00,-3.993393974600e+00,6.074824980989e+00,3.858913017101e+00,3.113448076559e+00
2.684000000000e-01,-4.636054334706e+00,-4.055606464383e+00,6.159622032908e+00,3.860307673147e+00,3.113448076559e+00
2.688000000000e-01,-4.695412821563e+00,-4.118783413125e+00,6.245900925337e+00,3.861663375807e+00,3.113448076559e+00
2.692000000000e-01,-4.755909956165e+00,-4.182949005024e+00,6.333698910572e+00,3.862980610810e+00,3.113448076559e+00
2.696000000000e-01,-4.817576215974e+00,-4.248128188411e+00,6.423054857456e+00,3.864259798429e+00,3.113448076559e+00
2.700000000000e-01,-4.880442543451e+00,-4.314346194493e+00,6.514008175145e+00,3.865501344687e+00,3.113448076559e+00
2.704000000000e-01,-4.944541044180e+00,-4.381629370826e+00,6.606599888056e+00,3.866705667432e+00,3.113448076559e+00
2.708000000000e-01,-5.009904526120e+00,-4.450004727889e+00,6.700871990948e+00,3.867873190406e+00,3.113448076559e+00
2.712000000000e-01,-5.076566833844e+00,-4.519499856604e+00,6.796867644168e+00,3.869004301487e+00,3.113448076559e+00
2.716000000000e-01,-5.144563127041e+00,-4.590143062017e+00,6.894631469331e+00,3.870099343071e+00,3.113448076559e+00
2.720000000000e-01,-5.213929212124e+00,-4.661963173392e+00,6.994208923038e+00,3.871158658943e+00,3.113448076559e+00
2.724000000000e-01,-5.284702363053e+00,-4.734990370356e+00,7.095647459775e+00,3.872182604493e+00,3.113448076559e+00
2.728000000000e-01,-5.356920421610e+00,-4.809255208495e+00,7.198995212104e+00,3.873171528669e+00,3.113448076559e+00
2.732000000000e-01,-5.430622998716e+00,-4.884789270357e+00,7.304302319179e+00,3.874125731644e+00,3.113448076559e+00
2.736000000000e-01,-5.505850493403e+00,-4.961624562960e+00,7.411619793235e+00,3.875045496694e+00,3.113448076559e+00
2.740000000000e-01,-5.582644758100e+00,-5.039794357398e+00,7.521000575721e+00,3.875931116013e+00,3.113448076559e+00
2.744000000000e-01,-5.661048711345e+00,-5.119332804436e+00,7.632498992780e+00,3.876782887218e+00,3.113448076559e+00
2.748000000000e-01,-5.741106594469e+00,-5.200274812267e+00,7.746170863863e+00,3.877601079810e+00,3.113448076559e+00
2.752000000000e-01,-5.822864262772e+00,-5.282656208877e+00,7.862073825897e+00,3.878385928447e+00,3.113448076559e+00
2.756000000000e-01,-5.906368582947e+00,-5.366513556817e+00,7.980266762028e+00,3.879137669858e+00,3.113448076559e+00
2.760000000000e-01,-5.991668249862e+00,-5.451884960482e+00,8.100810949450e+00,3.879856549712e+00,3.113448076559e+00
2.764000000000e-01,-6.078812871089e+00,-5.538809021921e+00,8.223768680054e+00,3.880542803764e+00,3.113448076559e+00
2.768000000000e-01,-6.167854256808e+00,-5.627325663632e+00,8.349204767988e+00,3.881196628591e+00,3.113448076559e+00
2.772000000000e-01,-6.258845164565e+00,-5.717475305759e+00,8.477185067342e+00,3.881818213537e+00,3.113448076559e+00
2.776000000000e-01,-6.351840494170e+00,-5.809300117022e+00,8.607778198409e+00,3.882407756332e+00,3.113448076559e+00
2.780000000000e-01,-6.446896235925e+00,-5.902842941395e+00,8.741054047857e+00,3.882965454128e+00,3.113448076559e+00
2.784000000000e-01,-6.544070592616e+00,-5.998147927062e+00,8.877085021338e+00,3.883491471883e+00,3.113448076559e+00
2.788000000000e-01,-6.643423168616e+00,-6.095259928275e+00,9.015945041455e+00,3.883985957940e+00,3.113448076559e+00
2.792000000000e-01,-6.745015605500e+00,-6.194225336063e+00,9.157710578107e+00,3.884449066793e+00,3.113448076559e+00
2.796000000000e-01,-6.848911172709e+00,-6.295091656285e+00,9.302460062408e+00,3.884880956451e+00,3.113448076559e+00
2.800000000000e-01,-6.955175145386e+00,-6.397907493207e+00,9.450274154470e+00,3.885281761452e+00,3.113448076559e+00
2.804000000000e-01,-7.063874766213e+00,-6.502722483475e+00,9.601235670987e+00,3.885651593962e+00,3.113448076559e+00
2.808000000000e-01,-7.175079171355e+00,-6.609587525663e+00,9.755429686826e+00,3.885990569759e+00,3.113448076559e+00
2.812000000000e-01,-7.288859648777e+00,-6.718555014829e+00,9.912943884985e+00,3.886298809558e+00,3.113448076559e+00
2.816000000000e-01,-7.405289368745e+00,-6.829678269757e+00,1.007386797130e+01,3.886576416825e+00,3.113448076559e+00
2.820000000000e-01,-7.524443903009e+00,-6.943011867048e+00,1.023829428350e+01,3.886823470747e+00,3.113448076559e+00
2.824000000000e-01,-7.646400696853e+00,-7.058611464181e+00,1.040631728418e+01,3.887040052131e+00,3.113448076559e+00
2.828000000000e-01,-7.771239713307e+00,-7.176534414115e+00,1.057803445252e+01,3.887226246853e+00,3.113448076559e+00
2.832000000000e-01,-7.899042823479e+00,-7.296838895860e+00,1.075354524793e+01,3.887382126713e+00,3.113448076559e+00
2.836000000000e-01,-8.029894542684e+00,-7.419584398927e+00,1.093295198103e+01,3.887507739734e+00,3.113448076559e+00
2.840000000000e-01,-8.163881367514e+00,-7.544831416262e+00,1.111635911990e+01,3.887603134658e+00,3.113448076559e+00
2.844000000000e-01,-8.301092490945e+00,-7.672642127070e+00,1.130387428068e+01,3.887668364811e+00,3.113448076559e+00
2.848000000000e-01,-8.441619150304e+00,-7.803079476647e+00,1.149560712610e+01,3.887703469972e+00,3.113448076559e+00
2.852000000000e-01,-8.585555270199e+00,-7.936207579059e+00,1.169167011319e+01,3.887708468048e+00,3.113448076559e+00
2.856000000000e-01,-8.732996949156e+00,-8.072091539688e+00,1.189217799812e+01,3.887683377929e+00,3.113448076559e+00
2.860000000000e-01,-8.884042951622e+00,-8.210797909188e+00,1.209724850831e+01,3.887628222140e+00,3.113448076559e+00
2.864000000000e-01,-9.038794272145e+00,-8.352393923041e+00,1.230700150889e+01,3.887543008027e+00,3.113448076559e+00
2.868000000000e-01,-9.197354413578e+00,-8.496947628394e+00,1.252155929622e+01,3.887427724254e+00,3.113448076559e+00
2.872000000000e-01,-9.359829269996e+00,-8.644528056532e+00,1.274104663219e+01,3.887282361537e+00,3.113448076559e+00
2.876000000000e-01,-9.526327131442e+00,-8.795205174371e+00,1.296559071830e+01,3.887106912507e+00,3.113448076559e+00
2.880000000000e-01,-9.696958643608e+00,-8.949049432023e+00,1.319532086281e+01,3.886901351490e+00,3.113448076559e+00
2.884000000000e-01,-9.871836572240e+00,-9.106131542722e+00,1.343036816258e+01,3.886665639016e+00,3.113448076559e+00
2.888000000000e-01,-1.005107615239e+01,-9.266523040496e+00,1.367086614232e+01,3.886399738829e+00,3.113448076559e+00
2.892000000000e-01,-1.023479454795e+01,-9.430295638447e+00,1.391694992688e+01,3.886103613253e+00,3.113448076559e+00
2.896000000000e-01,-1.042311108495e+01,-9.597520997785e+00,1.416875626130e+01,3.885777203342e+00,3.113448076559e+00
2.900000000000e-01,-1.061614674600e+01,-9.768270438329e+00,1.442642294850e+01,3.885420442919e+00,3.113448076559e+00
2.904000000000e-01,-1.081402457811e+01,-9.942615452794e+00,1.469008950341e+01,3.885033269392e+00,3.113448076559e+00
2.908000000000e-01,-1.101686898794e+01,-1.012062676601e+01,1.495989600346e+01,3.884615612282e+00,3.113448076559e+00
2.912000000000e-01,-1.122480574589e+01,-1.030237400375e+01,1.523598287431e+01,3.884167380857e+00,3.113448076559e+00
2.916000000000e-01,-1.143796171872e+01,-1.048792575280e+01,1.551849074090e+01,3.883688483557e+00,3.113448076559e+00
2.920000000000e-01,-1.165646481654e+01,-1.067734949796e+01,1.580756035322e+01,3.883178830498e+00,3.113448076559e+00
2.924000000000e-01,-1.188044323265e+01,-1.087071046386e+01,1.610333125143e+01,3.882638315190e+00,3.113448076559e+00
2.928000000000e-01,-1.211002543464e+01,-1.106807159922e+01,1.640594175758e+01,3.882066818506e+00,3.113448076559e+00
2.932000000000e-01,-1.234533959229e+01,-1.126949331309e+01,1.671552838479e+01,3.881464224057e+00,3.113448076559e+00
2.936000000000e-01,-1.258651351796e+01,-1.147503318157e+01,1.703222560489e+01,3.880830410223e+00,3.113448076559e+00
2.940000000000e-01,-1.283367330651e+01,-1.168474428177e+01,1.735616373132e+01,3.880165234935e+00,3.113448076559e+00
2.944000000000e-01,-1.308694361998e+01,-1.189867579223e+01,1.768746954545e+01,3.879468553916e+00,3.113448076559e+00
2.948000000000e-01,-1.334644692277e+01,-1.211687232798e+01,1.802626529470e+01,3.878740224219e+00,3.113448076559e+00
2.952000000000e-01,-1.361230207862e+01,-1.233937216964e+01,1.837266647551e+01,3.877980085770e+00,3.113448076559e+00
2.956000000000e-01,-1.388462465451e+01,-1.256620761360e+01,1.872678230729e+01,3.877187967174e+00,3.113448076559e+00
2.960000000000e-01,-1.416352495533e+01,-1.279740350329e+01,1.908871330358e+01,3.876363699908e+00,3.113448076559e+00
2.964000000000e-01,-1.444910831034e+01,-1.303297716072e+01,1.945855145266e+01,3.875507106121e+00,3.113448076559e+00
2.968000000000e-01,-1.474147278518e+01,-1.327293604720e+01,1.983637696731e+01,3.874617989432e+00,3.113448076559e+00
2.972000000000e-01,-1.504070858186e+01,-1.351727771735e+01,2.022225782479e+01,3.873696154293e+00,3.113448076559e+00
2.976000000000e-01,-1.534689800777e+01,-1.376598971550e+01,2.061624969067e+01,3.872741402349e+00,3.113448076559e+00
2.980000000000e-01,-1.566011133638e+01,-1.401904538430e+01,2.101839005621e+01,3.871753514373e+00,3.113448076559e+00
2.984000000000e-01,-1.598040814871e+01,-1.427640558707e+01,2.142870040590e+01,3.870732267739e+00,3.113448076559e+00
2.988000000000e-01,-1.630783497027e+01,-1.453801679260e+01,2.184718319783e+01,3.869677440777e+00,3.113448076559e+00
2.992000000000e-01,-1.664242189106e+01,-1.480380757142e+01,2.227381702833e+01,3.868588792458e+00,3.113448076559e+00
2.996000000000e-01,-1.698418379889e+01,-1.507369012375e+01,2.270855859057e+01,3.867466073416e+00,3.113448076559e+00
3.000000000000e-01,-1.733311606422e+01,-1.534755693864e+01,2.315133725037e+01,3.866309037277e+00,3.113448076559e+00
3.004000000000e-01,-1.768919288704e+01,-1.562527892838e+01,2.360205259261e+01,3.865117420788e+00,3.113448076559e+00
3.008000000000e-01,-1.805236697286e+01,-1.590670549128e+01,2.406057424313e+01,3.863890948448e+00,3.113448076559e+00
3.012000000000e-01,-1.842256441132e+01,-1.619166077718e+01,2.452673558002e+01,3.862629348825e+00,3.113448076559e+00
3.016000000000e-01,-1.879968422651e+01,-1.647994301964e+01,2.500033297672e+01,3.861332335503e+00,3.113448076559e+00
3.020000000000e-01,-1.918359643745e+01,-1.677132318629e+01,2.548112347786e+01,3.859999607482e+00,3.113448076559e+00
3.024000000000e-01,-1.957413683777e+01,-1.706554147726e+01,2.596881858799e+01,3.858630868609e+00,3.113448076559e+00
3.028000000000e-01,-1.997110691054e+01,-1.736230710897e+01,2.646308408667e+01,3.857225808426e+00,3.113448076559e+00
3.032000000000e-01,-2.037427113936e+01,-1.766129644971e+01,2.696353679962e+01,3.855784101143e+00,3.113448076559e+00
3.036000000000e-01,-2.078335171894e+01,-1.796214977967e+01,2.746973850222e+01,3.854305426764e+00,3.113448076559e+00
3.040000000000e-01,-2.119802836179e+01,-1.826447108485e+01,2.798119565773e+01,3.852789450145e+00,3.113448076559e+00
3.044000000000e-01,-2.161793597228e+01,-1.856782679899e+01,2.849735685531e+01,3.851235821816e+00,3.113448076559e+00
3.048000000000e-01,-2.204265931554e+01,-1.887174283192e+01,2.901760684852e+01,3.849644199197e+00,3.113448076559e+00
3.052000000000e-01,-2.247173235062e+01,-1.917570401648e+01,2.954126570351e+01,3.848014222158e+00,3.113448076559e+00
3.056000000000e-01,-2.290463724721e+01,-1.947915447096e+01,3.006758830252e+01,3.846345519507e+00,3.113448076559e+00
3.060000000000e-01,-2.334079990054e+01,-1.978149556258e+01,3.059575961942e+01,3.844637727443e+00,3.113448076559e+00
3.064000000000e-01,-2.377958808769e+01,-2.008208439173e+01,3.112489233936e+01,3.842890461177e+00,3.113448076559e+00
3.068000000000e-01,-2.422031259976e+01,-2.038023659665e+01,3.165402954073e+01,3.841103330996e+00,3.113448076559e+00
3.072000000000e-01,-2.466222507935e+01,-2.067522626004e+01,3.218214297973e+01,3.839275952860e+00,3.113448076559e+00
3.076000000000e-01,-2.510451501467e+01,-2.096628354144e+01,3.270812925959e+01,3.837407919045e+00,3.113448076559e+00
3.080000000000e-01,-2.554631304430e+01,-2.125260002659e+01,3.323081578967e+01,3.835498825752e+00,3.113448076559e+00
3.084000000000e-01,-2.598669150928e+01,-2.153333048852e+01,3.374896231777e+01,3.833548268750e+00,3.113448076559e+00
3.088000000000e-01,-2.642466361780e+01,-2.180759277005e+01,3.426126018900e+01,3.831555821907e+00,3.113448076559e+00
3.092000000000e-01,-2.685918670305e+01,-2.207447354958e+01,3.476633850207e+01,3.829521071793e+00,3.113448076559e+00
3.096000000000e-01,-2.728916620967e+01,-2.233303215542e+01,3.526276956896e+01,3.827443594024e+00,3.113448076559e+00
3.100000000000e-01,-2.771345898472e+01,-2.258230474056e+01,3.574907406203e+01,3.825322952193e+00,3.113448076559e+00
3.104000000000e-01,-2.813087751181e+01,-2.282131053634e+01,3.622372819273e+01,3.823158725507e+00,3.113448076559e+00
3.108000000000e-01,-2.854019626048e+01,-2.304905683018e+01,3.668517170939e+01,3.820950472318e+00,3.113448076559e+00
3.112000000000e-01,-2.894015892076e+01,-2.326454743229e+01,3.713181877565e+01,3.818697756447e+00,3.113448076559e+00
3.116000000000e-01,-2.932948569616e+01,-2.346678993273e+01,3.756206811330e+01,3.816400148446e+00,3.113448076559e+00
3.120000000000e-01,-2.970688180451e+01,-2.365480243286e+01,3.797431374870e+01,3.814057199104e+00,3.113448076559e+00
3.124000000000e-01,-3.007104740029e+01,-2.382762444443e+01,3.836695946274e+01,3.811668480160e+00,3.113448076559e+00
3.128000000000e-01,-3.042068810362e+01,-2.398432458122e+01,3.873843169664e+01,3.809233552799e+00,3.113448076559e+00
3.132000000000e-01,-3.075452533822e+01,-2.412400979833e+01,3.908719326748e+01,3.806751976932e+00,3.113448076559e+00
3.136000000000e-01,-3.107130746273e+01,-2.424583557827e+01,3.941175827507e+01,3.804223331816e+00,3.113448076559e+00
3.140000000000e-01,-3.136982325942e+01,-2.434901473201e+01,3.971070799856e+01,3.801647177904e+00,3.113448076559e+00
3.144000000000e-01,-3.164891274504e+01,-2.443282773162e+01,3.998270562263e+01,3.799023098564e+00,3.113448076559e+00
3.148000000000e-01,-3.190747912732e+01,-2.449663035878e+01,4.022651020403e+01,3.796350676588e+00,3.113448076559e+00
3.152000000000e-01,-3.214450024143e+01,-2.453986167760e+01,4.044099042960e+01,3.793629492722e+00,3.113448076559e+00
3.156000000000e-01,-3.235903957965e+01,-2.456205290352e+01,4.062513858872e+01,3.790859154963e+00,3.113448076559e+00
3.160000000000e-01,-3.255025895703e+01,-2.456283354299e+01,4.077808418538e+01,3.788039257157e+00,3.113448076559e+00
3.164000000000e-01,-3.271742581945e+01,-2.454193725672e+01,4.089910312665e+01,3.785169419634e+00,3.113448076559e+00
3.168000000000e-01,-3.285992186988e+01,-2.449920529895e+01,4.098762649354e+01,3.782249268814e+00,3.113448076559e+00
3.172000000000e-01,-3.297725022290e+01,-2.443458937633e+01,4.104324780343e+01,3.779278433657e+00,3.113448076559e+00
3.176000000000e-01,-3.306904080701e+01,-2.434815459182e+01,4.106572892234e+01,3.776256575176e+00,3.113448076559e+00
3.180000000000e-01,-3.313505649971e+01,-2.424007909028e+01,4.105500461019e+01,3.773183346268e+00,3.113448076559e+00
3.184000000000e-01,-3.317519315327e+01,-2.411065305167e+01,4.101118178418e+01,3.770058431634e+00,3.113448076559e+00
3.188000000000e-01,-3.318948032620e+01,-2.396027491156e+01,4.093453771769e+01,3.766881525973e+00,3.113448076559e+00
3.192000000000e-01,-3.317808025871e+01,-2.378944731575e+01,4.082551669290e+01,3.763652334471e+00,3.113448076559e+00
3.196000000000e-01,-3.314128484523e+01,-2.359877271320e+01,4.068472483331e+01,3.760370596464e+00,3.113448076559e+00
3.200000000000e-01,-3.307951266615e+01,-2.338894601791e+01,4.051292329688e+01,3.757036050703e+00,3.113448076559e+00
3.204000000000e-01,-3.299330164255e+01,-2.316074777412e+01,4.031101822992e+01,3.753648472435e+00,3.113448076559e+00
3.208000000000e-01,-3.288330126639e+01,-2.291503411323e+01,4.008004853523e+01,3.750207650173e+00,3.113448076559e+00
3.212000000000e-01,-3.275026432629e+01,-2.265272795912e+01,3.982117398360e+01,3.746713391548e+00,3.113448076559e+00
3.216000000000e-01,-3.259503751409e+01,-2.237481006135e+01,3.953566232943e+01,3.743165538426e+00,3.113448076559e+00
3.220000000000e-01,-3.241855138016e+01,-2.208230781662e+01,3.922487466004e+01,3.739563941197e+00,3.113448076559e+00
3.224000000000e-01,-3.222180965814e+01,-2.177628659388e+01,3.889025167654e+01,3.735908488610e+00,3.113448076559e+00
3.228000000000e-01,-3.200587679551e+01,-2.145783772267e+01,3.853329663009e+01,3.732199087495e+00,3.113448076559e+00
3.232000000000e-01,-3.177186727457e+01,-2.112806937117e+01,3.815556139629e+01,3.728435670412e+00,3.113448076559e+00
3.236000000000e-01,-3.152093468150e+01,-2.078809756383e+01,3.775863243708e+01,3.724618203678e+00,3.113448076559e+00
3.240000000000e-01,-3.125425978142e+01,-2.043903581131e+01,3.734411519075e+01,3.720746671991e+00,3.113448076559e+00
3.244000000000e-01,-3.097304118402e+01,-2.008198834466e+01,3.691362263531e+01,3.716821096817e+00,3.113448076559e+00
3.248000000000e-01,-3.067848344299e+01,-1.971804064831e+01,3.646876023901e+01,3.712841524932e+00,3.113448076559e+00
3.252000000000e-01,-3.037178881718e+01,-1.934825342910e+01,3.601111587707e+01,3.708808032213e+00,3.113448076559e+00
3.256000000000e-01,-3.005414903868e+01,-1.897365689798e+01,3.554224993612e+01,3.704720728018e+00,3.113448076559e+00
3.260000000000e-01,-2.972673565265e+01,-1.859524405316e+01,3.506368369067e+01,3.700579750047e+00,3.113448076559e+00
3.264000000000e-01,-2.939069494482e+01,-1.821396756287e+01,3.457689349436e+01,3.696385268308e+00,3.113448076559e+00
3.268000000000e-01,-2.904713991338e+01,-1.783073493846e+01,3.408330156533e+01,3.692137486741e+00,3.113448076559e+00
3.272000000000e-01,-2.869714641751e+01,-1.744640636922e+01,3.358427173109e+01,3.687836639905e+00,3.113448076559e+00
3.276000000000e-01,-2.834174949779e+01,-1.706179303509e+01,3.308110557657e+01,3.683482994277e+00,3.113448076559e+00
3.280000000000e-01,-2.798193689577e+01,-1.667765415088e+01,3.257503553974e+01,3.679076855544e+00,3.113448076559e+00
3.284000000000e-01,-2.761864903326e+01,-1.629469730953e+01,3.206722524372e+01,3.674618555349e+00,3.113448076559e+00
3.288000000000e-01,-2.725277544774e+01,-1.591357789438e+01,3.155876630994e+01,3.670108466233e+00,3.113448076559e+00
3.292000000000e-01,-2.688515423764e+01,-1.553489958321e+01,3.105067830888e+01,3.665546995195e+00,3.113448076559e+00
3.296000000000e-01,-2.651657249070e+01,-1.515921543255e+01,3.054390985425e+01,3.660934574954e+00,3.113448076559e+00
3.300000000000e-01,-2.614776216738e+01,-1.478702765545e+01,3.003933509991e+01,3.656271689796e+00,3.113448076559e+00
3.304000000000e-01,-2.577940430648e+01,-1.441879023957e+01,2.953775885827e+01,3.651558844927e+00,3.113448076559e+00
3.308000000000e-01,-2.541212873360e+01,-1.405491074389e+01,2.903991740332e+01,3.646796585562e+00,3.113448076559e+00
3.312000000000e-01,-2.504651438334e+01,-1.369575199247e+01,2.854647973734e+01,3.641985503166e+00,3.113448076559e+00
3.316000000000e-01,-2.468309194554e+01,-1.334163381282e+01,2.805805090856e+01,3.637126203435e+00,3.113448076559e+00
3.320000000000e-01,-2.432234317998e+01,-1.299283546406e+01,2.757517273129e+01,3.632219351245e+00,3.113448076559e+00
3.324000000000e-01,-2.396470542183e+01,-1.264959832835e+01,2.709832917033e+01,3.627265638232e+00,3.113448076559e+00
3.328000000000e-01,-2.361057375365e+01,-1.231212825580e+01,2.662794951107e+01,3.622265779803e+00,3.113448076559e+00
3.332000000000e-01,-2.326029974102e+01,-1.198059742148e+01,2.616440824131e+01,3.617220557117e+00,3.113448076559e+00
3.336000000000e-01,-2.291419685806e+01,-1.165514661786e+01,2.570803104739e+01,3.612130758663e+00,3.113448076559e+00
3.340000000000e-01,-2.257254194380e+01,-1.133588833267e+01,2.525909765006e+01,3.606997219235e+00,3.113448076559e+00
3.344000000000e-01,-2.223557683547e+01,-1.102290884526e+01,2.481784431850e+01,3.601820826407e+00,3.113448076559e+00
3.348000000000e-01,-2.190351152227e+01,-1.071626940620e+01,2.438446733050e+01,3.596602468075e+00,3.113448076559e+00
3.352000000000e-01,-2.157652470256e+01,-1.041600943264e+01,2.395912499949e+01,3.591343100241e+00,3.113448076559e+00
3.356000000000e-01,-2.125476776347e+01,-1.012214832601e+01,2.354194213341e+01,3.586043708114e+00,3.113448076559e+00
3.360000000000e-01,-2.093836710424e+01,-9.834686931776e+00,2.313301286123e+01,3.580705284194e+00,3.113448076559e+00
3.364000000000e-01,-2.062742319156e+01,-9.553609811296e+00,2.273240084000e+01,3.575328899687e+00,3.113448076559e+00
3.368000000000e-01,-2.032201559480e+01,-9.278886529728e+00,2.234014442807e+01,3.569915631536e+00,3.113448076559e+00
3.372000000000e-01,-2.002220443761e+01,-9.010473562201e+00,2.195625888799e+01,3.564466580841e+00,3.113448076559e+00
3.376000000000e-01,-1.972803003947e+01,-8.748316047585e+00,2.158073684809e+01,3.558982923357e+00,3.113448076559e+00
3.380000000000e-01,-1.943951671826e+01,-8.492348109400e+00,2.121355195743e+01,3.553465824742e+00,3.113448076559e+00
3.384000000000e-01,-1.915667385302e+01,-8.242495208496e+00,2.085466087888e+01,3.547916493310e+00,3.113448076559e+00
3.388000000000e-01,-1.887949651583e+01,-7.998675372937e+00,2.050400439946e+01,3.542336198801e+00,3.113448076559e+00
3.392000000000e-01,-1.860796793184e+01,-7.760798977512e+00,2.016150964887e+01,3.536726192980e+00,3.113448076559e+00
3.396000000000e-01,-1.834206004695e+01,-7.528771166842e+00,1.982709161851e+01,3.531087784890e+00,3.113448076559e+00
3.400000000000e-01,-1.808173483755e+01,-7.302492527821e+00,1.950065465194e+01,3.525422328659e+00,3.113448076559e+00
3.404000000000e-01,-1.782694599925e+01,-7.081858798689e+00,1.918209393431e+01,3.519731158255e+00,3.113448076559e+00
3.408000000000e-01,-1.757763893195e+01,-6.866763059193e+00,1.887129633420e+01,3.514015673425e+00,3.113448076559e+00
3.412000000000e-01,-1.733375237968e+01,-6.657095933041e+00,1.856814201318e+01,3.508277303762e+00,3.113448076559e+00
3.416000000000e-01,-1.709521963489e+01,-6.452745377451e+00,1.827250550065e+01,3.502517459201e+00,3.113448076559e+00
3.420000000000e-01,-1.686196818891e+01,-6.253598589269e+00,1.798425607356e+01,3.496737618071e+00,3.113448076559e+00
3.424000000000e-01,-1.663392134840e+01,-6.059541840150e+00,1.770325921228e+01,3.490939276523e+00,3.113448076559e+00
3.428000000000e-01,-1.641099911161e+01,-5.870460341969e+00,1.742937739760e+01,3.485123911755e+00,3.113448076559e+00
3.432000000000e-01,-1.619311772685e+01,-5.686239902704e+00,1.716247027519e+01,3.479293067342e+00,3.113448076559e+00
3.436000000000e-01,-1.598019106359e+01,-5.506766515126e+00,1.690239580299e+01,3.473448296484e+00,3.113448076559e+00
3.440000000000e-01,-1.577213127878e+01,-5.331926244625e+00,1.664901085810e+01,3.467591132887e+00,3.113448076559e+00
3.444000000000e-01,-1.556884840562e+01,-5.161606673397e+00,1.640217132358e+01,3.461723171242e+00,3.113448076559e+00
3.448000000000e-01,-1.537025138863e+01,-4.995696365862e+00,1.616173288758e+01,3.455846011290e+00,3.113448076559e+00
3.452000000000e-01,-1.517624864111e+01,-4.834084724083e+00,1.592755153614e+01,3.449961231093e+00,3.113448076559e+00
3.456000000000e-01,-1.498674769589e+01,-4.676663243875e+00,1.569948360924e+01,3.444070461697e+00,3.113448076559e+00
3.460000000000e-01,-1.480165588824e+01,-4.523324966098e+00,1.547738627103e+01,3.438175337723e+00,3.113448076559e+00
3.464000000000e-01,-1.462088089720e+01,-4.373964264926e+00,1.526111796694e+01,3.432277468678e+00,3.113448076559e+00
3.468000000000e-01,-1.444433043430e+01,-4.228477916688e+00,1.505053843513e+01,3.426378506776e+00,3.113448076559e+00
3.472000000000e-01,-1.427191260332e+01,-4.086764628685e+00,1.484550889957e+01,3.420480108660e+00,3.113448076559e+00
3.476000000000e-01,-1.410353650292e+01,-3.948724751309e+00,1.464589256587e+01,3.414583902118e+00,3.113448076559e+00
3.480000000000e-01,-1.393911189292e+01,-3.814261137809e+00,1.445155453198e+01,3.408691545316e+00,3.113448076559e+00
3.484000000000e-01,-1.377854930762e+01,-3.683278823375e+00,1.426236179296e+01,3.402804702884e+00,3.113448076559e+00
3.488000000000e-01,-1.362176075450e+01,-3.555684674691e+00,1.407818381606e+01,3.396925007752e+00,3.113448076559e+00
3.492000000000e-01,-1.346865928539e+01,-3.431388009842e+00,1.389889228032e+01,3.391054109451e+00,3.113448076559e+00
3.496000000000e-01,-1.331915899998e+01,-3.310300471556e+00,1.372436102989e+01,3.385193665455e+00,3.113448076559e+00
3.500000000000e-01,-1.317317578256e+01,-3.192335643430e+00,1.355446668292e+01,3.379345300793e+00,3.113448076559e+00
3.504000000000e-01,-1.303062674963e+01,-3.077409416161e+00,1.338908817667e+01,3.373510643157e+00,3.113448076559e+00
3.508000000000e-01,-1.289143032671e+01,-2.965440051638e+00,1.322810683991e+01,3.367691326849e+00,3.113448076559e+00
3.512000000000e-01,-1.275550682382e+01,-2.856347803531e+00,1.307140685264e+01,3.361888956015e+00,3.113448076559e+00
3.516000000000e-01,-1.262277787223e+01,-2.750055060905e+00,1.291887472072e+01,3.356105125058e+00,3.113448076559e+00
3.520000000000e-01,-1.249316668502e+01,-2.646486533254e+00,1.277039955484e+01,3.350341429218e+00,3.113448076559e+00
3.524000000000e-01,-1.236659823952e+01,-2.545568923787e+00,1.262587316440e+01,3.344599438471e+00,3.113448076559e+00
3.528000000000e-01,-1.224299893504e+01,-2.447230929309e+00,1.248518971200e+01,3.338880704027e+00,3.113448076559e+00
3.532000000000e-01,-1.212229695660e+01,-2.351403418515e+00,1.234824609168e+01,3.333186767915e+00,3.113448076559e+00
3.536000000000e-01,-1.200442199781e+01,-2.258019212511e+00,1.221494159895e+01,3.327519152224e+00,3.113448076559e+00
3.540000000000e-01,-1.188930537342e+01,-2.167013040411e+00,1.208517802020e+01,3.321879355425e+00,3.113448076559e+00
3.544000000000e-01,-1.177688015767e+01,-2.078321583866e+00,1.195885976396e+01,3.316268855916e+00,3.113448076559e+00
3.548000000000e-01,-1.166708074699e+01,-1.991883393047e+00,1.183589340135e+01,3.310689113910e+00,3.113448076559e+00
3.552000000000e-01,-1.155984337156e+01,-1.907638870789e+00,1.171618815299e+01,3.305141564900e+00,3.113448076559e+00
3.556000000000e-01,-1.145510575770e+01,-1.825530162346e+00,1.159965552478e+01,3.299627617851e+00,3.113448076559e+00
3.560000000000e-01,-1.135280701101e+01,-1.745501136924e+00,1.148620917658e+01,3.294148657416e+00,3.113448076559e+00
3.564000000000e-01,-1.125288805045e+01,-1.667497446611e+00,1.137576534613e+01,3.288706045783e+00,3.113448076559e+00
3.568000000000e-01,-1.115529103062e+01,-1.591466360690e+00,1.126824223892e+01,3.283301118989e+00,3.113448076559e+00
3.572000000000e-01,-1.105995972031e+01,-1.517356665078e+00,1.116356037579e+01,3.277935175586e+00,3.113448076559e+00
3.576000000000e-01,-1.096683934603e+01,-1.445118812840e+00,1.106164244698e+01,3.272609494699e+00,3.113448076559e+00
3.580000000000e-01,-1.087587639747e+01,-1.374704838440e+00,1.096241309229e+01,3.267325333912e+00,3.113448076559e+00
3.584000000000e-01,-1.078701901310e+01,-1.306068080283e+00,1.086579923519e+01,3.262083902608e+00,3.113448076559e+00
3.588000000000e-01,-1.070021643448e+01,-1.239163365672e+00,1.077172955433e+01,3.256886387614e+00,3.113448076559e+00
3.592000000000e-01,-1.061541940605e+01,-1.173947080356e+00,1.068013487339e+01,3.251733958372e+00,3.113448076559e+00
3.596000000000e-01,-1.053257996253e+01,-1.110376810154e+00,1.059094789562e+01,3.246627739515e+00,3.113448076559e+00
3.600000000000e-01,-1.045165127914e+01,-1.048411370117e+00,1.050410304889e+01,3.241568817513e+00,3.113448076559e+00
3.604000000000e-01,-1.037258801008e+01,-9.880110603523e-01,1.041953683627e+01,3.236558264583e+00,3.113448076559e+00
3.608000000000e-01,-1.029534577407e+01,-9.291374143657e-01,1.033718728390e+01,3.231597123424e+00,3.113448076559e+00
3.612000000000e-01,-1.021988158361e+01,-8.717529159413e-01,1.025699433214e+01,3.226686378824e+00,3.113448076559e+00
3.616000000000e-01,-1.014615351404e+01,-8.158213779156e-01,1.017889953046e+01,3.221826999996e+00,3.113448076559e+00
3.620000000000e-01,-1.007412072419e+01,-7.613079094112e-01,1.010284603953e+01,3.217019940874e+00,3.113448076559e+00
3.624000000000e-01,-1.000374364292e+01,-7.081784374789e-01,1.002877876775e+01,3.212266094984e+00,3.113448076559e+00
3.628000000000e-01,-9.934983539596e+00,-6.563999463075e-01,9.956643953741e+00,3.207566324788e+00,3.113448076559e+00
3.632000000000e-01,-9.867802960589e+00,-6.059406981584e-01,9.886389603829e+00,3.202921484012e+00,3.113448076559e+00
3.636000000000e-01,-9.802165294837e+00,-5.567698635598e-01,9.817965020730e+00,3.198332387184e+00,3.113448076559e+00
3.640000000000e-01,-9.738035006565e+00,-5.088573329215e-01,9.751321016886e+00,3.193799791601e+00,3.113448076559e+00
3.644000000000e-01,-9.675377547924e+00,-4.621741534566e-01,9.686409842816e+00,3.189324445316e+00,3.113448076559e+00
3.648000000000e-01,-9.614159178184e+00,-4.166924280938e-01,9.623184986432e+00,3.184907081478e+00,3.113448076559e+00
3.652000000000e-01,-9.554347273657e+00,-3.723848044409e-01,9.561601448932e+00,3.180548367064e+00,3.113448076559e+00
3.656000000000e-01,-9.495909877695e+00,-3.292248310356e-01,9.501615304499e+00,3.176248944417e+00,3.113448076559e+00
3.660000000000e-01,-9.438816084519e+00,-2.871871349417e-01,9.443184077833e+00,3.172009451645e+00,3.113448076559e+00
3.664000000000e-01,-9.383035707840e+00,-2.462470172761e-01,9.386266387020e+00,3.167830484811e+00,3.113448076559e+00
3.668000000000e-01,-9.328539412752e+00,-2.063803203526e-01,9.330822065172e+00,3.163712585777e+00,3.113448076559e+00
3.672000000000e-01,-9.275298708976e+00,-1.675638651073e-01,9.276812156642e+00,3.159656291741e+00,3.113448076559e+00
3.676000000000e-01,-9.223285749635e+00,-1.297753422473e-01,9.224198700097e+00,3.155662127598e+00,3.113448076559e+00
3.680000000000e-01,-9.172473616242e+00,-9.299281075427e-02,9.172944996211e+00,3.151730554093e+00,3.113448076559e+00
3.684000000000e-01,-9.122835924748e+00,-5.719506061321e-02,9.123015213449e+00,3.147862010151e+00,3.113448076559e+00
3.688000000000e-01,-9.074347172248e+00,-2.236178546976e-02,9.074374725122e+00,3.144056934466e+00,3.113448076559e+00
3.692000000000e-01,-9.026982423168e+00,1.152678108688e-02,9.026989782584e+00,3.140315729111e+00,3.113448076559e+00
3.696000000000e-01,-8.980717460740e+00,4.449002606429e-02,8.980827660748e+00,3.136638744026e+00,3.113448076559e+00
3.700000000000e-01,-8.935528735494e+00,7.654653106459e-02,8.935856598797e+00,3.133026326857e+00,3.113448076559e+00
3.704000000000e-01,-8.891393252228e+00,1.077141401476e-01,8.892045675870e+00,3.129478818536e+00,3.113448076559e+00
3.708000000000e-01,-8.848288754769e+00,1.380104270352e-01,8.849364992232e+00,3.125996503781e+00,3.113448076559e+00
3.712000000000e-01,-8.806193420808e+00,1.674524159729e-01,8.807785355939e+00,3.122579644248e+00,3.113448076559e+00
3.716000000000e-01,-8.765086177411e+00,1.960563795298e-01,8.767278585821e+00,3.119228504708e+00,3.113448076559e+00
3.720000000000e-01,-8.724946371150e+00,2.238381066512e-01,8.727817177132e+00,3.115943324852e+00,3.113448076559e+00
3.724000000000e-01,-8.685753990304e+00,2.508131459869e-01,8.689374523767e+00,3.112724294206e+00,3.113448076559e+00
3.728000000000e-01,-8.647489503983e+00,2.769964076143e-01,8.651924741428e+00,3.109571599566e+00,3.113448076559e+00
3.732000000000e-01,-8.610133905139e+00,3.024021665781e-01,8.615442701033e+00,3.106485427493e+00,3.113448076559e+00
3.736000000000e-01,-8.573668730411e+00,3.270444533306e-01,8.579904053850e+00,3.103465921719e+00,3.113448076559e+00
3.740000000000e-01,-8.538075906581e+00,3.509369298850e-01,8.545285069282e+00,3.100513198809e+00,3.113448076559e+00
3.744000000000e-01,-8.503337964963e+00,3.740926439442e-01,8.511562832561e+00,3.097627380084e+00,3.113448076559e+00
3.748000000000e-01,-8.469437763619e+00,3.965241779059e-01,8.478714964869e+00,3.094808575435e+00,3.113448076559e+00
3.752000000000e-01,-8.436358729726e+00,4.182439616636e-01,8.446719873897e+00,3.092056849817e+00,3.113448076559e+00
3.756000000000e-01,-8.404084612170e+00,4.392639515854e-01,8.415556487106e+00,3.089372261627e+00,3.113448076559e+00
3.760000000000e-01,-8.372599678166e+00,4.595955641265e-01,8.385204437185e+00,3.086754873982e+00,3.113448076559e+00
3.764000000000e-01,-8.341888550607e+00,4.792499433000e-01,8.355643906900e+00,3.084204724185e+00,3.113448076559e+00
3.768000000000e-01,-8.311936253907e+00,4.982380186323e-01,8.326855673796e+00,3.081721818813e+00,3.113448076559e+00
3.772000000000e-01,-8.282728234994e+00,5.165702346845e-01,8.298821110383e+00,3.079306168087e+00,3.113448076559e+00
3.776000000000e-01,-8.254250265479e+00,5.342565980789e-01,8.271522082287e+00,3.076957781659e+00,3.113448076559e+00
3.780000000000e-01,-8.226488558734e+00,5.513069704612e-01,8.244941078180e+00,3.074676636073e+00,3.113448076559e+00
3.784000000000e-01,-8.199429579526e+00,5.677309043580e-01,8.219061005332e+00,3.072462694671e+00,3.113448076559e+00
3.788000000000e-01,-8.173060260757e+00,5.835375072389e-01,8.193865391152e+00,3.070315927615e+00,3.113448076559e+00
3.792000000000e-01,-8.147367766774e+00,5.987355753406e-01,8.169338150441e+00,3.068236295568e+00,3.113448076559e+00
3.796000000000e-01,-8.122339672184e+00,6.133337797756e-01,8.145463772907e+00,3.066223730087e+00,3.113448076559e+00
3.800000000000e-01,-8.097963802173e+00,6.273404349674e-01,8.122227143010e+00,3.064278161992e+00,3.113448076559e+00
3.804000000000e-01,-8.074228350402e+00,6.407634703728e-01,8.099613650008e+00,3.062399527602e+00,3.113448076559e+00
3.808000000000e-01,-8.051121785494e+00,6.536106221656e-01,8.077609104819e+00,3.060587745937e+00,3.113448076559e+00
3.812000000000e-01,-8.028632858053e+00,6.658894505791e-01,8.056199744905e+00,3.058842717972e+00,3.113448076559e+00
3.816000000000e-01,-8.006750643278e+00,6.776071657814e-01,8.035372258630e+00,3.057164349977e+00,3.113448076559e+00
3.820000000000e-01,-7.985464448673e+00,6.887706639774e-01,8.015113691556e+00,3.055552549641e+00,3.113448076559e+00
3.824000000000e-01,-7.964763913271e+00,6.993867168416e-01,7.995411557502e+00,3.054007204958e+00,3.113448076559e+00
3.828000000000e-01,-7.944638858089e+00,7.094618662666e-01,7.976253677331e+00,3.052528196914e+00,3.113448076559e+00
3.832000000000e-01,-7.925079456367e+00,7.190023354719e-01,7.957628336894e+00,3.051115413736e+00,3.113448076559e+00
3.836000000000e-01,-7.906076048101e+00,7.280141114491e-01,7.939524105689e+00,3.049768739870e+00,3.113448076559e+00
3.840000000000e-01,-7.887619285965e+00,7.365030665023e-01,7.921929990053e+00,3.048488043546e+00,3.113448076559e+00
3.844000000000e-01,-7.869699998672e+00,7.444748191724e-01,7.904835281363e+00,3.047273193757e+00,3.113448076559e+00
3.848000000000e-01,-7.852309302933e+00,7.519347097823e-01,7.888229661762e+00,3.046124065819e+00,3.113448076559e+00
3.852000000000e-01,-7.835438506607e+00,7.588879097772e-01,7.872103114825e+00,3.045040527584e+00,3.113448076559e+00
3.856000000000e-01,-7.819079145230e+00,7.653394506878e-01,7.856445962021e+00,3.044022437196e+00,3.113448076559e+00
3.860000000000e-01,-7.803222979383e+00,7.712941156674e-01,7.841248846889e+00,3.043069657774e+00,3.113448076559e+00
3.864000000000e-01,-7.787861960831e+00,7.767564532205e-01,7.826502699710e+00,3.042182056291e+00,3.113448076559e+00
3.868000000000e-01,-7.772988277799e+00,7.817308829154e-01,7.812198790360e+00,3.041359491664e+00,3.113448076559e+00
3.872000000000e-01,-7.758594265637e+00,7.862216579804e-01,7.798328633384e+00,3.040601819241e+00,3.113448076559e+00
3.876000000000e-01,-7.744672518546e+00,7.902328022357e-01,7.784884090419e+00,3.039908901145e+00,3.113448076559e+00
3.880000000000e-01,-7.731215756766e+00,7.937681478108e-01,7.771857239434e+00,3.039280600632e+00,3.113448076559e+00
3.884000000000e-01,-7.718216946897e+00,7.968314092970e-01,7.759240499830e+00,3.038716774977e+00,3.113448076559e+00
3.888000000000e-01,-7.705669173015e+00,7.994261220018e-01,7.747026495921e+00,3.038217282433e+00,3.113448076559e+00
3.892000000000e-01,-7.693565757311e+00,8.015556158320e-01,7.735208172205e+00,3.037781987944e+00,3.113448076559e+00
3.896000000000e-01,-7.681900144528e+00,8.032230647714e-01,7.723778681596e+00,3.037410755997e+00,3.113448076559e+00
3.900000000000e-01,-7.670665981948e+00,8.044315182840e-01,7.712731466493e+00,3.037103448321e+00,3.113448076559e+00
3.904000000000e-01,-7.659857057344e+00,8.051838480170e-01,7.702060189849e+00,3.036859930564e+00,3.113448076559e+00
3.908000000000e-01,-7.649467334333e+00,8.054827454155e-01,7.691758768461e+00,3.036680073729e+00,3.113448076559e+00
3.912000000000e-01,-7.639490931573e+00,8.053307672244e-01,7.681821355526e+00,3.036563748632e+00,3.113448076559e+00
3.916000000000e-01,-7.629922107060e+00,8.047303365579e-01,7.672242323753e+00,3.036510826104e+00,3.113448076559e+00
3.920000000000e-01,-7.620755294307e+00,8.036837073835e-01,7.663016296291e+00,3.036521182639e+00,3.113448076559e+00
3.924000000000e-01,-7.611985040898e+00,8.021929767515e-01,7.654138085689e+00,3.036594698501e+00,3.113448076559e+00
3.928000000000e-01,-7.603606077774e+00,8.002601142351e-01,7.645602764753e+00,3.036731255354e+00,3.113448076559e+00
3.932000000000e-01,-7.595613228106e+00,7.978869520153e-01,7.637405573831e+00,3.036930736763e+00,3.113448076559e+00
3.936000000000e-01,-7.588001504873e+00,7.950751644032e-01,7.629542014761e+00,3.037193032647e+00,3.113448076559e+00
3.940000000000e-01,-7.580766003688e+00,7.918262864863e-01,7.622007745380e+00,3.037518035818e+00,3.113448076559e+00
3.944000000000e-01,-7.573902000674e+00,7.881417250513e-01,7.614798677220e+00,3.037905642287e+00,3.113448076559e+00
3.948000000000e-01,-7.567404855214e+00,7.840227507667e-01,7.607910877267e+00,3.038355751339e+00,3.113448076559e+00
3.952000000000e-01,-7.561270092919e+00,7.794704889667e-01,7.601340648941e+00,3.038868268216e+00,3.113448076559e+00
3.956000000000e-01,-7.555493331326e+00,7.744859342647e-01,7.595084459180e+00,3.039443101536e+00,3.113448076559e+00
3.960000000000e-01,-7.550070331502e+00,7.690699517839e-01,7.589138989461e+00,3.040080164137e+00,3.113448076559e+00
3.964000000000e-01,-7.544996960146e+00,7.632232735338e-01,7.583501097375e+00,3.040779373327e+00,3.113448076559e+00
3.968000000000e-01,-7.540269203998e+00,7.569464982330e-01,7.578167830679e+00,3.041540651368e+00,3.113448076559e+00
3.972000000000e-01,-7.535883170279e+00,7.502400936583e-01,7.573136427810e+00,3.042363925417e+00,3.113448076559e+00
3.976000000000e-01,-7.531835062930e+00,7.431044003946e-01,7.568404294504e+00,3.043249126945e+00,3.113448076559e+00
3.980000000000e-01,-7.528121219434e+00,7.355396284053e-01,7.563969040091e+00,3.044196192872e+00,3.113448076559e+00
3.984000000000e-01,-7.524738054044e+00,7.275458631800e-01,7.559828421664e+00,3.045205064201e+00,3.113448076559e+00
3.988000000000e-01,-7.521682124488e+00,7.191230546979e-01,7.555980409559e+00,3.046275688493e+00,3.113448076559e+00
3.992000000000e-01,-7.518950051378e+00,7.102710302859e-01,7.552423108618e+00,3.047408017286e+00,3.113448076559e+00
3.996000000000e-01,-7.516538600688e+00,7.009894886953e-01,7.549154840040e+00,3.048602008042e+00,3.113448076559e+00
4.000000000000e-01,-7.514444595344e+00,6.912780067786e-01,7.546174054390e+00,3.049857622256e+00,3.113448076559e+00
4.004000000000e-01,-7.512664999438e+00,6.811360229082e-01,7.543479414400e+00,3.051174828774e+00,3.113448076559e+00
4.008000000000e-01,-7.511196836384e+00,6.705628554057e-01,7.541069715760e+00,3.052553600416e+00,3.113448076559e+00
4.012000000000e-01,-7.510037256781e+00,6.595576967920e-01,7.538943954802e+00,3.053993915606e+00,3.113448076559e+00
4.016000000000e-01,-7.509183480418e+00,6.481196126561e-01,7.537101271371e+00,3.055495757843e+00,3.113448076559e+00
4.020000000000e-01,-7.508632837813e+00,6.362475323232e-01,7.535540990232e+00,3.057059117437e+00,3.113448076559e+00
4.024000000000e-01,-7.508382741261e+00,6.239402630162e-01,7.534262594380e+00,3.058683989277e+00,3.113448076559e+00
4.028000000000e-01,-7.508430692823e+00,6.111964886501e-01,7.533265733841e+00,3.060370373056e+00,3.113448076559e+00
4.032000000000e-01,-7.508774292100e+00,5.980147568491e-01,7.532550233428e+00,3.062118275016e+00,3.113448076559e+00
4.036000000000e-01,-7.509411209587e+00,5.843934842333e-01,7.532116067818e+00,3.063927706886e+00,3.113448076559e+00
4.040000000000e-01,-7.510339225892e+00,5.703309594219e-01,7.531963402145e+00,3.065798685808e+00,3.113448076559e+00
4.044000000000e-01,-7.511556175187e+00,5.558253475356e-01,7.532092537267e+00,3.067731233048e+00,3.113448076559e+00
4.048000000000e-01,-7.513060012644e+00,5.408746687329e-01,7.532503976823e+00,3.069725377380e+00,3.113448076559e+00
4.052000000000e-01,-7.514848736010e+00,5.254768155925e-01,7.533198351885e+00,3.071781151867e+00,3.113448076559e+00
4.056000000000e-01,-7.516920466365e+00,5.096295455071e-01,7.534176502532e+00,3.073898595472e+00,3.113448076559e+00
4.060000000000e-01,-7.519273364256e+00,4.933304871230e-01,7.535439396341e+00,3.076077751227e+00,3.113448076559e+00
4.064000000000e-01,-7.521905708984e+00,4.765771207428e-01,7.536988207956e+00,3.078318669343e+00,3.113448076559e+00
4.068000000000e-01,-7.524815824928e+00,4.593667951192e-01,7.538824248618e+00,3.080621404103e+00,3.113448076559e+00
4.072000000000e-01,-7.528002141804e+00,4.416967182222e-01,7.540949027669e+00,3.082986015347e+00,3.113448076559e+00
4.076000000000e-01,-7.531463147008e+00,4.235639591177e-01,7.543364207183e+00,3.085412567562e+00,3.113448076559e+00
4.080000000000e-01,-7.535197415376e+00,4.049654399885e-01,7.546071633391e+00,3.087901130881e+00,3.113448076559e+00
4.084000000000e-01,-7.539203596041e+00,3.858979390614e-01,7.549073326040e+00,3.090451780276e+00,3.113448076559e+00
4.088000000000e-01,-7.543480405136e+00,3.663580893185e-01,7.552371473403e+00,3.093064595351e+00,3.113448076559e+00
4.092000000000e-01,-7.548026650527e+00,3.463423741026e-01,7.555968459248e+00,3.095739660726e+00,3.113448076559e+00
4.096000000000e-01,-7.552841187428e+00,3.258471299190e-01,7.559866821220e+00,3.098477065005e+00,3.113448076559e+00
4.100000000000e-01,-7.557922978576e+00,3.048685320043e-01,7.564069313002e+00,3.101276902651e+00,3.113448076559e+00
4.104000000000e-01,-7.563271019126e+00,2.834026053132e-01,7.568578832611e+00,3.104139271671e+00,3.113448076559e+00
4.108000000000e-01,-7.568884419986e+00,2.614452177071e-01,7.573398508264e+00,3.107064274527e+00,3.113448076559e+00
4.112000000000e-01,-7.574762318275e+00,2.389920815877e-01,7.578531611956e+00,3.110052016989e+00,3.113448076559e+00
4.116000000000e-01,-7.580903966596e+00,2.160387313454e-01,7.583981651098e+00,3.113102611042e+00,3.113448076559e+00
4.120000000000e-01,-7.587308648434e+00,1.925805443568e-01,7.589752287965e+00,3.116216171220e+00,3.113448076559e+00
4.124000000000e-01,-7.593975749583e+00,1.686127367898e-01,7.595847414229e+00,3.119392814910e+00,3.113448076559e+00
4.128000000000e-01,-7.600904702430e+00,1.441303478724e-01,7.602271098336e+00,3.122632663644e+00,3.113448076559e+00
4.132000000000e-01,-7.608095022354e+00,1.191282271168e-01,7.609027625371e+00,3.125935844308e+00,3.113448076559e+00
4.136000000000e-01,-7.615546291904e+00,9.360106020554e-02,7.616121485546e+00,3.129302485057e+00,3.113448076559e+00
4.140000000000e-01,-7.623258151515e+00,6.754336362623e-02,7.623557368487e+00,3.132732715369e+00,3.113448076559e+00
4.144000000000e-01,-7.631230333442e+00,4.094944664178e-02,7.631340200727e+00,3.136226670410e+00,3.113448076559e+00
4.148000000000e-01,-7.639462604644e+00,1.381342237266e-02,7.639475093120e+00,3.139784488797e+00,3.113448076559e+00
4.152000000000e-01,-7.647954842668e+00,-1.387076477903e-02,7.647967421061e+00,3.143406308332e+00,3.113448076559e+00
4.156000000000e-01,-7.656706943361e+00,-4.210936075981e-02,7.656822736278e+00,3.147092268049e+00,3.113448076559e+00
4.160000000000e-01,-7.665718923697e+00,-7.090884947986e-02,7.666046874502e+00,3.150842513630e+00,3.113448076559e+00
4.164000000000e-01,-7.674990815955e+00,-1.002759118401e-01,7.675645854486e+00,3.154657191265e+00,3.113448076559e+00
4.168000000000e-01,-7.684522766759e+00,-1.302174047394e-01,7.685625981358e+00,3.158536443984e+00,3.113448076559e+00
4.172000000000e-01,-7.694314952376e+00,-1.607404147723e-01,7.695993767363e+00,3.162480417886e+00,3.113448076559e+00
4.176000000000e-01,-7.704367641803e+00,-1.918522872724e-01,7.706756001081e+00,3.166489264867e+00,3.113448076559e+00
4.180000000000e-01,-7.714681159977e+00,-2.235605607444e-01,7.717919714821e+00,3.170563133207e+00,3.113448076559e+00
4.184000000000e-01,-7.725255895062e+00,-2.558729711150e-01,7.729492196874e+00,3.174702167161e+00,3.113448076559e+00
4.188000000000e-01,-7.736092322760e+00,-2.887975344280e-01,7.741481023820e+00,3.178906516540e+00,3.113448076559e+00
4.192000000000e-01,-7.747190948474e+00,-3.223425317340e-01,7.753894008812e+00,3.183176333914e+00,3.113448076559e+00
4.196000000000e-01,-7.758552396001e+00,-3.565164331744e-01,7.766739293205e+00,3.187511763295e+00,3.113448076559e+00
4.200000000000e-01,-7.770177297580e+00,-3.913279525305e-01,7.780025244320e+00,3.191912946652e+00,3.113448076559e+00
4.204000000000e-01,-7.782066414215e+00,-4.267861312473e-01,7.793760586333e+00,3.196380032832e+00,3.113448076559e+00
4.208000000000e-01,-7.794220512261e+00,-4.629002645158e-01,7.807954280644e+00,3.200913167576e+00,3.113448076559e+00
4.212000000000e-01,-7.806640482263e+00,-4.996798486216e-01,7.822615647622e+00,3.205512484773e+00,3.113448076559e+00
4.216000000000e-01,-7.819327241408e+00,-5.371346950695e-01,7.837754282246e+00,3.210178120486e+00,3.113448076559e+00
4.220000000000e-01,-7.832281791700e+00,-5.752749689347e-01,7.853380122882e+00,3.214910216016e+00,3.113448076559e+00
4.224000000000e-01,-7.845505205783e+00,-6.141110667390e-01,7.869503436448e+00,3.219708901044e+00,3.113448076559e+00
4.228000000000e-01,-7.858998605629e+00,-6.536536354181e-01,7.886134804730e+00,3.224574294922e+00,3.113448076559e+00
4.232000000000e-01,-7.872763219180e+00,-6.939137156382e-01,7.903285199841e+00,3.229506522785e+00,3.113448076559e+00
4.236000000000e-01,-7.886800277978e+00,-7.349026961995e-01,7.920965887920e+00,3.234505709262e+00,3.113448076559e+00
4.240000000000e-01,-7.901111163030e+00,-7.766321858523e-01,7.939188570796e+00,3.239571959198e+00,3.113448076559e+00
4.244000000000e-01,-7.915697247330e+00,-8.191141369380e-01,7.957965247519e+00,3.244705373485e+00,3.113448076559e+00
4.248000000000e-01,-7.930560033098e+00,-8.623609545013e-01,7.977308371526e+00,3.249906059377e+00,3.113448076559e+00
4.252000000000e-01,-7.945701039186e+00,-9.063853525993e-01,7.997230733918e+00,3.255174112154e+00,3.113448076559e+00
4.256000000000e-01,-7.961121895722e+00,-9.512003062019e-01,8.017745559761e+00,3.260509606262e+00,3.113448076559e+00
4.260000000000e-01,-7.976824289272e+00,-9.968192504852e-01,8.038866484776e+00,3.265912619038e+00,3.113448076559e+00
4.264000000000e-01,-7.992809940297e+00,-1.043256083537e+00,8.060607545189e+00,3.271383229435e+00,3.113448076559e+00
4.268000000000e-01,-8.009080705613e+00,-1.090524972272e+00,8.082983265118e+00,3.276921490561e+00,3.113448076559e+00
4.272000000000e-01,-8.025638439798e+00,-1.138640456938e+00,8.106008540369e+00,3.282527442958e+00,3.113448076559e+00
4.276000000000e-01,-8.042485138578e+00,-1.187617637872e+00,8.129698817179e+00,3.288201133060e+00,3.113448076559e+00
4.280000000000e-01,-8.059622778834e+00,-1.237472029744e+00,8.154069926208e+00,3.293942595896e+00,3.113448076559e+00
4.284000000000e-01,-8.077053501833e+00,-1.288219437533e+00,8.179138254775e+00,3.299751834794e+00,3.113448076559e+00
4.288000000000e-01,-8.094779460696e+00,-1.339876201934e+00,8.204920642749e+00,3.305628851822e+00,3.113448076559e+00
4.292000000000e-01,-8.112802870887e+00,-1.392459255673e+00,8.231434455827e+00,3.311573651278e+00,3.113448076559e+00
4.296000000000e-01,-8.131126063382e+00,-1.445985876128e+00,8.258697609949e+00,3.317586206497e+00,3.113448076559e+00
4.300000000000e-01,-8.149751387952e+00,-1.500473763083e+00,8.286728497973e+00,3.323666469066e+00,3.113448076559e+00
4.304000000000e-01,-8.168681327797e+00,-1.555941297983e+00,8.315546161130e+00,3.329814394859e+00,3.113448076559e+00
4.308000000000e-01,-8.187918326914e+00,-1.612407396680e+00,8.345170108576e+00,3.336029927597e+00,3.113448076559e+00
4.312000000000e-01,-8.207465031084e+00,-1.669891324722e+00,8.375620530614e+00,3.342312969325e+00,3.113448076559e+00
4.316000000000e-01,-8.227324068784e+00,-1.728412983563e+00,8.406918149628e+00,3.348663416642e+00,3.113448076559e+00
4.320000000000e-01,-8.247498138404e+00,-1.787993007931e+00,8.439084342474e+00,3.355081167233e+00,3.113448076559e+00
4.324000000000e-01,-8.267990049855e+00,-1.848652470812e+00,8.472141135648e+00,3.361566081647e+00,3.113448076559e+00
4.328000000000e-01,-8.288802637845e+00,-1.910412955633e+00,8.506111146123e+00,3.368117991440e+00,3.113448076559e+00
4.332000000000e-01,-8.309938865176e+00,-1.973296874861e+00,8.541017767181e+00,3.374736730348e+00,3.113448076559e+00
4.336000000000e-01,-8.331401637047e+00,-2.037327296830e+00,8.576884967877e+00,3.381422116111e+00,3.113448076559e+00
4.340000000000e-01,-8.353194083955e+00,-2.102527737163e+00,8.613737533136e+00,3.388173916426e+00,3.113448076559e+00
4.344000000000e-01,-8.375319305570e+00,-2.168922493024e+00,8.651600906826e+00,3.394991891020e+00,3.113448076559e+00
4.348000000000e-01,-8.397780445788e+00,-2.236536743424e+00,8.690501310071e+00,3.401875797548e+00,3.113448076559e+00
4.352000000000e-01,-8.420580792011e+00,-2.305396212383e+00,8.730465770556e+00,3.408825347722e+00,3.113448076559e+00
4.356000000000e-01,-8.443723623418e+00,-2.375527282430e+00,8.771522017200e+00,3.415840221710e+00,3.113448076559e+00
4.360000000000e-01,-8.467212351215e+00,-2.446957346024e+00,8.813698727199e+00,3.422920099383e+00,3.113448076559e+00
4.364000000000e-01,-8.491050319483e+00,-2.519714562943e+00,8.857025291072e+00,3.430064636092e+00,3.113448076559e+00
4.368000000000e-01,-8.515241087027e+00,-2.593827692256e+00,8.901532051693e+00,3.437273432560e+00,3.113448076559e+00
4.372000000000e-01,-8.539788196080e+00,-2.669326483633e+00,8.947250209429e+00,3.444546081342e+00,3.113448076559e+00
4.376000000000e-01,-8.564695159741e+00,-2.746241708715e+00,8.994211844402e+00,3.451882166815e+00,3.113448076559e+00
4.380000000000e-01,-8.589965709666e+00,-2.824604818340e+00,9.042450070253e+00,3.459281216767e+00,3.113448076559e+00
4.384000000000e-01,-8.615603496457e+00,-2.904448152499e+00,9.091998827470e+00,3.466742731664e+00,3.113448076559e+00
4.388000000000e-01,-8.641612283852e+00,-2.985805261411e+00,9.142893192173e+00,3.474266207875e+00,3.113448076559e+00
4.392000000000e-01,-8.667995817760e+00,-3.068710570082e+00,9.195169169713e+00,3.481851103122e+00,3.113448076559e+00
4.396000000000e-01,-8.694757953151e+00,-3.153199335763e+00,9.248863817515e+00,3.489496824428e+00,3.113448076559e+00
4.400000000000e-01,-8.721902592669e+00,-3.239308080229e+00,9.304015352236e+00,3.497202770838e+00,3.113448076559e+00
4.404000000000e-01,-8.749433509003e+00,-3.327074454694e+00,9.360662965599e+00,3.504968321899e+00,3.113448076559e+00
4.408000000000e-01,-8.777354741469e+00,-3.416536997477e+00,9.418847132888e+00,3.512792794778e+00,3.113448076559e+00
4.412000000000e-01,-8.805670212610e+00,-3.507735463751e+00,9.478609390459e+00,3.520675488057e+00,3.113448076559e+00
4.416000000000e-01,-8.834383830260e+00,-3.600710983144e+00,9.539992518052e+00,3.528615689124e+00,3.113448076559e+00
4.420000000000e-01,-8.863499644002e+00,-3.695505724325e+00,9.603040586072e+00,3.536612630869e+00,3.113448076559e+00
4.424000000000e-01,-8.893021595759e+00,-3.792163022544e+00,9.667798792496e+00,3.544665510444e+00,3.113448076559e+00
4.428000000000e-01,-8.922953715156e+00,-3.890727762723e+00,9.734313818983e+00,3.552773513993e+00,3.113448076559e+00
4.432000000000e-01,-8.953299931158e+00,-3.991246067943e+00,9.802633566146e+00,3.560935789899e+00,3.113448076559e+00
4.436000000000e-01,-8.984064241220e+00,-4.093765271048e+00,9.872807320353e+00,3.569151435618e+00,3.113448076559e+00
4.440000000000e-01,-9.015250645065e+00,-4.198334318183e+00,9.944885883739e+00,3.577419533756e+00,3.113448076559e+00
4.444000000000e-01,-9.046862933070e+00,-4.305003623187e+00,1.001892135539e+01,3.585739142776e+00,3.113448076559e+00
4.448000000000e-01,-9.078905088962e+00,-4.413824944447e+00,1.009496747170e+01,3.594109264687e+00,3.113448076559e+00
4.452000000000e-01,-9.111380931847e+00,-4.524851654828e+00,1.017307942481e+01,3.602528880537e+00,3.113448076559e+00
4.456000000000e-01,-9.144294136259e+00,-4.638138827543e+00,1.025331395374e+01,3.610996952601e+00,3.113448076559e+00
4.460000000000e-01,-9.177648493304e+00,-4.753743056652e+00,1.033572952990e+01,3.619512392623e+00,3.113448076559e+00
4.464000000000e-01,-9.211447543316e+00,-4.871722570599e+00,1.042038610840e+01,3.628074083873e+00,3.113448076559e+00
4.468000000000e-01,-9.245694791530e+00,-4.992137503767e+00,1.050734547993e+01,3.636680890390e+00,3.113448076559e+00
4.472000000000e-01,-9.280393650183e+00,-5.115049687072e+00,1.059667115672e+01,3.645331636909e+00,3.113448076559e+00
4.476000000000e-01,-9.315547297447e+00,-5.240522682175e+00,1.068842829575e+01,3.654025114201e+00,3.113448076559e+00
4.480000000000e-01,-9.351158905601e+00,-5.368622108013e+00,1.078268409147e+01,3.662760091170e+00,3.113448076559e+00
4.484000000000e-01,-9.387231351632e+00,-5.499415447632e+00,1.087950746655e+01,3.671535307433e+00,3.113448076559e+00
4.488000000000e-01,-9.423767333208e+00,-5.632972095417e+00,1.097896923113e+01,3.680349467816e+00,3.113448076559e+00
4.492000000000e-01,-9.460769453733e+00,-5.769363596642e+00,1.108114231327e+01,3.689201252864e+00,3.113448076559e+00
4.496000000000e-01,-9.498239904936e+00,-5.908663528258e+00,1.118610146485e+01,3.698089319676e+00,3.113448076559e+00
4.500000000000e-01,-9.536180705561e+00,-6.050947605682e+00,1.129392355985e+01,3.707012294783e+00,3.113448076559e+00
4.504000000000e-01,-9.574593632052e+00,-6.196293765993e+00,1.140468761753e+01,3.715968779223e+00,3.113448076559e+00
4.508000000000e-01,-9.613480001118e+00,-6.344782138907e+00,1.151847464390e+01,3.724957352379e+00,3.113448076559e+00
4.512000000000e-01,-9.652840879423e+00,-6.496495226964e+00,1.163536794766e+01,3.733976571002e+00,3.113448076559e+00
4.516000000000e-01,-9.692676929359e+00,-6.651517831426e+00,1.175545301206e+01,3.743024966748e+00,3.113448076559e+00
4.520000000000e-01,-9.732988334893e+00,-6.809937093896e+00,1.187881749797e+01,3.752101048834e+00,3.113448076559e+00
4.524000000000e-01,-9.773774871805e+00,-6.971842740805e+00,1.200555148451e+01,3.761203313555e+00,3.113448076559e+00
4.528000000000e-01,-9.815035752485e+00,-7.137326891996e+00,1.213574727760e+01,3.770330234246e+00,3.113448076559e+00
4.532000000000e-01,-9.856769681535e+00,-7.306484132350e+00,1.226949953874e+01,3.779480260011e+00,3.113448076559e+00
4.536000000000e-01,-9.898974739756e+00,-7.479411808265e+00,1.240690541174e+01,3.788651837055e+00,3.113448076559e+00
4.540000000000e-01,-9.941648281799e+00,-7.656209762180e+00,1.254806433206e+01,3.797843392182e+00,3.113448076559e+00
4.544000000000e-01,-9.984787085219e+00,-7.836980390356e+00,1.269307822303e+01,3.807053326306e+00,3.113448076559e+00
4.548000000000e-01,-1.002838705129e+01,-8.021828989324e+00,1.284205151774e+01,3.816280047247e+00,3.113448076559e+00
4.552000000000e-01,-1.007244317512e+01,-8.210863435747e+00,1.299509099147e+01,3.825521947591e+00,3.113448076559e+00
4.556000000000e-01,-1.011694975058e+01,-8.404194200619e+00,1.315230597338e+01,3.834777393244e+00,3.113448076559e+00
4.560000000000e-01,-1.016189990707e+01,-8.601934748617e+00,1.331380828842e+01,3.844044766761e+00,3.113448076559e+00
4.564000000000e-01,-1.020728566517e+01,-8.804201157208e+00,1.347971211365e+01,3.853322439106e+00,3.113448076559e+00
4.568000000000e-01,-1.025309815404e+01,-9.011112075237e+00,1.365013416010e+01,3.862608755214e+00,3.113448076559e+00
4.572000000000e-01,-1.029932700307e+01,-9.222789175393e+00,1.382519355705e+01,3.871902086688e+00,3.113448076559e+00
4.576000000000e-01,-1.034596050944e+01,-9.439356687336e+00,1.400501172915e+01,3.881200795467e+00,3.113448076559e+00
4.580000000000e-01,-1.039298580930e+01,-9.660941306755e+00,1.418971250466e+01,3.890503220238e+00,3.113448076559e+00
4.584000000000e-01,-1.044038814058e+01,-9.887672686145e+00,1.437942195203e+01,3.899807736665e+00,3.113448076559e+00
4.588000000000e-01,-1.048815117006e+01,-1.011968284926e+01,1.457426828131e+01,3.909112709944e+00,3.113448076559e+00
4.592000000000e-01,-1.053625703593e+01,-1.035710607640e+01,1.477438183495e+01,3.918416487991e+00,3.113448076559e+00
4.596000000000e-01,-1.058468550479e+01,-1.060007938381e+01,1.497989486539e+01,3.927717465425e+00,3.113448076559e+00
4.600000000000e-01,-1.063341451873e+01,-1.084874179698e+01,1.519094147526e+01,3.937014022485e+00,3.113448076559e+00
4.604000000000e-01,-1.068241999899e+01,-1.110323425822e+01,1.540765744777e+01,3.946304532746e+00,3.113448076559e+00
4.608000000000e-01,-1.073167495517e+01,-1.136369998896e+01,1.563017993443e+01,3.955587423433e+00,3.113448076559e+00
4.612000000000e-01,-1.078115028894e+01,-1.163028363224e+01,1.585864744923e+01,3.964861101276e+00,3.113448076559e+00
4.616000000000e-01,-1.083081422314e+01,-1.190313122502e+01,1.609319948600e+01,3.974123982822e+00,3.113448076559e+00
4.620000000000e-01,-1.088063151582e+01,-1.218239030757e+01,1.633397611695e+01,3.983374539163e+00,3.113448076559e+00
4.624000000000e-01,-1.093056444729e+01,-1.246820896520e+01,1.658111799415e+01,3.992611215363e+00,3.113448076559e+00
4.628000000000e-01,-1.098057175900e+01,-1.276073587229e+01,1.683476569950e+01,4.001832488265e+00,3.113448076559e+00
4.632000000000e-01,-1.103060824488e+01,-1.306012003521e+01,1.709505933263e+01,4.011036880953e+00,3.113448076559e+00
4.636000000000e-01,-1.108062567256e+01,-1.336650977434e+01,1.736213837184e+01,4.020222890336e+00,3.113448076559e+00
4.640000000000e-01,-1.113057122023e+01,-1.368005276017e+01,1.763614071189e+01,4.029389068931e+00,3.113448076559e+00
4.644000000000e-01,-1.118038773787e+01,-1.400089531478e+01,1.791720233699e+01,4.038533997044e+00,3.113448076559e+00
4.648000000000e-01,-1.123001424442e+01,-1.432918146719e+01,1.820545691405e+01,4.047656239963e+00,3.113448076559e+00
4.652000000000e-01,-1.127938403361e+01,-1.466505271038e+01,1.850103443529e+01,4.056754436057e+00,3.113448076559e+00
4.656000000000e-01,-1.132842572777e+01,-1.500864688946e+01,1.880406102208e+01,4.065827227493e+00,3.113448076559e+00
4.660000000000e-01,-1.137706291690e+01,-1.536009741621e+01,1.911465807307e+01,4.074873267662e+00,3.113448076559e+00
4.664000000000e-01,-1.142521259740e+01,-1.571953255731e+01,1.943294076346e+01,4.083891282469e+00,3.113448076559e+00
4.668000000000e-01,-1.147278654242e+01,-1.608707389328e+01,1.975901762476e+01,4.092879984440e+00,3.113448076559e+00
4.672000000000e-01,-1.151968986862e+01,-1.646283556427e+01,2.009298906299e+01,4.101838132934e+00,3.113448076559e+00
4.676000000000e-01,-1.156582070250e+01,-1.684692310993e+01,2.043494621461e+01,4.110764536562e+00,3.113448076559e+00
4.680000000000e-01,-1.161107104177e+01,-1.723943171344e+01,2.078496996724e+01,4.119657994261e+00,3.113448076559e+00
4.684000000000e-01,-1.165532450978e+01,-1.764044489413e+01,2.114312856441e+01,4.128517378711e+00,3.113448076559e+00
4.688000000000e-01,-1.169845754072e+01,-1.805003297740e+01,2.150947696522e+01,4.137341577453e+00,3.113448076559e+00
4.692000000000e-01,-1.174033896549e+01,-1.846825138888e+01,2.188405511754e+01,4.146129498318e+00,3.113448076559e+00
4.696000000000e-01,-1.178082838521e+01,-1.889513873643e+01,2.226688539762e+01,4.154880119115e+00,3.113448076559e+00
4.700000000000e-01,-1.181977765330e+01,-1.933071458241e+01,2.265797144583e+01,4.163592413369e+00,3.113448076559e+00
4.704000000000e-01,-1.185702907219e+01,-1.977497746295e+01,2.305729541986e+01,4.172265413309e+00,3.113448076559e+00
4.708000000000e-01,-1.189241580545e+01,-2.022790277617e+01,2.346481630893e+01,4.180898187577e+00,3.113448076559e+00
4.712000000000e-01,-1.192576233354e+01,-2.068944038351e+01,2.388046797320e+01,4.189489816402e+00,3.113448076559e+00
4.716000000000e-01,-1.195688231691e+01,-2.115951147382e+01,2.430415521163e+01,4.198039450588e+00,3.113448076559e+00
4.720000000000e-01,-1.198558046838e+01,-2.163800633526e+01,2.473575261294e+01,4.206546247555e+00,3.113448076559e+00
4.724000000000e-01,-1.201165117427e+01,-2.212478135192e+01,2.517510106837e+01,4.215009414019e+00,3.113448076559e+00
4.728000000000e-01,-1.203487871693e+01,-2.261965623385e+01,2.562200526635e+01,4.223428199148e+00,3.113448076559e+00
4.732000000000e-01,-1.205503820040e+01,-2.312241118337e+01,2.607623141763e+01,4.231801866951e+00,3.113448076559e+00
4.736000000000e-01,-1.207189369544e+01,-2.363278274381e+01,2.653750247499e+01,4.240129745238e+00,3.113448076559e+00
4.740000000000e-01,-1.208520041696e+01,-2.415046158097e+01,2.700549691622e+01,4.248411175454e+00,3.113448076559e+00
4.744000000000e-01,-1.209470373462e+01,-2.467508868119e+01,2.747984461115e+01,4.256645546455e+00,3.113448076559e+00
4.748000000000e-01,-1.210014002126e+01,-2.520625244952e+01,2.796012430378e+01,4.264832285238e+00,3.113448076559e+00
4.752000000000e-01,-1.210123777165e+01,-2.574348576018e+01,2.844586111706e+01,4.272970841963e+00,3.113448076559e+00
4.756000000000e-01,-1.209771679960e+01,-2.628626172477e+01,2.893652203059e+01,4.281060720779e+00,3.113448076559e+00
4.760000000000e-01,-1.208929070467e+01,-2.683399178155e+01,2.943151482126e+01,4.289101444310e+00,3.113448076559e+00
4.764000000000e-01,-1.207566647207e+01,-2.738602179640e+01,2.993018393825e+01,4.297092582342e+00,3.113448076559e+00
4.768000000000e-01,-1.205654663636e+01,-2.794163050872e+01,3.043180954660e+01,4.305033735443e+00,3.113448076559e+00
4.772000000000e-01,-1.203163044142e+01,-2.850002691998e+01,3.093560514227e+01,4.312924536285e+00,3.113448076559e+00
4.776000000000e-01,-1.200061484981e+01,-2.906034788943e+01,3.144071526267e+01,4.320764659390e+00,3.113448076559e+00
4.780000000000e-01,-1.196319735452e+01,-2.962165789221e+01,3.194621585143e+01,4.328553804340e+00,3.113448076559e+00
4.784000000000e-01,-1.191907656251e+01,-3.018294620183e+01,3.245111134500e+01,4.336291712753e+00,3.113448076559e+00
4.788000000000e-01,-1.186795569937e+01,-3.074312875390e+01,3.295433716616e+01,4.343978154250e+00,3.113448076559e+00
4.792000000000e-01,-1.180954414212e+01,-3.130104717484e+01,3.345475881076e+01,4.351612933538e+00,3.113448076559e+00
4.796000000000e-01,-1.174356043296e+01,-3.185547105285e+01,3.395117446631e+01,4.359195888280e+00,3.113448076559e+00
4.800000000000e-01,-1.166973507195e+01,-3.240510005972e+01,3.444231738037e+01,4.366726886427e+00,3.113448076559e+00
4.804000000000e-01,-1.158781306736e+01,-3.294856645735e+01,3.492685847995e+01,4.374205829172e+00,3.113448076559e+00
4.808000000000e-01,-1.149755760661e+01,-3.348444082456e+01,3.540341238144e+01,4.381632648301e+00,3.113448076559e+00
4.812000000000e-01,-1.139875258701e+01,-3.401123552017e+01,3.587054086780e+01,4.389007304895e+00,3.113448076559e+00
4.816000000000e-01,-1.129120646539e+01,-3.452741339598e+01,3.632676175028e+01,4.396329792963e+00,3.113448076559e+00
4.820000000000e-01,-1.117475520944e+01,-3.503139381093e+01,3.677055488197e+01,4.403600132038e+00,3.113448076559e+00
4.824000000000e-01,-1.104926575115e+01,-3.552156300325e+01,3.720037246901e+01,4.410818374216e+00,3.113448076559e+00
4.828000000000e-01,-1.091463917411e+01,-3.599628346427e+01,3.761464836392e+01,4.417984597179e+00,3.113448076559e+00
4.832000000000e-01,-1.077081369927e+01,-3.645390529560e+01,3.801180920510e+01,4.425098906580e+00,3.113448076559e+00
4.836000000000e-01,-1.061776762746e+01,-3.689277902623e+01,3.839028697039e+01,4.432161437255e+00,3.113448076559e+00
4.840000000000e-01,-1.045552193795e+01,-3.731126779998e+01,3.874853086037e+01,4.439172344881e+00,3.113448076559e+00
4.844000000000e-01,-1.028414240886e+01,-3.770776270841e+01,3.908502211282e+01,4.446131818624e+00,3.113448076559e+00
4.848000000000e-01,-1.010374180167e+01,-3.808069594657e+01,3.939828679232e+01,4.453040062335e+00,3.113448076559e+00
4.852000000000e-01,-9.914480816792e+00,-3.842855721808e+01,3.968691144105e+01,4.459897314676e+00,3.113448076559e+00
4.856000000000e-01,-9.716569505878e+00,-3.874990761637e+01,3.994955648365e+01,4.466703827017e+00,3.113448076559e+00
4.860000000000e-01,-9.510267024518e+00,-3.904339545244e+01,4.018497116253e+01,4.473459881738e+00,3.113448076559e+00
4.864000000000e-01,-9.295881798227e+00,-3.930777032847e+01,4.039200696428e+01,4.480165776726e+00,3.113448076559e+00
4.868000000000e-01,-9.073770283722e+00,-3.954189721596e+01,4.056963079200e+01,4.486821832925e+00,3.113448076559e+00
4.872000000000e-01,-8.844335446422e+00,-3.974476951805e+01,4.071693718260e+01,4.493428392451e+00,3.113448076559e+00
4.876000000000e-01,-8.608024748413e+00,-3.991552050596e+01,4.083315891933e+01,4.499985810786e+00,3.113448076559e+00
4.880000000000e-01,-8.365326772854e+00,-4.005343398633e+01,4.091767669497e+01,4.506494470411e+00,3.113448076559e+00
4.884000000000e-01,-8.116768557764e+00,-4.015795241656e+01,4.097002653296e+01,4.512954758646e+00,3.113448076559e+00
4.888000000000e-01,-7.862910602114e+00,-4.022868403740e+01,4.098990586129e+01,4.519367092828e+00,3.113448076559e+00
4.892000000000e-01,-7.604343514531e+00,-4.026540721220e+01,4.097717728506e+01,4.525731890744e+00,3.113448076559e+00
4.896000000000e-01,-7.341681963518e+00,-4.026807301104e+01,4.093187020008e+01,4.532049597879e+00,3.113448076559e+00
4.900000000000e-01,-7.075560459429e+00,-4.023680523179e+01,4.085418033783e+01,4.538320661422e+00,3.113448076559e+00
4.904000000000e-01,-6.806627119313e+00,-4.017189852088e+01,4.074446715216e+01,4.544545548618e+00,3.113448076559e+00
4.908000000000e-01,-6.535538565610e+00,-4.007381414999e+01,4.060324919105e+01,4.550724733964e+00,3.113448076559e+00
4.912000000000e-01,-6.262954188987e+00,-3.994317384298e+01,4.043119750668e+01,4.556858701445e+00,3.113448076559e+00
4.916000000000e-01,-5.989530378294e+00,-3.978075167002e+01,4.022912722872e+01,4.562947949276e+00,3.113448076559e+00
4.920000000000e-01,-5.715915717089e+00,-3.958746416103e+01,3.999798758920e+01,4.568992974849e+00,3.113448076559e+00
4.924000000000e-01,-5.442745033695e+00,-3.936435914237e+01,3.973885056455e+01,4.574994294849e+00,3.113448076559e+00
4.928000000000e-01,-5.170635634182e+00,-3.911260300848e+01,3.945289833410e+01,4.580952418652e+00,3.113448076559e+00
4.932000000000e-01,-4.900181874901e+00,-3.883346753470e+01,3.914141008160e+01,4.586867874608e+00,3.113448076559e+00
4.936000000000e-01,-4.631952170135e+00,-3.852831505819e+01,3.880574753989e+01,4.592741183976e+00,3.113448076559e+00
4.940000000000e-01,-4.366484839982e+00,-3.819858427283e+01,3.844734100437e+01,4.598572879980e+00,3.113448076559e+00
4.944000000000e-01,-4.104285654806e+00,-3.784577504751e+01,3.806767460304e+01,4.604363494821e+00,3.113448076559e+00
4.948000000000e-01,-3.845825392982e+00,-3.747143394827e+01,3.766827226052e+01,4.610113561947e+00,3.113448076559e+00
4.952000000000e-01,-3.591537814880e+00,-3.707713998805e+01,3.725068393424e+01,4.615823621497e+00,3.113448076559e+00
4.956000000000e-01,-3.341818895465e+00,-3.666449039827e+01,3.681647198870e+01,4.621494205283e+00,3.113448076559e+00
4.960000000000e-01,-3.097025402389e+00,-3.623508834337e+01,3.636719941918e+01,4.627125856020e+00,3.113448076559e+00
4.964000000000e-01,-2.857475333941e+00,-3.579052950257e+01,3.590441710095e+01,4.632719104775e+00,3.113448076559e+00
4.968000000000e-01,-2.623447475708e+00,-3.533239195180e+01,3.542965421357e+01,4.638274490089e+00,3.113448076559e+00
4.972000000000e-01,-2.395182420694e+00,-3.486222508695e+01,3.494440780499e+01,4.643792543551e+00,3.113448076559e+00
4.976000000000e-01,-2.172883360991e+00,-3.438154114540e+01,3.445013488556e+01,4.649273794854e+00,3.113448076559e+00
4.980000000000e-01,-1.956717243925e+00,-3.389180750459e+01,3.394824529046e+01,4.654718774643e+00,3.113448076559e+00
4.984000000000e-01,-1.746816625350e+00,-3.339443915494e+01,3.344009471870e+01,4.660128003038e+00,3.113448076559e+00
4.988000000000e-01,-1.543280935077e+00,-3.289079416231e+01,3.292698067956e+01,4.665502004918e+00,3.113448076559e+00
4.992000000000e-01,-1.346178846155e+00,-3.238216749476e+01,3.241013682700e+01,4.670841293335e+00,3.113448076559e+00
4.996000000000e-01,-1.155549977339e+00,-3.186978919571e+01,3.189073155525e+01,4.676146381551e+00,3.113448076559e+00
5.000000000000e-01,-9.714071529079e-01,-3.135482123235e+01,3.136986525902e+01,4.681417777277e+00,3.113448076559e+00
5.004000000000e-01,-7.937386294376e-01,-3.083835575831e+01,3.084856896013e+01,4.686655980003e+00,3.113448076559e+00
5.008000000000e-01,-6.225100117891e-01,-3.032141526391e+01,3.032780477254e+01,4.691861489613e+00,3.113448076559e+00
5.012000000000e-01,-4.576667219925e-01,-2.980495018130e+01,2.980846380037e+01,4.697034794133e+00,3.113448076559e+00
5.016000000000e-01,-2.991358368227e-01,-2.928984167691e+01,2.929136916750e+01,4.702176380386e+00,3.113448076559e+00
5.020000000000e-01,-1.468282944500e-01,-2.877690198719e+01,2.877727656552e+01,4.707286727877e+00,3.113448076559e+00
5.024000000000e-01,-6.408716117763e-04,-2.826687607865e+01,2.826687608592e+01,4.712366308208e+00,3.113448076559e+00
5.028000000000e-01,1.395421174446e-01,-2.776044436245e+01,2.776079507513e+01,4.717415590923e+00,3.113448076559e+00
5.032000000000e-01,2.738468017916e-01,-2.725822261043e+01,2.725959816195e+01,4.722435034859e+00,3.113448076559e+00
5.036000000000e-01,4.024082942045e-01,-2.676076696753e+01,2.676379235321e+01,4.727425095310e+00,3.113448076559e+00
5.040000000000e-01,5.253690733281e-01,-2.626857621797e+01,2.627382935893e+01,4.732386221089e+00,3.113448076559e+00
5.044000000000e-01,6.428774996680e-01,-2.578209419470e+01,2.579010803669e+01,4.737318852521e+00,3.113448076559e+00
5.048000000000e-01,7.550866430871e-01,-2.530171311823e+01,2.531297774968e+01,4.742223426516e+00,3.113448076559e+00
5.052000000000e-01,8.621529107535e-01,-2.482777552119e+01,2.484274028709e+01,4.747100371198e+00,3.113448076559e+00
5.056000000000e-01,9.642350832961e-01,-2.436057896536e+01,2.437965456735e+01,4.751950108888e+00,3.113448076559e+00
5.060000000000e-01,1.061493371966e+00,-2.390037908833e+01,2.392393965769e+01,4.756773056813e+00,3.113448076559e+00
5.064000000000e-01,1.154088380408e+00,-2.344739048378e+01,2.347577560995e+01,4.761569623872e+00,3.113448076559e+00
5.068000000000e-01,1.242180472058e+00,-2.300179135014e+01,2.303530806481e+01,4.766340213990e+00,3.113448076559e+00
5.072000000000e-01,1.325929060415e+00,-2.256372626771e+01,2.260265097190e+01,4.771085224800e+00,3.113448076559e+00
5.076000000000e-01,1.405491975607e+00,-2.213330842260e+01,2.217788875036e+01,4.775805047056e+00,3.113448076559e+00
5.080000000000e-01,1.481024982498e+00,-2.171062225935e+01,2.176107887690e+01,4.780500066224e+00,3.113448076559e+00
5.084000000000e-01,1.552681284959e+00,-2.129572563588e+01,2.135225396841e+01,4.785170661348e+00,3.113448076559e+00
5.088000000000e-01,1.620611216212e+00,-2.088865303077e+01,2.095142491941e+01,4.789817205510e+00,3.113448076559e+00
5.092000000000e-01,1.684961929837e+00,-2.048941760150e+01,2.055858288778e+01,4.794440066264e+00,3.113448076559e+00
5.096000000000e-01,1.745877017423e+00,-2.009801188301e+01,2.017369991374e+01,4.799039605236e+00,3.113448076559e+00
5.100000000000e-01,1.803496436234e+00,-1.971441146582e+01,1.979673252936e+01,4.803616178351e+00,3.113448076559e+00
5.104000000000e-01,1.857956347431e+00,-1.933857664401e+01,1.942762333393e+01,4.808170136083e+00,3.113448076559e+00
5.108000000000e-01,1.909388851874e+00,-1.897045256768e+01,1.906630106786e+01,4.812701823744e+00,3.113448076559e+00
5.112000000000e-01,1.957922032280e+00,-1.860997242029e+01,1.871268372437e+01,4.817211580826e+00,3.113448076559e+00
5.116000000000e-01,2.003679911171e+00,-1.825705878100e+01,1.836667984475e+01,4.821699741703e+00,3.113448076559e+00
5.120000000000e-01,2.046782302370e+00,-1.791162372991e+01,1.802818855113e+01,4.826166636366e+00,3.113448076559e+00
5.124000000000e-01,2.087344899271e+00,-1.757357128494e+01,1.769710192194e+01,4.830612588796e+00,3.113448076559e+00
5.128000000000e-01,2.125479318384e+00,-1.724279849566e+01,1.737330602663e+01,4.835037918279e+00,3.113448076559e+00
5.132000000000e-01,2.161293037220e+00,-1.691919554095e+01,1.705668095925e+01,4.839442940430e+00,3.113448076559e+00
5.136000000000e-01,2.194889511921e+00,-1.660264762478e+01,1.674710267844e+01,4.843827964767e+00,3.113448076559e+00
5.140000000000e-01,2.226368266158e+00,-1.629303575631e+01,1.644444373680e+01,4.848193296458e+00,3.113448076559e+00
5.144000000000e-01,2.255824889286e+00,-1.599023681538e+01,1.614857329126e+01,4.852539237678e+00,3.113448076559e+00
5.148000000000e-01,2.283351175866e+00,-1.569412508022e+01,1.585935858180e+01,4.856866084603e+00,3.113448076559e+00
5.152000000000e-01,2.309035227898e+00,-1.540457270847e+01,1.557666536889e+01,4.861174129193e+00,3.113448076559e+00
5.156000000000e-01,2.332961500998e+00,-1.512144979035e+01,1.530035794115e+01,4.865463661086e+00,3.113448076559e+00
5.160000000000e-01,2.355210949877e+00,-1.484462554454e+01,1.503030026899e+01,4.869734964303e+00,3.113448076559e+00
5.164000000000e-01,2.375861125901e+00,-1.457396859345e+01,1.476635624156e+01,4.873988318442e+00,3.113448076559e+00
5.168000000000e-01,2.394986271496e+00,-1.430934706010e+01,1.450838972895e+01,4.878224001436e+00,3.113448076559e+00
5.172000000000e-01,2.412657441913e+00,-1.405062934271e+01,1.425626531944e+01,4.882442286383e+00,3.113448076559e+00
5.176000000000e-01,2.428942604639e+00,-1.379768439019e+01,1.400984856121e+01,4.886643441349e+00,3.113448076559e+00
5.180000000000e-01,2.443906772147e+00,-1.355038181197e+01,1.376900604841e+01,4.890827733286e+00,3.113448076559e+00
5.184000000000e-01,2.457612074380e+00,-1.330859216072e+01,1.353360566917e+01,4.894995425560e+00,3.113448076559e+00
5.188000000000e-01,2.470117891867e+00,-1.307218747645e+01,1.330351712215e+01,4.899146775647e+00,3.113448076559e+00
5.192000000000e-01,2.481480975474e+00,-1.284104117809e+01,1.307861179059e+01,4.903282040120e+00,3.113448076559e+00
5.196000000000e-01,2.491755495483e+00,-1.261502805663e+01,1.285876270560e+01,4.907401473573e+00,3.113448076559e+00
5.200000000000e-01,2.500993215730e+00,-1.239402510679e+01,1.264384535705e+01,4.911505324122e+00,3.113448076559e+00
5.204000000000e-01,2.509243536047e+00,-1.217791100508e+01,1.243373715224e+01,4.915593838523e+00,3.113448076559e+00
5.208000000000e-01,2.516553611649e+00,-1.196656630751e+01,1.222831759778e+01,4.919667263024e+00,3.113448076559e+00
5.212000000000e-01,2.522968471652e+00,-1.175987398387e+01,1.202746881207e+01,4.923725838065e+00,3.113448076559e+00
5.216000000000e-01,2.528531029733e+00,-1.155771892344e+01,1.183107500955e+01,4.927769801133e+00,3.113448076559e+00
5.220000000000e-01,2.533282300036e+00,-1.135998840623e+01,1.163902297452e+01,4.931799390222e+00,3.113448076559e+00
5.224000000000e-01,2.537261359283e+00,-1.116657182094e+01,1.145120174644e+01,4.935814839681e+00,3.113448076559e+00
5.228000000000e-01,2.540505484954e+00,-1.097736102838e+01,1.126750297388e+01,4.939816378699e+00,3.113448076559e+00
5.232000000000e-01,2.543050272379e+00,-1.079225024571e+01,1.108782079824e+01,4.943804237013e+00,3.113448076559e+00
5.236000000000e-01,2.544929605529e+00,-1.061113569257e+01,1.091205147455e+01,4.947778643579e+00,3.113448076559e+00
5.240000000000e-01,2.546175868377e+00,-1.043391644302e+01,1.074009422178e+01,4.951739821153e+00,3.113448076559e+00
5.244000000000e-01,2.546819864600e+00,-1.026049353573e+01,1.057185031200e+01,4.955687991433e+00,3.113448076559e+00
5.248000000000e-01,2.546891036275e+00,-1.009077050253e+01,1.040722361081e+01,4.959623377354e+00,3.113448076559e+00
5.252000000000e-01,2.546417421005e+00,-9.924653155346e+00,1.024612033581e+01,4.963546197699e+00,3.113448076559e+00
5.256000000000e-01,2.545425724658e+00,-9.762049609995e+00,1.008844907346e+01,4.967456666970e+00,3.113448076559e+00
5.260000000000e-01,2.543941479616e+00,-9.602870402422e+00,9.934120908134e+00,4.971355001247e+00,3.113448076559e+00
5.264000000000e-01,2.541988941322e+00,-9.447027937494e+00,9.783048841215e+00,4.975241416246e+00,3.113448076559e+00
5.268000000000e-01,2.539591321874e+00,-9.294437352915e+00,9.635148664624e+00,4.979116121702e+00,3.113448076559e+00
5.272000000000e-01,2.536770648465e+00,-9.145015552466e+00,9.490337969628e+00,4.982979326612e+00,3.113448076559e+00
5.276000000000e-01,2.533548024912e+00,-8.998681854408e+00,9.348536821952e+00,4.986831242206e+00,3.113448076559e+00
5.280000000000e-01,2.529943495333e+00,-8.855357482002e+00,9.209667215683e+00,4.990672076528e+00,3.113448076559e+00
5.284000000000e-01,2.525976184979e+00,-8.714965916583e+00,9.073653432564e+00,4.994502032854e+00,3.113448076559e+00
5.288000000000e-01,2.521664343789e+00,-8.577432628327e+00,8.940421777312e+00,4.998321316306e+00,3.113448076559e+00
5.292000000000e-01,2.517025338377e+00,-8.442684896007e+00,8.809900385776e+00,5.002130133316e+00,3.113448076559e+00
5.296000000000e-01,2.512075775587e+00,-8.310652256386e+00,8.682019674527e+00,5.005928685122e+00,3.113448076559e+00
5.300000000000e-01,2.506831386581e+00,-8.181265845861e+00,8.556711660527e+00,5.009717170706e+00,3.113448076559e+00
5.304000000000e-01,2.501307298540e+00,-8.054458979787e+00,8.433910579251e+00,5.013495792270e+00,3.113448076559e+00
5.308000000000e-01,2.495517808935e+00,-7.930166372360e+00,8.313552058418e+00,5.017264751564e+00,3.113448076559e+00
5.312000000000e-01,2.489476650252e+00,-7.808324990711e+00,8.195573997757e+00,5.021024244667e+00,3.113448076559e+00
5.316000000000e-01,2.483196799280e+00,-7.688873132165e+00,8.079915617535e+00,5.024774467845e+00,3.113448076559e+00
5.320000000000e-01,2.476690752290e+00,-7.571751072191e+00,7.966518146700e+00,5.028515620970e+00,3.113448076559e+00
5.324000000000e-01,2.469970319342e+00,-7.456900451431e+00,7.855324163966e+00,5.032247901657e+00,3.113448076559e+00
5.328000000000e-01,2.463046815893e+00,-7.344264805728e+00,7.746278148501e+00,5.035971502556e+00,3.113448076559e+00
5.332000000000e-01,2.455930981318e+00,-7.233789018040e+00,7.639325921999e+00,5.039686618370e+00,3.113448076559e+00
5.336000000000e-01,2.448633109416e+00,-7.125419572793e+00,7.534414920408e+00,5.043393447178e+00,3.113448076559e+00
5.340000000000e-01,2.441162973417e+00,-7.019104390415e+00,7.431494002307e+00,5.047092183517e+00,3.113448076559e+00
5.344000000000e-01,2.433529881622e+00,-6.914792889406e+00,7.330513514627e+00,5.050783018008e+00,3.113448076559e+00
5.348000000000e-01,2.425742729907e+00,-6.812435869095e+00,7.231425188871e+00,5.054466144709e+00,3.113448076559e+00
5.352000000000e-01,2.417809989991e+00,-6.711985399581e+00,7.134182024023e+00,5.058141760628e+00,3.113448076559e+00
5.356000000000e-01,2.409739748845e+00,-6.613394998010e+00,7.038738456348e+00,5.061810058497e+00,3.113448076559e+00
5.360000000000e-01,2.401539660774e+00,-6.516619374441e+00,6.945050094392e+00,5.065471228063e+00,3.113448076559e+00
5.364000000000e-01,2.393217089590e+00,-6.421614586687e+00,6.853073904304e+00,5.069125463544e+00,3.113448076559e+00
5.368000000000e-01,2.384779007300e+00,-6.328337727699e+00,6.762767873399e+00,5.072772961809e+00,3.113448076559e+00
5.372000000000e-01,2.376232097719e+00,-6.236747270968e+00,6.674091361688e+00,5.076413915112e+00,3.113448076559e+00
5.376000000000e-01,2.367582654755e+00,-6.146802677205e+00,6.587004689508e+00,5.080048513342e+00,3.113448076559e+00
5.380000000000e-01,2.358836764161e+00,-6.058464661177e+00,6.501469443956e+00,5.083676951656e+00,3.113448076559e+00
5.384000000000e-01,2.350000164781e+00,-5.971694816794e+00,6.417448072201e+00,5.087299427864e+00,3.113448076559e+00
5.388000000000e-01,2.341078370448e+00,-5.886455998759e+00,6.334904274091e+00,5.090916135104e+00,3.113448076559e+00
5.392000000000e-01,2.332076555568e+00,-5.802711919219e+00,6.253802577510e+00,5.094527264364e+00,3.113448076559e+00
5.396000000000e-01,2.322999737041e+00,-5.720427411993e+00,6.174108644507e+00,5.098133012504e+00,3.113448076559e+00
5.400000000000e-01,2.313852639924e+00,-5.639568092784e+00,6.095788899924e+00,5.101733579470e+00,3.113448076559e+00
5.404000000000e-01,2.304639800401e+00,-5.560100685113e+00,6.018810865792e+00,5.105329160695e+00,3.113448076559e+00
5.408000000000e-01,2.295365471873e+00,-5.481992698658e+00,5.943142821572e+00,5.108919949250e+00,3.113448076559e+00
5.412000000000e-01,2.286033773608e+00,-5.405212605983e+00,5.868754018525e+00,5.112506144436e+00,3.113448076559e+00
5.416000000000e-01,2.276648598631e+00,-5.329729613020e+00,5.795614427268e+00,5.116087949588e+00,3.113448076559e+00
5.420000000000e-01,2.267213663066e+00,-5.255513854710e+00,5.723694931689e+00,5.119665563934e+00,3.113448076559e+00
5.424000000000e-01,2.257732464554e+00,-5.182536231423e+00,5.652967156415e+00,5.123239183751e+00,3.113448076559e+00
5.428000000000e-01,2.248208363808e+00,-5.110768426200e+00,5.583403509808e+00,5.126809011454e+00,3.113448076559e+00
5.432000000000e-01,2.238644572697e+00,-5.040182850014e+00,5.514977124562e+00,5.130375255022e+00,3.113448076559e+00
5.436000000000e-01,2.229044116853e+00,-4.970752643669e+00,5.447661839672e+00,5.133938119109e+00,3.113448076559e+00
5.440000000000e-01,2.219409875329e+00,-4.902451732481e+00,5.381432261398e+00,5.137497804561e+00,3.113448076559e+00
5.444000000000e-01,2.209744565090e+00,-4.835254634347e+00,5.316263577167e+00,5.141054517528e+00,3.113448076559e+00
5.448000000000e-01,2.200050838910e+00,-4.769136616569e+00,5.252131734952e+00,5.144608471827e+00,3.113448076559e+00
5.452000000000e-01,2.190331142487e+00,-4.704073476458e+00,5.189013180332e+00,5.148159879267e+00,3.113448076559e+00
5.456000000000e-01,2.180587845594e+00,-4.640041825515e+00,5.126885164979e+00,5.151708946972e+00,3.113448076559e+00
5.460000000000e-01,2.170823123236e+00,-4.577018700655e+00,5.065725339823e+00,5.155255885570e+00,3.113448076559e+00
5.464000000000e-01,2.161039159331e+00,-4.514981896199e+00,5.005512138749e+00,5.158800915681e+00,3.113448076559e+00
5.468000000000e-01,2.151237922769e+00,-4.453909583603e+00,4.946224335720e+00,5.162344258012e+00,3.113448076559e+00
5.472000000000e-01,2.141421350924e+00,-4.393780729234e+00,4.887841496896e+00,5.165886128062e+00,3.113448076559e+00
5.476000000000e-01,2.131591180273e+00,-4.334574643664e+00,4.830343497238e+00,5.169426742253e+00,3.113448076559e+00
5.480000000000e-01,2.121749178244e+00,-4.276271320611e+00,4.773710923680e+00,5.172966328454e+00,3.113448076559e+00
5.484000000000e-01,2.111896942333e+00,-4.218851096623e+00,4.717924678342e+00,5.176505117869e+00,3.113448076559e+00
5.488000000000e-01,2.102036022734e+00,-4.162294964423e+00,4.662966310379e+00,5.180043336887e+00,3.113448076559e+00
5.492000000000e-01,2.092167822271e+00,-4.106584314968e+00,4.608817736956e+00,5.183581210048e+00,3.113448076559e+00
5.496000000000e-01,2.082293721667e+00,-4.051701041024e+00,4.555461389270e+00,5.187118972259e+00,3.113448076559e+00
5.500000000000e-01,2.072415036045e+00,-3.997627457328e+00,4.502880119347e+00,5.190656866671e+00,3.113448076559e+00
5.504000000000e-01,2.062532971166e+00,-3.944346311794e+00,4.451057187288e+00,5.194195133308e+00,3.113448076559e+00
5.508000000000e-01,2.052648673643e+00,-3.891840870958e+00,4.399976357013e+00,5.197734007975e+00,3.113448076559e+00
5.512000000000e-01,2.042763181203e+00,-3.840094705100e+00,4.349621679941e+00,5.201273732789e+00,3.113448076559e+00
5.516000000000e-01,2.032877572843e+00,-3.789091890261e+00,4.299977741687e+00,5.204814563652e+00,3.113448076559e+00
5.520000000000e-01,2.022992774570e+00,-3.738816754701e+00,4.251029344900e+00,5.208356756744e+00,3.113448076559e+00
5.524000000000e-01,2.013109707221e+00,-3.689254189365e+00,4.202761849910e+00,5.211900562837e+00,3.113448076559e+00
5.528000000000e-01,2.003229148677e+00,-3.640389316851e+00,4.155160815221e+00,5.215446233700e+00,3.113448076559e+00
5.532000000000e-01,1.993351931488e+00,-3.592207712164e+00,4.108212283962e+00,5.218994037044e+00,3.113448076559e+00
5.536000000000e-01,1.983478793437e+00,-3.544695201429e+00,4.061902533918e+00,5.222544247166e+00,3.113448076559e+00
5.540000000000e-01,1.973610423634e+00,-3.497838025920e+00,4.016218241063e+00,5.226097133966e+00,3.113448076559e+00
5.544000000000e-01,1.963747435938e+00,-3.451622767929e+00,3.971146399245e+00,5.229652964074e+00,3.113448076559e+00
5.548000000000e-01,1.953890401589e+00,-3.406036280761e+00,3.926674273133e+00,5.233212015081e+00,3.113448076559e+00
5.552000000000e-01,1.944039924993e+00,-3.361065773860e+00,3.882789508354e+00,5.236774580608e+00,3.113448076559e+00
5.556000000000e-01,1.934196491846e+00,-3.316698671557e+00,3.839479931837e+00,5.240340953592e+00,3.113448076559e+00
5.560000000000e-01,1.924360585575e+00,-3.272922839252e+00,3.796733803549e+00,5.243911421397e+00,3.113448076559e+00
5.564000000000e-01,1.914532573523e+00,-3.229726313370e+00,3.754539523611e+00,5.247486273820e+00,3.113448076559e+00
5.568000000000e-01,1.904712898429e+00,-3.187097480885e+00,3.712885882721e+00,5.251065821815e+00,3.113448076559e+00
5.572000000000e-01,1.894901925233e+00,-3.145024913759e+00,3.671761840645e+00,5.254650384101e+00,3.113448076559e+00
5.576000000000e-01,1.885099980267e+00,-3.103497516090e+00,3.631156670811e+00,5.258240274739e+00,3.113448076559e+00
5.580000000000e-01,1.875307329346e+00,-3.062504466377e+00,3.591059897311e+00,5.261835804272e+00,3.113448076559e+00
5.584000000000e-01,1.865524206698e+00,-3.022035139811e+00,3.551461241803e+00,5.265437296493e+00,3.113448076559e+00
5.588000000000e-01,1.855750904208e+00,-2.982079190750e+00,3.512350739658e+00,5.269045097147e+00,3.113448076559e+00
5.592000000000e-01,1.845987608404e+00,-2.942626429673e+00,3.473718548615e+00,5.272659552397e+00,3.113448076559e+00
5.596000000000e-01,1.836234505910e+00,-2.903667026323e+00,3.435555174997e+00,5.276281002340e+00,3.113448076559e+00
5.600000000000e-01,1.826491685213e+00,-2.865191293845e+00,3.397851236661e+00,5.279909788375e+00,3.113448076559e+00
5.604000000000e-01,1.816759304116e+00,-2.827189791273e+00,3.360597638066e+00,5.283546277935e+00,3.113448076559e+00
5.608000000000e-01,1.807037491640e+00,-2.789653241746e+00,3.323785448157e+00,5.287190852783e+00,3.113448076559e+00
5.612000000000e-01,1.797326317965e+00,-2.752572594026e+00,3.287405934568e+00,5.290843890816e+00,3.113448076559e+00
5.616000000000e-01,1.787625823408e+00,-2.715939064456e+00,3.251450612627e+00,5.294505764883e+00,3.113448076559e+00
5.620000000000e-01,1.777935989099e+00,-2.679743990930e+00,3.215911105466e+00,5.298176858417e+00,3.113448076559e+00
5.624000000000e-01,1.768256893515e+00,-2.643978936568e+00,3.180779316218e+00,5.301857588012e+00,3.113448076559e+00
5.628000000000e-01,1.758588530421e+00,-2.608635575187e+00,3.146047231600e+00,5.305548375814e+00,3.113448076559e+00
5.632000000000e-01,1.748930877358e+00,-2.573705854724e+00,3.111707094252e+00,5.309249637813e+00,3.113448076559e+00
5.636000000000e-01,1.739283841908e+00,-2.539181886740e+00,3.077751279209e+00,5.312961787662e+00,3.113448076559e+00
5.640000000000e-01,1.729647351980e+00,-2.505055923753e+00,3.044172324843e+00,5.316685264195e+00,3.113448076559e+00
5.644000000000e-01,1.720021390487e+00,-2.471320379574e+00,3.010962969256e+00,5.320420537244e+00,3.113448076559e+00
5.648000000000e-01,1.710405854177e+00,-2.437967791518e+00,2.978116038452e+00,5.324168076391e+00,3.113448076559e+00
5.652000000000e-01,1.700800631020e+00,-2.404990960216e+00,2.945624603578e+00,5.327928344243e+00,3.113448076559e+00
5.656000000000e-01,1.691205527686e+00,-2.372382788383e+00,2.913481805588e+00,5.331701806130e+00,3.113448076559e+00
5.660000000000e-01,1.681620438181e+00,-2.340136323334e+00,2.881680986837e+00,5.335488968537e+00,3.113448076559e+00
5.664000000000e-01,1.672045251844e+00,-2.308244719344e+00,2.850215607387e+00,5.339290361485e+00,3.113448076559e+00
5.668000000000e-01,1.662479794948e+00,-2.276701290418e+00,2.819079252948e+00,5.343106511065e+00,3.113448076559e+00
5.672000000000e-01,1.652923866521e+00,-2.245499564516e+00,2.788265698020e+00,5.346937936982e+00,3.113448076559e+00
5.676000000000e-01,1.643377207125e+00,-2.214633149581e+00,2.757768777857e+00,5.350785170554e+00,3.113448076559e+00
5.680000000000e-01,1.633839677179e+00,-2.184095776985e+00,2.727582529231e+00,5.354648797565e+00,3.113448076559e+00
5.684000000000e-01,1.624311086094e+00,-2.153881258612e+00,2.697701054715e+00,5.358529418677e+00,3.113448076559e+00
5.688000000000e-01,1.614791201727e+00,-2.123983593154e+00,2.668118612273e+00,5.362427628273e+00,3.113448076559e+00
5.692000000000e-01,1.605279741105e+00,-2.094396941415e+00,2.638829588172e+00,5.366344015651e+00,3.113448076559e+00
5.696000000000e-01,1.595776407143e+00,-2.065115534968e+00,2.609828445389e+00,5.370279196117e+00,3.113448076559e+00
5.700000000000e-01,1.586281020563e+00,-2.036133696121e+00,2.581109820345e+00,5.374233847239e+00,3.113448076559e+00
5.704000000000e-01,1.576793327234e+00,-2.007445824565e+00,2.552668395105e+00,5.378208654657e+00,3.113448076559e+00
5.708000000000e-01,1.567313041667e+00,-1.979046517134e+00,2.524499017144e+00,5.382204295995e+00,3.113448076559e+00
5.712000000000e-01,1.557839809955e+00,-1.950930493343e+00,2.496596616063e+00,5.386221445880e+00,3.113448076559e+00
5.716000000000e-01,1.548373313685e+00,-1.923092530507e+00,2.468956216587e+00,5.390260824165e+00,3.113448076559e+00
5.720000000000e-01,1.538913332291e+00,-1.895527466794e+00,2.441572981025e+00,5.394323216526e+00,3.113448076559e+00
5.724000000000e-01,1.529459561200e+00,-1.868230226351e+00,2.414442115272e+00,5.398409411917e+00,3.113448076559e+00
5.728000000000e-01,1.520011664213e+00,-1.841195928217e+00,2.387558984700e+00,5.402520190005e+00,3.113448076559e+00
5.732000000000e-01,1.510569227932e+00,-1.814419788645e+00,2.360919007887e+00,5.406656330655e+00,3.113448076559e+00
5.736000000000e-01,1.501131920095e+00,-1.787897060153e+00,2.334517710199e+00,5.410818681974e+00,3.113448076559e+00
5.740000000000e-01,1.491699481852e+00,-1.761623034362e+00,2.308350722779e+00,5.415008159672e+00,3.113448076559e+00
5.744000000000e-01,1.482271567264e+00,-1.735593101527e+00,2.282413725245e+00,5.419225679266e+00,3.113448076559e+00
5.748000000000e-01,1.472847791593e+00,-1.709802838464e+00,2.256702542122e+00,5.423472146116e+00,3.113448076559e+00
5.752000000000e-01,1.463427691254e+00,-1.684247904317e+00,2.231213035710e+00,5.427748470297e+00,3.113448076559e+00
5.756000000000e-01,1.454010923178e+00,-1.658923965117e+00,2.205941179352e+00,5.432055656765e+00,3.113448076559e+00
5.760000000000e-01,1.444597195452e+00,-1.633826712025e+00,2.180883028049e+00,5.436394780112e+00,3.113448076559e+00
5.764000000000e-01,1.435186126627e+00,-1.608951947560e+00,2.156034690727e+00,5.440766912153e+00,3.113448076559e+00
5.768000000000e-01,1.425777285899e+00,-1.584295652661e+00,2.131392404984e+00,5.445173113856e+00,3.113448076559e+00
5.772000000000e-01,1.416370165570e+00,-1.559853881967e+00,2.106952438714e+00,5.449614456806e+00,3.113448076559e+00
5.776000000000e-01,1.406964412795e+00,-1.535622661764e+00,2.082711170133e+00,5.454092138373e+00,3.113448076559e+00
5.780000000000e-01,1.397559708649e+00,-1.511598034667e+00,2.058665042606e+00,5.458607429723e+00,3.113448076559e+00
5.784000000000e-01,1.388155640010e+00,-1.487776166366e+00,2.034810556809e+00,5.463161597264e+00,3.113448076559e+00
5.788000000000e-01,1.378751732544e+00,-1.464153396953e+00,2.011144328436e+00,5.467755895788e+00,3.113448076559e+00
5.792000000000e-01,1.369347437141e+00,-1.440726135372e+00,1.987662999794e+00,5.472391597763e+00,3.113448076559e+00
5.796000000000e-01,1.359942391289e+00,-1.417490722216e+00,1.964363320568e+00,5.477070138115e+00,3.113448076559e+00
5.800000000000e-01,1.350536255329e+00,-1.394443507541e+00,1.941242095331e+00,5.481793033826e+00,3.113448076559e+00
5.804000000000e-01,1.341128587346e+00,-1.371580975926e+00,1.918296187068e+00,5.486561795556e+00,3.113448076559e+00
5.808000000000e-01,1.331718871637e+00,-1.348899788264e+00,1.895522564322e+00,5.491377921303e+00,3.113448076559e+00
5.812000000000e-01,1.322306517280e+00,-1.326396672969e+00,1.872918220239e+00,5.496242934355e+00,3.113448076559e+00
5.816000000000e-01,1.312891151518e+00,-1.304068245253e+00,1.850480252262e+00,5.501158565153e+00,3.113448076559e+00
5.820000000000e-01,1.303472420409e+00,-1.281911121465e+00,1.828205807370e+00,5.506126641095e+00,3.113448076559e+00
5.824000000000e-01,1.294049855768e+00,-1.259922064983e+00,1.806092090411e+00,5.511148982039e+00,3.113448076559e+00
5.828000000000e-01,1.284622902251e+00,-1.238098024345e+00,1.784136407026e+00,5.516227393678e+00,3.113448076559e+00
5.832000000000e-01,1.275190923971e+00,-1.216436019040e+00,1.762336086277e+00,5.521363714222e+00,3.113448076559e+00
5.836000000000e-01,1.265753536246e+00,-1.194932904912e+00,1.740688559668e+00,5.526560044471e+00,3.113448076559e+00
5.840000000000e-01,1.256310377764e+00,-1.173585525225e+00,1.719191307067e+00,5.531818607559e+00,3.113448076559e+00
5.844000000000e-01,1.246860956623e+00,-1.152390885265e+00,1.697841864719e+00,5.537141618257e+00,3.113448076559e+00
5.848000000000e-01,1.237404679259e+00,-1.131346192219e+00,1.676637869935e+00,5.542531275040e+00,3.113448076559e+00
5.852000000000e-01,1.227940859444e+00,-1.110448734590e+00,1.655576982941e+00,5.547989814506e+00,3.113448076559e+00
5.856000000000e-01,1.218469096813e+00,-1.089695580783e+00,1.634656966664e+00,5.553519804709e+00,3.113448076559e+00
5.860000000000e-01,1.208989030490e+00,-1.069083762240e+00,1.613875635398e+00,5.559123978059e+00,3.113448076559e+00
5.864000000000e-01,1.199500147735e+00,-1.048610491197e+00,1.593230857931e+00,5.564805058417e+00,3.113448076559e+00
5.868000000000e-01,1.190001818196e+00,-1.028273207738e+00,1.572720609982e+00,5.570565750432e+00,3.113448076559e+00
5.872000000000e-01,1.180493298444e+00,-1.008069453317e+00,1.552342890724e+00,5.576408799451e+00,3.113448076559e+00
5.876000000000e-01,1.170974165087e+00,-9.879964879737e-01,1.532095804951e+00,5.582337366342e+00,3.113448076559e+00
5.880000000000e-01,1.161444066860e+00,-9.680514919940e-01,1.511977516895e+00,5.588354844950e+00,3.113448076559e+00
5.884000000000e-01,1.151902473622e+00,-9.482318500312e-01,1.491986243284e+00,5.594464621686e+00,3.113448076559e+00
5.888000000000e-01,1.142348720134e+00,-9.285352115721e-01,1.472120320327e+00,5.600670059917e+00,3.113448076559e+00
5.892000000000e-01,1.132781998534e+00,-9.089593602545e-01,1.452378110134e+00,5.606974561890e+00,3.113448076559e+00
5.896000000000e-01,1.123201849535e+00,-8.895017363880e-01,1.432758086293e+00,5.613382044061e+00,3.113448076559e+00
5.900000000000e-01,1.113607942247e+00,-8.701596279995e-01,1.413258796978e+00,5.619896766690e+00,3.113448076559e+00
5.904000000000e-01,1.103999733390e+00,-8.509305562871e-01,1.393878840842e+00,5.626522986615e+00,3.113448076559e+00
5.908000000000e-01,1.094376525720e+00,-8.318123575449e-01,1.374616956905e+00,5.633264932887e+00,3.113448076559e+00
5.912000000000e-01,1.084737441027e+00,-8.128030509190e-01,1.355471916179e+00,5.640126866282e+00,3.113448076559e+00
5.916000000000e-01,1.075081963582e+00,-7.939002587864e-01,1.336442609812e+00,5.647113670022e+00,3.113448076559e+00
5.920000000000e-01,1.065409794824e+00,-7.751013334675e-01,1.317528029322e+00,5.654230747375e+00,3.113448076559e+00
5.924000000000e-01,1.055720383696e+00,-7.564038934582e-01,1.298727214849e+00,5.661483508804e+00,3.113448076559e+00
5.928000000000e-01,1.046013005236e+00,-7.378059381022e-01,1.280039378074e+00,5.668877331714e+00,3.113448076559e+00
5.932000000000e-01,1.036286708760e+00,-7.193057174650e-01,1.261463775909e+00,5.676417612709e+00,3.113448076559e+00
5.936000000000e-01,1.026540892229e+00,-7.009010553126e-01,1.242999795960e+00,5.684110476371e+00,3.113448076559e+00
5.940000000000e-01,1.016775300694e+00,-6.825893236161e-01,1.224646968239e+00,5.691962840496e+00,3.113448076559e+00
5.944000000000e-01,1.006989382201e+00,-6.643681934755e-01,1.206404870832e+00,5.699981655738e+00,3.113448076559e+00
5.948000000000e-01,9.971823896063e-01,-6.462357991168e-01,1.188273296090e+00,5.708173835035e+00,3.113448076559e+00
5.952000000000e-01,9.873533049027e-01,-6.281906158290e-01,1.170252108957e+00,5.716546294158e+00,3.113448076559e+00
5.956000000000e-01,9.775014009559e-01,-6.102307090718e-01,1.152341315394e+00,5.725106757717e+00,3.113448076559e+00
5.960000000000e-01,9.676264726008e-01,-5.923534300839e-01,1.134541130418e+00,5.733864149726e+00,3.113448076559e+00
5.964000000000e-01,9.577279753835e-01,-5.745564503584e-01,1.116851820736e+00,5.742827486160e+00,3.113448076559e+00
5.968000000000e-01,9.478051457977e-01,-5.568380022825e-01,1.099273921817e+00,5.752005743461e+00,3.113448076559e+00
5.972000000000e-01,9.378569152064e-01,-5.391967743759e-01,1.081808095227e+00,5.761407884604e+00,3.113448076559e+00
5.976000000000e-01,9.278823890799e-01,-5.216311332722e-01,1.064455150377e+00,5.771043706202e+00,3.113448076559e+00
5.980000000000e-01,9.178814044141e-01,-5.041383873261e-01,1.047216207927e+00,5.780924768421e+00,3.113448076559e+00
5.984000000000e-01,9.078534333063e-01,-4.867161486948e-01,1.030092454960e+00,5.791062852965e+00,3.113448076559e+00
5.988000000000e-01,8.977976989567e-01,-4.693626978783e-01,1.013085411213e+00,5.801469706929e+00,3.113448076559e+00
5.992000000000e-01,8.877131147072e-01,-4.520769103476e-01,9.961968213624e-01,5.812157054280e+00,3.113448076559e+00
5.996000000000e-01,8.775985878431e-01,-4.348575159385e-01,9.794285785867e-01,5.823137389979e+00,3.113448076559e+00
6.000000000000e-01,8.674539618401e-01,-4.177018046542e-01,9.627830355399e-01,5.834425666058e+00,3.113448076559e+00
6.004000000000e-01,8.572787324695e-01,-4.006072694620e-01,9.462626535430e-01,5.846037321919e+00,3.113448076559e+00
6.008000000000e-01,8.470721029903e-01,-3.835721729351e-01,9.298702917690e-01,5.857987779920e+00,3.113448076559e+00
6.012000000000e-01,8.368330197049e-01,-3.665955244884e-01,9.136092060850e-01,5.870292445430e+00,3.113448076559e+00
6.016000000000e-01,8.265602012989e-01,-3.496764344652e-01,8.974827993848e-01,5.882967340995e+00,3.113448076559e+00
6.020000000000e-01,8.162534168915e-01,-3.328122906876e-01,8.814951284152e-01,5.896031600171e+00,3.113448076559e+00
6.024000000000e-01,8.059121849886e-01,-3.160004346043e-01,8.656504632837e-01,5.909505333761e+00,3.113448076559e+00
6.028000000000e-01,7.955356605597e-01,-2.992390377887e-01,8.499535216462e-01,5.923408672195e+00,3.113448076559e+00
6.032000000000e-01,7.851228927896e-01,-2.825271366221e-01,8.344096953597e-01,5.937761774939e+00,3.113448076559e+00
6.036000000000e-01,7.746724861089e-01,-2.658641215254e-01,8.190245367805e-01,5.952585205250e+00,3.113448076559e+00
6.040000000000e-01,7.641840174443e-01,-2.492477032436e-01,8.038044725488e-01,5.967902877740e+00,3.113448076559e+00
6.044000000000e-01,7.536570037581e-01,-2.326751498132e-01,7.887563658407e-01,5.983740374390e+00,3.113448076559e+00
6.048000000000e-01,7.430904896321e-01,-2.161445044537e-01,7.738875387208e-01,6.000123362328e+00,3.113448076559e+00
6.052000000000e-01,7.324837008331e-01,-1.996546303258e-01,7.592063905136e-01,6.017077681296e+00,3.113448076559e+00
6.056000000000e-01,7.218352681924e-01,-1.832048775082e-01,7.447215463172e-01,6.034629366538e+00,3.113448076559e+00
6.060000000000e-01,7.111444731837e-01,-1.667935213749e-01,7.304427017312e-01,6.052807056016e+00,3.113448076559e+00
6.064000000000e-01,7.004107712199e-01,-1.504181196136e-01,7.163803871889e-01,6.071641417430e+00,3.113448076559e+00
6.068000000000e-01,6.896330153535e-01,-1.340766970297e-01,7.025455547877e-01,6.091163294439e+00,3.113448076559e+00
6.072000000000e-01,6.788106221858e-01,-1.177676519880e-01,6.889507098821e-01,6.111404005800e+00,3.113448076559e+00
6.076000000000e-01,6.679424104839e-01,-1.014896283156e-01,6.756087687254e-01,6.132394993544e+00,3.113448076559e+00
6.080000000000e-01,6.570273390238e-01,-8.524140671676e-02,6.625337890582e-01,6.154167966812e+00,3.113448076559e+00
6.084000000000e-01,6.460647513161e-01,-6.902170451337e-02,6.497412243248e-01,6.176754961338e+00,3.113448076559e+00
6.088000000000e-01,6.350533109398e-01,-5.282897452811e-02,6.372468974309e-01,6.200188158318e+00,3.113448076559e+00
6.092000000000e-01,6.239924795965e-01,-3.666093173394e-02,6.250685070523e-01,6.224500566973e+00,3.113448076559e+00
6.096000000000e-01,6.128812808760e-01,-2.051454378027e-02,6.132245192054e-01,6.249725503291e+00,3.113448076559e+00
6.100000000000e-01,6.017183547853e-01,-4.388129581731e-03,6.017343551491e-01,6.275892772794e+00,3.113448076559e+00
6.104000000000e-01,5.905030577439e-01,1.171713167691e-02,5.906192956377e-01,6.303025330176e+00,3.113448076559e+00
6.108000000000e-01,5.792341661610e-01,2.780144082854e-02,5.799009737536e-01,6.331145395117e+00,3.113448076559e+00
6.112000000000e-01,5.679109341349e-01,4.386750224394e-02,5.696026570015e-01,6.360275858404e+00,3.113448076559e+00
6.116000000000e-01,5.565322132464e-01,5.992066251014e-02,5.597486848369e-01,6.390440048803e+00,3.113448076559e+00
6.120000000000e-01,5.450960359861e-01,7.596515892765e-02,5.503638740131e-01,6.421654531841e+00,3.113448076559e+00
6.124000000000e-01,5.336021333918e-01,9.199682869050e-02,5.414745176362e-01,6.453914077582e+00,3.113448076559e+00
6.128000000000e-01,5.220501808486e-01,1.080135216472e-01,5.331072239078e-01,6.487209053516e+00,3.113448076559e+00
6.132000000000e-01,5.104392983475e-01,1.240174158358e-01,5.252890601641e-01,6.521529196729e+00,3.113448076559e+00
6.136000000000e-01,4.987675318584e-01,1.400151235507e-01,5.180475708456e-01,6.556863589228e+00,3.113448076559e+00
6.140000000000e-01,4.870316518808e-01,1.560146369743e-01,5.114102041258e-01,6.593194623686e+00,3.113448076559e+00
6.144000000000e-01,4.752315823062e-01,1.720113595988e-01,5.054037639870e-01,6.630468485726e+00,3.113448076559e+00
6.148000000000e-01,4.633685148460e-01,1.880011733780e-01,5.000548187370e-01,6.668619086427e+00,3.113448076559e+00
6.152000000000e-01,4.514421630416e-01,2.039851057705e-01,4.953886857286e-01,6.707578403345e+00,3.113448076559e+00
6.156000000000e-01,4.394498709098e-01,2.199679722153e-01,4.914286294501e-01,6.747275256494e+00,3.113448076559e+00
6.160000000000e-01,4.273877488107e-01,2.359583501952e-01,4.881973277890e-01,6.787635022166e+00,3.113448076559e+00
6.164000000000e-01,4.152543486132e-01,2.519556579159e-01,4.857137300900e-01,6.828553410162e+00,3.113448076559e+00
6.168000000000e-01,4.030507574971e-01,2.679570687023e-01,4.839947352880e-01,6.869909846087e+00,3.113448076559e+00
6.172000000000e-01,3.907774762590e-01,2.839634717524e-01,4.830551616959e-01,6.911582580367e+00,3.113448076559e+00
6.176000000000e-01,3.784323916408e-01,2.999760021815e-01,4.829044180040e-01,6.953447217200e+00,3.113448076559e+00
6.180000000000e-01,3.660141717991e-01,3.159983641683e-01,4.835507627073e-01,6.995378903678e+00,3.113448076559e+00
6.184000000000e-01,3.535199293864e-01,3.320336978353e-01,4.849976463567e-01,7.037252295832e+00,3.113448076559e+00
6.188000000000e-01,3.409466691626e-01,3.480840138291e-01,4.872444067370e-01,7.078941629629e+00,3.113448076559e+00
6.192000000000e-01,3.282937654196e-01,3.641515937052e-01,4.902888736362e-01,7.120321599732e+00,3.113448076559e+00
6.196000000000e-01,3.155603033986e-01,3.802357781411e-01,4.941230130844e-01,7.161268914069e+00,3.113448076559e+00
6.200000000000e-01,3.027493773443e-01,3.963351659374e-01,4.987371544621e-01,7.201661331963e+00,3.113448076559e+00
6.204000000000e-01,2.898603546156e-01,4.124520220824e-01,5.041187317465e-01,7.241396678927e+00,3.113448076559e+00
6.208000000000e-01,2.768853315378e-01,4.285919020459e-01,5.102514138345e-01,7.280398873948e+00,3.113448076559e+00
6.212000000000e-01,2.638204860274e-01,4.447583450556e-01,5.171182015210e-01,7.318594041822e+00,3.113448076559e+00
6.216000000000e-01,2.506651214609e-01,4.609514976099e-01,5.246992341007e-01,7.355911465593e+00,3.113448076559e+00
6.220000000000e-01,2.374239550013e-01,4.771693157529e-01,5.329734424008e-01,7.392281898519e+00,3.113448076559e+00
6.224000000000e-01,2.240999711812e-01,4.934121515718e-01,5.419191345599e-01,7.427653631496e+00,3.113448076559e+00
6.228000000000e-01,2.106847385768e-01,5.096851803218e-01,5.515134106337e-01,7.462009200939e+00,3.113448076559e+00
6.232000000000e-01,1.971723745109e-01,5.259917131736e-01,5.617332352617e-01,7.495335174463e+00,3.113448076559e+00
6.236000000000e-01,1.835612661994e-01,5.423331095800e-01,5.725556219228e-01,7.527618900439e+00,3.113448076559e+00
6.240000000000e-01,1.698542875045e-01,5.587092421800e-01,5.839576151409e-01,7.558848225606e+00,3.113448076559e+00
6.244000000000e-01,1.560547654917e-01,5.751204221832e-01,5.959165963831e-01,7.589018694478e+00,3.113448076559e+00
6.248000000000e-01,1.421572641008e-01,5.915700880920e-01,6.084109276318e-01,7.618148261911e+00,3.113448076559e+00
6.252000000000e-01,1.281565938757e-01,6.080606225215e-01,6.214192089202e-01,7.646258916263e+00,3.113448076559e+00
6.256000000000e-01,1.140503794610e-01,6.245938183514e-01,6.349211974552e-01,7.673372138411e+00,3.113448076559e+00
6.260000000000e-01,9.983880244337e-02,6.411711375818e-01,6.488976915827e-01,7.699508952641e+00,3.113448076559e+00
6.264000000000e-01,8.552279780323e-02,6.577936259509e-01,6.633299354663e-01,7.724692238743e+00,3.113448076559e+00
6.268000000000e-01,7.109970945558e-02,6.744637287401e-01,6.782009216085e-01,7.748952883822e+00,3.113448076559e+00
6.272000000000e-01,5.656624562714e-02,6.911833223392e-01,6.934941421700e-01,7.772323902588e+00,3.113448076559e+00
6.276000000000e-01,4.191998122456e-02,7.079542023532e-01,7.091942170205e-01,7.794837848738e+00,3.113448076559e+00
6.280000000000e-01,2.715922785596e-02,7.247784793332e-01,7.252871622759e-01,7.816526705140e+00,3.113448076559e+00
6.284000000000e-01,1.228241307624e-02,7.416576500757e-01,7.417593461405e-01,7.837422389414e+00,3.113448076559e+00
6.288000000000e-01,-2.711988102654e-03,7.585938988860e-01,7.585987465759e-01,7.857556638404e+00,3.113448076559e+00
6.292000000000e-01,-1.782577638654e-02,7.755891339168e-01,7.757939565075e-01,7.876961118631e+00,3.113448076559e+00
6.296000000000e-01,-3.306110818277e-02,7.926451772551e-01,7.933343645022e-01,7.895667317377e+00,3.113448076559e+00
6.300000000000e-01,-4.842059092057e-02,8.097642814493e-01,8.112106663107e-01,7.913706427261e+00,3.113448076559e+00
6.304000000000e-01,-6.390731027265e-02,8.269480932297e-01,8.294138250611e-01,7.931109254617e+00,3.113448076559e+00
6.308000000000e-01,-7.952279922144e-02,8.441987974261e-01,8.479360147863e-01,7.947903621650e+00,3.113448076559e+00
6.312000000000e-01,-9.526818770073e-02,8.615185591258e-01,8.667700129250e-01,7.964115870905e+00,3.113448076559e+00
6.316000000000e-01,-1.111454482527e-01,8.789093414418e-01,8.859091043335e-01,7.979772309604e+00,3.113448076559e+00
6.320000000000e-01,-1.271575574473e-01,8.963734111693e-01,9.053476330489e-01,7.994899192966e+00,3.113448076559e+00
6.324000000000e-01,-1.433082684574e-01,9.139124861023e-01,9.250801543985e-01,8.009522475074e+00,3.113448076559e+00
6.328000000000e-01,-1.595995274627e-01,9.315288069386e-01,9.451020724360e-01,8.023664875899e+00,3.113448076559e+00
6.332000000000e-01,-1.760324079139e-01,9.492248100852e-01,9.654093166721e-01,8.037347115843e+00,3.113448076559e+00
6.336000000000e-01,-1.926089006162e-01,9.670026581522e-01,9.859981386747e-01,8.050589912262e+00,3.113448076559e+00
6.340000000000e-01,-2.093321434458e-01,9.848646555444e-01,1.006865599780e+00,8.063414051020e+00,3.113448076559e+00
6.344000000000e-01,-2.262061188570e-01,1.002812623523e+00,1.028008932892e+00,8.075840134034e+00,3.113448076559e+00
6.348000000000e-01,-2.432332226622e-01,1.020848887164e+00,1.049425962625e+00,8.087886077368e+00,3.113448076559e+00
6.352000000000e-01,-2.604148041190e-01,1.038976108751e+00,1.071114944700e+00,8.099567840906e+00,3.113448076559e+00
6.356000000000e-01,-2.777530414245e-01,1.057196661994e+00,1.093074349782e+00,8.110901375967e+00,3.113448076559e+00
6.360000000000e-01,-2.952512041410e-01,1.075512943485e+00,1.115303261517e+00,8.121902740569e+00,3.113448076559e+00
6.364000000000e-01,-3.129133520675e-01,1.093926931373e+00,1.137800903975e+00,8.132587885398e+00,3.113448076559e+00
6.368000000000e-01,-3.307422673248e-01,1.112441076349e+00,1.160566928593e+00,8.142970706286e+00,3.113448076559e+00
6.372000000000e-01,-3.487397219852e-01,1.131058230720e+00,1.183601332785e+00,8.153063435768e+00,3.113448076559e+00
6.376000000000e-01,-3.669081922864e-01,1.149780976820e+00,1.206904269701e+00,8.162878291547e+00,3.113448076559e+00
6.380000000000e-01,-3.852511200894e-01,1.168611853047e+00,1.230476366539e+00,8.172427598411e+00,3.113448076559e+00
6.384000000000e-01,-4.037726344684e-01,1.187553039675e+00,1.254318365642e+00,8.181723613623e+00,3.113448076559e+00
6.388000000000e-01,-4.224758490412e-01,1.206607161883e+00,1.278431338059e+00,8.190777048084e+00,3.113448076559e+00
6.392000000000e-01,-4.413630146592e-01,1.225777250758e+00,1.302816632986e+00,8.199597304332e+00,3.113448076559e+00
6.396000000000e-01,-4.604369750044e-01,1.245066098922e+00,1.327475724311e+00,8.208193772306e+00,3.113448076559e+00
6.400000000000e-01,-4.797014054982e-01,1.264476427436e+00,1.352410468008e+00,8.216575936347e+00,3.113448076559e+00
6.404000000000e-01,-4.991605550913e-01,1.284010654420e+00,1.377622815005e+00,8.224753229804e+00,3.113448076559e+00
6.408000000000e-01,-5.188178480654e-01,1.303671628824e+00,1.403114990039e+00,8.232733906464e+00,3.113448076559e+00
6.412000000000e-01,-5.386760361574e-01,1.323462569642e+00,1.428889444699e+00,8.240525243063e+00,3.113448076559e+00
6.416000000000e-01,-5.587383792167e-01,1.343386491506e+00,1.454948742042e+00,8.248134512435e+00,3.113448076559e+00
6.420000000000e-01,-5.790088505595e-01,1.363446334169e+00,1.481295768976e+00,8.255569066539e+00,3.113448076559e+00
6.424000000000e-01,-5.994918884005e-01,1.383644785284e+00,1.507933491936e+00,8.262836209155e+00,3.113448076559e+00
6.428000000000e-01,-6.201912385611e-01,1.403984964932e+00,1.534865125717e+00,8.269942320463e+00,3.113448076559e+00
6.432000000000e-01,-6.411101703701e-01,1.424470302388e+00,1.562094073012e+00,8.276893082599e+00,3.113448076559e+00
6.436000000000e-01,-6.622524022696e-01,1.445104056745e+00,1.589623848315e+00,8.283694184568e+00,3.113448076559e+00
6.440000000000e-01,-6.836222689027e-01,1.465889421565e+00,1.617458253803e+00,8.290351380058e+00,3.113448076559e+00
6.444000000000e-01,-7.052244703230e-01,1.486829387126e+00,1.645601160660e+00,8.296870368740e+00,3.113448076559e+00
6.448000000000e-01,-7.270631095434e-01,1.507927390505e+00,1.674056683716e+00,8.303256107345e+00,3.113448076559e+00
6.452000000000e-01,-7.491419969563e-01,1.529187101786e+00,1.702829094147e+00,8.309513078081e+00,3.113448076559e+00
6.456000000000e-01,-7.714653544196e-01,1.550612057069e+00,1.731922788290e+00,8.315645779488e+00,3.113448076559e+00
6.460000000000e-01,-7.940379411859e-01,1.572205740411e+00,1.761342426169e+00,8.321658761795e+00,3.113448076559e+00
6.464000000000e-01,-8.168647903364e-01,1.593971483691e+00,1.791092732527e+00,8.327556508731e+00,3.113448076559e+00
6.468000000000e-01,-8.399504177738e-01,1.615913086010e+00,1.821178685867e+00,8.333342895590e+00,3.113448076559e+00
6.472000000000e-01,-8.632992094349e-01,1.638034494634e+00,1.851605392793e+00,8.339021496522e+00,3.113448076559e+00
6.476000000000e-01,-8.869159429145e-01,1.660339564856e+00,1.882378113032e+00,8.344595908518e+00,3.113448076559e+00
6.480000000000e-01,-9.108058671304e-01,1.682832110664e+00,1.913502349171e+00,8.350069768453e+00,3.113448076559e+00
6.484000000000e-01,-9.349744180629e-01,1.705515854725e+00,1.944983674263e+00,8.355446627698e+00,3.113448076559e+00
6.488000000000e-01,-9.594265984902e-01,1.728395001652e+00,1.976827933743e+00,8.360729539883e+00,3.113448076559e+00
6.492000000000e-01,-9.841674164703e-01,1.751473818452e+00,2.009041074833e+00,8.365921386796e+00,3.113448076559e+00
6.496000000000e-01,-1.009202268086e+00,1.774756531184e+00,2.041629242269e+00,8.371025076484e+00,3.113448076559e+00
6.500000000000e-01,-1.034536960679e+00,1.798247326416e+00,2.074598797351e+00,8.376043545980e+00,3.113448076559e+00
6.504000000000e-01,-1.060177403971e+00,1.821950382248e+00,2.107956195765e+00,8.380979620167e+00,3.113448076559e+00
6.508000000000e-01,-1.086129179910e+00,1.845870347476e+00,2.141708181603e+00,8.385835730642e+00,3.113448076559e+00
6.512000000000e-01,-1.112397978127e+00,1.870011860841e+00,2.175861581404e+00,8.390614226132e+00,3.113448076559e+00
6.516000000000e-01,-1.138989887529e+00,1.894379579290e+00,2.210423478505e+00,8.395317482901e+00,3.113448076559e+00
6.520000000000e-01,-1.165911346711e+00,1.918978110248e+00,2.245401134764e+00,8.399947895135e+00,3.113448076559e+00
6.524000000000e-01,-1.193168819444e+00,1.943812168534e+00,2.280801959450e+00,8.404507712817e+00,3.113448076559e+00
6.528000000000e-01,-1.220768573027e+00,1.968886879898e+00,2.316633647067e+00,8.408998899312e+00,3.113448076559e+00
6.532000000000e-01,-1.248717055147e+00,1.994207321402e+00,2.352903976908e+00,8.413423388581e+00,3.113448076559e+00
6.536000000000e-01,-1.277021132149e+00,2.019778646551e+00,2.389621047994e+00,8.417783141778e+00,3.113448076559e+00
6.540000000000e-01,-1.305687950496e+00,2.045605945591e+00,2.426793091450e+00,8.422080123978e+00,3.113448076559e+00
6.544000000000e-01,-1.334724631949e+00,2.071694557982e+00,2.464428571637e+00,8.426316128806e+00,3.113448076559e+00
6.548000000000e-01,-1.364138239306e+00,2.098050120896e+00,2.502536202681e+00,8.430492766144e+00,3.113448076559e+00
6.552000000000e-01,-1.393936081311e+00,2.124678237132e+00,2.541124831669e+00,8.434611644961e+00,3.113448076559e+00
6.556000000000e-01,-1.424125891079e+00,2.151584620332e+00,2.580203660971e+00,8.438674398082e+00,3.113448076559e+00
6.560000000000e-01,-1.454715608717e+00,2.178774931771e+00,2.619781995808e+00,8.442682642343e+00,3.113448076559e+00
6.564000000000e-01,-1.485713147088e+00,2.206255218135e+00,2.659869478561e+00,8.446637813079e+00,3.113448076559e+00
6.568000000000e-01,-1.517126479419e+00,2.234031673756e+00,2.700475934701e+00,8.450541250621e+00,3.113448076559e+00
6.572000000000e-01,-1.548963907230e+00,2.262110536865e+00,2.741611436162e+00,8.454394307425e+00,3.113448076559e+00
6.576000000000e-01,-1.581234121993e+00,2.290498138394e+00,2.783286379542e+00,8.458198353133e+00,3.113448076559e+00
6.580000000000e-01,-1.613945962142e+00,2.319200843627e+00,2.825511302719e+00,8.461954711666e+00,3.113448076559e+00
6.584000000000e-01,-1.647108291787e+00,2.348225461996e+00,2.868297150792e+00,8.465664546312e+00,3.113448076559e+00
6.588000000000e-01,-1.680730127207e+00,2.377578824106e+00,2.911654997650e+00,8.469328987750e+00,3.113448076559e+00
6.592000000000e-01,-1.714820909223e+00,2.407267919008e+00,2.955596316244e+00,8.472949183348e+00,3.113448076559e+00
6.596000000000e-01,-1.749390389057e+00,2.437299763488e+00,3.000132808797e+00,8.476526287600e+00,3.113448076559e+00
6.600000000000e-01,-1.784448445361e+00,2.467681602124e+00,3.045276464233e+00,8.480061372591e+00,3.113448076559e+00
6.604000000000e-01,-1.820005062857e+00,2.498421025027e+00,3.091039638556e+00,8.483555403914e+00,3.113448076559e+00
6.608000000000e-01,-1.856070478639e+00,2.529525640205e+00,3.137434873608e+00,8.487009345463e+00,3.113448076559e+00
6.612000000000e-01,-1.892655410052e+00,2.561003279950e+00,3.184475200267e+00,8.490424177332e+00,3.113448076559e+00
6.616000000000e-01,-1.929770795149e+00,2.592861775819e+00,3.232173805710e+00,8.493800868904e+00,3.113448076559e+00
6.620000000000e-01,-1.967427744593e+00,2.625109397994e+00,3.280544357516e+00,8.497140286449e+00,3.113448076559e+00
6.624000000000e-01,-2.005637534931e+00,2.657754558991e+00,3.329600759455e+00,8.500443249946e+00,3.113448076559e+00
6.628000000000e-01,-2.044411857812e+00,2.690805836623e+00,3.379357319782e+00,8.503710589762e+00,3.113448076559e+00
6.632000000000e-01,-2.083762820331e+00,2.724271960221e+00,3.429828742756e+00,8.506943146353e+00,3.113448076559e+00
6.636000000000e-01,-2.123702737106e+00,2.758161817180e+00,3.481030009256e+00,8.510141719043e+00,3.113448076559e+00
6.640000000000e-01,-2.164244159761e+00,2.792484750350e+00,3.532976629416e+00,8.513307022599e+00,3.113448076559e+00
6.644000000000e-01,-2.205399887845e+00,2.827250143234e+00,3.585684319307e+00,8.516439764494e+00,3.113448076559e+00
6.648000000000e-01,-2.247183284377e+00,2.862467699673e+00,3.639169416949e+00,8.519540665277e+00,3.113448076559e+00
6.652000000000e-01,-2.289607993674e+00,2.898147163641e+00,3.693448489802e+00,8.522610442045e+00,3.113448076559e+00
6.656000000000e-01,-2.332687965519e+00,2.934298737948e+00,3.748538679006e+00,8.525649743204e+00,3.113448076559e+00
6.660000000000e-01,-2.376437394183e+00,2.970932840069e+00,3.804457468374e+00,8.528659178697e+00,3.113448076559e+00
6.664000000000e-01,-2.420870945934e+00,3.008060109360e+00,3.861222832004e+00,8.531639366231e+00,3.113448076559e+00
6.668000000000e-01,-2.466003787142e+00,3.045691422386e+00,3.918853265765e+00,8.534590932026e+00,3.113448076559e+00
6.672000000000e-01,-2.511851371212e+00,3.083837858113e+00,3.977367627739e+00,8.537514472266e+00,3.113448076559e+00
6.676000000000e-01,-2.558429532619e+00,3.122511007848e+00,4.036785437388e+00,8.540410523354e+00,3.113448076559e+00
6.680000000000e-01,-2.605754422386e+00,3.161722551363e+00,4.097126505440e+00,8.543279617642e+00,3.113448076559e+00
6.684000000000e-01,-2.653842871846e+00,3.201484596088e+00,4.158411428351e+00,8.546122298161e+00,3.113448076559e+00
6.688000000000e-01,-2.702712034675e+00,3.241809331375e+00,4.220661095536e+00,8.548939102619e+00,3.113448076559e+00
6.692000000000e-01,-2.752379539045e+00,3.282709525600e+00,4.283897169216e+00,8.551730515580e+00,3.113448076559e+00
6.696000000000e-01,-2.802863334711e+00,3.324198142570e+00,4.348141690899e+00,8.554496999966e+00,3.113448076559e+00
6.700000000000e-01,-2.854182023130e+00,3.366288532340e+00,4.413417440501e+00,8.557239026736e+00,3.113448076559e+00
6.704000000000e-01,-2.906354727025e+00,3.408994283321e+00,4.479747741003e+00,8.559957071495e+00,3.113448076559e+00
6.708000000000e-01,-2.959401019115e+00,3.452329382580e+00,4.547156535437e+00,8.562651577855e+00,3.113448076559e+00
6.712000000000e-01,-3.013340954764e+00,3.496308289882e+00,4.615668463782e+00,8.565322953030e+00,3.113448076559e+00
6.716000000000e-01,-3.068195104470e+00,3.540945703205e+00,4.685308706173e+00,8.567971606760e+00,3.113448076559e+00
6.720000000000e-01,-3.123984807576e+00,3.586256800456e+00,4.756103333274e+00,8.570597956735e+00,3.113448076559e+00
6.724000000000e-01,-3.180731814146e+00,3.632256971036e+00,4.828078870229e+00,8.573202406644e+00,3.113448076559e+00
6.728000000000e-01,-3.238458542054e+00,3.678962304283e+00,4.901262833693e+00,8.575785319757e+00,3.113448076559e+00
6.732000000000e-01,-3.297187839404e+00,3.726389059108e+00,4.975683176022e+00,8.578347054473e+00,3.113448076559e+00
6.736000000000e-01,-3.356943485227e+00,3.774554124728e+00,5.051368963311e+00,8.580887977346e+00,3.113448076559e+00
6.740000000000e-01,-3.417749725326e+00,3.823474568326e+00,5.128349730625e+00,8.583408451332e+00,3.113448076559e+00
6.744000000000e-01,-3.479631576600e+00,3.873168214795e+00,5.206656117795e+00,8.585908804264e+00,3.113448076559e+00
6.748000000000e-01,-3.542614541271e+00,3.923653154668e+00,5.286319311786e+00,8.588389351418e+00,3.113448076559e+00
6.752000000000e-01,-3.606725082275e+00,3.974948113378e+00,5.367371640119e+00,8.590850414907e+00,3.113448076559e+00
6.756000000000e-01,-3.671990302456e+00,4.027072120422e+00,5.449846111993e+00,8.593292318359e+00,3.113448076559e+00
6.760000000000e-01,-3.738438097993e+00,4.080044897185e+00,5.533776809338e+00,8.595715358732e+00,3.113448076559e+00
6.764000000000e-01,-3.806097006632e+00,4.133886621930e+00,5.619198610733e+00,8.598119814815e+00,3.113448076559e+00
6.768000000000e-01,-3.874996498081e+00,4.188618050169e+00,5.706147477094e+00,8.600505970338e+00,3.113448076559e+00
6.772000000000e-01,-3.945166902032e+00,4.244260427611e+00,5.794660340544e+00,8.602874112919e+00,3.113448076559e+00
6.776000000000e-01,-4.016639345013e+00,4.300835607209e+00,5.884775148478e+00,8.605224510782e+00,3.113448076559e+00
6.780000000000e-01,-4.089445785952e+00,4.358366097260e+00,5.976530923035e+00,8.607557411461e+00,3.113448076559e+00
6.784000000000e-01,-4.163619096404e+00,4.416874935667e+00,6.069967724565e+00,8.609873065566e+00,3.113448076559e+00
6.788000000000e-01,-4.239193223909e+00,4.476385831460e+00,6.165126868259e+00,8.612171728512e+00,3.113448076559e+00
6.792000000000e-01,-4.316202938519e+00,4.536923052440e+00,6.262050669728e+00,8.614453641329e+00,3.113448076559e+00
6.796000000000e-01,-4.394684029117e+00,4.598511687692e+00,6.360782770824e+00,8.616719024208e+00,3.113448076559e+00
6.800000000000e-01,-4.474673221312e+00,4.661177349334e+00,6.461367867524e+00,8.618968099049e+00,3.113448076559e+00
6.804000000000e-01,-4.556208507036e+00,4.724946469900e+00,6.563852154262e+00,8.621201092725e+00,3.113448076559e+00
6.808000000000e-01,-4.639328765626e+00,4.789846046019e+00,6.668282877932e+00,8.623418220600e+00,3.113448076559e+00
6.812000000000e-01,-4.724074060510e+00,4.855904018740e+00,6.774708817979e+00,8.625619678427e+00,3.113448076559e+00
6.816000000000e-01,-4.810485471844e+00,4.923148894279e+00,6.883179898133e+00,8.627805663052e+00,3.113448076559e+00
6.820000000000e-01,-4.898605503931e+00,4.991610109539e+00,6.993747734140e+00,8.629976376058e+00,3.113448076559e+00
6.824000000000e-01,-4.988477658196e+00,5.061317726932e+00,7.106465118417e+00,8.632132008686e+00,3.113448076559e+00
6.828000000000e-01,-5.080146755383e+00,5.132302830682e+00,7.221386529058e+00,8.634272734526e+00,3.113448076559e+00
6.832000000000e-01,-5.173658776651e+00,5.204597165044e+00,7.338567761328e+00,8.636398728402e+00,3.113448076559e+00
6.836000000000e-01,-5.269061242875e+00,5.278233468197e+00,7.458066433464e+00,8.638510169352e+00,3.113448076559e+00
6.840000000000e-01,-5.366402835286e+00,5.353245226579e+00,7.579941546375e+00,8.640607225924e+00,3.113448076559e+00
6.844000000000e-01,-5.465733644932e+00,5.429666968314e+00,7.704253868100e+00,8.642690051502e+00,3.113448076559e+00
6.848000000000e-01,-5.567105145490e+00,5.507534041838e+00,7.831065759074e+00,8.644758801429e+00,3.113448076559e+00
6.852000000000e-01,-5.670570400954e+00,5.586882787345e+00,7.960441442012e+00,8.646813634371e+00,3.113448076559e+00
6.856000000000e-01,-5.776183868520e+00,5.667750489492e+00,8.092446829859e+00,8.648854697419e+00,3.113448076559e+00
6.860000000000e-01,-5.884001440963e+00,5.750175417941e+00,8.227149585023e+00,8.650882125616e+00,3.113448076559e+00
6.864000000000e-01,-5.994080707972e+00,5.834196901081e+00,8.364619358600e+00,8.652896056941e+00,3.113448076559e+00
6.868000000000e-01,-6.106480812655e+00,5.919855176954e+00,8.504927585314e+00,8.654896631222e+00,3.113448076559e+00
6.872000000000e-01,-6.221262594908e+00,6.007191692318e+00,8.648147796092e+00,8.656883975219e+00,3.113448076559e+00
6.876000000000e-01,-6.338488297977e+00,6.096248753084e+00,8.794355164711e+00,8.658858207507e+00,3.113448076559e+00
6.880000000000e-01,-6.458222233785e+00,6.187070008371e+00,8.943627323935e+00,8.660819450416e+00,3.113448076559e+00
6.884000000000e-01,-6.580530175084e+00,6.279699896820e+00,9.096043545373e+00,8.662767825674e+00,3.113448076559e+00
6.888000000000e-01,-6.705479886523e+00,6.374184309621e+00,9.251685582724e+00,8.664703441037e+00,3.113448076559e+00
6.892000000000e-01,-6.833140558196e+00,6.470569913028e+00,9.410636795002e+00,8.666626400498e+00,3.113448076559e+00
6.896000000000e-01,-6.963583698022e+00,6.568904881933e+00,9.572983300269e+00,8.668536811949e+00,3.113448076559e+00
6.900000000000e-01,-7.096882307952e+00,6.669238207007e+00,9.738812902748e+00,8.670434778812e+00,3.113448076559e+00
6.904000000000e-01,-7.233111433751e+00,6.771620313051e+00,9.908215917973e+00,8.672320391899e+00,3.113448076559e+00
6.908000000000e-01,-7.372347866953e+00,6.876102596128e+00,1.008128463956e+01,8.674193742302e+00,3.113448076559e+00
6.912000000000e-01,-7.514670559701e+00,6.982737760980e+00,1.025811387437e+01,8.676054923771e+00,3.113448076559e+00
6.916000000000e-01,-7.660160283381e+00,7.091579646870e+00,1.043880057550e+01,8.677904021059e+00,3.113448076559e+00
6.920000000000e-01,-7.808899584527e+00,7.202683171142e+00,1.062344377239e+01,8.679741110685e+00,3.113448076559e+00
6.924000000000e-01,-7.960973285351e+00,7.316104623795e+00,1.081214513944e+01,8.681566271952e+00,3.113448076559e+00
6.928000000000e-01,-8.116467945890e+00,7.431901202950e+00,1.100500828746e+01,8.683379583454e+00,3.113448076559e+00
6.932000000000e-01,-8.275472226258e+00,7.550131499935e+00,1.120213935969e+01,8.685181112184e+00,3.113448076559e+00
6.936000000000e-01,-8.438076441218e+00,7.670854947481e+00,1.140364633146e+01,8.686970922892e+00,3.113448076559e+00
6.940000000000e-01,-8.604373240433e+00,7.794132349428e+00,1.160963987129e+01,8.688749083234e+00,3.113448076559e+00
6.944000000000e-01,-8.774456920539e+00,7.920025386403e+00,1.182023250074e+01,8.690515654384e+00,3.113448076559e+00
6.948000000000e-01,-8.948423545432e+00,8.048596760533e+00,1.203553878155e+01,8.692270688822e+00,3.113448076559e+00
6.952000000000e-01,-9.126371206987e+00,8.179910256080e+00,1.225567555075e+01,8.694014241016e+00,3.113448076559e+00
6.956000000000e-01,-9.308399655019e+00,8.314030434822e+00,1.248076144347e+01,8.695746364982e+00,3.113448076559e+00
6.960000000000e-01,-9.494610316128e+00,8.451022817784e+00,1.271091702915e+01,8.697467104259e+00,3.113448076559e+00
6.964000000000e-01,-9.685106034539e+00,8.590953517480e+00,1.294626437393e+01,8.699176500397e+00,3.113448076559e+00
6.968000000000e-01,-9.879991475303e+00,8.733889520919e+00,1.318692753130e+01,8.700874597224e+00,3.113448076559e+00
6.972000000000e-01,-1.007937244955e+01,8.879898253050e+00,1.343303174869e+01,8.702561431437e+00,3.113448076559e+00
6.976000000000e-01,-1.028335584143e+01,9.029047520308e+00,1.368470337587e+01,8.704237032965e+00,3.113448076559e+00
6.980000000000e-01,-1.049204987595e+01,9.181405593960e+00,1.394207012176e+01,8.705901433956e+00,3.113448076559e+00
6.984000000000e-01,-1.070556356049e+01,9.337040814908e+00,1.420526037519e+01,8.707554663792e+00,3.113448076559e+00
6.988000000000e-01,-1.092400636952e+01,9.496021460817e+00,1.447440288045e+01,8.709196742460e+00,3.113448076559e+00
6.992000000000e-01,-1.114748828780e+01,9.658415624073e+00,1.474962668998e+01,8.710827690266e+00,3.113448076559e+00
6.996000000000e-01,-1.137611964436e+01,9.824291083972e+00,1.503106095608e+01,8.712447527731e+00,3.113448076559e+00
7.000000000000e-01,-1.161001023655e+01,9.993714759375e+00,1.531883391073e+01,8.714056266157e+00,3.113448076559e+00
7.004000000000e-01,-1.184926943843e+01,1.016675270700e+01,1.561307294640e+01,8.715653914407e+00,3.113448076559e+00
7.008000000000e-01,-1.209400598387e+01,1.034346988375e+01,1.591390429699e+01,8.717240482901e+00,3.113448076559e+00
7.012000000000e-01,-1.234432693822e+01,1.052392948914e+01,1.622145182929e+01,8.718815974591e+00,3.113448076559e+00
7.016000000000e-01,-1.260033764760e+01,1.070819292638e+01,1.653583697858e+01,8.720380387402e+00,3.113448076559e+00
7.020000000000e-01,-1.286214125736e+01,1.089631929598e+01,1.685717805341e+01,8.721933721097e+00,3.113448076559e+00
7.024000000000e-01,-1.312983792710e+01,1.108836494503e+01,1.718558934533e+01,8.723475969861e+00,3.113448076559e+00
7.028000000000e-01,-1.340352419292e+01,1.128438302750e+01,1.752118035698e+01,8.725007121102e+00,3.113448076559e+00
7.032000000000e-01,-1.368329238680e+01,1.148442290323e+01,1.786405496977e+01,8.726527163747e+00,3.113448076559e+00
7.036000000000e-01,-1.396923007312e+01,1.168852986969e+01,1.821431083929e+01,8.728036082586e+00,3.113448076559e+00
7.040000000000e-01,-1.426141863232e+01,1.189674415407e+01,1.857203766079e+01,8.729533854671e+00,3.113448076559e+00
7.044000000000e-01,-1.455993275683e+01,1.210910038886e+01,1.893731644428e+01,8.731020458095e+00,3.113448076559e+00
7.048000000000e-01,-1.486483989676e+01,1.232562735758e+01,1.931021892455e+01,8.732495867633e+00,3.113448076559e+00
7.052000000000e-01,-1.517619811737e+01,1.254634645721e+01,1.969080492824e+01,8.733960049908e+00,3.113448076559e+00
7.056000000000e-01,-1.549405565767e+01,1.277127124982e+01,2.007912174522e+01,8.735412972234e+00,3.113448076559e+00
7.060000000000e-01,-1.581845022521e+01,1.300040711128e+01,2.047520335885e+01,8.736854598807e+00,3.113448076559e+00
7.064000000000e-01,-1.614940630083e+01,1.323374930143e+01,2.087906713535e+01,8.738284885609e+00,3.113448076559e+00
7.068000000000e-01,-1.648693456771e+01,1.347128243811e+01,2.129071304506e+01,8.739703789219e+00,3.113448076559e+00
7.072000000000e-01,-1.683103098572e+01,1.371298002065e+01,2.171012264104e+01,8.741111262719e+00,3.113448076559e+00
7.076000000000e-01,-1.718167383873e+01,1.395880233867e+01,2.213725544485e+01,8.742507251216e+00,3.113448076559e+00
7.080000000000e-01,-1.753882269061e+01,1.420869559327e+01,2.257204757736e+01,8.743891700559e+00,3.113448076559e+00
7.084000000000e-01,-1.790241719286e+01,1.446259129102e+01,2.301441044646e+01,8.745264552163e+00,3.113448076559e+00
7.088000000000e-01,-1.827237436950e+01,1.472040436828e+01,2.346422745084e+01,8.746625740109e+00,3.113448076559e+00
7.092000000000e-01,-1.864858670100e+01,1.498203165303e+01,2.392135151694e+01,8.747975199470e+00,3.113448076559e+00
7.096000000000e-01,-1.903092051969e+01,1.524735104192e+01,2.438560332701e+01,8.749312859397e+00,3.113448076559e+00
7.100000000000e-01,-1.941921406650e+01,1.551622022628e+01,2.485676899903e+01,8.750638643017e+00,3.113448076559e+00
7.104000000000e-01,-1.981327485512e+01,1.578847465389e+01,2.533459674795e+01,8.751952474398e+00,3.113448076559e+00
7.108000000000e-01,-2.021287699805e+01,1.606392597428e+01,2.581879381857e+01,8.753254269935e+00,3.113448076559e+00
7.112000000000e-01,-2.061776042227e+01,1.634236161920e+01,2.630902560193e+01,8.754543942124e+00,3.113448076559e+00
7.116000000000e-01,-2.102762854346e+01,1.662354314447e+01,2.680491277430e+01,8.755821403480e+00,3.113448076559e+00
7.120000000000e-01,-2.144214371255e+01,1.690720326752e+01,2.730602587926e+01,8.757086557533e+00,3.113448076559e+00
7.124000000000e-01,-2.186092776324e+01,1.719304639650e+01,2.781188607524e+01,8.758339306650e+00,3.113448076559e+00
7.128000000000e-01,-2.228355995852e+01,1.748074739709e+01,2.832196274953e+01,8.759579550746e+00,3.113448076559e+00
7.132000000000e-01,-2.270957307770e+01,1.776994909315e+01,2.883566888672e+01,8.760807181247e+00,3.113448076559e+00
7.136000000000e-01,-2.313845299511e+01,1.806026196670e+01,2.935236054073e+01,8.762022090594e+00,3.113448076559e+00
7.140000000000e-01,-2.356963713478e+01,1.835126356624e+01,2.987133524205e+01,8.763224165080e+00,3.113448076559e+00
7.144000000000e-01,-2.400251331864e+01,1.864249794165e+01,3.039183072991e+01,8.764413285651e+00,3.113448076559e+00
7.148000000000e-01,-2.443641905977e+01,1.893347520460e+01,3.091302411263e+01,8.765589334099e+00,3.113448076559e+00
7.152000000000e-01,-2.487063909762e+01,1.922367033232e+01,3.143402917492e+01,8.766752183249e+00,3.113448076559e+00
7.156000000000e-01,-2.530440755190e+01,1.951252484182e+01,3.195389909315e+01,8.767901705367e+00,3.113448076559e+00
7.160000000000e-01,-2.573690787381e+01,1.979944713713e+01,3.247162659679e+01,8.769037769768e+00,3.113448076559e+00
7.164000000000e-01,-2.616727266396e+01,2.008381283332e+01,3.298614400917e+01,8.770160238262e+00,3.113448076559e+00
7.168000000000e-01,-2.659458596414e+01,2.036496637564e+01,3.349632603861e+01,8.771268974768e+00,3.113448076559e+00
7.172000000000e-01,-2.701788462306e+01,2.064222271099e+01,3.400099186722e+01,8.772363835302e+00,3.113448076559e+00
7.176000000000e-01,-2.743616208044e+01,2.091487009240e+01,3.449890984779e+01,8.773444674399e+00,3.113448076559e+00
7.180000000000e-01,-2.784837183715e+01,2.118217282802e+01,3.498880191856e+01,8.774511345500e+00,3.113448076559e+00
7.184000000000e-01,-2.825343060220e+01,2.144337404272e+01,3.546934776859e+01,8.775563694335e+00,3.113448076559e+00
7.188000000000e-01,-2.865022455726e+01,2.169769998842e+01,3.593919242233e+01,8.776601569723e+00,3.113448076559e+00
7.192000000000e-01,-2.903761445081e+01,2.194436432030e+01,3.639695287268e+01,8.777624813255e+00,3.113448076559e+00
7.196000000000e-01,-2.941444279099e+01,2.218257313699e+01,3.684122684823e+01,8.778633266060e+00,3.113448076559e+00
7.200000000000e-01,-2.977954112111e+01,2.241153030306e+01,3.727060181844e+01,8.779626768675e+00,3.113448076559e+00
7.204000000000e-01,-3.013173737037e+01,2.263044301769e+01,3.768366420790e+01,8.780605155251e+00,3.113448076559e+00
7.208000000000e-01,-3.046986552556e+01,2.283852827914e+01,3.807901100479e+01,8.781568264276e+00,3.113448076559e+00
7.212000000000e-01,-3.079277416566e+01,2.303501944077e+01,3.845526051730e+01,8.782515927159e+00,3.113448076559e+00
7.216000000000e-01,-3.109933656773e+01,2.321917287414e+01,3.881106445219e+01,8.783447977884e+00,3.113448076559e+00
7.220000000000e-01,-3.138846039632e+01,2.339027488348e+01,3.914511981302e+01,8.784364248913e+00,3.113448076559e+00
7.224000000000e-01,-3.165909758693e+01,2.354764856786e+01,3.945618092383e+01,8.785264569773e+00,3.113448076559e+00
7.228000000000e-01,-3.191025482222e+01,2.369066060338e+01,3.974307188232e+01,8.786148774740e+00,3.113448076559e+00
7.232000000000e-01,-3.214100340575e+01,2.381872841187e+01,4.000469876261e+01,8.787016692092e+00,3.113448076559e+00
7.236000000000e-01,-3.235048918634e+01,2.393132616971e+01,4.024006116839e+01,8.787868156484e+00,3.113448076559e+00
7.240000000000e-01,-3.253794121791e+01,2.402799091350e+01,4.044826283093e+01,8.788702999349e+00,3.113448076559e+00
7.244000000000e-01,-3.270268018229e+01,2.410832765821e+01,4.062852142992e+01,8.789521054946e+00,3.113448076559e+00
7.248000000000e-01,-3.284412592026e+01,2.417201411786e+01,4.078017746381e+01,8.790322160525e+00,3.113448076559e+00
7.252000000000e-01,-3.296180384059e+01,2.421880483113e+01,4.090270186520e+01,8.791106151632e+00,3.113448076559e+00
7.256000000000e-01,-3.305535053128e+01,2.424853396847e+01,4.099570219384e+01,8.791872871785e+00,3.113448076559e+00
7.260000000000e-01,-3.312451800286e+01,2.426111818599e+01,4.105892775702e+01,8.792622161548e+00,3.113448076559e+00
7.264000000000e-01,-3.316917622667e+01,2.425655711338e+01,4.109227195654e+01,8.793353870001e+00,3.113448076559e+00
7.268000000000e-01,-3.318931415760e+01,2.423493375970e+01,4.109577336647e+01,8.794067846702e+00,3.113448076559e+00
7.272000000000e-01,-3.318503970629e+01,2.419641354122e+01,4.106961514996e+01,8.794763946547e+00,3.113448076559e+00
7.276000000000e-01,-3.315657810868e+01,2.414124240863e+01,4.101412265195e+01,8.795442030443e+00,3.113448076559e+00
7.280000000000e-01,-3.310426888245e+01,2.406974425098e+01,4.092975942452e+01,8.796101961237e+00,3.113448076559e+00
7.284000000000e-01,-3.302856184313e+01,2.398231706558e+01,4.081712176599e+01,8.796743611908e+00,3.113448076559e+00
7.288000000000e-01,-3.293001134392e+01,2.387942877674e+01,4.067693161749e+01,8.797366856768e+00,3.113448076559e+00
7.292000000000e-01,-3.280926994790e+01,2.376161180837e+01,4.051002826765e+01,8.797971580823e+00,3.113448076559e+00
7.296000000000e-01,-3.266708009247e+01,2.362945708471e+01,4.031735809656e+01,8.798557673352e+00,3.113448076559e+00
7.300000000000e-01,-3.250426617555e+01,2.348360789043e+01,4.009996457807e+01,8.799125032121e+00,3.113448076559e+00
7.304000000000e-01,-3.232172532314e+01,2.332475307253e+01,3.985897682780e+01,8.799673563456e+00,3.113448076559e+00
7.308000000000e-01,-3.212041772486e+01,2.315362012325e+01,3.959559773044e+01,8.800203180112e+00,3.113448076559e+00
7.312000000000e-01,-3.190135753237e+01,2.297096840082e+01,3.931109260348e+01,8.800713806248e+00,3.113448076559e+00
7.316000000000e-01,-3.166560197222e+01,2.277758161596e+01,3.900677598231e+01,8.801205372685e+00,3.113448076559e+00
7.320000000000e-01,-3.141424268488e+01,2.257426151770e+01,3.868400091167e+01,8.801677821900e+00,3.113448076559e+00
7.324000000000e-01,-3.114839472101e+01,2.236182032559e+01,3.834414560230e+01,8.802131105442e+00,3.113448076559e+00
7.328000000000e-01,-3.086918822377e+01,2.214107495226e+01,3.798860331252e+01,8.802565185436e+00,3.113448076559e+00
7.332000000000e-01,-3.057775921210e+01,2.191284066081e+01,3.761877116892e+01,8.802980035431e+00,3.113448076559e+00
7.336000000000e-01,-3.027524097010e+01,2.167792527201e+01,3.723603979878e+01,8.803375639683e+00,3.113448076559e+00
7.340000000000e-01,-2.996275743771e+01,2.143712475287e+01,3.684178539297e+01,8.803751994264e+00,3.113448076559e+00
7.344000000000e-01,-2.964141449635e+01,2.119121733030e+01,3.643735919745e+01,8.804109108045e+00,3.113448076559e+00
7.348000000000e-01,-2.931229545529e+01,2.094096075492e+01,3.602408225337e+01,8.804447000919e+00,3.113448076559e+00
7.352000000000e-01,-2.897645395866e+01,2.068708748745e+01,3.560323682942e+01,8.804765707404e+00,3.113448076559e+00
7.356000000000e-01,-2.863491026123e+01,2.043030258739e+01,3.517606216564e+01,8.805065273821e+00,3.113448076559e+00
7.360000000000e-01,-2.828864705974e+01,2.017128107281e+01,3.474374954706e+01,8.805345760118e+00,3.113448076559e+00
7.364000000000e-01,-2.793860542362e+01,1.991066534205e+01,3.430743749364e+01,8.805607241915e+00,3.113448076559e+00
7.368000000000e-01,-2.758568357995e+01,1.964906493048e+01,3.386821062908e+01,8.805849805228e+00,3.113448076559e+00
7.372000000000e-01,-2.723073283583e+01,1.938705359341e+01,3.342709466600e+01,8.806073555841e+00,3.113448076559e+00
7.376000000000e-01,-2.687455818999e+01,1.912517052786e+01,3.298505761139e+01,8.806278609300e+00,3.113448076559e+00
7.380000000000e-01,-2.651791640912e+01,1.886391898850e+01,3.254300739461e+01,8.806465099585e+00,3.113448076559e+00
7.384000000000e-01,-2.616151599187e+01,1.860376671262e+01,3.210179208222e+01,8.806633176144e+00,3.113448076559e+00
7.388000000000e-01,-2.580601799200e+01,1.834514695811e+01,3.166220114772e+01,8.806783000013e+00,3.113448076559e+00
7.392000000000e-01,-2.545203492331e+01,1.808845752662e+01,3.122496401006e+01,8.806914755971e+00,3.113448076559e+00
7.396000000000e-01,-2.510013318366e+01,1.783406339104e+01,3.079075352883e+01,8.807028635914e+00,3.113448076559e+00
7.400000000000e-01,-2.475083306847e+01,1.758229626956e+01,3.036018576514e+01,8.807124856104e+00,3.113448076559e+00
7.404000000000e-01,-2.440461098924e+01,1.733345683627e+01,2.993382306741e+01,8.807203646139e+00,3.113448076559e+00
7.408000000000e-01,-2.406190116553e+01,1.708781607181e+01,2.951217622954e+01,8.807265249725e+00,3.113448076559e+00
7.412000000000e-01,-2.372309640867e+01,1.684561554209e+01,2.909570528802e+01,8.807309936857e+00,3.113448076559e+00
7.416000000000e-01,-2.338855098357e+01,1.660707035068e+01,2.868482356131e+01,8.807337982407e+00,3.113448076559e+00
7.420000000000e-01,-2.305858157784e+01,1.637236906201e+01,2.827989839240e+01,8.807349690834e+00,3.113448076559e+00
7.424000000000e-01,-2.273347023674e+01,1.614167654121e+01,2.788125518276e+01,8.807345378034e+00,3.113448076559e+00
7.428000000000e-01,-2.241346630755e+01,1.591513526445e+01,2.748917973322e+01,8.807325375571e+00,3.113448076559e+00
7.432000000000e-01,-2.209878779554e+01,1.569286590376e+01,2.710391968528e+01,8.807290044058e+00,3.113448076559e+00
7.436000000000e-01,-2.178962404830e+01,1.547497018430e+01,2.672568836104e+01,8.807239746674e+00,3.113448076559e+00
7.440000000000e-01,-2.148613707848e+01,1.526153084592e+01,2.635466581682e+01,8.807174879648e+00,3.113448076559e+00
7.444000000000e-01,-2.118846417733e+01,1.505261424652e+01,2.599100247872e+01,8.807095850859e+00,3.113448076559e+00
7.448000000000e-01,-2.089671978394e+01,1.484827161963e+01,2.563482139237e+01,8.807003082243e+00,3.113448076559e+00
7.452000000000e-01,-2.061099667097e+01,1.464853931792e+01,2.528621932831e+01,8.806897029125e+00,3.113448076559e+00
7.456000000000e-01,-2.033136819116e+01,1.445344145937e+01,2.494527014373e+01,8.806778146995e+00,3.113448076559e+00
7.460000000000e-01,-2.005788967695e+01,1.426298987842e+01,2.461202589314e+01,8.806646924577e+00,3.113448076559e+00
7.464000000000e-01,-1.979060026652e+01,1.407718596008e+01,2.428651937730e+01,8.806503866396e+00,3.113448076559e+00
7.468000000000e-01,-1.952952450979e+01,1.389602198217e+01,2.396876622831e+01,8.806349485115e+00,3.113448076559e+00
7.472000000000e-01,-1.927467317822e+01,1.371948076065e+01,2.365876536232e+01,8.806184332031e+00,3.113448076559e+00
7.476000000000e-01,-1.902604510790e+01,1.354753808265e+01,2.335650189024e+01,8.806008958235e+00,3.113448076559e+00
7.480000000000e-01,-1.878362836556e+01,1.338016268421e+01,2.306194805370e+01,8.805823942309e+00,3.113448076559e+00
7.484000000000e-01,-1.854740134426e+01,1.321731708410e+01,2.277506459984e+01,8.805629887676e+00,3.113448076559e+00
7.488000000000e-01,-1.831733393119e+01,1.305895907469e+01,2.249580259651e+01,8.805427397702e+00,3.113448076559e+00
7.492000000000e-01,-1.809338826331e+01,1.290504109088e+01,2.222410368055e+01,8.805217115863e+00,3.113448076559e+00
7.496000000000e-01,-1.787551995526e+01,1.275551200493e+01,2.195990209857e+01,8.804999691376e+00,3.113448076559e+00
7.500000000000e-01,-1.766367893689e+01,1.261031742579e+01,2.170312556211e+01,8.804775787914e+00,3.113448076559e+00
7.504000000000e-01,-1.745781008714e+01,1.246939953964e+01,2.145369567039e+01,8.804546104853e+00,3.113448076559e+00
7.508000000000e-01,-1.725785403553e+01,1.233269869425e+01,2.121152948268e+01,8.804311337650e+00,3.113448076559e+00
7.512000000000e-01,-1.706374790535e+01,1.220015294914e+01,2.097653986147e+01,8.804072212773e+00,3.113448076559e+00
7.516000000000e-01,-1.687542589474e+01,1.207169874788e+01,2.074863633563e+01,8.803829476495e+00,3.113448076559e+00
7.520000000000e-01,-1.669281982295e+01,1.194727177236e+01,2.052772604173e+01,8.803583874705e+00,3.113448076559e+00
7.524000000000e-01,-1.651585965681e+01,1.182680627364e+01,2.031371376282e+01,8.803336191892e+00,3.113448076559e+00
7.528000000000e-01,-1.634447399483e+01,1.171023626093e+01,2.010650301406e+01,8.803087216243e+00,3.113448076559e+00
7.532000000000e-01,-1.617859049947e+01,1.159749554560e+01,1.990599642017e+01,8.802837747826e+00,3.113448076559e+00
7.536000000000e-01,-1.601813629114e+01,1.148851744769e+01,1.971209586491e+01,8.802588620122e+00,3.113448076559e+00
7.540000000000e-01,-1.586303825705e+01,1.138323589521e+01,1.952470338291e+01,8.802340662332e+00,3.113448076559e+00
7.544000000000e-01,-1.571322344634e+01,1.128158495751e+01,1.934372120943e+01,8.802094727903e+00,3.113448076559e+00
7.548000000000e-01,-1.556861931062e+01,1.118349906111e+01,1.916905210199e+01,8.801851691113e+00,3.113448076559e+00
7.552000000000e-01,-1.542915392415e+01,1.108891367366e+01,1.900059991887e+01,8.801612422828e+00,3.113448076559e+00
7.556000000000e-01,-1.529475635300e+01,1.099776471485e+01,1.883826957607e+01,8.801377824516e+00,3.113448076559e+00
7.560000000000e-01,-1.516535673908e+01,1.090998910804e+01,1.868196743817e+01,8.801148805595e+00,3.113448076559e+00
7.564000000000e-01,-1.504088646861e+01,1.082552496035e+01,1.853160156135e+01,8.800926278570e+00,3.113448076559e+00
7.568000000000e-01,-1.492127850437e+01,1.074431115847e+01,1.838708172808e+01,8.800711184998e+00,3.113448076559e+00
7.572000000000e-01,-1.480646738971e+01,1.066628800423e+01,1.824831982270e+01,8.800504465974e+00,3.113448076559e+00
7.576000000000e-01,-1.469638938909e+01,1.059139700889e+01,1.811522982674e+01,8.800307073340e+00,3.113448076559e+00
7.580000000000e-01,-1.459098267734e+01,1.051958074038e+01,1.798772788441e+01,8.800119980678e+00,3.113448076559e+00
7.584000000000e-01,-1.449018740864e+01,1.045078338466e+01,1.786573268833e+01,8.799944158392e+00,3.113448076559e+00
7.588000000000e-01,-1.439394581574e+01,1.038495035025e+01,1.774916533034e+01,8.799780592538e+00,3.113448076559e+00
7.592000000000e-01,-1.430220225616e+01,1.032202831824e+01,1.763794937000e+01,8.799630282181e+00,3.113448076559e+00
7.596000000000e-01,-1.421490330508e+01,1.026196559099e+01,1.753201111577e+01,8.799494224406e+00,3.113448076559e+00
7.600000000000e-01,-1.413199789970e+01,1.020471175022e+01,1.743127954403e+01,8.799373432664e+00,3.113448076559e+00
7.604000000000e-01,-1.405343726565e+01,1.015021778564e+01,1.733568631683e+01,8.799268926414e+00,3.113448076559e+00
7.608000000000e-01,-1.397917497035e+01,1.009843620010e+01,1.724516588901e+01,8.799181725829e+00,3.113448076559e+00
7.612000000000e-01,-1.390916712458e+01,1.004932083803e+01,1.715965557362e+01,8.799112864489e+00,3.113448076559e+00
7.616000000000e-01,-1.384337227555e+01,1.000282700391e+01,1.707909552727e+01,8.799063378123e+00,3.113448076559e+00
7.620000000000e-01,-1.378175140883e+01,9.958911403166e+00,1.700342871985e+01,8.799034305233e+00,3.113448076559e+00
7.624000000000e-01,-1.372426809551e+01,9.917532082117e+00,1.693260102162e+01,8.799026692816e+00,3.113448076559e+00
7.628000000000e-01,-1.367088850418e+01,9.878648541540e+00,1.686656128264e+01,8.799041589188e+00,3.113448076559e+00
7.632000000000e-01,-1.362158131771e+01,9.842221600522e+00,1.680526118895e+01,8.799080045354e+00,3.113448076559e+00
7.636000000000e-01,-1.357631779022e+01,9.808213364429e+00,1.674865529358e+01,8.799143116259e+00,3.113448076559e+00
7.640000000000e-01,-1.353507189266e+01,9.776587319678e+00,1.669670119391e+01,8.799231859011e+00,3.113448076559e+00
7.644000000000e-01,-1.349782017743e+01,9.747308227688e+00,1.664935936388e+01,8.799347330935e+00,3.113448076559e+00
7.648000000000e-01,-1.346454178121e+01,9.720342055157e+00,1.660659311982e+01,8.799490590677e+00,3.113448076559e+00
7.652000000000e-01,-1.343521858449e+01,9.695656003589e+00,1.656836877164e+01,8.799662699985e+00,3.113448076559e+00
7.656000000000e-01,-1.340983512792e+01,9.673218541436e+00,1.653465557877e+01,8.799864716729e+00,3.113448076559e+00
7.660000000000e-01,-1.338837858774e+01,9.652999231340e+00,1.650542563429e+01,8.800097699973e+00,3.113448076559e+00
7.664000000000e-01,-1.337083886053e+01,9.634968706249e+00,1.648065392528e+01,8.800362711621e+00,3.113448076559e+00
7.668000000000e-01,-1.335720856082e+01,9.619098840439e+00,1.646031843676e+01,8.800660805321e+00,3.113448076559e+00
7.672000000000e-01,-1.334748303013e+01,9.605362468022e+00,1.644440000066e+01,8.800993037964e+00,3.113448076559e+00
7.676000000000e-01,-1.334166031202e+01,9.593733365491e+00,1.643288227212e+01,8.801360466973e+00,3.113448076559e+00
7.680000000000e-01,-1.333974117105e+01,9.584186448989e+00,1.642575186710e+01,8.801764138452e+00,3.113448076559e+00
7.684000000000e-01,-1.334172923388e+01,9.576697458998e+00,1.642299830029e+01,8.802205104921e+00,3.113448076559e+00
7.688000000000e-01,-1.334763082528e+01,9.571242992724e+00,1.642461387899e+01,8.802684414993e+00,3.113448076559e+00
7.692000000000e-01,-1.335745497556e+01,9.567800609269e+00,1.643059377877e+01,8.803203105443e+00,3.113448076559e+00
7.696000000000e-01,-1.337121371312e+01,9.566348549054e+00,1.644093612675e+01,8.803762222410e+00,3.113448076559e+00
7.700000000000e-01,-1.338892177658e+01,9.566865850401e+00,1.645564184525e+01,8.804362802260e+00,3.113448076559e+00
7.704000000000e-01,-1.341059664030e+01,9.569332292729e+00,1.647471464935e+01,8.805005872100e+00,3.113448076559e+00
7.708000000000e-01,-1.343625884637e+01,9.573728162264e+00,1.649816119183e+01,8.805692469759e+00,3.113448076559e+00
7.712000000000e-01,-1.346593169480e+01,9.580034495918e+00,1.652599096430e+01,8.806423617366e+00,3.113448076559e+00
7.716000000000e-01,-1.349964131779e+01,9.588232823661e+00,1.655821622004e+01,8.807200333224e+00,3.113448076559e+00
7.720000000000e-01,-1.353741690692e+01,9.598304986119e+00,1.659485206678e+01,8.808023645120e+00,3.113448076559e+00
7.724000000000e-01,-1.357929048850e+01,9.610233497558e+00,1.663591650762e+01,8.808894560850e+00,3.113448076559e+00
7.728000000000e-01,-1.362529706599e+01,9.624001094027e+00,1.668143031021e+01,8.809814091625e+00,3.113448076559e+00
7.732000000000e-01,-1.367547466882e+01,9.639590647894e+00,1.673141701341e+01,8.810783253931e+00,3.113448076559e+00
7.736000000000e-01,-1.372986421820e+01,9.656985525360e+00,1.678590304056e+01,8.811803043331e+00,3.113448076559e+00
7.740000000000e-01,-1.378850979530e+01,9.676169042356e+00,1.684491762257e+01,8.812874466138e+00,3.113448076559e+00
7.744000000000e-01,-1.385145848122e+01,9.697124508934e+00,1.690849271220e+01,8.813998527304e+00,3.113448076559e+00
7.748000000000e-01,-1.391876027829e+01,9.719835414098e+00,1.697666304553e+01,8.815176214394e+00,3.113448076559e+00
7.752000000000e-01,-1.399046852926e+01,9.744284931725e+00,1.704946622329e+01,8.816408531153e+00,3.113448076559e+00
7.756000000000e-01,-1.406663955516e+01,9.770456080173e+00,1.712694252893e+01,8.817696472665e+00,3.113448076559e+00
7.760000000000e-01,-1.414733266858e+01,9.798331652470e+00,1.720913492327e+01,8.819041024453e+00,3.113448076559e+00
7.764000000000e-01,-1.423261059541e+01,9.827893827309e+00,1.729608919500e+01,8.820443190075e+00,3.113448076559e+00
7.768000000000e-01,-1.432253904629e+01,9.859124434296e+00,1.738785378772e+01,8.821903958925e+00,3.113448076559e+00
7.772000000000e-01,-1.441718685585e+01,9.892004617771e+00,1.748447975190e+01,8.823424321669e+00,3.113448076559e+00
7.776000000000e-01,-1.451662619934e+01,9.926514566505e+00,1.758602080205e+01,8.825005284447e+00,3.113448076559e+00
7.780000000000e-01,-1.462093226168e+01,9.962633817903e+00,1.769253324965e+01,8.826647838088e+00,3.113448076559e+00
7.784000000000e-01,-1.473018349474e+01,1.000034072019e+01,1.780407594650e+01,8.828352985961e+00,3.113448076559e+00
7.788000000000e-01,-1.484446154900e+01,1.003961231810e+01,1.792071020293e+01,8.830121740895e+00,3.113448076559e+00
7.792000000000e-01,-1.496385104905e+01,1.008042450099e+01,1.804249972532e+01,8.831955105149e+00,3.113448076559e+00
7.796000000000e-01,-1.508843999407e+01,1.012275145298e+01,1.816951068228e+01,8.833854102107e+00,3.113448076559e+00
7.800000000000e-01,-1.521831938283e+01,1.016656564930e+01,1.830181143875e+01,8.835819758059e+00,3.113448076559e+00
7.804000000000e-01,-1.535358313416e+01,1.021183773637e+01,1.843947247107e+01,8.837853098837e+00,3.113448076559e+00
7.808000000000e-01,-1.549432846901e+01,1.025853608540e+01,1.858256648908e+01,8.839955174844e+00,3.113448076559e+00
7.812000000000e-01,-1.564065536569e+01,1.030662682155e+01,1.873116805507e+01,8.842127036207e+00,3.113448076559e+00
7.816000000000e-01,-1.579266667733e+01,1.035607346413e+01,1.888535354119e+01,8.844369745600e+00,3.113448076559e+00
7.820000000000e-01,-1.595046821233e+01,1.040683659015e+01,1.904520107551e+01,8.846684388211e+00,3.113448076559e+00
7.824000000000e-01,-1.611416824637e+01,1.045887378887e+01,1.921079017646e+01,8.849072052199e+00,3.113448076559e+00
7.828000000000e-01,-1.628387777710e+01,1.051213918261e+01,1.938220177519e+01,8.851533849821e+00,3.113448076559e+00
7.832000000000e-01,-1.645971020446e+01,1.056658316118e+01,1.955951788048e+01,8.854070912183e+00,3.113448076559e+00
7.836000000000e-01,-1.664178099103e+01,1.062215214931e+01,1.974282124815e+01,8.856684382363e+00,3.113448076559e+00
7.840000000000e-01,-1.683020791918e+01,1.067878815487e+01,1.993219544002e+01,8.859375434339e+00,3.113448076559e+00
7.844000000000e-01,-1.702511040805e+01,1.073642843428e+01,2.012772416173e+01,8.862145260772e+00,3.113448076559e+00
7.848000000000e-01,-1.722660943395e+01,1.079500514219e+01,2.032949110553e+01,8.864995078265e+00,3.113448076559e+00
7.852000000000e-01,-1.743482745970e+01,1.085444490575e+01,2.053757976884e+01,8.867926135659e+00,3.113448076559e+00
7.856000000000e-01,-1.764988763889e+01,1.091466830957e+01,2.075207261874e+01,8.870939707107e+00,3.113448076559e+00
7.860000000000e-01,-1.787191389725e+01,1.097558956530e+01,2.097305110509e+01,8.874037100549e+00,3.113448076559e+00
7.864000000000e-01,-1.810103033997e+01,1.103711594020e+01,2.120059498330e+01,8.877219658695e+00,3.113448076559e+00
7.868000000000e-01,-1.833736065263e+01,1.109914722080e+01,2.143478165817e+01,8.880488758904e+00,3.113448076559e+00
7.872000000000e-01,-1.858102798420e+01,1.116157533981e+01,2.167568603334e+01,8.883845818601e+00,3.113448076559e+00
7.876000000000e-01,-1.883215389435e+01,1.122428348844e+01,2.192337930450e+01,8.887292298757e+00,3.113448076559e+00
7.880000000000e-01,-1.909085805625e+01,1.128714581295e+01,2.217792871137e+01,8.890829702916e+00,3.113448076559e+00
7.884000000000e-01,-1.935725763665e+01,1.135002679871e+01,2.243939686228e+01,8.894459581314e+00,3.113448076559e+00
7.888000000000e-01,-1.963146611742e+01,1.141278022796e+01,2.270784037400e+01,8.898183539300e+00,3.113448076559e+00
7.892000000000e-01,-1.991359293122e+01,1.147524905094e+01,2.298330968794e+01,8.902003229886e+00,3.113448076559e+00
7.896000000000e-01,-2.020374219126e+01,1.153726416358e+01,2.326584756486e+01,8.905920368691e+00,3.113448076559e+00
7.900000000000e-01,-2.050201184993e+01,1.159864393059e+01,2.355548833973e+01,8.909936730992e+00,3.113448076559e+00
7.904000000000e-01,-2.080849282421e+01,1.165919370254e+01,2.385225715543e+01,8.914054149595e+00,3.113448076559e+00
7.908000000000e-01,-2.112326722500e+01,1.171870416158e+01,2.415616785596e+01,8.918274538453e+00,3.113448076559e+00
7.912000000000e-01,-2.144640762543e+01,1.177695154537e+01,2.446722272221e+01,8.922599870341e+00,3.113448076559e+00
7.916000000000e-01,-2.177797537331e+01,1.183369607320e+01,2.478541050928e+01,8.927032202385e+00,3.113448076559e+00
7.920000000000e-01,-2.211801917162e+01,1.188868133376e+01,2.511070520579e+01,8.931573673748e+00,3.113448076559e+00
7.924000000000e-01,-2.246657371632e+01,1.194163399746e+01,2.544306500955e+01,8.936226495403e+00,3.113448076559e+00
7.928000000000e-01,-2.282365733944e+01,1.199226162499e+01,2.578242954475e+01,8.940992990164e+00,3.113448076559e+00
7.932000000000e-01,-2.318927073137e+01,1.204025338709e+01,2.612871942285e+01,8.945875553870e+00,3.113448076559e+00
7.936000000000e-01,-2.356339467417e+01,1.208527803162e+01,2.648183365389e+01,8.950876696774e+00,3.113448076559e+00
7.940000000000e-01,-2.394598807480e+01,1.212698357075e+01,2.684164814991e+01,8.955999033847e+00,3.113448076559e+00
7.944000000000e-01,-2.433698593915e+01,1.216499705498e+01,2.720801422283e+01,8.961245275300e+00,3.113448076559e+00
7.948000000000e-01,-2.473629655339e+01,1.219892222145e+01,2.758075543821e+01,8.966618277773e+00,3.113448076559e+00
7.952000000000e-01,-2.514379944647e+01,1.222834093894e+01,2.795966689221e+01,8.972120987175e+00,3.113448076559e+00
7.956000000000e-01,-2.555934256793e+01,1.225281051267e+01,2.834451195495e+01,8.977756508954e+00,3.113448076559e+00
7.960000000000e-01,-2.598273991200e+01,1.227186469730e+01,2.873502108027e+01,8.983528069013e+00,3.113448076559e+00
7.964000000000e-01,-2.641376879032e+01,1.228501292739e+01,2.913088952186e+01,8.989439032370e+00,3.113448076559e+00
7.968000000000e-01,-2.685216686235e+01,1.229173898529e+01,2.953177462473e+01,8.995492940054e+00,3.113448076559e+00
7.972000000000e-01,-2.729762955376e+01,1.229150315222e+01,2.993729495121e+01,9.001693448946e+00,3.113448076559e+00
7.976000000000e-01,-2.774980677854e+01,1.228373899180e+01,3.034702654075e+01,9.008044433726e+00,3.113448076559e+00
7.980000000000e-01,-2.820830048900e+01,1.226785699428e+01,3.076050278701e+01,9.014549895598e+00,3.113448076559e+00
7.984000000000e-01,-2.867266176090e+01,1.224324227701e+01,3.117721145177e+01,9.021214052420e+00,3.113448076559e+00
7.988000000000e-01,-2.914238807384e+01,1.220925676815e+01,3.159659370054e+01,9.028041301866e+00,3.113448076559e+00
7.992000000000e-01,-2.961692077734e+01,1.216524029420e+01,3.201804284692e+01,9.035036227893e+00,3.113448076559e+00
7.996000000000e-01,-3.009564254058e+01,1.211050987673e+01,3.244090241354e+01,9.042203665084e+00,3.113448076559e+00
8.000000000000e-01,-3.057787514669e+01,1.204436484639e+01,3.286446672379e+01,9.049548605863e+00,3.113448076559e+00
8.004000000000e-01,-3.106287752528e+01,1.196608395334e+01,3.328797869094e+01,9.057076347611e+00,3.113448076559e+00
8.008000000000e-01,-3.154984401106e+01,1.187493290608e+01,3.371063168566e+01,9.064792351504e+00,3.113448076559e+00
8.012000000000e-01,-3.203790343337e+01,1.177016209972e+01,3.413156855844e+01,9.072702395147e+00,3.113448076559e+00
8.016000000000e-01,-3.252611800727e+01,1.165101355855e+01,3.454988378510e+01,9.080812470248e+00,3.113448076559e+00
8.020000000000e-01,-3.301348337040e+01,1.151672208980e+01,3.496462457887e+01,9.089128860305e+00,3.113448076559e+00
8.024000000000e-01,-3.349892876476e+01,1.136651944046e+01,3.537479318069e+01,9.097658140904e+00,3.113448076559e+00
8.028000000000e-01,-3.398131797363e+01,1.119964045024e+01,3.577935043345e+01,9.106407139614e+00,3.113448076559e+00
8.032000000000e-01,-3.445945137727e+01,1.101532367561e+01,3.617721858989e+01,9.115383057913e+00,3.113448076559e+00
8.036000000000e-01,-3.493206780120e+01,1.081282243614e+01,3.656728715536e+01,9.124593316829e+00,3.113448076559e+00
8.040000000000e-01,-3.539784877905e+01,1.059140269157e+01,3.694841686946e+01,9.134045773988e+00,3.113448076559e+00
8.044000000000e-01,-3.585542157444e+01,1.035035726185e+01,3.731944736633e+01,9.143748501313e+00,3.113448076559e+00
8.048000000000e-01,-3.630336561472e+01,1.008900305034e+01,3.767920298395e+01,9.153710033354e+00,3.113448076559e+00
8.052000000000e-01,-3.674021711738e+01,9.806695664448e+00,3.802650172824e+01,9.163939147893e+00,3.113448076559e+00
8.056000000000e-01,-3.716447728056e+01,9.502828313253e+00,3.836016315774e+01,9.174445074503e+00,3.113448076559e+00
8.060000000000e-01,-3.757461895712e+01,9.176844226198e+00,3.867901833972e+01,9.185237339737e+00,3.113448076559e+00
8.064000000000e-01,-3.796909612733e+01,8.828238839427e+00,3.898191967737e+01,9.196325884667e+00,3.113448076559e+00
8.068000000000e-01,-3.834635279521e+01,8.456568203101e+00,3.926775163500e+01,9.207721010461e+00,3.113448076559e+00
8.072000000000e-01,-3.870483324298e+01,8.061455079267e+00,3.953544200287e+01,9.219433379597e+00,3.113448076559e+00
8.076000000000e-01,-3.904299295938e+01,7.642592369448e+00,3.978397312175e+01,9.231474072394e+00,3.113448076559e+00
8.080000000000e-01,-3.935930921001e+01,7.199752844811e+00,4.001239386134e+01,9.243854469584e+00,3.113448076559e+00
8.084000000000e-01,-3.965229342551e+01,6.732787427925e+00,4.021983093515e+01,9.256586408437e+00,3.113448076559e+00
8.088000000000e-01,-3.992050165985e+01,6.241637506378e+00,4.040550075837e+01,9.269681963513e+00,3.113448076559e+00
8.092000000000e-01,-4.016254754729e+01,5.726328639425e+00,4.056872028022e+01,9.283153673140e+00,3.113448076559e+00
8.096000000000e-01,-4.037711223766e+01,5.186983814481e+00,4.070891786506e+01,9.297014249850e+00,3.113448076559e+00
8.100000000000e-01,-4.056295684230e+01,4.623813786573e+00,4.082564294317e+01,9.311276834722e+00,3.113448076559e+00
8.104000000000e-01,-4.071893142442e+01,4.037129267321e+00,4.091857511043e+01,9.325954678691e+00,3.113448076559e+00
8.108000000000e-01,-4.084398584516e+01,3.427329592756e+00,4.098753185857e+01,9.341061374271e+00,3.113448076559e+00
8.112000000000e-01,-4.093717734452e+01,2.794911737259e+00,4.103247519412e+01,9.356610552833e+00,3.113448076559e+00
8.116000000000e-01,-4.099767885573e+01,2.140459255283e+00,4.105351674803e+01,9.372616041803e+00,3.113448076559e+00
8.120000000000e-01,-4.102478468649e+01,1.464646260550e+00,4.105092139333e+01,9.389091619712e+00,3.113448076559e+00
8.124000000000e-01,-4.101791573069e+01,7.682285215760e-01,4.102510921316e+01,9.406051053255e+00,3.113448076559e+00
8.128000000000e-01,-4.097662273459e+01,5.204110612595e-02,4.097665578119e+01,9.423507942045e+00,3.113448076559e+00
8.132000000000e-01,-4.090058824499e+01,-6.830068142913e-01,4.090629067876e+01,9.441475601702e+00,3.113448076559e+00
8.136000000000e-01,-4.078962700572e+01,-1.435941209187e+00,4.081489432084e+01,9.459967016700e+00,3.113448076559e+00
8.140000000000e-01,-4.064368491213e+01,-2.205723670988e+00,4.070349297234e+01,9.478994551995e+00,3.113448076559e+00
8.144000000000e-01,-4.046283622995e+01,-2.991267180190e+00,4.057325221269e+01,9.498570014664e+00,3.113448076559e+00
8.148000000000e-01,-4.024728016486e+01,-3.791431727252e+00,4.042546864554e+01,9.518704199685e+00,3.113448076559e+00
8.152000000000e-01,-3.999733485918e+01,-4.605045070296e+00,4.026156027698e+01,9.539407037101e+00,3.113448076559e+00
8.156000000000e-01,-3.971343232351e+01,-5.430894592834e+00,4.008305531010e+01,9.560687010212e+00,3.113448076559e+00
8.160000000000e-01,-3.939610959879e+01,-6.267750096663e+00,3.989157984831e+01,9.582551332950e+00,3.113448076559e+00
8.164000000000e-01,-3.904600261104e+01,-7.114354620506e+00,3.968884429620e+01,9.605005322650e+00,3.113448076559e+00
8.168000000000e-01,-3.866383555646e+01,-7.969444663076e+00,3.947662888564e+01,9.628052512243e+00,3.113448076559e+00
8.172000000000e-01,-3.825041362750e+01,-8.831744559059e+00,3.925676826525e+01,9.651694113479e+00,3.113448076559e+00
8.176000000000e-01,-3.780661263466e+01,-9.699977888885e+00,3.903113539154e+01,9.675928924596e+00,3.113448076559e+00
8.180000000000e-01,-3.733336949408e+01,-1.057287173933e+01,3.880162489636e+01,9.700753075779e+00,3.113448076559e+00
8.184000000000e-01,-3.683167528588e+01,-1.144915192172e+01,3.857013590968e+01,9.726159556242e+00,3.113448076559e+00
8.188000000000e-01,-3.630256106022e+01,-1.232756434785e+01,3.833855477559e+01,9.752138474829e+00,3.113448076559e+00
8.192000000000e-01,-3.574709866204e+01,-1.320684684403e+01,3.810873740122e+01,9.778676021431e+00,3.113448076559e+00
8.196000000000e-01,-3.516637828974e+01,-1.408577399567e+01,3.788249188048e+01,9.805755474016e+00,3.113448076559e+00
8.200000000000e-01,-3.456152185515e+01,-1.496310078279e+01,3.766156101358e+01,9.833355456879e+00,3.113448076559e+00
8.204000000000e-01,-3.393364867933e+01,-1.583763363010e+01,3.744760542002e+01,9.861451846157e+00,3.113448076559e+00
8.208000000000e-01,-3.328390493589e+01,-1.670814653955e+01,3.724218694664e+01,9.890015320731e+00,3.113448076559e+00
8.212000000000e-01,-3.261341597282e+01,-1.757347433876e+01,3.704675291778e+01,9.919014133917e+00,3.113448076559e+00
8.216000000000e-01,-3.192333154258e+01,-1.843241022775e+01,3.686262122505e+01,9.948411181528e+00,3.113448076559e+00
8.220000000000e-01,-3.121476819883e+01,-1.928380835925e+01,3.669096644330e+01,9.978167325061e+00,3.113448076559e+00
8.224000000000e-01,-3.048886349052e+01,-2.012648059887e+01,3.653280742347e+01,1.000823848182e+01,3.113448076559e+00
8.228000000000e-01,-2.974671868765e+01,-2.095928834879e+01,3.638899614952e+01,1.003857889834e+01,3.113448076559e+00
8.232000000000e-01,-2.898944868749e+01,-2.178106048364e+01,3.626020864525e+01,1.006913894267e+01,3.113448076559e+00
8.236000000000e-01,-2.821813940888e+01,-2.259065495806e+01,3.614693739631e+01,1.009986764352e+01,3.113448076559e+00
8.240000000000e-01,-2.743387918812e+01,-2.338691362660e+01,3.604948621390e+01,1.013071172702e+01,3.113448076559e+00
8.244000000000e-01,-2.663774176996e+01,-2.416868553960e+01,3.596796696111e+01,1.016161700699e+01,3.113448076559e+00
8.248000000000e-01,-2.583079261987e+01,-2.493481926555e+01,3.590229880072e+01,1.019252873831e+01,3.113448076559e+00
8.252000000000e-01,-2.501409666962e+01,-2.568415669710e+01,3.585220965908e+01,1.022339198412e+01,3.113448076559e+00
8.256000000000e-01,-2.418870748463e+01,-2.641554678677e+01,3.581724000842e+01,1.025415273489e+01,3.113448076559e+00
8.260000000000e-01,-2.335568334870e+01,-2.712783254787e+01,3.579674906231e+01,1.028475794379e+01,3.113448076559e+00
8.264000000000e-01,-2.251608109546e+01,-2.781986119962e+01,3.578992295415e+01,1.031515641178e+01,3.113448076559e+00
8.268000000000e-01,-2.167095489006e+01,-2.849048877606e+01,3.579578517851e+01,1.034529940640e+01,3.113448076559e+00
8.272000000000e-01,-2.082137789873e+01,-2.913856793611e+01,3.581320872204e+01,1.037514041380e+01,3.113448076559e+00
8.276000000000e-01,-1.996840697398e+01,-2.976297990737e+01,3.584092981557e+01,1.040463681997e+01,3.113448076559e+00
8.280000000000e-01,-1.911313515411e+01,-3.036260238912e+01,3.587756345209e+01,1.043374846232e+01,3.113448076559e+00
8.284000000000e-01,-1.825663563615e+01,-3.093635434060e+01,3.592161973852e+01,1.046243979860e+01,3.113448076559e+00
8.288000000000e-01,-1.740001514576e+01,-3.148316746222e+01,3.597152152088e+01,1.049067830187e+01,3.113448076559e+00
8.292000000000e-01,-1.654437730738e+01,-3.200201613818e+01,3.602562223470e+01,1.051843575366e+01,3.113448076559e+00
8.296000000000e-01,-1.569083303442e+01,-3.249191711207e+01,3.608222441773e+01,1.054568788759e+01,3.113448076559e+00
8.300000000000e-01,-1.484052023353e+01,-3.295192750310e+01,3.613959832332e+01,1.057241370468e+01,3.113448076559e+00
8.304000000000e-01,-1.399454962799e+01,-3.338117738709e+01,3.619600009723e+01,1.059859697343e+01,3.113448076559e+00
8.308000000000e-01,-1.315407893318e+01,-3.377884333454e+01,3.624969033799e+01,1.062422375225e+01,3.113448076559e+00
8.312000000000e-01,-1.232022251865e+01,-3.414419410019e+01,3.629895141268e+01,1.064928482872e+01,3.113448076559e+00
8.316000000000e-01,-1.149412790591e+01,-3.447656611347e+01,3.634210488255e+01,1.067377311177e+01,3.113448076559e+00
8.320000000000e-01,-1.067691552270e+01,-3.477539298815e+01,3.637752716389e+01,1.069768505197e+01,3.113448076559e+00
8.324000000000e-01,-9.869695602395e+00,-3.504020400779e+01,3.640366448850e+01,1.072101974625e+01,3.113448076559e+00
8.328000000000e-01,-9.073577549942e+00,-3.527062729413e+01,3.641904665523e+01,1.074377827145e+01,3.113448076559e+00
8.332000000000e-01,-8.289620365099e+00,-3.546640762538e+01,3.642229915377e+01,1.076596468034e+01,3.113448076559e+00
8.336000000000e-01,-7.518885668338e+00,-3.562739659416e+01,3.641215497291e+01,1.078758408202e+01,3.113448076559e+00
8.340000000000e-01,-6.762375567072e+00,-3.575357085724e+01,3.638746421989e+01,1.080864398794e+01,3.113448076559e+00
8.344000000000e-01,-6.021064950648e+00,-3.584502504255e+01,3.634720131511e+01,1.082915299283e+01,3.113448076559e+00
8.348000000000e-01,-5.295883359794e+00,-3.590197658228e+01,3.629047124350e+01,1.084912090186e+01,3.113448076559e+00
8.352000000000e-01,-4.587696856962e+00,-3.592476740767e+01,3.621651385414e+01,1.086855887077e+01,3.113448076559e+00
8.356000000000e-01,-3.897329782697e+00,-3.591385921276e+01,3.612470709901e+01,1.088747846298e+01,3.113448076559e+00
8.360000000000e-01,-3.225530552583e+00,-3.586983728017e+01,3.601457029942e+01,1.090589229679e+01,3.113448076559e+00
8.364000000000e-01,-2.572987168243e+00,-3.579340162839e+01,3.588576128632e+01,1.092381332366e+01,3.113448076559e+00
8.368000000000e-01,-1.940317560131e+00,-3.568536320276e+01,3.573807464242e+01,1.094125485116e+01,3.113448076559e+00
8.372000000000e-01,-1.328059962475e+00,-3.554663824944e+01,3.557143845981e+01,1.095823059991e+01,3.113448076559e+00
8.376000000000e-01,-7.366815863544e-01,-3.537824143330e+01,3.538591056723e+01,1.097475428324e+01,3.113448076559e+00
8.380000000000e-01,-1.665680600907e-01,-3.518127976686e+01,3.518167407831e+01,1.099083975782e+01,3.113448076559e+00
8.384000000000e-01,3.819745904970e-01,-3.495694000456e+01,3.495902686103e+01,1.100650085577e+01,3.113448076559e+00
8.388000000000e-01,9.087187596990e-01,-3.470647931695e+01,3.471837375745e+01,1.102175127832e+01,3.113448076559e+00
8.392000000000e-01,1.413516721138e+00,-3.443121908228e+01,3.446022166228e+01,1.103660459256e+01,3.113448076559e+00
8.396000000000e-01,1.896299287931e+00,-3.413253212340e+01,3.418516783847e+01,1.105107418026e+01,3.113448076559e+00
8.400000000000e-01,2.357072129277e+00,-3.381183147481e+01,3.389388937115e+01,1.106517315015e+01,3.113448076559e+00
8.404000000000e-01,2.795913895023e+00,-3.347056059846e+01,3.358713386527e+01,1.107891432673e+01,3.113448076559e+00
8.408000000000e-01,3.212975237390e+00,-3.311018340169e+01,3.326570989427e+01,1.109231029038e+01,3.113448076559e+00
8.412000000000e-01,3.608470460512e+00,-3.273217513317e+01,3.293047749445e+01,1.110537321698e+01,3.113448076559e+00
8.416000000000e-01,3.982676437545e+00,-3.233801030853e+01,3.258233604763e+01,1.111811496042e+01,3.113448076559e+00
8.420000000000e-01,4.335929907469e+00,-3.192915413992e+01,3.222221550814e+01,1.113054709922e+01,3.113448076559e+00
8.424000000000e-01,4.668616547463e+00,-3.150705708489e+01,3.185106947369e+01,1.114268073063e+01,3.113448076559e+00
8.428000000000e-01,4.981171143870e+00,-3.107314310861e+01,3.146986318071e+01,1.115452663816e+01,3.113448076559e+00
8.432000000000e-01,5.274073287363e+00,-3.062880355510e+01,3.107956653909e+01,1.116609531664e+01,3.113448076559e+00
8.436000000000e-01,5.547835774171e+00,-3.017539326723e+01,3.068114796759e+01,1.117739675788e+01,3.113448076559e+00
8.440000000000e-01,5.803005473953e+00,-2.971422204641e+01,3.027556546712e+01,1.118844065615e+01,3.113448076559e+00
8.444000000000e-01,6.040158760565e+00,-2.924655103156e+01,2.986376173717e+01,1.119923642665e+01,3.113448076559e+00
8.448000000000e-01,6.259890029591e+00,-2.877358936008e+01,2.944665800809e+01,1.120979299326e+01,3.113448076559e+00
8.452000000000e-01,6.462813151066e+00,-2.829649056361e+01,2.902514999173e+01,1.122011899633e+01,3.113448076559e+00
8.456000000000e-01,6.649557448628e+00,-2.781634974160e+01,2.860010362235e+01,1.123022282248e+01,3.113448076559e+00
8.460000000000e-01,6.820757126692e+00,-2.733420130250e+01,2.817234971789e+01,1.124011240432e+01,3.113448076559e+00
8.464000000000e-01,6.977053244543e+00,-2.685102131550e+01,2.774268584083e+01,1.124979539725e+01,3.113448076559e+00
8.468000000000e-01,7.119089751324e+00,-2.636772160099e+01,2.731186887261e+01,1.125927922624e+01,3.113448076559e+00
8.472000000000e-01,7.247506191917e+00,-2.588515244072e+01,2.688061500192e+01,1.126857093627e+01,3.113448076559e+00
8.476000000000e-01,7.362938342858e+00,-2.540410757202e+01,2.644960382637e+01,1.127767728137e+01,3.113448076559e+00
8.480000000000e-01,7.466014268132e+00,-2.492531439421e+01,2.601946707183e+01,1.128660479826e+01,3.113448076559e+00
8.484000000000e-01,7.557353152146e+00,-2.444944573457e+01,2.559079880335e+01,1.129535975621e+01,3.113448076559e+00
8.488000000000e-01,7.637560128898e+00,-2.397711735420e+01,2.516415071763e+01,1.130394809157e+01,3.113448076559e+00
8.492000000000e-01,7.707227110059e+00,-2.350888695328e+01,2.474003062868e+01,1.131237554861e+01,3.113448076559e+00
8.496000000000e-01,7.766933419778e+00,-2.304526299694e+01,2.431891036509e+01,1.132064769340e+01,3.113448076559e+00
8.500000000000e-01,7.817237392648e+00,-2.258669832872e+01,2.390121632566e+01,1.132876975611e+01,3.113448076559e+00
8.504000000000e-01,7.858682976670e+00,-2.213360329091e+01,2.348734324625e+01,1.133674679342e+01,3.113448076559e+00
8.508000000000e-01,7.891794447172e+00,-2.168633607193e+01,2.307764268337e+01,1.134458368658e+01,3.113448076559e+00
8.512000000000e-01,7.917078262831e+00,-2.124521524098e+01,2.267243478005e+01,1.135228511082e+01,3.113448076559e+00
8.516000000000e-01,7.935019879528e+00,-2.081051760771e+01,2.227200448072e+01,1.135985549441e+01,3.113448076559e+00
8.520000000000e-01,7.946085718915e+00,-2.038248057224e+01,2.187660377047e+01,1.136729912149e+01,3.113448076559e+00
8.524000000000e-01,7.950724122754e+00,-1.996130713927e+01,2.148645612437e+01,1.137462014710e+01,3.113448076559e+00
8.528000000000e-01,7.949361126797e+00,-1.954716420191e+01,2.110175278646e+01,1.138182249318e+01,3.113448076559e+00
8.532000000000e-01,7.942405291933e+00,-1.914019208170e+01,2.072266282951e+01,1.138890993258e+01,3.113448076559e+00
8.536000000000e-01,7.930243934894e+00,-1.874049697468e+01,2.034932420807e+01,1.139588609623e+01,3.113448076559e+00
8.540000000000e-01,7.913248488081e+00,-1.834816358199e+01,1.998185698241e+01,1.140275451634e+01,3.113448076559e+00
8.544000000000e-01,7.891768094744e+00,-1.796324761074e+01,1.962035342153e+01,1.140951850758e+01,3.113448076559e+00
8.548000000000e-01,7.866136824705e+00,-1.758578776501e+01,1.926489137943e+01,1.141618128563e+01,3.113448076559e+00
8.552000000000e-01,7.836668685742e+00,-1.721579697212e+01,1.891552382239e+01,1.142274593646e+01,3.113448076559e+00
8.556000000000e-01,7.803663643325e+00,-1.685327448746e+01,1.857229192124e+01,1.142921546790e+01,3.113448076559e+00
8.560000000000e-01,7.767401809214e+00,-1.649819873799e+01,1.823521572299e+01,1.143559270033e+01,3.113448076559e+00
8.564000000000e-01,7.728150121148e+00,-1.615053738698e+01,1.790430568839e+01,1.144188037789e+01,3.113448076559e+00
8.568000000000e-01,7.686158122421e+00,-1.581024041912e+01,1.757955428312e+01,1.144808113084e+01,3.113448076559e+00
8.572000000000e-01,7.641663101799e+00,-1.547724912773e+01,1.726094596259e+01,1.145419752923e+01,3.113448076559e+00
8.576000000000e-01,7.594885909609e+00,-1.515149144914e+01,1.694845081751e+01,1.146023198917e+01,3.113448076559e+00
8.580000000000e-01,7.546035600026e+00,-1.483288828848e+01,1.664203197496e+01,1.146618685488e+01,3.113448076559e+00
8.584000000000e-01,7.495307442748e+00,-1.452135032912e+01,1.634164156510e+01,1.147206437983e+01,3.113448076559e+00
8.588000000000e-01,7.442885491406e+00,-1.421678194352e+01,1.604722509557e+01,1.147786676050e+01,3.113448076559e+00
8.592000000000e-01,7.388941659990e+00,-1.391908104612e+01,1.575872063408e+01,1.148359608870e+01,3.113448076559e+00
8.596000000000e-01,7.333636531389e+00,-1.362814005078e+01,1.547605977044e+01,1.148925436496e+01,3.113448076559e+00
8.600000000000e-01,7.277121012265e+00,-1.334384757752e+01,1.519916966151e+01,1.149484353634e+01,3.113448076559e+00
8.604000000000e-01,7.219535327839e+00,-1.306608716105e+01,1.492797119672e+01,1.150036547498e+01,3.113448076559e+00
8.608000000000e-01,7.161011509825e+00,-1.279474067767e+01,1.466238298684e+01,1.150582200895e+01,3.113448076559e+00
8.612000000000e-01,7.101671262853e+00,-1.252968635837e+01,1.440231838853e+01,1.151121485373e+01,3.113448076559e+00
8.616000000000e-01,7.041629073333e+00,-1.227080164414e+01,1.414768931650e+01,1.151654569395e+01,3.113448076559e+00
8.620000000000e-01,6.980990893771e+00,-1.201796185742e+01,1.389840426327e+01,1.152181614153e+01,3.113448076559e+00
8.624000000000e-01,6.919855720610e+00,-1.177104163893e+01,1.365437015975e+01,1.152702777390e+01,3.113448076559e+00
8.628000000000e-01,6.858315456241e+00,-1.152991533130e+01,1.341549247864e+01,1.153218210248e+01,3.113448076559e+00
8.632000000000e-01,6.796454977585e+00,-1.129445696858e+01,1.318167510135e+01,1.153728056645e+01,3.113448076559e+00
8.636000000000e-01,6.734353517851e+00,-1.106454107337e+01,1.295282156396e+01,1.154232458072e+01,3.113448076559e+00
8.640000000000e-01,6.672084125391e+00,-1.084004255917e+01,1.272883456020e+01,1.154731549447e+01,3.113448076559e+00
8.644000000000e-01,6.609714727014e+00,-1.062083703730e+01,1.250961662663e+01,1.155225463859e+01,3.113448076559e+00
8.648000000000e-01,6.547307921896e+00,-1.040680142610e+01,1.229507043276e+01,1.155714327622e+01,3.113448076559e+00
8.652000000000e-01,6.484921376907e+00,-1.019781380131e+01,1.208509874146e+01,1.156198262337e+01,3.113448076559e+00
8.656000000000e-01,6.422608411164e+00,-9.993753509914e+00,1.187960470807e+01,1.156677387350e+01,3.113448076559e+00
8.660000000000e-01,6.360418158205e+00,-9.794501910334e+00,1.167849248913e+01,1.157151816486e+01,3.113448076559e+00
8.664000000000e-01,6.298395755362e+00,-9.599941479052e+00,1.148166649456e+01,1.157621662306e+01,3.113448076559e+00
8.668000000000e-01,6.236582678556e+00,-9.409957016951e+00,1.128903249031e+01,1.158087031836e+01,3.113448076559e+00
8.672000000000e-01,6.175016864857e+00,-9.224435265171e+00,1.110049725204e+01,1.158548027981e+01,3.113448076559e+00
8.676000000000e-01,6.113732895376e+00,-9.043264410072e+00,1.091596817083e+01,1.159004752240e+01,3.113448076559e+00
8.680000000000e-01,6.052762707604e+00,-8.866335622796e+00,1.073535485071e+01,1.159457301217e+01,3.113448076559e+00
8.684000000000e-01,5.992135148940e+00,-8.693541447984e+00,1.055856744786e+01,1.159905770296e+01,3.113448076559e+00
8.688000000000e-01,5.931876457659e+00,-8.524776742000e+00,1.038551764766e+01,1.160350251458e+01,3.113448076559e+00
8.692000000000e-01,5.872010626391e+00,-8.359939202322e+00,1.021611923692e+01,1.160790832012e+01,3.113448076559e+00
8.696000000000e-01,5.812558890206e+00,-8.198927703397e+00,1.005028638088e+01,1.161227598596e+01,3.113448076559e+00
8.700000000000e-01,5.753540805882e+00,-8.041644195155e+00,9.887935738384e+00,1.161660634194e+01,3.113448076559e+00
8.704000000000e-01,5.694973953733e+00,-7.887992827861e+00,9.728985516799e+00,1.162090019518e+01,3.113448076559e+00
8.708000000000e-01,5.636873603775e+00,-7.737879112966e+00,9.573354542260e+00,1.162515834304e+01,3.113448076559e+00
8.712000000000e-01,5.579253903995e+00,-7.591212015775e+00,9.420964599960e+00,1.162938153586e+01,3.113448076559e+00
8.716000000000e-01,5.522127054672e+00,-7.447902096085e+00,9.271738393679e+00,1.163357050941e+01,3.113448076559e+00
8.720000000000e-01,5.465503510802e+00,-7.307861624658e+00,9.125599714634e+00,1.163772598697e+01,3.113448076559e+00
8.724000000000e-01,5.409393092235e+00,-7.171006270771e+00,8.982475413924e+00,1.164184865675e+01,3.113448076559e+00
8.728000000000e-01,5.353803794095e+00,-7.037252906997e+00,8.842292889443e+00,1.164593920062e+01,3.113448076559e+00
8.732000000000e-01,5.298742328434e+00,-6.906520406481e+00,8.704981010219e+00,1.164999828171e+01,3.113448076559e+00
8.736000000000e-01,5.244214930921e+00,-6.778730801830e+00,8.570471487927e+00,1.165402652684e+01,3.113448076559e+00
8.740000000000e-01,5.190226156911e+00,-6.653807115903e+00,8.438696386026e+00,1.165802455842e+01,3.113448076559e+00
8.744000000000e-01,5.136779695823e+00,-6.531674494575e+00,8.309589481226e+00,1.166199298210e+01,3.113448076559e+00
8.748000000000e-01,5.083879004554e+00,-6.412261010522e+00,8.183087253599e+00,1.166593237709e+01,3.113448076559e+00
8.752000000000e-01,5.031526035650e+00,-6.295495605157e+00,8.059126451544e+00,1.166984331990e+01,3.113448076559e+00
8.756000000000e-01,4.979722080620e+00,-6.181309281669e+00,7.937645522185e+00,1.167372636842e+01,3.113448076559e+00
8.760000000000e-01,4.928468336938e+00,-6.069635808779e+00,7.818585485842e+00,1.167758205223e+01,3.113448076559e+00
8.764000000000e-01,4.877764669899e+00,-5.960409749028e+00,7.701887596636e+00,1.168141089839e+01,3.113448076559e+00
8.768000000000e-01,4.827610414402e+00,-5.853567513748e+00,7.587494642585e+00,1.168521342047e+01,3.113448076559e+00
8.772000000000e-01,4.778005078699e+00,-5.749048227088e+00,7.475352035152e+00,1.168899010894e+01,3.113448076559e+00
8.776000000000e-01,4.728947026592e+00,-5.646791781907e+00,7.365405447667e+00,1.169274145199e+01,3.113448076559e+00
8.780000000000e-01,4.680434039156e+00,-5.546739565712e+00,7.257601711635e+00,1.169646792631e+01,3.113448076559e+00
8.784000000000e-01,4.632464256662e+00,-5.448835657755e+00,7.151890317565e+00,1.170016998230e+01,3.113448076559e+00
8.788000000000e-01,4.585034889134e+00,-5.353024951358e+00,7.048221127663e+00,1.170384806669e+01,3.113448076559e+00
8.792000000000e-01,4.538142462329e+00,-5.259253420630e+00,6.946544720276e+00,1.170750262030e+01,3.113448076559e+00
8.796000000000e-01,4.491784069535e+00,-5.167469678124e+00,6.846814368862e+00,1.171113406188e+01,3.113448076559e+00
8.800000000000e-01,4.445956170184e+00,-5.077623312673e+00,6.748983980763e+00,1.171474280495e+01,3.113448076559e+00
8.804000000000e-01,4.400654418478e+00,-4.989664625700e+00,6.653007770012e+00,1.171832926022e+01,3.113448076559e+00
8.808000000000e-01,4.355874962612e+00,-4.903546246717e+00,6.558842312756e+00,1.172189381666e+01,3.113448076559e+00
8.812000000000e-01,4.311613718896e+00,-4.819222108321e+00,6.466445282402e+00,1.172543685313e+01,3.113448076559e+00
8.816000000000e-01,4.267865771373e+00,-4.736646632572e+00,6.375774428594e+00,1.172895874790e+01,3.113448076559e+00
8.820000000000e-01,4.224626421872e+00,-4.655775984709e+00,6.286789198325e+00,1.173245986590e+01,3.113448076559e+00
8.824000000000e-01,4.181891265748e+00,-4.576568087336e+00,6.199450783461e+00,1.173594055836e+01,3.113448076559e+00
8.828000000000e-01,4.139655168734e+00,-4.498981318717e+00,6.113720456660e+00,1.173940117587e+01,3.113448076559e+00
8.832000000000e-01,4.097912734811e+00,-4.422975053373e+00,6.029560274588e+00,1.174284206215e+01,3.113448076559e+00
8.836000000000e-01,4.056659220645e+00,-4.348510706754e+00,5.946934453918e+00,1.174626354197e+01,3.113448076559e+00
8.840000000000e-01,4.015889425414e+00,-4.275550337660e+00,5.865807580122e+00,1.174966593688e+01,3.113448076559e+00
8.844000000000e-01,3.975597585818e+00,-4.204056495486e+00,5.786144414168e+00,1.175304956708e+01,3.113448076559e+00
8.848000000000e-01,3.935778486320e+00,-4.133993472521e+00,5.707911555396e+00,1.175641473867e+01,3.113448076559e+00
8.852000000000e-01,3.896427009623e+00,-4.065326722290e+00,5.631076699911e+00,1.175976174932e+01,3.113448076559e+00
8.856000000000e-01,3.857537449495e+00,-3.998022037290e+00,5.555607562176e+00,1.176309089658e+01,3.113448076559e+00
8.860000000000e-01,3.819104044520e+00,-3.932046138423e+00,5.481472661389e+00,1.176640247113e+01,3.113448076559e+00
8.864000000000e-01,3.781121667953e+00,-3.867367411845e+00,5.408642321883e+00,1.176969674829e+01,3.113448076559e+00
8.868000000000e-01,3.743584821619e+00,-3.803954724103e+00,5.337087113743e+00,1.177297400131e+01,3.113448076559e+00
8.872000000000e-01,3.706487560675e+00,-3.741777319570e+00,5.266777719506e+00,1.177623450254e+01,3.113448076559e+00
8.876000000000e-01,3.669824438098e+00,-3.680805831524e+00,5.197686309873e+00,1.177947851305e+01,3.113448076559e+00
8.880000000000e-01,3.633590239159e+00,-3.621011944156e+00,5.129786109170e+00,1.178270628585e+01,3.113448076559e+00
8.884000000000e-01,3.597779300107e+00,-3.562367625074e+00,5.063050364006e+00,1.178591807382e+01,3.113448076559e+00
8.888000000000e-01,3.562385775593e+00,-3.504845401340e+00,4.997452721281e+00,1.178911412645e+01,3.113448076559e+00
8.892000000000e-01,3.527404490791e+00,-3.448419244084e+00,4.932968449587e+00,1.179229467964e+01,3.113448076559e+00
8.896000000000e-01,3.492830137250e+00,-3.393063668206e+00,4.869573228136e+00,1.179545996585e+01,3.113448076559e+00
8.900000000000e-01,3.458657008523e+00,-3.338753436445e+00,4.807242745273e+00,1.179861021745e+01,3.113448076559e+00
8.904000000000e-01,3.424879539214e+00,-3.285464107219e+00,4.745953461419e+00,1.180174566094e+01,3.113448076559e+00
8.908000000000e-01,3.391492724318e+00,-3.233172436479e+00,4.685683184244e+00,1.180486651249e+01,3.113448076559e+00
8.912000000000e-01,3.358491293127e+00,-3.181855496072e+00,4.626409856886e+00,1.180797298724e+01,3.113448076559e+00
8.916000000000e-01,3.325869654136e+00,-3.131490608082e+00,4.568111468080e+00,1.181106529996e+01,3.113448076559e+00
8.920000000000e-01,3.293622570852e+00,-3.082056018961e+00,4.510767001657e+00,1.181414365707e+01,3.113448076559e+00
8.924000000000e-01,3.261745160059e+00,-3.033530866308e+00,4.454356407610e+00,1.181720825694e+01,3.113448076559e+00
8.928000000000e-01,3.230232252603e+00,-2.985894512728e+00,4.398859675745e+00,1.182025929757e+01,3.113448076559e+00
8.932000000000e-01,3.199078436262e+00,-2.939126581138e+00,4.344256887122e+00,1.182329697628e+01,3.113448076559e+00
8.936000000000e-01,3.168278772482e+00,-2.893207646634e+00,4.290529205903e+00,1.182632148197e+01,3.113448076559e+00
8.940000000000e-01,3.137828546252e+00,-2.848118962715e+00,4.237658505761e+00,1.182933299803e+01,3.113448076559e+00
8.944000000000e-01,3.107722777017e+00,-2.803841968502e+00,4.185626672688e+00,1.183233170778e+01,3.113448076559e+00
8.948000000000e-01,3.077956296934e+00,-2.760358358957e+00,4.134415706686e+00,1.183531779355e+01,3.113448076559e+00
8.952000000000e-01,3.048524423683e+00,-2.717650720159e+00,4.084008643302e+00,1.183829142894e+01,3.113448076559e+00
8.956000000000e-01,3.019422626152e+00,-2.675702183386e+00,4.034389070168e+00,1.184125278293e+01,3.113448076559e+00
8.960000000000e-01,2.990646136833e+00,-2.634496042823e+00,3.985540580073e+00,1.184420202441e+01,3.113448076559e+00
8.964000000000e-01,2.962190029912e+00,-2.594015824231e+00,3.937446871981e+00,1.184713932145e+01,3.113448076559e+00
8.968000000000e-01,2.934049851302e+00,-2.554245862247e+00,3.890092602333e+00,1.185006483453e+01,3.113448076559e+00
8.972000000000e-01,2.906221301959e+00,-2.515170983717e+00,3.843462935075e+00,1.185297872007e+01,3.113448076559e+00
8.976000000000e-01,2.878699875857e+00,-2.476776161918e+00,3.797543038796e+00,1.185588113448e+01,3.113448076559e+00
8.980000000000e-01,2.851480911656e+00,-2.439046560219e+00,3.752318151817e+00,1.185877223355e+01,3.113448076559e+00
8.984000000000e-01,2.824560146543e+00,-2.401968029344e+00,3.707774323692e+00,1.186165216613e+01,3.113448076559e+00
8.988000000000e-01,2.797933514646e+00,-2.365526904813e+00,3.663898127647e+00,1.186452107659e+01,3.113448076559e+00
8.992000000000e-01,2.771596771949e+00,-2.329709656888e+00,3.620676145649e+00,1.186737910922e+01,3.113448076559e+00
8.996000000000e-01,2.745545515378e+00,-2.294502904449e+00,3.578094989731e+00,1.187022640806e+01,3.113448076559e+00
9.000000000000e-01,2.719775642261e+00,-2.259893816342e+00,3.536141909677e+00,1.187306311195e+01,3.113448076559e+00
9.004000000000e-01,2.694283338439e+00,-2.225870084801e+00,3.494804764533e+00,1.187588935471e+01,3.113448076559e+00
9.008000000000e-01,2.669064645839e+00,-2.192419534006e+00,3.454071437703e+00,1.187870527000e+01,3.113448076559e+00
9.012000000000e-01,2.644115450544e+00,-2.159530106857e+00,3.413929817413e+00,1.188151099140e+01,3.113448076559e+00
9.016000000000e-01,2.619431783931e+00,-2.127190122202e+00,3.374368190738e+00,1.188430664903e+01,3.113448076559e+00
9.020000000000e-01,2.595010051412e+00,-2.095388460287e+00,3.335375536043e+00,1.188709236694e+01,3.113448076559e+00
9.024000000000e-01,2.570846567752e+00,-2.064114150710e+00,3.296940900605e+00,1.188986826855e+01,3.113448076559e+00
9.028000000000e-01,2.546937507397e+00,-2.033356326936e+00,3.259053331702e+00,1.189263447731e+01,3.113448076559e+00
9.032000000000e-01,2.523279038559e+00,-2.003104336835e+00,3.221702048712e+00,1.189539111521e+01,3.113448076559e+00
9.036000000000e-01,2.499867742518e+00,-1.973348087054e+00,3.184876983930e+00,1.189813829818e+01,3.113448076559e+00
9.040000000000e-01,2.476700215771e+00,-1.944077697173e+00,3.148568254214e+00,1.190087614060e+01,3.113448076559e+00
9.044000000000e-01,2.453772931277e+00,-1.915283380008e+00,3.112765976428e+00,1.190360475683e+01,3.113448076559e+00
9.048000000000e-01,2.431082267790e+00,-1.886955464012e+00,3.077460302900e+00,1.190632426093e+01,3.113448076559e+00
9.052000000000e-01,2.408624885517e+00,-1.859084697663e+00,3.042641903382e+00,1.190903476229e+01,3.113448076559e+00
9.056000000000e-01,2.386397635154e+00,-1.831662163964e+00,3.008301839238e+00,1.191173636676e+01,3.113448076559e+00
9.060000000000e-01,2.364397265930e+00,-1.804679035873e+00,2.974431181530e+00,1.191442918011e+01,3.113448076559e+00
9.064000000000e-01,2.342620420137e+00,-1.778126570291e+00,2.941021001764e+00,1.191711330810e+01,3.113448076559e+00
9.068000000000e-01,2.321063804591e+00,-1.751996243103e+00,2.908062588878e+00,1.191978885457e+01,3.113448076559e+00
9.072000000000e-01,2.299724468200e+00,-1.726279963277e+00,2.875547798464e+00,1.192245591838e+01,3.113448076559e+00
9.076000000000e-01,2.278599434754e+00,-1.700969772163e+00,2.843468577262e+00,1.192511459754e+01,3.113448076559e+00
9.080000000000e-01,2.257685633352e+00,-1.676057786194e+00,2.811816872008e+00,1.192776499011e+01,3.113448076559e+00
9.084000000000e-01,2.236979922405e+00,-1.651536214384e+00,2.780584658065e+00,1.193040719385e+01,3.113448076559e+00
9.088000000000e-01,2.216479402140e+00,-1.627397598630e+00,2.749764332473e+00,1.193304130261e+01,3.113448076559e+00
9.092000000000e-01,2.196181340107e+00,-1.603634747458e+00,2.719348613526e+00,1.193566740721e+01,3.113448076559e+00
9.096000000000e-01,2.176082926489e+00,-1.580240541842e+00,2.689330227592e+00,1.193828559844e+01,3.113448076559e+00
9.100000000000e-01,2.156181268980e+00,-1.557207930132e+00,2.659701901035e+00,1.194089596705e+01,3.113448076559e+00
9.104000000000e-01,2.136473483972e+00,-1.534529995955e+00,2.630456472973e+00,1.194349860278e+01,3.113448076559e+00
9.108000000000e-01,2.116956989480e+00,-1.512200175256e+00,2.601587258838e+00,1.194609359095e+01,3.113448076559e+00
9.112000000000e-01,2.097629229397e+00,-1.490212040943e+00,2.573087699825e+00,1.194868101573e+01,3.113448076559e+00
9.116000000000e-01,2.078487574638e+00,-1.468559226396e+00,2.544951237127e+00,1.195126096131e+01,3.113448076559e+00
9.120000000000e-01,2.059529326015e+00,-1.447235426732e+00,2.517171314215e+00,1.195383351182e+01,3.113448076559e+00
9.124000000000e-01,2.040751884255e+00,-1.426234522953e+00,2.489741586501e+00,1.195639874937e+01,3.113448076559e+00
9.128000000000e-01,2.022152889518e+00,-1.405550679397e+00,2.462656090676e+00,1.195895675236e+01,3.113448076559e+00
9.132000000000e-01,2.003729949256e+00,-1.385178138548e+00,2.435908903275e+00,1.196150759881e+01,3.113448076559e+00
9.136000000000e-01,1.985480607144e+00,-1.365111197166e+00,2.409494100838e+00,1.196405136674e+01,3.113448076559e+00
9.140000000000e-01,1.967402353375e+00,-1.345344212954e+00,2.383405771453e+00,1.196658813406e+01,3.113448076559e+00
9.144000000000e-01,1.949492840950e+00,-1.325871758086e+00,2.357638279254e+00,1.196911797600e+01,3.113448076559e+00
9.148000000000e-01,1.931749893567e+00,-1.306688619418e+00,2.332186270308e+00,1.197164096508e+01,3.113448076559e+00
9.152000000000e-01,1.914171288693e+00,-1.287789639984e+00,2.307044403410e+00,1.197415717367e+01,3.113448076559e+00
9.156000000000e-01,1.896754748020e+00,-1.269169711476e+00,2.282207337352e+00,1.197666667418e+01,3.113448076559e+00
9.160000000000e-01,1.879497955304e+00,-1.250823786103e+00,2.257669751729e+00,1.197916953876e+01,3.113448076559e+00
9.164000000000e-01,1.862398774176e+00,-1.232747026986e+00,2.233426610971e+00,1.198166583674e+01,3.113448076559e+00
9.168000000000e-01,1.845455186649e+00,-1.214934760360e+00,2.209473086023e+00,1.198415563532e+01,3.113448076559e+00
9.172000000000e-01,1.828665128955e+00,-1.197382358876e+00,2.185804352453e+00,1.198663900168e+01,3.113448076559e+00
9.176000000000e-01,1.812026488439e+00,-1.180085238888e+00,2.162415585832e+00,1.198911600300e+01,3.113448076559e+00
9.180000000000e-01,1.795537123854e+00,-1.163038873717e+00,2.139301985441e+00,1.199158670619e+01,3.113448076559e+00
9.184000000000e-01,1.779195072502e+00,-1.146238932615e+00,2.116459023147e+00,1.199405117542e+01,3.113448076559e+00
9.188000000000e-01,1.762998471402e+00,-1.129681222937e+00,2.093882345220e+00,1.199650947308e+01,3.113448076559e+00
9.192000000000e-01,1.746945416451e+00,-1.113361592887e+00,2.071567600774e+00,1.199896166152e+01,3.113448076559e+00
9.196000000000e-01,1.731033960669e+00,-1.097275929866e+00,2.049510438922e+00,1.200140780310e+01,3.113448076559e+00
9.200000000000e-01,1.715262129536e+00,-1.081420170180e+00,2.027706526471e+00,1.200384795999e+01,3.113448076559e+00
9.204000000000e-01,1.699628102148e+00,-1.065790417338e+00,2.006151763775e+00,1.200628219189e+01,3.113448076559e+00
9.208000000000e-01,1.684130156113e+00,-1.050382901940e+00,1.984842216252e+00,1.200871055677e+01,3.113448076559e+00
9.212000000000e-01,1.668766533729e+00,-1.035193891785e+00,1.963773952796e+00,1.201113311256e+01,3.113448076559e+00
9.216000000000e-01,1.653535439589e+00,-1.020219689894e+00,1.942943042301e+00,1.201354991719e+01,3.113448076559e+00
9.220000000000e-01,1.638435048239e+00,-1.005456639071e+00,1.922345562159e+00,1.201596102850e+01,3.113448076559e+00
9.224000000000e-01,1.623463654963e+00,-9.909012177098e-01,1.901977776486e+00,1.201836650233e+01,3.113448076559e+00
9.228000000000e-01,1.608619673571e+00,-9.765500351415e-01,1.881836131371e+00,1.202076639256e+01,3.113448076559e+00
9.232000000000e-01,1.593901490612e+00,-9.623997364519e-01,1.861917080457e+00,1.202316075300e+01,3.113448076559e+00
9.236000000000e-01,1.579307459469e+00,-9.484469983444e-01,1.842217077384e+00,1.202554963746e+01,3.113448076559e+00
9.240000000000e-01,1.564835902117e+00,-9.346885299288e-01,1.822732577350e+00,1.202793309972e+01,3.113448076559e+00
9.244000000000e-01,1.550485209324e+00,-9.211211346565e-01,1.803460154548e+00,1.203031119227e+01,3.113448076559e+00
9.248000000000e-01,1.536253911515e+00,-9.077417519865e-01,1.784396583987e+00,1.203268396535e+01,3.113448076559e+00
9.252000000000e-01,1.522140525864e+00,-8.945473601436e-01,1.765538660018e+00,1.203505146902e+01,3.113448076559e+00
9.256000000000e-01,1.508143540300e+00,-8.815349657910e-01,1.746883176993e+00,1.203741375331e+01,3.113448076559e+00
9.260000000000e-01,1.494261413881e+00,-8.687016039980e-01,1.728426929263e+00,1.203977086827e+01,3.113448076559e+00
9.264000000000e-01,1.480492622691e+00,-8.560443657150e-01,1.710166764358e+00,1.204212286333e+01,3.113448076559e+00
9.268000000000e-01,1.466835793527e+00,-8.435604770514e-01,1.692099738082e+00,1.204446978559e+01,3.113448076559e+00
9.272000000000e-01,1.453289570562e+00,-8.312472162850e-01,1.674222957221e+00,1.204681168156e+01,3.113448076559e+00
9.276000000000e-01,1.439852572166e+00,-8.191018872382e-01,1.656533528562e+00,1.204914859773e+01,3.113448076559e+00
9.280000000000e-01,1.426523391241e+00,-8.071218192488e-01,1.639028558893e+00,1.205148058063e+01,3.113448076559e+00
9.284000000000e-01,1.413300605261e+00,-7.953043728554e-01,1.621705166272e+00,1.205380767662e+01,3.113448076559e+00
9.288000000000e-01,1.400182898857e+00,-7.836470110474e-01,1.604560621533e+00,1.205612993032e+01,3.113448076559e+00
9.292000000000e-01,1.387169028075e+00,-7.721472760620e-01,1.587592305467e+00,1.205844738506e+01,3.113448076559e+00
9.296000000000e-01,1.374257728225e+00,-7.608027343652e-01,1.570797601285e+00,1.206076008413e+01,3.113448076559e+00
9.300000000000e-01,1.361447712090e+00,-7.496109753947e-01,1.554173892197e+00,1.206306807086e+01,3.113448076559e+00
9.304000000000e-01,1.348737670348e+00,-7.385696116161e-01,1.537718561577e+00,1.206537138853e+01,3.113448076559e+00
9.308000000000e-01,1.336126328002e+00,-7.276763104130e-01,1.521429057536e+00,1.206767007967e+01,3.113448076559e+00
9.312000000000e-01,1.323612530962e+00,-7.169288419093e-01,1.505302991587e+00,1.206996418486e+01,3.113448076559e+00
9.316000000000e-01,1.311195126958e+00,-7.063250095573e-01,1.489338000618e+00,1.207225374437e+01,3.113448076559e+00
9.320000000000e-01,1.298872943792e+00,-6.958626374619e-01,1.473531721522e+00,1.207453879847e+01,3.113448076559e+00
9.324000000000e-01,1.286644789579e+00,-6.855395703592e-01,1.457881791188e+00,1.207681938742e+01,3.113448076559e+00
9.328000000000e-01,1.274509460037e+00,-6.753536774864e-01,1.442385854554e+00,1.207909555140e+01,3.113448076559e+00
9.332000000000e-01,1.262465837542e+00,-6.653029067345e-01,1.427041677271e+00,1.208136732912e+01,3.113448076559e+00
9.336000000000e-01,1.250512867829e+00,-6.553852700826e-01,1.411847118086e+00,1.208363475813e+01,3.113448076559e+00
9.340000000000e-01,1.238649481057e+00,-6.455987992908e-01,1.396800038147e+00,1.208589787597e+01,3.113448076559e+00
9.344000000000e-01,1.226874589923e+00,-6.359415447132e-01,1.381898298606e+00,1.208815672018e+01,3.113448076559e+00
9.348000000000e-01,1.215187089877e+00,-6.264115752788e-01,1.367139760612e+00,1.209041132829e+01,3.113448076559e+00
9.352000000000e-01,1.203585885601e+00,-6.170069925097e-01,1.352522315093e+00,1.209266173747e+01,3.113448076559e+00
9.356000000000e-01,1.192069986011e+00,-6.077259804571e-01,1.338043989886e+00,1.209490798314e+01,3.113448076559e+00
9.360000000000e-01,1.180638418934e+00,-5.985667586288e-01,1.323702852153e+00,1.209715010023e+01,3.113448076559e+00
9.364000000000e-01,1.169290196713e+00,-5.895275632668e-01,1.309496969061e+00,1.209938812367e+01,3.113448076559e+00
9.368000000000e-01,1.158024316385e+00,-5.806066473299e-01,1.295424407776e+00,1.210162208838e+01,3.113448076559e+00
9.372000000000e-01,1.146839760150e+00,-5.718022806236e-01,1.281483235781e+00,1.210385202929e+01,3.113448076559e+00
9.376000000000e-01,1.135735542958e+00,-5.631127742471e-01,1.267671574209e+00,1.210607798064e+01,3.113448076559e+00
9.380000000000e-01,1.124710766290e+00,-5.545365073632e-01,1.253987657757e+00,1.210829997520e+01,3.113448076559e+00
9.384000000000e-01,1.113764530665e+00,-5.460718809265e-01,1.240429735578e+00,1.211051804558e+01,3.113448076559e+00
9.388000000000e-01,1.102895922987e+00,-5.377173109749e-01,1.226996056825e+00,1.211273222435e+01,3.113448076559e+00
9.392000000000e-01,1.092104016711e+00,-5.294712286147e-01,1.213684870651e+00,1.211494254412e+01,3.113448076559e+00
9.396000000000e-01,1.081387873536e+00,-5.213320807754e-01,1.200494427924e+00,1.211714903746e+01,3.113448076559e+00
9.400000000000e-01,1.070746603611e+00,-5.132983601420e-01,1.187423048315e+00,1.211935173600e+01,3.113448076559e+00
9.404000000000e-01,1.060179385657e+00,-5.053686141312e-01,1.174469142174e+00,1.212155067019e+01,3.113448076559e+00
9.408000000000e-01,1.049685391809e+00,-4.975414065397e-01,1.161631126046e+00,1.212374587037e+01,3.113448076559e+00
9.412000000000e-01,1.039263782239e+00,-4.898153147393e-01,1.148907416473e+00,1.212593736689e+01,3.113448076559e+00
9.416000000000e-01,1.028913705291e+00,-4.821889296645e-01,1.136296429998e+00,1.212812519010e+01,3.113448076559e+00
9.420000000000e-01,1.018634300083e+00,-4.746608569895e-01,1.123796585892e+00,1.213030937031e+01,3.113448076559e+00
9.424000000000e-01,1.008424756334e+00,-4.672297458334e-01,1.111406372386e+00,1.213248993690e+01,3.113448076559e+00
9.428000000000e-01,9.982843181532e-01,-4.598942895976e-01,1.099124350324e+00,1.213466691827e+01,3.113448076559e+00
9.432000000000e-01,9.882122220823e-01,-4.526531954623e-01,1.086949084012e+00,1.213684034276e+01,3.113448076559e+00
9.436000000000e-01,9.782076941148e-01,-4.455051828605e-01,1.074879137755e+00,1.213901023872e+01,3.113448076559e+00
9.440000000000e-01,9.682699498205e-01,-4.384489834667e-01,1.062913075857e+00,1.214117663451e+01,3.113448076559e+00
9.444000000000e-01,9.583981966768e-01,-4.314833422200e-01,1.051049465062e+00,1.214333955844e+01,3.113448076559e+00
9.448000000000e-01,9.485916892160e-01,-4.246070428933e-01,1.039286935223e+00,1.214549903793e+01,3.113448076559e+00
9.452000000000e-01,9.388497332410e-01,-4.178189091691e-01,1.027624183477e+00,1.214765509944e+01,3.113448076559e+00
9.456000000000e-01,9.291716281060e-01,-4.111177771753e-01,1.016059910235e+00,1.214980776938e+01,3.113448076559e+00
9.460000000000e-01,9.195566638648e-01,-4.045024940810e-01,1.004592815909e+00,1.215195707417e+01,3.113448076559e+00
9.464000000000e-01,9.100041213794e-01,-3.979719180867e-01,9.932216009094e-01,1.215410304022e+01,3.113448076559e+00
9.468000000000e-01,9.005132734292e-01,-3.915249188662e-01,9.819449667447e-01,1.215624569394e+01,3.113448076559e+00
9.472000000000e-01,8.910834277913e-01,-3.851603968286e-01,9.707616631128e-01,1.215838506103e+01,3.113448076559e+00
9.476000000000e-01,8.817139438432e-01,-3.788772898602e-01,9.596705057150e-01,1.216052116626e+01,3.113448076559e+00
9.480000000000e-01,8.724041769870e-01,-3.726745478078e-01,9.486703150242e-01,1.216265403434e+01,3.113448076559e+00
9.484000000000e-01,8.631534744018e-01,-3.665511304965e-01,9.377599115126e-01,1.216478368997e+01,3.113448076559e+00
9.488000000000e-01,8.539611751401e-01,-3.605060077221e-01,9.269381156530e-01,1.216691015785e+01,3.113448076559e+00
9.492000000000e-01,8.448266103446e-01,-3.545381592951e-01,9.162037480510e-01,1.216903346268e+01,3.113448076559e+00
9.496000000000e-01,8.357491315126e-01,-3.486465872366e-01,9.055556601423e-01,1.217115362869e+01,3.113448076559e+00
9.500000000000e-01,8.267281468135e-01,-3.428303309847e-01,8.949927734774e-01,1.217327067906e+01,3.113448076559e+00
9.504000000000e-01,8.177630659413e-01,-3.370884428836e-01,8.845140193029e-01,1.217538463683e+01,3.113448076559e+00
9.508000000000e-01,8.088532913194e-01,-3.314199842805e-01,8.741183288655e-01,1.217749552501e+01,3.113448076559e+00
9.512000000000e-01,7.999982181847e-01,-3.258240255184e-01,8.638046334118e-01,1.217960336666e+01,3.113448076559e+00
9.516000000000e-01,7.911972346716e-01,-3.202996459291e-01,8.535718641886e-01,1.218170818479e+01,3.113448076559e+00
9.520000000000e-01,7.824497333989e-01,-3.148459386254e-01,8.434189649071e-01,1.218381000225e+01,3.113448076559e+00
9.524000000000e-01,7.737551596036e-01,-3.094620302628e-01,8.333449436983e-01,1.218590884092e+01,3.113448076559e+00
9.528000000000e-01,7.651129711167e-01,-3.041470637281e-01,8.233488294431e-01,1.218800472235e+01,3.113448076559e+00
9.532000000000e-01,7.565226193318e-01,-2.989001900602e-01,8.134296510324e-01,1.219009766810e+01,3.113448076559e+00
9.536000000000e-01,7.479835492704e-01,-2.937205684399e-01,8.035864373568e-01,1.219218769974e+01,3.113448076559e+00
9.540000000000e-01,7.394951996554e-01,-2.886073661837e-01,7.938182173072e-01,1.219427483883e+01,3.113448076559e+00
9.544000000000e-01,7.310570052421e-01,-2.835597596452e-01,7.841240222080e-01,1.219635910688e+01,3.113448076559e+00
9.548000000000e-01,7.226684371070e-01,-2.785769502578e-01,7.745029291136e-01,1.219844052469e+01,3.113448076559e+00
9.552000000000e-01,7.143289982100e-01,-2.736581621869e-01,7.649540557545e-01,1.220051911240e+01,3.113448076559e+00
9.556000000000e-01,7.060381871100e-01,-2.688026274918e-01,7.554765212792e-01,1.220259489012e+01,3.113448076559e+00
9.560000000000e-01,6.977954967154e-01,-2.640095855871e-01,7.460694448362e-01,1.220466787796e+01,3.113448076559e+00
9.564000000000e-01,6.896004143490e-01,-2.592782832380e-01,7.367319455739e-01,1.220673809606e+01,3.113448076559e+00
9.568000000000e-01,6.814524218198e-01,-2.546079745568e-01,7.274631426485e-01,1.220880556451e+01,3.113448076559e+00
9.572000000000e-01,6.733510111496e-01,-2.499979270166e-01,7.182621720019e-01,1.221087030318e+01,3.113448076559e+00
9.576000000000e-01,6.652957180476e-01,-2.454474340044e-01,7.091282220528e-01,1.221293233107e+01,3.113448076559e+00
9.580000000000e-01,6.572860826711e-01,-2.409557992901e-01,7.000604914468e-01,1.221499166703e+01,3.113448076559e+00
9.584000000000e-01,6.493216401539e-01,-2.365223333106e-01,6.910581788293e-01,1.221704832993e+01,3.113448076559e+00
9.588000000000e-01,6.414019206627e-01,-2.321463531652e-01,6.821204828457e-01,1.221910233860e+01,3.113448076559e+00
9.592000000000e-01,6.335264494549e-01,-2.278271826107e-01,6.732466021417e-01,1.222115371191e+01,3.113448076559e+00
9.596000000000e-01,6.256947486310e-01,-2.235641526836e-01,6.644357371707e-01,1.222320246866e+01,3.113448076559e+00
9.600000000000e-01,6.179063698205e-01,-2.193566136683e-01,6.556871249497e-01,1.222524862707e+01,3.113448076559e+00
9.604000000000e-01,6.101608919422e-01,-2.152039338275e-01,6.470000364687e-01,1.222729220476e+01,3.113448076559e+00
9.608000000000e-01,6.024578906562e-01,-2.111054879054e-01,6.383737440072e-01,1.222933321931e+01,3.113448076559e+00
9.612000000000e-01,5.947969372067e-01,-2.070606566732e-01,6.298075198443e-01,1.223137168835e+01,3.113448076559e+00
9.616000000000e-01,5.871775984721e-01,-2.030688269252e-01,6.213006362593e-01,1.223340762946e+01,3.113448076559e+00
9.620000000000e-01,5.795994370156e-01,-1.991293914741e-01,6.128523655315e-01,1.223544106026e+01,3.113448076559e+00
9.624000000000e-01,5.720620181003e-01,-1.952417516036e-01,6.044619873261e-01,1.223747199820e+01,3.113448076559e+00
9.628000000000e-01,5.645649427531e-01,-1.914053285416e-01,5.961288236446e-01,1.223950046007e+01,3.113448076559e+00
9.632000000000e-01,5.571078221977e-01,-1.876195540616e-01,5.878522115465e-01,1.224152646238e+01,3.113448076559e+00
9.636000000000e-01,5.496902637379e-01,-1.838838654142e-01,5.796314881094e-01,1.224355002162e+01,3.113448076559e+00
9.640000000000e-01,5.423118707851e-01,-1.801977053178e-01,5.714659904109e-01,1.224557115433e+01,3.113448076559e+00
9.644000000000e-01,5.349722429031e-01,-1.765605219543e-01,5.633550555286e-01,1.224758987700e+01,3.113448076559e+00
9.648000000000e-01,5.276709758787e-01,-1.729717689747e-01,5.552980205683e-01,1.224960620615e+01,3.113448076559e+00
9.652000000000e-01,5.204076757532e-01,-1.694309102018e-01,5.472942374214e-01,1.225162015802e+01,3.113448076559e+00
9.656000000000e-01,5.131819818735e-01,-1.659374271451e-01,5.393430969681e-01,1.225363174816e+01,3.113448076559e+00
9.660000000000e-01,5.059935360882e-01,-1.624908083227e-01,5.314439964402e-01,1.225564099199e+01,3.113448076559e+00
9.664000000000e-01,4.988419767756e-01,-1.590905472059e-01,5.235963330694e-01,1.225764790494e+01,3.113448076559e+00
9.668000000000e-01,4.917269388841e-01,-1.557361422162e-01,5.157995040873e-01,1.225965250243e+01,3.113448076559e+00
9.672000000000e-01,4.846480539705e-01,-1.524270967216e-01,5.080529067257e-01,1.226165479990e+01,3.113448076559e+00
9.676000000000e-01,4.776049504858e-01,-1.491629191127e-01,5.003559384746e-01,1.226365481277e+01,3.113448076559e+00
9.680000000000e-01,4.705972713849e-01,-1.459431284148e-01,4.927080155289e-01,1.226565255612e+01,3.113448076559e+00
9.684000000000e-01,4.636246859486e-01,-1.427672578152e-01,4.851085850869e-01,1.226764804450e+01,3.113448076559e+00
9.688000000000e-01,4.566868631306e-01,-1.396348459048e-01,4.775570972637e-01,1.226964129240e+01,3.113448076559e+00
9.692000000000e-01,4.497834688179e-01,-1.365454357755e-01,4.700530021742e-01,1.227163231429e+01,3.113448076559e+00
9.696000000000e-01,4.429141658662e-01,-1.334985750169e-01,4.625957499334e-01,1.227362112468e+01,3.113448076559e+00
9.700000000000e-01,4.360786141346e-01,-1.304938157132e-01,4.551847906564e-01,1.227560773803e+01,3.113448076559e+00
9.704000000000e-01,4.292764709587e-01,-1.275307145750e-01,4.478195749169e-01,1.227759216885e+01,3.113448076559e+00
9.708000000000e-01,4.225074097249e-01,-1.246088385690e-01,4.404995731235e-01,1.227957443121e+01,3.113448076559e+00
9.712000000000e-01,4.157711268135e-01,-1.217277667806e-01,4.332242826726e-01,1.228155453871e+01,3.113448076559e+00
9.716000000000e-01,4.090673177106e-01,-1.188870829482e-01,4.259932028928e-01,1.228353250489e+01,3.113448076559e+00
9.720000000000e-01,4.023956751925e-01,-1.160863748914e-01,4.188058331125e-01,1.228550834330e+01,3.113448076559e+00
9.724000000000e-01,3.957558893575e-01,-1.133252345078e-01,4.116616726602e-01,1.228748206748e+01,3.113448076559e+00
9.728000000000e-01,3.891476476562e-01,-1.106032577708e-01,4.045602208644e-01,1.228945369097e+01,3.113448076559e+00
9.732000000000e-01,3.825706352540e-01,-1.079200448230e-01,3.975009773991e-01,1.229142322733e+01,3.113448076559e+00
9.736000000000e-01,3.760245509428e-01,-1.052752045416e-01,3.904834588084e-01,1.229339068976e+01,3.113448076559e+00
9.740000000000e-01,3.695091142101e-01,-1.026683563629e-01,3.835072057767e-01,1.229535609104e+01,3.113448076559e+00
9.744000000000e-01,3.630240438996e-01,-1.000991239613e-01,3.765717608465e-01,1.229731944390e+01,3.113448076559e+00
9.748000000000e-01,3.565690564547e-01,-9.756713472526e-02,3.696766665608e-01,1.229928076107e+01,3.113448076559e+00
9.752000000000e-01,3.501438659463e-01,-9.507201975538e-02,3.628214654623e-01,1.230124005529e+01,3.113448076559e+00
9.756000000000e-01,3.437481841000e-01,-9.261341386175e-02,3.560057000937e-01,1.230319733929e+01,3.113448076559e+00
9.760000000000e-01,3.373817204262e-01,-9.019095558981e-02,3.492289131042e-01,1.230515262580e+01,3.113448076559e+00
9.764000000000e-01,3.310441944313e-01,-8.780429053945e-02,3.424906598782e-01,1.230710592730e+01,3.113448076559e+00
9.768000000000e-01,3.247353471916e-01,-8.545307434757e-02,3.357905204604e-01,1.230905725575e+01,3.113448076559e+00
9.772000000000e-01,3.184549203536e-01,-8.313696678014e-02,3.291280777187e-01,1.231100662307e+01,3.113448076559e+00
9.776000000000e-01,3.122026534383e-01,-8.085563097616e-02,3.225029145209e-01,1.231295404117e+01,3.113448076559e+00
9.780000000000e-01,3.059782838654e-01,-7.860873344559e-02,3.159146137347e-01,1.231489952197e+01,3.113448076559e+00
9.784000000000e-01,2.997815469779e-01,-7.639594406722e-02,3.093627582279e-01,1.231684307738e+01,3.113448076559e+00
9.788000000000e-01,2.936121760667e-01,-7.421693608677e-02,3.028469308689e-01,1.231878471932e+01,3.113448076559e+00
9.792000000000e-01,2.874699089145e-01,-7.207138779005e-02,2.963667212581e-01,1.232072445957e+01,3.113448076559e+00
9.796000000000e-01,2.813545040822e-01,-6.995898657249e-02,2.899217424920e-01,1.232266230943e+01,3.113448076559e+00
9.800000000000e-01,2.752657231782e-01,-6.787942420238e-02,2.835116127901e-01,1.232459828013e+01,3.113448076559e+00
9.804000000000e-01,2.692033259235e-01,-6.583239552346e-02,2.771359503721e-01,1.232653238286e+01,3.113448076559e+00
9.808000000000e-01,2.631670701738e-01,-6.381759845309e-02,2.707943734574e-01,1.232846462885e+01,3.113448076559e+00
9.812000000000e-01,2.571567119411e-01,-6.183473398040e-02,2.644865002657e-01,1.233039502931e+01,3.113448076559e+00
9.816000000000e-01,2.511720054152e-01,-5.988350616432e-02,2.582119490164e-01,1.233232359544e+01,3.113448076559e+00
9.820000000000e-01,2.452127052194e-01,-5.796362267255e-02,2.519703402275e-01,1.233425033840e+01,3.113448076559e+00
9.824000000000e-01,2.392785838678e-01,-5.607479893899e-02,2.457613146405e-01,1.233617526893e+01,3.113448076559e+00
9.828000000000e-01,2.333694223808e-01,-5.421675571162e-02,2.395845235032e-01,1.233809839753e+01,3.113448076559e+00
9.832000000000e-01,2.274850001910e-01,-5.238921655691e-02,2.334396181529e-01,1.234001973468e+01,3.113448076559e+00
9.836000000000e-01,2.216250950756e-01,-5.059190783694e-02,2.273262499270e-01,1.234193929088e+01,3.113448076559e+00
9.840000000000e-01,2.157894831757e-01,-4.882455870773e-02,2.212440701629e-01,1.234385707664e+01,3.113448076559e+00
9.844000000000e-01,2.099779390156e-01,-4.708690111755e-02,2.151927301981e-01,1.234577310245e+01,3.113448076559e+00
9.848000000000e-01,2.041902357314e-01,-4.537866985270e-02,2.091718815846e-01,1.234768737881e+01,3.113448076559e+00
9.852000000000e-01,1.984261557120e-01,-4.369960492043e-02,2.031811869757e-01,1.234959991596e+01,3.113448076559e+00
9.856000000000e-01,1.926854956723e-01,-4.204945255628e-02,1.972203252780e-01,1.235151072383e+01,3.113448076559e+00
9.860000000000e-01,1.869680520968e-01,-4.042796184025e-02,1.912889766909e-01,1.235341981231e+01,3.113448076559e+00
9.864000000000e-01,1.812736199971e-01,-3.883488440682e-02,1.853868214134e-01,1.235532719129e+01,3.113448076559e+00
9.868000000000e-01,1.756019929292e-01,-3.726997444345e-02,1.795135396446e-01,1.235723287066e+01,3.113448076559e+00
9.872000000000e-01,1.699529630112e-01,-3.573298868905e-02,1.736688115838e-01,1.235913686031e+01,3.113448076559e+00
9.876000000000e-01,1.643263209398e-01,-3.422368643244e-02,1.678523174300e-01,1.236103917013e+01,3.113448076559e+00
9.880000000000e-01,1.587218589665e-01,-3.274183013242e-02,1.620637404054e-01,1.236293980994e+01,3.113448076559e+00
9.884000000000e-01,1.531393855360e-01,-3.128718842676e-02,1.563027816834e-01,1.236483878914e+01,3.113448076559e+00
9.888000000000e-01,1.475787142225e-01,-2.985953366288e-02,1.505691490383e-01,1.236673611701e+01,3.113448076559e+00
9.892000000000e-01,1.420396573014e-01,-2.845864051484e-02,1.448625502545e-01,1.236863180279e+01,3.113448076559e+00
9.896000000000e-01,1.365220257545e-01,-2.708428597985e-02,1.391826931164e-01,1.237052585574e+01,3.113448076559e+00
9.900000000000e-01,1.310256292857e-01,-2.573624937695e-02,1.335292854085e-01,1.237241828513e+01,3.113448076559e+00
9.904000000000e-01,1.255502763363e-01,-2.441431234561e-02,1.279020349151e-01,1.237430910021e+01,3.113448076559e+00
9.908000000000e-01,1.200957741907e-01,-2.311825886192e-02,1.223006495128e-01,1.237619831024e+01,3.113448076559e+00
9.912000000000e-01,1.146619364061e-01,-2.184787666907e-02,1.167248447219e-01,1.237808592430e+01,3.113448076559e+00
9.916000000000e-01,1.092485883624e-01,-2.060295825544e-02,1.111743493259e-01,1.237997195119e+01,3.113448076559e+00
9.920000000000e-01,1.038555555696e-01,-1.938329850445e-02,1.056488934328e-01,1.238185639966e+01,3.113448076559e+00
9.924000000000e-01,9.848266238334e-02,-1.818869443686e-02,1.001482071503e-01,1.238373927849e+01,3.113448076559e+00
9.928000000000e-01,9.312973201851e-02,-1.701894520960e-02,9.467202058627e-02,1.238562059643e+01,3.113448076559e+00
9.932000000000e-01,8.779658656325e-02,-1.587385211440e-02,8.922006384837e-02,1.238750036225e+01,3.113448076559e+00
9.936000000000e-01,8.248304699278e-02,-1.475321857656e-02,8.379206704445e-02,1.238937858471e+01,3.113448076559e+00
9.940000000000e-01,7.718893426544e-02,-1.365685034720e-02,7.838776138173e-02,1.239125527254e+01,3.113448076559e+00
9.944000000000e-01,7.191408322563e-02,-1.258455794648e-02,7.300689326968e-02,1.239313043412e+01,3.113448076559e+00
9.948000000000e-01,6.665833859812e-02,-1.153615580531e-02,6.764922021300e-02,1.239500407754e+01,3.113448076559e+00
9.952000000000e-01,6.142154433514e-02,-1.051146030982e-02,6.231449996878e-02,1.239687621091e+01,3.113448076559e+00
9.956000000000e-01,5.620354338033e-02,-9.510289755310e-03,5.700249029415e-02,1.239874684231e+01,3.113448076559e+00
9.960000000000e-01,5.100417768096e-02,-8.532464345230e-03,5.171294894621e-02,1.240061597985e+01,3.113448076559e+00
9.964000000000e-01,4.582328820018e-02,-7.577806190055e-03,4.644563368209e-02,1.240248363162e+01,3.113448076559e+00
9.968000000000e-01,4.066071492912e-02,-6.646139306180e-03,4.120030225889e-02,1.240434980572e+01,3.113448076559e+00
9.972000000000e-01,3.551629689896e-02,-5.737289614778e-03,3.597671243372e-02,1.240621451024e+01,3.113448076559e+00
9.976000000000e-01,3.038987219301e-02,-4.851084940642e-03,3.077462196371e-02,1.240807775329e+01,3.113448076559e+00
9.980000000000e-01,2.528127795864e-02,-3.987355010997e-03,2.559378860595e-02,1.240993954295e+01,3.113448076559e+00
9.984000000000e-01,2.019035041921e-02,-3.145931454298e-03,2.043397011756e-02,1.241179988732e+01,3.113448076559e+00
9.988000000000e-01,1.511692488590e-02,-2.326647799007e-03,1.529492425566e-02,1.241365879450e+01,3.113448076559e+00
9.992000000000e-01,1.006083576957e-02,-1.529339472346e-03,1.017640877736e-02,1.241551627258e+01,3.113448076559e+00
9.996000000000e-01,5.021916592484e-03,-7.538437990328e-04,5.078181439769e-03,1.241737232967e+01,3.113448076559e+00
1.000000000000e+00,-7.389764846571e-17,1.095273012266e-17,-7.470491781604e-17,1.241922697385e+01,3.113448076559e+00
