time_over_Tg,Tg_omega_x,Tg_omega_y,Tg_omega_envelope,phase_rad,Tg_delta
0.000000000000e+00,1.477924027247e-01,0.000000000000e+00,1.477924027247e-01,0.000000000000e+00,0.000000000000e+00
4.000000000000e-04,1.487071558972e-01,0.000000000000e+00,1.487071558972e-01,0.000000000000e+00,0.000000000000e+00
8.000000000000e-04,1.496268319292e-01,0.000000000000e+00,1.496268319292e-01,0.000000000000e+00,0.000000000000e+00
1.200000000000e-03,1.505514522244e-01,0.000000000000e+00,1.505514522244e-01,0.000000000000e+00,0.000000000000e+00
1.600000000000e-03,1.514810381864e-01,0.000000000000e+00,1.514810381864e-01,0.000000000000e+00,0.000000000000e+00
2.000000000000e-03,1.524156112337e-01,0.000000000000e+00,1.524156112337e-01,0.000000000000e+00,0.000000000000e+00
2.400000000000e-03,1.533551928834e-01,0.000000000000e+00,1.533551928834e-01,0.000000000000e+00,0.000000000000e+00
2.800000000000e-03,1.542998047009e-01,0.000000000000e+00,1.542998047009e-01,0.000000000000e+00,0.000000000000e+00
3.200000000000e-03,1.552494683204e-01,0.000000000000e+00,1.552494683204e-01,0.000000000000e+00,0.000000000000e+00
3.600000000000e-03,1.562042054177e-01,0.000000000000e+00,1.562042054177e-01,0.000000000000e+00,0.000000000000e+00
4.000000000000e-03,1.571640377395e-01,0.000000000000e+00,1.571640377395e-01,0.000000000000e+00,0.000000000000e+00
4.400000000000e-03,1.581289870822e-01,0.000000000000e+00,1.581289870822e-01,0.000000000000e+00,0.000000000000e+00
4.800000000000e-03,1.590990753061e-01,0.000000000000e+00,1.590990753061e-01,0.000000000000e+00,0.000000000000e+00
5.200000000000e-03,1.600743243256e-01,0.000000000000e+00,1.600743243256e-01,0.000000000000e+00,0.000000000000e+00
5.600000000000e-03,1.610547561133e-01,0.000000000000e+00,1.610547561133e-01,0.000000000000e+00,0.000000000000e+00
6.000000000000e-03,1.620403927019e-01,0.000000000000e+00,1.620403927019e-01,0.000000000000e+00,0.000000000000e+00
6.400000000000e-03,1.630312561766e-01,0.000000000000e+00,1.630312561766e-01,0.000000000000e+00,0.000000000000e+00
6.800000000000e-03,1.640273686876e-01,0.000000000000e+00,1.640273686876e-01,0.000000000000e+00,0.000000000000e+00
7.200000000000e-03,1.650287524323e-01,0.000000000000e+00,1.650287524323e-01,0.000000000000e+00,0.000000000000e+00
7.600000000000e-03,1.660354296781e-01,0.000000000000e+00,1.660354296781e-01,0.000000000000e+00,0.000000000000e+00
8.000000000000e-03,1.670474227346e-01,0.000000000000e+00,1.670474227346e-01,0.000000000000e+00,0.000000000000e+00
8.400000000000e-03,1.680647539852e-01,0.000000000000e+00,1.680647539852e-01,0.000000000000e+00,0.000000000000e+00
8.800000000000e-03,1.690874458522e-01,0.000000000000e+00,1.690874458522e-01,0.000000000000e+00,0.000000000000e+00
9.200000000000e-03,1.701155208344e-01,0.000000000000e+00,1.701155208344e-01,0.000000000000e+00,0.000000000000e+00
9.600000000000e-03,1.711490014663e-01,0.000000000000e+00,1.711490014663e-01,0.000000000000e+00,0.000000000000e+00
1.000000000000e-02,1.721879103611e-01,0.000000000000e+00,1.721879103611e-01,0.000000000000e+00,0.000000000000e+00
1.040000000000e-02,1.732322701663e-01,0.000000000000e+00,1.732322701663e-01,0.000000000000e+00,0.000000000000e+00
1.080000000000e-02,1.742821036082e-01,0.000000000000e+00,1.742821036082e-01,0.000000000000e+00,0.000000000000e+00
1.120000000000e-02,1.753374334475e-01,0.000000000000e+00,1.753374334475e-01,0.000000000000e+00,0.000000000000e+00
1.160000000000e-02,1.763982825222e-01,0.000000000000e+00,1.763982825222e-01,0.000000000000e+00,0.000000000000e+00
1.200000000000e-02,1.774646737068e-01,0.000000000000e+00,1.774646737068e-01,0.000000000000e+00,0.000000000000e+00
1.240000000000e-02,1.785366299500e-01,0.000000000000e+00,1.785366299500e-01,0.000000000000e+00,0.000000000000e+00
1.280000000000e-02,1.796141742400e-01,0.000000000000e+00,1.796141742400e-01,0.000000000000e+00,0.000000000000e+00
1.320000000000e-02,1.806973296352e-01,0.000000000000e+00,1.806973296352e-01,0.000000000000e+00,0.000000000000e+00
1.360000000000e-02,1.817861192377e-01,0.000000000000e+00,1.817861192377e-01,0.000000000000e+00,0.000000000000e+00
1.400000000000e-02,1.828805662145e-01,0.000000000000e+00,1.828805662145e-01,0.000000000000e+00,0.000000000000e+00
1.440000000000e-02,1.839806937813e-01,0.000000000000e+00,1.839806937813e-01,0.000000000000e+00,0.000000000000e+00
1.480000000000e-02,1.850865252134e-01,0.000000000000e+00,1.850865252134e-01,0.000000000000e+00,0.000000000000e+00
1.520000000000e-02,1.861980838396e-01,0.000000000000e+00,1.861980838396e-01,0.000000000000e+00,0.000000000000e+00
1.560000000000e-02,1.873153930428e-01,0.000000000000e+00,1.873153930428e-01,0.000000000000e+00,0.000000000000e+00
1.600000000000e-02,1.884384762643e-01,0.000000000000e+00,1.884384762643e-01,0.000000000000e+00,0.000000000000e+00
1.640000000000e-02,1.895673569943e-01,0.000000000000e+00,1.895673569943e-01,0.000000000000e+00,0.000000000000e+00
1.680000000000e-02,1.907020587860e-01,0.000000000000e+00,1.907020587860e-01,0.000000000000e+00,0.000000000000e+00
1.720000000000e-02,1.918426052364e-01,0.000000000000e+00,1.918426052364e-01,0.000000000000e+00,0.000000000000e+00
1.760000000000e-02,1.929890200097e-01,0.000000000000e+00,1.929890200097e-01,0.000000000000e+00,0.000000000000e+00
1.800000000000e-02,1.941413268096e-01,0.000000000000e+00,1.941413268096e-01,0.000000000000e+00,0.000000000000e+00
1.840000000000e-02,1.952995494105e-01,0.000000000000e+00,1.952995494105e-01,0.000000000000e+00,0.000000000000e+00
1.880000000000e-02,1.964637116225e-01,0.000000000000e+00,1.964637116225e-01,0.000000000000e+00,0.000000000000e+00
1.920000000000e-02,1.976338373288e-01,0.000000000000e+00,1.976338373288e-01,0.000000000000e+00,0.000000000000e+00
1.960000000000e-02,1.988099504463e-01,0.000000000000e+00,1.988099504463e-01,0.000000000000e+00,0.000000000000e+00
2.000000000000e-02,1.999920749657e-01,0.000000000000e+00,1.999920749657e-01,0.000000000000e+00,0.000000000000e+00
2.040000000000e-02,2.011802349105e-01,0.000000000000e+00,2.011802349105e-01,0.000000000000e+00,0.000000000000e+00
2.080000000000e-02,2.023744543778e-01,0.000000000000e+00,2.023744543778e-01,0.000000000000e+00,0.000000000000e+00
2.120000000000e-02,2.035747574979e-01,0.000000000000e+00,2.035747574979e-01,0.000000000000e+00,0.000000000000e+00
2.160000000000e-02,2.047811684727e-01,0.000000000000e+00,2.047811684727e-01,0.000000000000e+00,0.000000000000e+00
2.200000000000e-02,2.059937115392e-01,0.000000000000e+00,2.059937115392e-01,0.000000000000e+00,0.000000000000e+00
2.240000000000e-02,2.072124110031e-01,0.000000000000e+00,2.072124110031e-01,0.000000000000e+00,0.000000000000e+00
2.280000000000e-02,2.084372912080e-01,0.000000000000e+00,2.084372912080e-01,0.000000000000e+00,0.000000000000e+00
2.320000000000e-02,2.096683765621e-01,0.000000000000e+00,2.096683765621e-01,0.000000000000e+00,0.000000000000e+00
2.360000000000e-02,2.109056915152e-01,0.000000000000e+00,2.109056915152e-01,0.000000000000e+00,0.000000000000e+00
2.400000000000e-02,2.121492605771e-01,0.000000000000e+00,2.121492605771e-01,0.000000000000e+00,0.000000000000e+00
2.440000000000e-02,2.133991083036e-01,0.000000000000e+00,2.133991083036e-01,0.000000000000e+00,0.000000000000e+00
2.480000000000e-02,2.146552593048e-01,0.000000000000e+00,2.146552593048e-01,0.000000000000e+00,0.000000000000e+00
2.520000000000e-02,2.159177382418e-01,0.000000000000e+00,2.159177382418e-01,0.000000000000e+00,0.000000000000e+00
2.560000000000e-02,2.171865698248e-01,0.000000000000e+00,2.171865698248e-01,0.000000000000e+00,0.000000000000e+00
2.600000000000e-02,2.184617788190e-01,0.000000000000e+00,2.184617788190e-01,0.000000000000e+00,0.000000000000e+00
2.640000000000e-02,2.197433900340e-01,0.000000000000e+00,2.197433900340e-01,0.000000000000e+00,0.000000000000e+00
2.680000000000e-02,2.210314283384e-01,0.000000000000e+00,2.210314283384e-01,0.000000000000e+00,0.000000000000e+00
2.720000000000e-02,2.223259186404e-01,0.000000000000e+00,2.223259186404e-01,0.000000000000e+00,0.000000000000e+00
2.760000000000e-02,2.236268859112e-01,0.000000000000e+00,2.236268859112e-01,0.000000000000e+00,0.000000000000e+00
2.800000000000e-02,2.249343551571e-01,0.000000000000e+00,2.249343551571e-01,0.000000000000e+00,0.000000000000e+00
2.840000000000e-02,2.262483514504e-01,0.000000000000e+00,2.262483514504e-01,0.000000000000e+00,0.000000000000e+00
2.880000000000e-02,2.275688998955e-01,0.000000000000e+00,2.275688998955e-01,0.000000000000e+00,0.000000000000e+00
2.920000000000e-02,2.288960256643e-01,0.000000000000e+00,2.288960256643e-01,0.000000000000e+00,0.000000000000e+00
2.960000000000e-02,2.302297539590e-01,0.000000000000e+00,2.302297539590e-01,0.000000000000e+00,0.000000000000e+00
3.000000000000e-02,2.315701100497e-01,0.000000000000e+00,2.315701100497e-01,0.000000000000e+00,0.000000000000e+00
3.040000000000e-02,2.329171192363e-01,0.000000000000e+00,2.329171192363e-01,0.000000000000e+00,0.000000000000e+00
3.080000000000e-02,2.342708068854e-01,0.000000000000e+00,2.342708068854e-01,0.000000000000e+00,0.000000000000e+00
3.120000000000e-02,2.356311983943e-01,0.000000000000e+00,2.356311983943e-01,0.000000000000e+00,0.000000000000e+00
3.160000000000e-02,2.369983192249e-01,0.000000000000e+00,2.369983192249e-01,0.000000000000e+00,0.000000000000e+00
3.200000000000e-02,2.383721948715e-01,0.000000000000e+00,2.383721948715e-01,0.000000000000e+00,0.000000000000e+00
3.240000000000e-02,2.397528508897e-01,0.000000000000e+00,2.397528508897e-01,0.000000000000e+00,0.000000000000e+00
3.280000000000e-02,2.411403128704e-01,0.000000000000e+00,2.411403128704e-01,0.000000000000e+00,0.000000000000e+00
3.320000000000e-02,2.425346064617e-01,0.000000000000e+00,2.425346064617e-01,0.000000000000e+00,0.000000000000e+00
3.360000000000e-02,2.439357573504e-01,0.000000000000e+00,2.439357573504e-01,0.000000000000e+00,0.000000000000e+00
3.400000000000e-02,2.453437912760e-01,0.000000000000e+00,2.453437912760e-01,0.000000000000e+00,0.000000000000e+00
3.440000000000e-02,2.467587340204e-01,0.000000000000e+00,2.467587340204e-01,0.000000000000e+00,0.000000000000e+00
3.480000000000e-02,2.481806114132e-01,0.000000000000e+00,2.481806114132e-01,0.000000000000e+00,0.000000000000e+00
3.520000000000e-02,2.496094493307e-01,0.000000000000e+00,2.496094493307e-01,0.000000000000e+00,0.000000000000e+00
3.560000000000e-02,2.510452736917e-01,0.000000000000e+00,2.510452736917e-01,0.000000000000e+00,0.000000000000e+00
3.600000000000e-02,2.524881104656e-01,0.000000000000e+00,2.524881104656e-01,0.000000000000e+00,0.000000000000e+00
3.640000000000e-02,2.539379856598e-01,0.000000000000e+00,2.539379856598e-01,0.000000000000e+00,0.000000000000e+00
3.680000000000e-02,2.553949253354e-01,0.000000000000e+00,2.553949253354e-01,0.000000000000e+00,0.000000000000e+00
3.720000000000e-02,2.568589555875e-01,0.000000000000e+00,2.568589555875e-01,0.000000000000e+00,0.000000000000e+00
3.760000000000e-02,2.583301025678e-01,0.000000000000e+00,2.583301025678e-01,0.000000000000e+00,0.000000000000e+00
3.800000000000e-02,2.598083924585e-01,0.000000000000e+00,2.598083924585e-01,0.000000000000e+00,0.000000000000e+00
3.840000000000e-02,2.612938515002e-01,0.000000000000e+00,2.612938515002e-01,0.000000000000e+00,0.000000000000e+00
3.880000000000e-02,2.627865059616e-01,0.000000000000e+00,2.627865059616e-01,0.000000000000e+00,0.000000000000e+00
3.920000000000e-02,2.642863821709e-01,0.000000000000e+00,2.642863821709e-01,0.000000000000e+00,0.000000000000e+00
3.960000000000e-02,2.657935064825e-01,0.000000000000e+00,2.657935064825e-01,0.000000000000e+00,0.000000000000e+00
4.000000000000e-02,2.673079053103e-01,0.000000000000e+00,2.673079053103e-01,0.000000000000e+00,0.000000000000e+00
4.040000000000e-02,2.688296050943e-01,0.000000000000e+00,2.688296050943e-01,0.000000000000e+00,0.000000000000e+00
4.080000000000e-02,2.703586323325e-01,0.000000000000e+00,2.703586323325e-01,0.000000000000e+00,0.000000000000e+00
4.120000000000e-02,2.718950135496e-01,0.000000000000e+00,2.718950135496e-01,0.000000000000e+00,0.000000000000e+00
4.160000000000e-02,2.734387753259e-01,0.000000000000e+00,2.734387753259e-01,0.000000000000e+00,0.000000000000e+00
4.200000000000e-02,2.749899442704e-01,0.000000000000e+00,2.749899442704e-01,0.000000000000e+00,0.000000000000e+00
4.240000000000e-02,2.765485470444e-01,0.000000000000e+00,2.765485470444e-01,0.000000000000e+00,0.000000000000e+00
4.280000000000e-02,2.781146103399e-01,0.000000000000e+00,2.781146103399e-01,0.000000000000e+00,0.000000000000e+00
4.320000000000e-02,2.796881608977e-01,0.000000000000e+00,2.796881608977e-01,0.000000000000e+00,0.000000000000e+00
4.360000000000e-02,2.812692254923e-01,0.000000000000e+00,2.812692254923e-01,0.000000000000e+00,0.000000000000e+00
4.400000000000e-02,2.828578309422e-01,0.000000000000e+00,2.828578309422e-01,0.000000000000e+00,0.000000000000e+00
4.440000000000e-02,2.844540041033e-01,0.000000000000e+00,2.844540041033e-01,0.000000000000e+00,0.000000000000e+00
4.480000000000e-02,2.860577718710e-01,0.000000000000e+00,2.860577718710e-01,0.000000000000e+00,0.000000000000e+00
4.520000000000e-02,2.876691611810e-01,0.000000000000e+00,2.876691611810e-01,0.000000000000e+00,0.000000000000e+00
4.560000000000e-02,2.892881990042e-01,0.000000000000e+00,2.892881990042e-01,0.000000000000e+00,0.000000000000e+00
4.600000000000e-02,2.909149123550e-01,0.000000000000e+00,2.909149123550e-01,0.000000000000e+00,0.000000000000e+00
4.640000000000e-02,2.925493282788e-01,0.000000000000e+00,2.925493282788e-01,0.000000000000e+00,0.000000000000e+00
4.680000000000e-02,2.941914738671e-01,0.000000000000e+00,2.941914738671e-01,0.000000000000e+00,0.000000000000e+00
4.720000000000e-02,2.958413762388e-01,0.000000000000e+00,2.958413762388e-01,0.000000000000e+00,0.000000000000e+00
4.760000000000e-02,2.974990625607e-01,0.000000000000e+00,2.974990625607e-01,0.000000000000e+00,0.000000000000e+00
4.800000000000e-02,2.991645600244e-01,0.000000000000e+00,2.991645600244e-01,0.000000000000e+00,0.000000000000e+00
4.840000000000e-02,3.008378958703e-01,0.000000000000e+00,3.008378958703e-01,0.000000000000e+00,0.000000000000e+00
4.880000000000e-02,3.025190973617e-01,0.000000000000e+00,3.025190973617e-01,0.000000000000e+00,0.000000000000e+00
4.920000000000e-02,3.042081918109e-01,0.000000000000e+00,3.042081918109e-01,0.000000000000e+00,0.000000000000e+00
4.960000000000e-02,3.059052065520e-01,0.000000000000e+00,3.059052065520e-01,0.000000000000e+00,0.000000000000e+00
5.000000000000e-02,3.076101689674e-01,0.000000000000e+00,3.076101689674e-01,0.000000000000e+00,0.000000000000e+00
5.040000000000e-02,3.093231064609e-01,0.000000000000e+00,3.093231064609e-01,0.000000000000e+00,0.000000000000e+00
5.080000000000e-02,3.110440464832e-01,0.000000000000e+00,3.110440464832e-01,0.000000000000e+00,0.000000000000e+00
5.120000000000e-02,3.127730165071e-01,0.000000000000e+00,3.127730165071e-01,0.000000000000e+00,0.000000000000e+00
5.160000000000e-02,3.145100440496e-01,0.000000000000e+00,3.145100440496e-01,0.000000000000e+00,0.000000000000e+00
5.200000000000e-02,3.162551566513e-01,0.000000000000e+00,3.162551566513e-01,0.000000000000e+00,0.000000000000e+00
5.240000000000e-02,3.180083818939e-01,0.000000000000e+00,3.180083818939e-01,0.000000000000e+00,0.000000000000e+00
5.280000000000e-02,3.197697473846e-01,0.000000000000e+00,3.197697473846e-01,0.000000000000e+00,0.000000000000e+00
5.320000000000e-02,3.215392807682e-01,0.000000000000e+00,3.215392807682e-01,0.000000000000e+00,0.000000000000e+00
5.360000000000e-02,3.233170097172e-01,0.000000000000e+00,3.233170097172e-01,0.000000000000e+00,0.000000000000e+00
5.400000000000e-02,3.251029619377e-01,0.000000000000e+00,3.251029619377e-01,0.000000000000e+00,0.000000000000e+00
5.440000000000e-02,3.268971651661e-01,0.000000000000e+00,3.268971651661e-01,0.000000000000e+00,0.000000000000e+00
5.480000000000e-02,3.286996471686e-01,0.000000000000e+00,3.286996471686e-01,0.000000000000e+00,0.000000000000e+00
5.520000000000e-02,3.305104357437e-01,0.000000000000e+00,3.305104357437e-01,0.000000000000e+00,0.000000000000e+00
5.560000000000e-02,3.323295587162e-01,0.000000000000e+00,3.323295587162e-01,0.000000000000e+00,0.000000000000e+00
5.600000000000e-02,3.341570439451e-01,0.000000000000e+00,3.341570439451e-01,0.000000000000e+00,0.000000000000e+00
5.640000000000e-02,3.359929193126e-01,0.000000000000e+00,3.359929193126e-01,0.000000000000e+00,0.000000000000e+00
5.680000000000e-02,3.378372127363e-01,0.000000000000e+00,3.378372127363e-01,0.000000000000e+00,0.000000000000e+00
5.720000000000e-02,3.396899521544e-01,0.000000000000e+00,3.396899521544e-01,0.000000000000e+00,0.000000000000e+00
5.760000000000e-02,3.415511655413e-01,0.000000000000e+00,3.415511655413e-01,0.000000000000e+00,0.000000000000e+00
5.800000000000e-02,3.434208808898e-01,0.000000000000e+00,3.434208808898e-01,0.000000000000e+00,0.000000000000e+00
5.840000000000e-02,3.452991262294e-01,0.000000000000e+00,3.452991262294e-01,0.000000000000e+00,0.000000000000e+00
5.880000000000e-02,3.471859296062e-01,0.000000000000e+00,3.471859296062e-01,0.000000000000e+00,0.000000000000e+00
5.920000000000e-02,3.490813191025e-01,0.000000000000e+00,3.490813191025e-01,0.000000000000e+00,0.000000000000e+00
5.960000000000e-02,3.509853228167e-01,0.000000000000e+00,3.509853228167e-01,0.000000000000e+00,0.000000000000e+00
6.000000000000e-02,3.528979688821e-01,0.000000000000e+00,3.528979688821e-01,0.000000000000e+00,0.000000000000e+00
6.040000000000e-02,3.548192854476e-01,0.000000000000e+00,3.548192854476e-01,0.000000000000e+00,0.000000000000e+00
6.080000000000e-02,3.567493006956e-01,0.000000000000e+00,3.567493006956e-01,0.000000000000e+00,0.000000000000e+00
6.120000000000e-02,3.586880428244e-01,0.000000000000e+00,3.586880428244e-01,0.000000000000e+00,0.000000000000e+00
6.160000000000e-02,3.606355400634e-01,0.000000000000e+00,3.606355400634e-01,0.000000000000e+00,0.000000000000e+00
6.200000000000e-02,3.625918206587e-01,0.000000000000e+00,3.625918206587e-01,0.000000000000e+00,0.000000000000e+00
6.240000000000e-02,3.645569128848e-01,0.000000000000e+00,3.645569128848e-01,0.000000000000e+00,0.000000000000e+00
6.280000000000e-02,3.665308450342e-01,0.000000000000e+00,3.665308450342e-01,0.000000000000e+00,0.000000000000e+00
6.320000000000e-02,3.685136454246e-01,0.000000000000e+00,3.685136454246e-01,0.000000000000e+00,0.000000000000e+00
6.360000000000e-02,3.705053423931e-01,0.000000000000e+00,3.705053423931e-01,0.000000000000e+00,0.000000000000e+00
6.400000000000e-02,3.725059642988e-01,0.000000000000e+00,3.725059642988e-01,0.000000000000e+00,0.000000000000e+00
6.440000000000e-02,3.745155395215e-01,0.000000000000e+00,3.745155395215e-01,0.000000000000e+00,0.000000000000e+00
6.480000000000e-02,3.765340964603e-01,0.000000000000e+00,3.765340964603e-01,0.000000000000e+00,0.000000000000e+00
6.520000000000e-02,3.785616635358e-01,0.000000000000e+00,3.785616635358e-01,0.000000000000e+00,0.000000000000e+00
6.560000000000e-02,3.805982691851e-01,0.000000000000e+00,3.805982691851e-01,0.000000000000e+00,0.000000000000e+00
6.600000000000e-02,3.826439418677e-01,0.000000000000e+00,3.826439418677e-01,0.000000000000e+00,0.000000000000e+00
6.640000000000e-02,3.846987100571e-01,0.000000000000e+00,3.846987100571e-01,0.000000000000e+00,0.000000000000e+00
6.680000000000e-02,3.867626022496e-01,0.000000000000e+00,3.867626022496e-01,0.000000000000e+00,0.000000000000e+00
6.720000000000e-02,3.888356469536e-01,0.000000000000e+00,3.888356469536e-01,0.000000000000e+00,0.000000000000e+00
6.760000000000e-02,3.909178727001e-01,0.000000000000e+00,3.909178727001e-01,0.000000000000e+00,0.000000000000e+00
6.800000000000e-02,3.930093080306e-01,0.000000000000e+00,3.930093080306e-01,0.000000000000e+00,0.000000000000e+00
6.840000000000e-02,3.951099815086e-01,0.000000000000e+00,3.951099815086e-01,0.000000000000e+00,0.000000000000e+00
6.880000000000e-02,3.972199217071e-01,0.000000000000e+00,3.972199217071e-01,0.000000000000e+00,0.000000000000e+00
6.920000000000e-02,3.993391572202e-01,0.000000000000e+00,3.993391572202e-01,0.000000000000e+00,0.000000000000e+00
6.960000000000e-02,4.014677166505e-01,0.000000000000e+00,4.014677166505e-01,0.000000000000e+00,0.000000000000e+00
7.000000000000e-02,4.036056286202e-01,0.000000000000e+00,4.036056286202e-01,0.000000000000e+00,0.000000000000e+00
7.040000000000e-02,4.057529217603e-01,0.000000000000e+00,4.057529217603e-01,0.000000000000e+00,0.000000000000e+00
7.080000000000e-02,4.079096247189e-01,0.000000000000e+00,4.079096247189e-01,0.000000000000e+00,0.000000000000e+00
7.120000000000e-02,4.100757661531e-01,0.000000000000e+00,4.100757661531e-01,0.000000000000e+00,0.000000000000e+00
7.160000000000e-02,4.122513747352e-01,0.000000000000e+00,4.122513747352e-01,0.000000000000e+00,0.000000000000e+00
7.200000000000e-02,4.144364791464e-01,0.000000000000e+00,4.144364791464e-01,0.000000000000e+00,0.000000000000e+00
7.240000000000e-02,4.166311080810e-01,0.000000000000e+00,4.166311080810e-01,0.000000000000e+00,0.000000000000e+00
7.280000000000e-02,4.188352902425e-01,0.000000000000e+00,4.188352902425e-01,0.000000000000e+00,0.000000000000e+00
7.320000000000e-02,4.210490543451e-01,0.000000000000e+00,4.210490543451e-01,0.000000000000e+00,0.000000000000e+00
7.360000000000e-02,4.232724291123e-01,0.000000000000e+00,4.232724291123e-01,0.000000000000e+00,0.000000000000e+00
7.400000000000e-02,4.255054432765e-01,0.000000000000e+00,4.255054432765e-01,0.000000000000e+00,0.000000000000e+00
7.440000000000e-02,4.277481255789e-01,0.000000000000e+00,4.277481255789e-01,0.000000000000e+00,0.000000000000e+00
7.480000000000e-02,4.300005047680e-01,0.000000000000e+00,4.300005047680e-01,0.000000000000e+00,0.000000000000e+00
7.520000000000e-02,4.322626096008e-01,0.000000000000e+00,4.322626096008e-01,0.000000000000e+00,0.000000000000e+00
7.560000000000e-02,4.345344688398e-01,0.000000000000e+00,4.345344688398e-01,0.000000000000e+00,0.000000000000e+00
7.600000000000e-02,4.368161112553e-01,0.000000000000e+00,4.368161112553e-01,0.000000000000e+00,0.000000000000e+00
7.640000000000e-02,4.391075656220e-01,0.000000000000e+00,4.391075656220e-01,0.000000000000e+00,0.000000000000e+00
7.680000000000e-02,4.414088607213e-01,0.000000000000e+00,4.414088607213e-01,0.000000000000e+00,0.000000000000e+00
7.720000000000e-02,4.437200253379e-01,0.000000000000e+00,4.437200253379e-01,0.000000000000e+00,0.000000000000e+00
7.760000000000e-02,4.460410882620e-01,0.000000000000e+00,4.460410882620e-01,0.000000000000e+00,0.000000000000e+00
7.800000000000e-02,4.483720782864e-01,0.000000000000e+00,4.483720782864e-01,0.000000000000e+00,0.000000000000e+00
7.840000000000e-02,4.507130242079e-01,0.000000000000e+00,4.507130242079e-01,0.000000000000e+00,0.000000000000e+00
7.880000000000e-02,4.530639548249e-01,0.000000000000e+00,4.530639548249e-01,0.000000000000e+00,0.000000000000e+00
7.920000000000e-02,4.554248989386e-01,0.000000000000e+00,4.554248989386e-01,0.000000000000e+00,0.000000000000e+00
7.960000000000e-02,4.577958853511e-01,0.000000000000e+00,4.577958853511e-01,0.000000000000e+00,0.000000000000e+00
8.000000000000e-02,4.601769428657e-01,0.000000000000e+00,4.601769428657e-01,0.000000000000e+00,0.000000000000e+00
8.040000000000e-02,4.625681002857e-01,0.000000000000e+00,4.625681002857e-01,0.000000000000e+00,0.000000000000e+00
8.080000000000e-02,4.649693864143e-01,0.000000000000e+00,4.649693864143e-01,0.000000000000e+00,0.000000000000e+00
8.120000000000e-02,4.673808300539e-01,0.000000000000e+00,4.673808300539e-01,0.000000000000e+00,0.000000000000e+00
8.160000000000e-02,4.698024600051e-01,0.000000000000e+00,4.698024600051e-01,0.000000000000e+00,0.000000000000e+00
8.200000000000e-02,4.722343050671e-01,0.000000000000e+00,4.722343050671e-01,0.000000000000e+00,0.000000000000e+00
8.240000000000e-02,4.746763940359e-01,0.000000000000e+00,4.746763940359e-01,0.000000000000e+00,0.000000000000e+00
8.280000000000e-02,4.771287557050e-01,0.000000000000e+00,4.771287557050e-01,0.000000000000e+00,0.000000000000e+00
8.320000000000e-02,4.795914188634e-01,0.000000000000e+00,4.795914188634e-01,0.000000000000e+00,0.000000000000e+00
8.360000000000e-02,4.820644122963e-01,0.000000000000e+00,4.820644122963e-01,0.000000000000e+00,0.000000000000e+00
8.400000000000e-02,4.845477647838e-01,0.000000000000e+00,4.845477647838e-01,0.000000000000e+00,0.000000000000e+00
8.440000000000e-02,4.870415051004e-01,0.000000000000e+00,4.870415051004e-01,0.000000000000e+00,0.000000000000e+00
8.480000000000e-02,4.895456620148e-01,0.000000000000e+00,4.895456620148e-01,0.000000000000e+00,0.000000000000e+00
8.520000000000e-02,4.920602642882e-01,0.000000000000e+00,4.920602642882e-01,0.000000000000e+00,0.000000000000e+00
8.560000000000e-02,4.945853406756e-01,0.000000000000e+00,4.945853406756e-01,0.000000000000e+00,0.000000000000e+00
8.600000000000e-02,4.971209199226e-01,0.000000000000e+00,4.971209199226e-01,0.000000000000e+00,0.000000000000e+00
8.640000000000e-02,4.996670307682e-01,0.000000000000e+00,4.996670307682e-01,0.000000000000e+00,0.000000000000e+00
8.680000000000e-02,5.022237019398e-01,0.000000000000e+00,5.022237019398e-01,0.000000000000e+00,0.000000000000e+00
8.720000000000e-02,5.047909621579e-01,0.000000000000e+00,5.047909621579e-01,0.000000000000e+00,0.000000000000e+00
8.760000000000e-02,5.073688401292e-01,0.000000000000e+00,5.073688401292e-01,0.000000000000e+00,0.000000000000e+00
8.800000000000e-02,5.099573645533e-01,0.000000000000e+00,5.099573645533e-01,0.000000000000e+00,0.000000000000e+00
8.840000000000e-02,5.125565641137e-01,0.000000000000e+00,5.125565641137e-01,0.000000000000e+00,0.000000000000e+00
8.880000000000e-02,5.151664674866e-01,0.000000000000e+00,5.151664674866e-01,0.000000000000e+00,0.000000000000e+00
8.920000000000e-02,5.177871033300e-01,0.000000000000e+00,5.177871033300e-01,0.000000000000e+00,0.000000000000e+00
8.960000000000e-02,5.204185002938e-01,0.000000000000e+00,5.204185002938e-01,0.000000000000e+00,0.000000000000e+00
9.000000000000e-02,5.230606870083e-01,0.000000000000e+00,5.230606870083e-01,0.000000000000e+00,0.000000000000e+00
9.040000000000e-02,5.257136920942e-01,0.000000000000e+00,5.257136920942e-01,0.000000000000e+00,0.000000000000e+00
9.080000000000e-02,5.283775441519e-01,0.000000000000e+00,5.283775441519e-01,0.000000000000e+00,0.000000000000e+00
9.120000000000e-02,5.310522717702e-01,0.000000000000e+00,5.310522717702e-01,0.000000000000e+00,0.000000000000e+00
9.160000000000e-02,5.337379035168e-01,0.000000000000e+00,5.337379035168e-01,0.000000000000e+00,0.000000000000e+00
9.200000000000e-02,5.364344679463e-01,0.000000000000e+00,5.364344679463e-01,0.000000000000e+00,0.000000000000e+00
9.240000000000e-02,5.391419935914e-01,0.000000000000e+00,5.391419935914e-01,0.000000000000e+00,0.000000000000e+00
9.280000000000e-02,5.418605089690e-01,0.000000000000e+00,5.418605089690e-01,0.000000000000e+00,0.000000000000e+00
9.320000000000e-02,5.445900425747e-01,0.000000000000e+00,5.445900425747e-01,0.000000000000e+00,0.000000000000e+00
9.360000000000e-02,5.473306228852e-01,0.000000000000e+00,5.473306228852e-01,0.000000000000e+00,0.000000000000e+00
9.400000000000e-02,5.500822783563e-01,0.000000000000e+00,5.500822783563e-01,0.000000000000e+00,0.000000000000e+00
9.440000000000e-02,5.528450374216e-01,0.000000000000e+00,5.528450374216e-01,0.000000000000e+00,0.000000000000e+00
9.480000000000e-02,5.556189284946e-01,0.000000000000e+00,5.556189284946e-01,0.000000000000e+00,0.000000000000e+00
9.520000000000e-02,5.584039799629e-01,0.000000000000e+00,5.584039799629e-01,0.000000000000e+00,0.000000000000e+00
9.560000000000e-02,5.612002201953e-01,0.000000000000e+00,5.612002201953e-01,0.000000000000e+00,0.000000000000e+00
9.600000000000e-02,5.640076775307e-01,0.000000000000e+00,5.640076775307e-01,0.000000000000e+00,0.000000000000e+00
9.640000000000e-02,5.668263802902e-01,0.000000000000e+00,5.668263802902e-01,0.000000000000e+00,0.000000000000e+00
9.680000000000e-02,5.696563567615e-01,0.000000000000e+00,5.696563567615e-01,0.000000000000e+00,0.000000000000e+00
9.720000000000e-02,5.724976352151e-01,0.000000000000e+00,5.724976352151e-01,0.000000000000e+00,0.000000000000e+00
9.760000000000e-02,5.753502438851e-01,0.000000000000e+00,5.753502438851e-01,0.000000000000e+00,0.000000000000e+00
9.800000000000e-02,5.782142109882e-01,0.000000000000e+00,5.782142109882e-01,0.000000000000e+00,0.000000000000e+00
9.840000000000e-02,5.810895647023e-01,0.000000000000e+00,5.810895647023e-01,0.000000000000e+00,0.000000000000e+00
9.880000000000e-02,5.839763331876e-01,0.000000000000e+00,5.839763331876e-01,0.000000000000e+00,0.000000000000e+00
9.920000000000e-02,5.868745445631e-01,0.000000000000e+00,5.868745445631e-01,0.000000000000e+00,0.000000000000e+00
9.960000000000e-02,5.897842269291e-01,0.000000000000e+00,5.897842269291e-01,0.000000000000e+00,0.000000000000e+00
1.000000000000e-01,5.927054083436e-01,0.000000000000e+00,5.927054083436e-01,0.000000000000e+00,0.000000000000e+00
1.004000000000e-01,5.956381168439e-01,0.000000000000e+00,5.956381168439e-01,0.000000000000e+00,0.000000000000e+00
1.008000000000e-01,5.985823804243e-01,0.000000000000e+00,5.985823804243e-01,0.000000000000e+00,0.000000000000e+00
1.012000000000e-01,6.015382270557e-01,0.000000000000e+00,6.015382270557e-01,0.000000000000e+00,0.000000000000e+00
1.016000000000e-01,6.045056846667e-01,0.000000000000e+00,6.045056846667e-01,0.000000000000e+00,0.000000000000e+00
1.020000000000e-01,6.074847811582e-01,0.000000000000e+00,6.074847811582e-01,0.000000000000e+00,0.000000000000e+00
1.024000000000e-01,6.104755443905e-01,0.000000000000e+00,6.104755443905e-01,0.000000000000e+00,0.000000000000e+00
1.028000000000e-01,6.134780021917e-01,0.000000000000e+00,6.134780021917e-01,0.000000000000e+00,0.000000000000e+00
1.032000000000e-01,6.164921823508e-01,0.000000000000e+00,6.164921823508e-01,0.000000000000e+00,0.000000000000e+00
1.036000000000e-01,6.195181126201e-01,0.000000000000e+00,6.195181126201e-01,0.000000000000e+00,0.000000000000e+00
1.040000000000e-01,6.225558207145e-01,0.000000000000e+00,6.225558207145e-01,0.000000000000e+00,0.000000000000e+00
1.044000000000e-01,6.256053343075e-01,0.000000000000e+00,6.256053343075e-01,0.000000000000e+00,0.000000000000e+00
1.048000000000e-01,6.286666810373e-01,0.000000000000e+00,6.286666810373e-01,0.000000000000e+00,0.000000000000e+00
1.052000000000e-01,6.317398884950e-01,0.000000000000e+00,6.317398884950e-01,0.000000000000e+00,0.000000000000e+00
1.056000000000e-01,6.348249842393e-01,0.000000000000e+00,6.348249842393e-01,0.000000000000e+00,0.000000000000e+00
1.060000000000e-01,6.379219957765e-01,0.000000000000e+00,6.379219957765e-01,0.000000000000e+00,0.000000000000e+00
1.064000000000e-01,6.410309505822e-01,0.000000000000e+00,6.410309505822e-01,0.000000000000e+00,0.000000000000e+00
1.068000000000e-01,6.441518760751e-01,0.000000000000e+00,6.441518760751e-01,0.000000000000e+00,0.000000000000e+00
1.072000000000e-01,6.472847996447e-01,0.000000000000e+00,6.472847996447e-01,0.000000000000e+00,0.000000000000e+00
1.076000000000e-01,6.504297486192e-01,0.000000000000e+00,6.504297486192e-01,0.000000000000e+00,0.000000000000e+00
1.080000000000e-01,6.535867502985e-01,0.000000000000e+00,6.535867502985e-01,0.000000000000e+00,0.000000000000e+00
1.084000000000e-01,6.567558319180e-01,0.000000000000e+00,6.567558319180e-01,0.000000000000e+00,0.000000000000e+00
1.088000000000e-01,6.599370206842e-01,0.000000000000e+00,6.599370206842e-01,0.000000000000e+00,0.000000000000e+00
1.092000000000e-01,6.631303437373e-01,0.000000000000e+00,6.631303437373e-01,0.000000000000e+00,0.000000000000e+00
1.096000000000e-01,6.663358281868e-01,0.000000000000e+00,6.663358281868e-01,0.000000000000e+00,0.000000000000e+00
1.100000000000e-01,6.695535010752e-01,0.000000000000e+00,6.695535010752e-01,0.000000000000e+00,0.000000000000e+00
1.104000000000e-01,6.727833894111e-01,0.000000000000e+00,6.727833894111e-01,0.000000000000e+00,0.000000000000e+00
1.108000000000e-01,6.760255201369e-01,0.000000000000e+00,6.760255201369e-01,0.000000000000e+00,0.000000000000e+00
1.112000000000e-01,6.792799201567e-01,0.000000000000e+00,6.792799201567e-01,0.000000000000e+00,0.000000000000e+00
1.116000000000e-01,6.825466163102e-01,0.000000000000e+00,6.825466163102e-01,0.000000000000e+00,0.000000000000e+00
1.120000000000e-01,6.858256353935e-01,0.000000000000e+00,6.858256353935e-01,0.000000000000e+00,0.000000000000e+00
1.124000000000e-01,6.891170041406e-01,0.000000000000e+00,6.891170041406e-01,0.000000000000e+00,0.000000000000e+00
1.128000000000e-01,6.924207492362e-01,0.000000000000e+00,6.924207492362e-01,0.000000000000e+00,0.000000000000e+00
1.132000000000e-01,6.957368973060e-01,0.000000000000e+00,6.957368973060e-01,0.000000000000e+00,0.000000000000e+00
1.136000000000e-01,6.990654749195e-01,0.000000000000e+00,6.990654749195e-01,0.000000000000e+00,0.000000000000e+00
1.140000000000e-01,7.024065085913e-01,0.000000000000e+00,7.024065085913e-01,0.000000000000e+00,0.000000000000e+00
1.144000000000e-01,7.057600247724e-01,0.000000000000e+00,7.057600247724e-01,0.000000000000e+00,0.000000000000e+00
1.148000000000e-01,7.091260498630e-01,0.000000000000e+00,7.091260498630e-01,0.000000000000e+00,0.000000000000e+00
1.152000000000e-01,7.125046101925e-01,0.000000000000e+00,7.125046101925e-01,0.000000000000e+00,0.000000000000e+00
1.156000000000e-01,7.158957320436e-01,0.000000000000e+00,7.158957320436e-01,0.000000000000e+00,0.000000000000e+00
1.160000000000e-01,7.192994416210e-01,0.000000000000e+00,7.192994416210e-01,0.000000000000e+00,0.000000000000e+00
1.164000000000e-01,7.227157650859e-01,0.000000000000e+00,7.227157650859e-01,0.000000000000e+00,0.000000000000e+00
1.168000000000e-01,7.261447285158e-01,0.000000000000e+00,7.261447285158e-01,0.000000000000e+00,0.000000000000e+00
1.172000000000e-01,7.295863579469e-01,0.000000000000e+00,7.295863579469e-01,0.000000000000e+00,0.000000000000e+00
1.176000000000e-01,7.330406793265e-01,0.000000000000e+00,7.330406793265e-01,0.000000000000e+00,0.000000000000e+00
1.180000000000e-01,7.365077185618e-01,0.000000000000e+00,7.365077185618e-01,0.000000000000e+00,0.000000000000e+00
1.184000000000e-01,7.399875014677e-01,0.000000000000e+00,7.399875014677e-01,0.000000000000e+00,0.000000000000e+00
1.188000000000e-01,7.434800538180e-01,0.000000000000e+00,7.434800538180e-01,0.000000000000e+00,0.000000000000e+00
1.192000000000e-01,7.469854012927e-01,0.000000000000e+00,7.469854012927e-01,0.000000000000e+00,0.000000000000e+00
1.196000000000e-01,7.505035695282e-01,0.000000000000e+00,7.505035695282e-01,0.000000000000e+00,0.000000000000e+00
1.200000000000e-01,7.540345840673e-01,0.000000000000e+00,7.540345840673e-01,0.000000000000e+00,0.000000000000e+00
1.204000000000e-01,7.575784704046e-01,0.000000000000e+00,7.575784704046e-01,0.000000000000e+00,0.000000000000e+00
1.208000000000e-01,7.611352539431e-01,0.000000000000e+00,7.611352539431e-01,0.000000000000e+00,0.000000000000e+00
1.212000000000e-01,7.647049600315e-01,0.000000000000e+00,7.647049600315e-01,0.000000000000e+00,0.000000000000e+00
1.216000000000e-01,7.682876139305e-01,0.000000000000e+00,7.682876139305e-01,0.000000000000e+00,0.000000000000e+00
1.220000000000e-01,7.718832408391e-01,0.000000000000e+00,7.718832408391e-01,0.000000000000e+00,0.000000000000e+00
1.224000000000e-01,7.754918658726e-01,0.000000000000e+00,7.754918658726e-01,0.000000000000e+00,0.000000000000e+00
1.228000000000e-01,7.791135140764e-01,0.000000000000e+00,7.791135140764e-01,0.000000000000e+00,0.000000000000e+00
1.232000000000e-01,7.827482104175e-01,0.000000000000e+00,7.827482104175e-01,0.000000000000e+00,0.000000000000e+00
1.236000000000e-01,7.863959797839e-01,0.000000000000e+00,7.863959797839e-01,0.000000000000e+00,0.000000000000e+00
1.240000000000e-01,7.900568469913e-01,0.000000000000e+00,7.900568469913e-01,0.000000000000e+00,0.000000000000e+00
1.244000000000e-01,7.937308367668e-01,0.000000000000e+00,7.937308367668e-01,0.000000000000e+00,0.000000000000e+00
1.248000000000e-01,7.974179737711e-01,0.000000000000e+00,7.974179737711e-01,0.000000000000e+00,0.000000000000e+00
1.252000000000e-01,8.011182825673e-01,0.000000000000e+00,8.011182825673e-01,0.000000000000e+00,0.000000000000e+00
1.256000000000e-01,8.048317876574e-01,0.000000000000e+00,8.048317876574e-01,0.000000000000e+00,0.000000000000e+00
1.260000000000e-01,8.085585134374e-01,0.000000000000e+00,8.085585134374e-01,0.000000000000e+00,0.000000000000e+00
1.264000000000e-01,8.122984842466e-01,0.000000000000e+00,8.122984842466e-01,0.000000000000e+00,0.000000000000e+00
1.268000000000e-01,8.160517243112e-01,0.000000000000e+00,8.160517243112e-01,0.000000000000e+00,0.000000000000e+00
1.272000000000e-01,8.198182578035e-01,0.000000000000e+00,8.198182578035e-01,0.000000000000e+00,0.000000000000e+00
1.276000000000e-01,8.235981087772e-01,0.000000000000e+00,8.235981087772e-01,0.000000000000e+00,0.000000000000e+00
1.280000000000e-01,8.273913012332e-01,0.000000000000e+00,8.273913012332e-01,0.000000000000e+00,0.000000000000e+00
1.284000000000e-01,8.311978590505e-01,0.000000000000e+00,8.311978590505e-01,0.000000000000e+00,0.000000000000e+00
1.288000000000e-01,8.350178060535e-01,0.000000000000e+00,8.350178060535e-01,0.000000000000e+00,0.000000000000e+00
1.292000000000e-01,8.388511659445e-01,0.000000000000e+00,8.388511659445e-01,0.000000000000e+00,0.000000000000e+00
1.296000000000e-01,8.426979623669e-01,0.000000000000e+00,8.426979623669e-01,0.000000000000e+00,0.000000000000e+00
1.300000000000e-01,8.465582188435e-01,0.000000000000e+00,8.465582188435e-01,0.000000000000e+00,0.000000000000e+00
1.304000000000e-01,8.504319588322e-01,0.000000000000e+00,8.504319588322e-01,0.000000000000e+00,0.000000000000e+00
1.308000000000e-01,8.543192056739e-01,0.000000000000e+00,8.543192056739e-01,0.000000000000e+00,0.000000000000e+00
1.312000000000e-01,8.582199826364e-01,0.000000000000e+00,8.582199826364e-01,0.000000000000e+00,0.000000000000e+00
1.316000000000e-01,8.621343128760e-01,0.000000000000e+00,8.621343128760e-01,0.000000000000e+00,0.000000000000e+00
1.320000000000e-01,8.660622194665e-01,0.000000000000e+00,8.660622194665e-01,0.000000000000e+00,0.000000000000e+00
1.324000000000e-01,8.700037253761e-01,0.000000000000e+00,8.700037253761e-01,0.000000000000e+00,0.000000000000e+00
1.328000000000e-01,8.739588534805e-01,0.000000000000e+00,8.739588534805e-01,0.000000000000e+00,0.000000000000e+00
1.332000000000e-01,8.779276265572e-01,0.000000000000e+00,8.779276265572e-01,0.000000000000e+00,0.000000000000e+00
1.336000000000e-01,8.819100672797e-01,0.000000000000e+00,8.819100672797e-01,0.000000000000e+00,0.000000000000e+00
1.340000000000e-01,8.859061982310e-01,0.000000000000e+00,8.859061982310e-01,0.000000000000e+00,0.000000000000e+00
1.344000000000e-01,8.899160418790e-01,0.000000000000e+00,8.899160418790e-01,0.000000000000e+00,0.000000000000e+00
1.348000000000e-01,8.939396206086e-01,0.000000000000e+00,8.939396206086e-01,0.000000000000e+00,0.000000000000e+00
1.352000000000e-01,8.979769566788e-01,0.000000000000e+00,8.979769566788e-01,0.000000000000e+00,0.000000000000e+00
1.356000000000e-01,9.020280722723e-01,0.000000000000e+00,9.020280722723e-01,0.000000000000e+00,0.000000000000e+00
1.360000000000e-01,9.060929894359e-01,0.000000000000e+00,9.060929894359e-01,0.000000000000e+00,0.000000000000e+00
1.364000000000e-01,9.101717301460e-01,0.000000000000e+00,9.101717301460e-01,0.000000000000e+00,0.000000000000e+00
1.368000000000e-01,9.142643162345e-01,0.000000000000e+00,9.142643162345e-01,0.000000000000e+00,0.000000000000e+00
1.372000000000e-01,9.183707694666e-01,0.000000000000e+00,9.183707694666e-01,0.000000000000e+00,0.000000000000e+00
1.376000000000e-01,9.224911114571e-01,0.000000000000e+00,9.224911114571e-01,0.000000000000e+00,0.000000000000e+00
1.380000000000e-01,9.266253637547e-01,0.000000000000e+00,9.266253637547e-01,0.000000000000e+00,0.000000000000e+00
1.384000000000e-01,9.307735477552e-01,0.000000000000e+00,9.307735477552e-01,0.000000000000e+00,0.000000000000e+00
1.388000000000e-01,9.349356847854e-01,0.000000000000e+00,9.349356847854e-01,0.000000000000e+00,0.000000000000e+00
1.392000000000e-01,9.391117960200e-01,0.000000000000e+00,9.391117960200e-01,0.000000000000e+00,0.000000000000e+00
1.396000000000e-01,9.433019025590e-01,0.000000000000e+00,9.433019025590e-01,0.000000000000e+00,0.000000000000e+00
1.400000000000e-01,9.475060253533e-01,0.000000000000e+00,9.475060253533e-01,0.000000000000e+00,0.000000000000e+00
1.404000000000e-01,9.517241852714e-01,0.000000000000e+00,9.517241852714e-01,0.000000000000e+00,0.000000000000e+00
1.408000000000e-01,9.559564030379e-01,0.000000000000e+00,9.559564030379e-01,0.000000000000e+00,0.000000000000e+00
1.412000000000e-01,9.602026992849e-01,0.000000000000e+00,9.602026992849e-01,0.000000000000e+00,0.000000000000e+00
1.416000000000e-01,9.644630945081e-01,0.000000000000e+00,9.644630945081e-01,0.000000000000e+00,0.000000000000e+00
1.420000000000e-01,9.687376090985e-01,0.000000000000e+00,9.687376090985e-01,0.000000000000e+00,0.000000000000e+00
1.424000000000e-01,9.730262633198e-01,0.000000000000e+00,9.730262633198e-01,0.000000000000e+00,0.000000000000e+00
1.428000000000e-01,9.773290773180e-01,0.000000000000e+00,9.773290773180e-01,0.000000000000e+00,0.000000000000e+00
1.432000000000e-01,9.816460711214e-01,0.000000000000e+00,9.816460711214e-01,0.000000000000e+00,0.000000000000e+00
1.436000000000e-01,9.859772646269e-01,0.000000000000e+00,9.859772646269e-01,0.000000000000e+00,0.000000000000e+00
1.440000000000e-01,9.903226776235e-01,0.000000000000e+00,9.903226776235e-01,0.000000000000e+00,0.000000000000e+00
1.444000000000e-01,9.946823297559e-01,0.000000000000e+00,9.946823297559e-01,0.000000000000e+00,0.000000000000e+00
1.448000000000e-01,9.990562405695e-01,0.000000000000e+00,9.990562405695e-01,0.000000000000e+00,0.000000000000e+00
1.452000000000e-01,1.003444429453e+00,0.000000000000e+00,1.003444429453e+00,0.000000000000e+00,0.000000000000e+00
1.456000000000e-01,1.007846915705e+00,0.000000000000e+00,1.007846915705e+00,0.000000000000e+00,0.000000000000e+00
1.460000000000e-01,1.012263718455e+00,0.000000000000e+00,1.012263718455e+00,0.000000000000e+00,0.000000000000e+00
1.464000000000e-01,1.016694856749e+00,0.000000000000e+00,1.016694856749e+00,0.000000000000e+00,0.000000000000e+00
1.468000000000e-01,1.021140349456e+00,0.000000000000e+00,1.021140349456e+00,0.000000000000e+00,0.000000000000e+00
1.472000000000e-01,1.025600215363e+00,0.000000000000e+00,1.025600215363e+00,0.000000000000e+00,0.000000000000e+00
1.476000000000e-01,1.030074473076e+00,0.000000000000e+00,1.030074473076e+00,0.000000000000e+00,0.000000000000e+00
1.480000000000e-01,1.034563141119e+00,0.000000000000e+00,1.034563141119e+00,0.000000000000e+00,0.000000000000e+00
1.484000000000e-01,1.039066237834e+00,0.000000000000e+00,1.039066237834e+00,0.000000000000e+00,0.000000000000e+00
1.488000000000e-01,1.043583781476e+00,0.000000000000e+00,1.043583781476e+00,0.000000000000e+00,0.000000000000e+00
1.492000000000e-01,1.048115790117e+00,0.000000000000e+00,1.048115790117e+00,0.000000000000e+00,0.000000000000e+00
1.496000000000e-01,1.052662281740e+00,0.000000000000e+00,1.052662281740e+00,0.000000000000e+00,0.000000000000e+00
1.500000000000e-01,1.057223274147e+00,0.000000000000e+00,1.057223274147e+00,0.000000000000e+00,0.000000000000e+00
1.504000000000e-01,1.061798785042e+00,0.000000000000e+00,1.061798785042e+00,0.000000000000e+00,0.000000000000e+00
1.508000000000e-01,1.066388831955e+00,0.000000000000e+00,1.066388831955e+00,0.000000000000e+00,0.000000000000e+00
1.512000000000e-01,1.070993432304e+00,0.000000000000e+00,1.070993432304e+00,0.000000000000e+00,0.000000000000e+00
1.516000000000e-01,1.075612603346e+00,0.000000000000e+00,1.075612603346e+00,0.000000000000e+00,0.000000000000e+00
1.520000000000e-01,1.080246362210e+00,0.000000000000e+00,1.080246362210e+00,0.000000000000e+00,0.000000000000e+00
1.524000000000e-01,1.084894725874e+00,0.000000000000e+00,1.084894725874e+00,0.000000000000e+00,0.000000000000e+00
1.528000000000e-01,1.089557711173e+00,0.000000000000e+00,1.089557711173e+00,0.000000000000e+00,0.000000000000e+00
1.532000000000e-01,1.094235334805e+00,0.000000000000e+00,1.094235334805e+00,0.000000000000e+00,0.000000000000e+00
1.536000000000e-01,1.098927613308e+00,0.000000000000e+00,1.098927613308e+00,0.000000000000e+00,0.000000000000e+00
1.540000000000e-01,1.103634563094e+00,0.000000000000e+00,1.103634563094e+00,0.000000000000e+00,0.000000000000e+00
1.544000000000e-01,1.108356200399e+00,0.000000000000e+00,1.108356200399e+00,0.000000000000e+00,0.000000000000e+00
1.548000000000e-01,1.113092541347e+00,0.000000000000e+00,1.113092541347e+00,0.000000000000e+00,0.000000000000e+00
1.552000000000e-01,1.117843601871e+00,0.000000000000e+00,1.117843601871e+00,0.000000000000e+00,0.000000000000e+00
1.556000000000e-01,1.122609397799e+00,0.000000000000e+00,1.122609397799e+00,0.000000000000e+00,0.000000000000e+00
1.560000000000e-01,1.127389944757e+00,0.000000000000e+00,1.127389944757e+00,0.000000000000e+00,0.000000000000e+00
1.564000000000e-01,1.132185258274e+00,0.000000000000e+00,1.132185258274e+00,0.000000000000e+00,0.000000000000e+00
1.568000000000e-01,1.136995353668e+00,0.000000000000e+00,1.136995353668e+00,0.000000000000e+00,0.000000000000e+00
1.572000000000e-01,1.141820246161e+00,0.000000000000e+00,1.141820246161e+00,0.000000000000e+00,0.000000000000e+00
1.576000000000e-01,1.146659950763e+00,0.000000000000e+00,1.146659950763e+00,0.000000000000e+00,0.000000000000e+00
1.580000000000e-01,1.151514482383e+00,0.000000000000e+00,1.151514482383e+00,0.000000000000e+00,0.000000000000e+00
1.584000000000e-01,1.156383855718e+00,0.000000000000e+00,1.156383855718e+00,0.000000000000e+00,0.000000000000e+00
1.588000000000e-01,1.161268085363e+00,0.000000000000e+00,1.161268085363e+00,0.000000000000e+00,0.000000000000e+00
1.592000000000e-01,1.166167185698e+00,0.000000000000e+00,1.166167185698e+00,0.000000000000e+00,0.000000000000e+00
1.596000000000e-01,1.171081170996e+00,0.000000000000e+00,1.171081170996e+00,0.000000000000e+00,0.000000000000e+00
1.600000000000e-01,1.176010055321e+00,0.000000000000e+00,1.176010055321e+00,0.000000000000e+00,0.000000000000e+00
1.604000000000e-01,1.180953852617e+00,0.000000000000e+00,1.180953852617e+00,0.000000000000e+00,0.000000000000e+00
1.608000000000e-01,1.185912576631e+00,0.000000000000e+00,1.185912576631e+00,0.000000000000e+00,0.000000000000e+00
1.612000000000e-01,1.190886240973e+00,0.000000000000e+00,1.190886240973e+00,0.000000000000e+00,0.000000000000e+00
1.616000000000e-01,1.195874859069e+00,0.000000000000e+00,1.195874859069e+00,0.000000000000e+00,0.000000000000e+00
1.620000000000e-01,1.200878444190e+00,0.000000000000e+00,1.200878444190e+00,0.000000000000e+00,0.000000000000e+00
1.624000000000e-01,1.205897009437e+00,0.000000000000e+00,1.205897009437e+00,0.000000000000e+00,0.000000000000e+00
1.628000000000e-01,1.210930567741e+00,0.000000000000e+00,1.210930567741e+00,0.000000000000e+00,0.000000000000e+00
1.632000000000e-01,1.215979131873e+00,0.000000000000e+00,1.215979131873e+00,0.000000000000e+00,0.000000000000e+00
1.636000000000e-01,1.221042714419e+00,0.000000000000e+00,1.221042714419e+00,0.000000000000e+00,0.000000000000e+00
1.640000000000e-01,1.226121327818e+00,0.000000000000e+00,1.226121327818e+00,0.000000000000e+00,0.000000000000e+00
1.644000000000e-01,1.231214984304e+00,0.000000000000e+00,1.231214984304e+00,0.000000000000e+00,0.000000000000e+00
1.648000000000e-01,1.236323695983e+00,0.000000000000e+00,1.236323695983e+00,0.000000000000e+00,0.000000000000e+00
1.652000000000e-01,1.241447474735e+00,0.000000000000e+00,1.241447474735e+00,0.000000000000e+00,0.000000000000e+00
1.656000000000e-01,1.246586332323e+00,0.000000000000e+00,1.246586332323e+00,0.000000000000e+00,0.000000000000e+00
1.660000000000e-01,1.251740280275e+00,0.000000000000e+00,1.251740280275e+00,0.000000000000e+00,0.000000000000e+00
1.664000000000e-01,1.256909330004e+00,0.000000000000e+00,1.256909330004e+00,0.000000000000e+00,0.000000000000e+00
1.668000000000e-01,1.262093492683e+00,0.000000000000e+00,1.262093492683e+00,0.000000000000e+00,0.000000000000e+00
1.672000000000e-01,1.267292779373e+00,0.000000000000e+00,1.267292779373e+00,0.000000000000e+00,0.000000000000e+00
1.676000000000e-01,1.272507200886e+00,0.000000000000e+00,1.272507200886e+00,0.000000000000e+00,0.000000000000e+00
1.680000000000e-01,1.277736767925e+00,0.000000000000e+00,1.277736767925e+00,0.000000000000e+00,0.000000000000e+00
1.684000000000e-01,1.282981490943e+00,0.000000000000e+00,1.282981490943e+00,0.000000000000e+00,0.000000000000e+00
1.688000000000e-01,1.288241380277e+00,0.000000000000e+00,1.288241380277e+00,0.000000000000e+00,0.000000000000e+00
1.692000000000e-01,1.293516446020e+00,0.000000000000e+00,1.293516446020e+00,0.000000000000e+00,0.000000000000e+00
1.696000000000e-01,1.298806698135e+00,0.000000000000e+00,1.298806698135e+00,0.000000000000e+00,0.000000000000e+00
1.700000000000e-01,1.304112146354e+00,0.000000000000e+00,1.304112146354e+00,0.000000000000e+00,0.000000000000e+00
1.704000000000e-01,1.309432800263e+00,0.000000000000e+00,1.309432800263e+00,0.000000000000e+00,0.000000000000e+00
1.708000000000e-01,1.314768669228e+00,0.000000000000e+00,1.314768669228e+00,0.000000000000e+00,0.000000000000e+00
1.712000000000e-01,1.320119762453e+00,0.000000000000e+00,1.320119762453e+00,0.000000000000e+00,0.000000000000e+00
1.716000000000e-01,1.325486088937e+00,0.000000000000e+00,1.325486088937e+00,0.000000000000e+00,0.000000000000e+00
1.720000000000e-01,1.330867657497e+00,0.000000000000e+00,1.330867657497e+00,0.000000000000e+00,0.000000000000e+00
1.724000000000e-01,1.336264476760e+00,0.000000000000e+00,1.336264476760e+00,0.000000000000e+00,0.000000000000e+00
1.728000000000e-01,1.341676555154e+00,0.000000000000e+00,1.341676555154e+00,0.000000000000e+00,0.000000000000e+00
1.732000000000e-01,1.347103900929e+00,0.000000000000e+00,1.347103900929e+00,0.000000000000e+00,0.000000000000e+00
1.736000000000e-01,1.352546522119e+00,0.000000000000e+00,1.352546522119e+00,0.000000000000e+00,0.000000000000e+00
1.740000000000e-01,1.358004426598e+00,0.000000000000e+00,1.358004426598e+00,0.000000000000e+00,0.000000000000e+00
1.744000000000e-01,1.363477621998e+00,0.000000000000e+00,1.363477621998e+00,0.000000000000e+00,0.000000000000e+00
1.748000000000e-01,1.368966115812e+00,0.000000000000e+00,1.368966115812e+00,0.000000000000e+00,0.000000000000e+00
1.752000000000e-01,1.374469915272e+00,0.000000000000e+00,1.374469915272e+00,0.000000000000e+00,0.000000000000e+00
1.756000000000e-01,1.379989027480e+00,0.000000000000e+00,1.379989027480e+00,0.000000000000e+00,0.000000000000e+00
1.760000000000e-01,1.385523459268e+00,0.000000000000e+00,1.385523459268e+00,0.000000000000e+00,0.000000000000e+00
1.764000000000e-01,1.391073217344e+00,0.000000000000e+00,1.391073217344e+00,0.000000000000e+00,0.000000000000e+00
1.768000000000e-01,1.396638308135e+00,0.000000000000e+00,1.396638308135e+00,0.000000000000e+00,0.000000000000e+00
1.772000000000e-01,1.402218737947e+00,0.000000000000e+00,1.402218737947e+00,0.000000000000e+00,0.000000000000e+00
1.776000000000e-01,1.407814512804e+00,0.000000000000e+00,1.407814512804e+00,0.000000000000e+00,0.000000000000e+00
1.780000000000e-01,1.413425638605e+00,0.000000000000e+00,1.413425638605e+00,0.000000000000e+00,0.000000000000e+00
1.784000000000e-01,1.419052120968e+00,0.000000000000e+00,1.419052120968e+00,0.000000000000e+00,0.000000000000e+00
1.788000000000e-01,1.424693965377e+00,0.000000000000e+00,1.424693965377e+00,0.000000000000e+00,0.000000000000e+00
1.792000000000e-01,1.430351177044e+00,0.000000000000e+00,1.430351177044e+00,0.000000000000e+00,0.000000000000e+00
1.796000000000e-01,1.436023761035e+00,0.000000000000e+00,1.436023761035e+00,0.000000000000e+00,0.000000000000e+00
1.800000000000e-01,1.441711722152e+00,0.000000000000e+00,1.441711722152e+00,0.000000000000e+00,0.000000000000e+00
1.804000000000e-01,1.447415065034e+00,0.000000000000e+00,1.447415065034e+00,0.000000000000e+00,0.000000000000e+00
1.808000000000e-01,1.453133794076e+00,0.000000000000e+00,1.453133794076e+00,0.000000000000e+00,0.000000000000e+00
1.812000000000e-01,1.458867913485e+00,0.000000000000e+00,1.458867913485e+00,0.000000000000e+00,0.000000000000e+00
1.816000000000e-01,1.464617427243e+00,0.000000000000e+00,1.464617427243e+00,0.000000000000e+00,0.000000000000e+00
1.820000000000e-01,1.470382339122e+00,0.000000000000e+00,1.470382339122e+00,0.000000000000e+00,0.000000000000e+00
1.824000000000e-01,1.476162652687e+00,0.000000000000e+00,1.476162652687e+00,0.000000000000e+00,0.000000000000e+00
1.828000000000e-01,1.481958371274e+00,0.000000000000e+00,1.481958371274e+00,0.000000000000e+00,0.000000000000e+00
1.832000000000e-01,1.487769498026e+00,0.000000000000e+00,1.487769498026e+00,0.000000000000e+00,0.000000000000e+00
1.836000000000e-01,1.493596035836e+00,0.000000000000e+00,1.493596035836e+00,0.000000000000e+00,0.000000000000e+00
1.840000000000e-01,1.499437987426e+00,0.000000000000e+00,1.499437987426e+00,0.000000000000e+00,0.000000000000e+00
1.844000000000e-01,1.505295355242e+00,0.000000000000e+00,1.505295355242e+00,0.000000000000e+00,0.000000000000e+00
1.848000000000e-01,1.511168141577e+00,0.000000000000e+00,1.511168141577e+00,0.000000000000e+00,0.000000000000e+00
1.852000000000e-01,1.517056348433e+00,0.000000000000e+00,1.517056348433e+00,0.000000000000e+00,0.000000000000e+00
1.856000000000e-01,1.522959977665e+00,0.000000000000e+00,1.522959977665e+00,0.000000000000e+00,0.000000000000e+00
1.860000000000e-01,1.528879030828e+00,0.000000000000e+00,1.528879030828e+00,0.000000000000e+00,0.000000000000e+00
1.864000000000e-01,1.534813509337e+00,0.000000000000e+00,1.534813509337e+00,0.000000000000e+00,0.000000000000e+00
1.868000000000e-01,1.540763414297e+00,0.000000000000e+00,1.540763414297e+00,0.000000000000e+00,0.000000000000e+00
1.872000000000e-01,1.546728746678e+00,0.000000000000e+00,1.546728746678e+00,0.000000000000e+00,0.000000000000e+00
1.876000000000e-01,1.552709507134e+00,0.000000000000e+00,1.552709507134e+00,0.000000000000e+00,0.000000000000e+00
1.880000000000e-01,1.558705696181e+00,0.000000000000e+00,1.558705696181e+00,0.000000000000e+00,0.000000000000e+00
1.884000000000e-01,1.564717314024e+00,0.000000000000e+00,1.564717314024e+00,0.000000000000e+00,0.000000000000e+00
1.888000000000e-01,1.570744360717e+00,0.000000000000e+00,1.570744360717e+00,0.000000000000e+00,0.000000000000e+00
1.892000000000e-01,1.576786836016e+00,0.000000000000e+00,1.576786836016e+00,0.000000000000e+00,0.000000000000e+00
1.896000000000e-01,1.582844739509e+00,0.000000000000e+00,1.582844739509e+00,0.000000000000e+00,0.000000000000e+00
1.900000000000e-01,1.588918070499e+00,0.000000000000e+00,1.588918070499e+00,0.000000000000e+00,0.000000000000e+00
1.904000000000e-01,1.595006828103e+00,0.000000000000e+00,1.595006828103e+00,0.000000000000e+00,0.000000000000e+00
1.908000000000e-01,1.601111011169e+00,0.000000000000e+00,1.601111011169e+00,0.000000000000e+00,0.000000000000e+00
1.912000000000e-01,1.607230618338e+00,0.000000000000e+00,1.607230618338e+00,0.000000000000e+00,0.000000000000e+00
1.916000000000e-01,1.613365648003e+00,0.000000000000e+00,1.613365648003e+00,0.000000000000e+00,0.000000000000e+00
1.920000000000e-01,1.619516098323e+00,0.000000000000e+00,1.619516098323e+00,0.000000000000e+00,0.000000000000e+00
1.924000000000e-01,1.625681967231e+00,0.000000000000e+00,1.625681967231e+00,0.000000000000e+00,0.000000000000e+00
1.928000000000e-01,1.631863252403e+00,0.000000000000e+00,1.631863252403e+00,0.000000000000e+00,0.000000000000e+00
1.932000000000e-01,1.638059951309e+00,0.000000000000e+00,1.638059951309e+00,0.000000000000e+00,0.000000000000e+00
1.936000000000e-01,1.644272061138e+00,0.000000000000e+00,1.644272061138e+00,0.000000000000e+00,0.000000000000e+00
1.940000000000e-01,1.650499578892e+00,0.000000000000e+00,1.650499578892e+00,0.000000000000e+00,0.000000000000e+00
1.944000000000e-01,1.656742501270e+00,0.000000000000e+00,1.656742501270e+00,0.000000000000e+00,0.000000000000e+00
1.948000000000e-01,1.663000824804e+00,0.000000000000e+00,1.663000824804e+00,0.000000000000e+00,0.000000000000e+00
1.952000000000e-01,1.669274545701e+00,0.000000000000e+00,1.669274545701e+00,0.000000000000e+00,0.000000000000e+00
1.956000000000e-01,1.675563660014e+00,0.000000000000e+00,1.675563660014e+00,0.000000000000e+00,0.000000000000e+00
1.960000000000e-01,1.681868163460e+00,0.000000000000e+00,1.681868163460e+00,0.000000000000e+00,0.000000000000e+00
1.964000000000e-01,1.688188051608e+00,0.000000000000e+00,1.688188051608e+00,0.000000000000e+00,0.000000000000e+00
1.968000000000e-01,1.694523319683e+00,0.000000000000e+00,1.694523319683e+00,0.000000000000e+00,0.000000000000e+00
1.972000000000e-01,1.700873962762e+00,0.000000000000e+00,1.700873962762e+00,0.000000000000e+00,0.000000000000e+00
1.976000000000e-01,1.707239975580e+00,0.000000000000e+00,1.707239975580e+00,0.000000000000e+00,0.000000000000e+00
1.980000000000e-01,1.713621352716e+00,0.000000000000e+00,1.713621352716e+00,0.000000000000e+00,0.000000000000e+00
1.984000000000e-01,1.720018088413e+00,0.000000000000e+00,1.720018088413e+00,0.000000000000e+00,0.000000000000e+00
1.988000000000e-01,1.726430176746e+00,0.000000000000e+00,1.726430176746e+00,0.000000000000e+00,0.000000000000e+00
1.992000000000e-01,1.732857611468e+00,0.000000000000e+00,1.732857611468e+00,0.000000000000e+00,0.000000000000e+00
1.996000000000e-01,1.739300386142e+00,0.000000000000e+00,1.739300386142e+00,0.000000000000e+00,0.000000000000e+00
2.000000000000e-01,1.745758494028e+00,0.000000000000e+00,1.745758494028e+00,0.000000000000e+00,0.000000000000e+00
2.004000000000e-01,1.752231928176e+00,0.000000000000e+00,1.752231928176e+00,0.000000000000e+00,0.000000000000e+00
2.008000000000e-01,1.758720681350e+00,0.000000000000e+00,1.758720681350e+00,0.000000000000e+00,0.000000000000e+00
2.012000000000e-01,1.765224746080e+00,0.000000000000e+00,1.765224746080e+00,0.000000000000e+00,0.000000000000e+00
2.016000000000e-01,1.771744114636e+00,0.000000000000e+00,1.771744114636e+00,0.000000000000e+00,0.000000000000e+00
2.020000000000e-01,1.778278779023e+00,0.000000000000e+00,1.778278779023e+00,0.000000000000e+00,0.000000000000e+00
2.024000000000e-01,1.784828731011e+00,0.000000000000e+00,1.784828731011e+00,0.000000000000e+00,0.000000000000e+00
2.028000000000e-01,1.791393962080e+00,0.000000000000e+00,1.791393962080e+00,0.000000000000e+00,0.000000000000e+00
2.032000000000e-01,1.797974463495e+00,0.000000000000e+00,1.797974463495e+00,0.000000000000e+00,0.000000000000e+00
2.036000000000e-01,1.804570226208e+00,0.000000000000e+00,1.804570226208e+00,0.000000000000e+00,0.000000000000e+00
2.040000000000e-01,1.811181240978e+00,0.000000000000e+00,1.811181240978e+00,0.000000000000e+00,0.000000000000e+00
2.044000000000e-01,1.817807498227e+00,0.000000000000e+00,1.817807498227e+00,0.000000000000e+00,0.000000000000e+00
2.048000000000e-01,1.824448988199e+00,0.000000000000e+00,1.824448988199e+00,0.000000000000e+00,0.000000000000e+00
2.052000000000e-01,1.831105700787e+00,0.000000000000e+00,1.831105700787e+00,0.000000000000e+00,0.000000000000e+00
2.056000000000e-01,1.837777625717e+00,0.000000000000e+00,1.837777625717e+00,0.000000000000e+00,0.000000000000e+00
2.060000000000e-01,1.844464752350e+00,0.000000000000e+00,1.844464752350e+00,0.000000000000e+00,0.000000000000e+00
2.064000000000e-01,1.851167069888e+00,0.000000000000e+00,1.851167069888e+00,0.000000000000e+00,0.000000000000e+00
2.068000000000e-01,1.857884567162e+00,0.000000000000e+00,1.857884567162e+00,0.000000000000e+00,0.000000000000e+00
2.072000000000e-01,1.864617232841e+00,0.000000000000e+00,1.864617232841e+00,0.000000000000e+00,0.000000000000e+00
2.076000000000e-01,1.871365055230e+00,0.000000000000e+00,1.871365055230e+00,0.000000000000e+00,0.000000000000e+00
2.080000000000e-01,1.878128022458e+00,0.000000000000e+00,1.878128022458e+00,0.000000000000e+00,0.000000000000e+00
2.084000000000e-01,1.884906122300e+00,0.000000000000e+00,1.884906122300e+00,0.000000000000e+00,0.000000000000e+00
2.088000000000e-01,1.891699342342e+00,0.000000000000e+00,1.891699342342e+00,0.000000000000e+00,0.000000000000e+00
2.092000000000e-01,1.898507669830e+00,0.000000000000e+00,1.898507669830e+00,0.000000000000e+00,0.000000000000e+00
2.096000000000e-01,1.905331091802e+00,0.000000000000e+00,1.905331091802e+00,0.000000000000e+00,0.000000000000e+00
2.100000000000e-01,1.912169594973e+00,0.000000000000e+00,1.912169594973e+00,0.000000000000e+00,0.000000000000e+00
2.104000000000e-01,1.919023165825e+00,0.000000000000e+00,1.919023165825e+00,0.000000000000e+00,0.000000000000e+00
2.108000000000e-01,1.925891790545e+00,0.000000000000e+00,1.925891790545e+00,0.000000000000e+00,0.000000000000e+00
2.112000000000e-01,1.932775455056e+00,0.000000000000e+00,1.932775455056e+00,0.000000000000e+00,0.000000000000e+00
2.116000000000e-01,1.939674145011e+00,0.000000000000e+00,1.939674145011e+00,0.000000000000e+00,0.000000000000e+00
2.120000000000e-01,1.946587845774e+00,0.000000000000e+00,1.946587845774e+00,0.000000000000e+00,0.000000000000e+00
2.124000000000e-01,1.953516542459e+00,0.000000000000e+00,1.953516542459e+00,0.000000000000e+00,0.000000000000e+00
2.128000000000e-01,1.960460219867e+00,0.000000000000e+00,1.960460219867e+00,0.000000000000e+00,0.000000000000e+00
2.132000000000e-01,1.967418862575e+00,0.000000000000e+00,1.967418862575e+00,0.000000000000e+00,0.000000000000e+00
2.136000000000e-01,1.974392454818e+00,0.000000000000e+00,1.974392454818e+00,0.000000000000e+00,0.000000000000e+00
2.140000000000e-01,1.981380980627e+00,0.000000000000e+00,1.981380980627e+00,0.000000000000e+00,0.000000000000e+00
2.144000000000e-01,1.988384423674e+00,0.000000000000e+00,1.988384423674e+00,0.000000000000e+00,0.000000000000e+00
2.148000000000e-01,1.995402767440e+00,0.000000000000e+00,1.995402767440e+00,0.000000000000e+00,0.000000000000e+00
2.152000000000e-01,2.002435995030e+00,0.000000000000e+00,2.002435995030e+00,0.000000000000e+00,0.000000000000e+00
2.156000000000e-01,2.009484089374e+00,0.000000000000e+00,2.009484089374e+00,0.000000000000e+00,0.000000000000e+00
2.160000000000e-01,2.016547033009e+00,0.000000000000e+00,2.016547033009e+00,0.000000000000e+00,0.000000000000e+00
2.164000000000e-01,2.023624808304e+00,0.000000000000e+00,2.023624808304e+00,0.000000000000e+00,0.000000000000e+00
2.168000000000e-01,2.030717397235e+00,0.000000000000e+00,2.030717397235e+00,0.000000000000e+00,0.000000000000e+00
2.172000000000e-01,2.037824781602e+00,0.000000000000e+00,2.037824781602e+00,0.000000000000e+00,0.000000000000e+00
2.176000000000e-01,2.044946942819e+00,0.000000000000e+00,2.044946942819e+00,0.000000000000e+00,0.000000000000e+00
2.180000000000e-01,2.052083862111e+00,0.000000000000e+00,2.052083862111e+00,0.000000000000e+00,0.000000000000e+00
2.184000000000e-01,2.059235520333e+00,0.000000000000e+00,2.059235520333e+00,0.000000000000e+00,0.000000000000e+00
2.188000000000e-01,2.066401898131e+00,0.000000000000e+00,2.066401898131e+00,0.000000000000e+00,0.000000000000e+00
2.192000000000e-01,2.073582975796e+00,0.000000000000e+00,2.073582975796e+00,0.000000000000e+00,0.000000000000e+00
2.196000000000e-01,2.080778733393e+00,0.000000000000e+00,2.080778733393e+00,0.000000000000e+00,0.000000000000e+00
2.200000000000e-01,2.087989150650e+00,0.000000000000e+00,2.087989150650e+00,0.000000000000e+00,0.000000000000e+00
2.204000000000e-01,2.095214207045e+00,0.000000000000e+00,2.095214207045e+00,0.000000000000e+00,0.000000000000e+00
2.208000000000e-01,2.102453881743e+00,0.000000000000e+00,2.102453881743e+00,0.000000000000e+00,0.000000000000e+00
2.212000000000e-01,2.109708153630e+00,0.000000000000e+00,2.109708153630e+00,0.000000000000e+00,0.000000000000e+00
2.216000000000e-01,2.116977001308e+00,0.000000000000e+00,2.116977001308e+00,0.000000000000e+00,0.000000000000e+00
2.220000000000e-01,2.124260403068e+00,0.000000000000e+00,2.124260403068e+00,0.000000000000e+00,0.000000000000e+00
2.224000000000e-01,2.131558336946e+00,0.000000000000e+00,2.131558336946e+00,0.000000000000e+00,0.000000000000e+00
2.228000000000e-01,2.138870780638e+00,0.000000000000e+00,2.138870780638e+00,0.000000000000e+00,0.000000000000e+00
2.232000000000e-01,2.146197711608e+00,0.000000000000e+00,2.146197711608e+00,0.000000000000e+00,0.000000000000e+00
2.236000000000e-01,2.153539106956e+00,0.000000000000e+00,2.153539106956e+00,0.000000000000e+00,0.000000000000e+00
2.240000000000e-01,2.160894943574e+00,0.000000000000e+00,2.160894943574e+00,0.000000000000e+00,0.000000000000e+00
2.244000000000e-01,2.168265197965e+00,0.000000000000e+00,2.168265197965e+00,0.000000000000e+00,0.000000000000e+00
2.248000000000e-01,2.175649846441e+00,0.000000000000e+00,2.175649846441e+00,0.000000000000e+00,0.000000000000e+00
2.252000000000e-01,2.183048864909e+00,0.000000000000e+00,2.183048864909e+00,0.000000000000e+00,0.000000000000e+00
2.256000000000e-01,2.190462229098e+00,0.000000000000e+00,2.190462229098e+00,0.000000000000e+00,0.000000000000e+00
2.260000000000e-01,2.197889914322e+00,0.000000000000e+00,2.197889914322e+00,0.000000000000e+00,0.000000000000e+00
2.264000000000e-01,2.205331895717e+00,0.000000000000e+00,2.205331895717e+00,0.000000000000e+00,0.000000000000e+00
2.268000000000e-01,2.212788148007e+00,0.000000000000e+00,2.212788148007e+00,0.000000000000e+00,0.000000000000e+00
2.272000000000e-01,2.220258645730e+00,0.000000000000e+00,2.220258645730e+00,0.000000000000e+00,0.000000000000e+00
2.276000000000e-01,2.227743363022e+00,0.000000000000e+00,2.227743363022e+00,0.000000000000e+00,0.000000000000e+00
2.280000000000e-01,2.235242273817e+00,0.000000000000e+00,2.235242273817e+00,0.000000000000e+00,0.000000000000e+00
2.284000000000e-01,2.242755351663e+00,0.000000000000e+00,2.242755351663e+00,0.000000000000e+00,0.000000000000e+00
2.288000000000e-01,2.250282569888e+00,0.000000000000e+00,2.250282569888e+00,0.000000000000e+00,0.000000000000e+00
2.292000000000e-01,2.257823901450e+00,0.000000000000e+00,2.257823901450e+00,0.000000000000e+00,0.000000000000e+00
2.296000000000e-01,2.265379319067e+00,0.000000000000e+00,2.265379319067e+00,0.000000000000e+00,0.000000000000e+00
2.300000000000e-01,2.272948795109e+00,0.000000000000e+00,2.272948795109e+00,0.000000000000e+00,0.000000000000e+00
2.304000000000e-01,2.280532301679e+00,0.000000000000e+00,2.280532301679e+00,0.000000000000e+00,0.000000000000e+00
2.308000000000e-01,2.288129810559e+00,0.000000000000e+00,2.288129810559e+00,0.000000000000e+00,0.000000000000e+00
2.312000000000e-01,2.295741293233e+00,0.000000000000e+00,2.295741293233e+00,0.000000000000e+00,0.000000000000e+00
2.316000000000e-01,2.303366720896e+00,0.000000000000e+00,2.303366720896e+00,0.000000000000e+00,0.000000000000e+00
2.320000000000e-01,2.311006064410e+00,0.000000000000e+00,2.311006064410e+00,0.000000000000e+00,0.000000000000e+00
2.324000000000e-01,2.318659294379e+00,0.000000000000e+00,2.318659294379e+00,0.000000000000e+00,0.000000000000e+00
2.328000000000e-01,2.326326381046e+00,0.000000000000e+00,2.326326381046e+00,0.000000000000e+00,0.000000000000e+00
2.332000000000e-01,2.334007294419e+00,0.000000000000e+00,2.334007294419e+00,0.000000000000e+00,0.000000000000e+00
2.336000000000e-01,2.341702004121e+00,0.000000000000e+00,2.341702004121e+00,0.000000000000e+00,0.000000000000e+00
2.340000000000e-01,2.349410479561e+00,0.000000000000e+00,2.349410479561e+00,0.000000000000e+00,0.000000000000e+00
2.344000000000e-01,2.357132689743e+00,0.000000000000e+00,2.357132689743e+00,0.000000000000e+00,0.000000000000e+00
2.348000000000e-01,2.364868603474e+00,0.000000000000e+00,2.364868603474e+00,0.000000000000e+00,0.000000000000e+00
2.352000000000e-01,2.372618189139e+00,0.000000000000e+00,2.372618189139e+00,0.000000000000e+00,0.000000000000e+00
2.356000000000e-01,2.380381414938e+00,0.000000000000e+00,2.380381414938e+00,0.000000000000e+00,0.000000000000e+00
2.360000000000e-01,2.388158248640e+00,0.000000000000e+00,2.388158248640e+00,0.000000000000e+00,0.000000000000e+00
2.364000000000e-01,2.395948657830e+00,0.000000000000e+00,2.395948657830e+00,0.000000000000e+00,0.000000000000e+00
2.368000000000e-01,2.403752609667e+00,0.000000000000e+00,2.403752609667e+00,0.000000000000e+00,0.000000000000e+00
2.372000000000e-01,2.411570071114e+00,0.000000000000e+00,2.411570071114e+00,0.000000000000e+00,0.000000000000e+00
2.376000000000e-01,2.419401008723e+00,0.000000000000e+00,2.419401008723e+00,0.000000000000e+00,0.000000000000e+00
2.380000000000e-01,2.427245388831e+00,0.000000000000e+00,2.427245388831e+00,0.000000000000e+00,0.000000000000e+00
2.384000000000e-01,2.435103177380e+00,0.000000000000e+00,2.435103177380e+00,0.000000000000e+00,0.000000000000e+00
2.388000000000e-01,2.442974340082e+00,0.000000000000e+00,2.442974340082e+00,0.000000000000e+00,0.000000000000e+00
2.392000000000e-01,2.450858842270e+00,0.000000000000e+00,2.450858842270e+00,0.000000000000e+00,0.000000000000e+00
2.396000000000e-01,2.458756649023e+00,0.000000000000e+00,2.458756649023e+00,0.000000000000e+00,0.000000000000e+00
2.400000000000e-01,2.466667725071e+00,0.000000000000e+00,2.466667725071e+00,0.000000000000e+00,0.000000000000e+00
2.404000000000e-01,2.474592034856e+00,0.000000000000e+00,2.474592034856e+00,0.000000000000e+00,0.000000000000e+00
2.408000000000e-01,2.482529542501e+00,0.000000000000e+00,2.482529542501e+00,0.000000000000e+00,0.000000000000e+00
2.412000000000e-01,2.490480211812e+00,0.000000000000e+00,2.490480211812e+00,0.000000000000e+00,0.000000000000e+00
2.416000000000e-01,2.498444006305e+00,0.000000000000e+00,2.498444006305e+00,0.000000000000e+00,0.000000000000e+00
2.420000000000e-01,2.506420889148e+00,0.000000000000e+00,2.506420889148e+00,0.000000000000e+00,0.000000000000e+00
2.424000000000e-01,2.514410823248e+00,0.000000000000e+00,2.514410823248e+00,0.000000000000e+00,0.000000000000e+00
2.428000000000e-01,2.522413771136e+00,0.000000000000e+00,2.522413771136e+00,0.000000000000e+00,0.000000000000e+00
2.432000000000e-01,2.530429695107e+00,0.000000000000e+00,2.530429695107e+00,0.000000000000e+00,0.000000000000e+00
2.436000000000e-01,2.538458557056e+00,0.000000000000e+00,2.538458557056e+00,0.000000000000e+00,0.000000000000e+00
2.440000000000e-01,2.546500318661e+00,0.000000000000e+00,2.546500318661e+00,0.000000000000e+00,0.000000000000e+00
2.444000000000e-01,2.554554941183e+00,0.000000000000e+00,2.554554941183e+00,0.000000000000e+00,0.000000000000e+00
2.448000000000e-01,2.562622385683e+00,0.000000000000e+00,2.562622385683e+00,0.000000000000e+00,0.000000000000e+00
2.452000000000e-01,2.570702612788e+00,0.000000000000e+00,2.570702612788e+00,0.000000000000e+00,0.000000000000e+00
2.456000000000e-01,2.578795582934e+00,0.000000000000e+00,2.578795582934e+00,0.000000000000e+00,0.000000000000e+00
2.460000000000e-01,2.586901256122e+00,0.000000000000e+00,2.586901256122e+00,0.000000000000e+00,0.000000000000e+00
2.464000000000e-01,2.595019592156e+00,0.000000000000e+00,2.595019592156e+00,0.000000000000e+00,0.000000000000e+00
2.468000000000e-01,2.603150550414e+00,0.000000000000e+00,2.603150550414e+00,0.000000000000e+00,0.000000000000e+00
2.472000000000e-01,2.611294090065e+00,0.000000000000e+00,2.611294090065e+00,0.000000000000e+00,0.000000000000e+00
2.476000000000e-01,2.619450169864e+00,0.000000000000e+00,2.619450169864e+00,0.000000000000e+00,0.000000000000e+00
2.480000000000e-01,2.627618748344e+00,0.000000000000e+00,2.627618748344e+00,0.000000000000e+00,0.000000000000e+00
2.484000000000e-01,2.635799783639e+00,0.000000000000e+00,2.635799783639e+00,0.000000000000e+00,0.000000000000e+00
2.488000000000e-01,2.643993233639e+00,0.000000000000e+00,2.643993233639e+00,0.000000000000e+00,0.000000000000e+00
2.492000000000e-01,2.652199055862e+00,0.000000000000e+00,2.652199055862e+00,0.000000000000e+00,0.000000000000e+00
2.496000000000e-01,2.660417207555e+00,0.000000000000e+00,2.660417207555e+00,0.000000000000e+00,0.000000000000e+00
2.500000000000e-01,2.668647645616e+00,0.000000000000e+00,2.668647645616e+00,0.000000000000e+00,0.000000000000e+00
2.504000000000e-01,2.676890326647e+00,0.000000000000e+00,2.676890326647e+00,0.000000000000e+00,0.000000000000e+00
2.508000000000e-01,2.685145206931e+00,0.000000000000e+00,2.685145206931e+00,0.000000000000e+00,0.000000000000e+00
2.512000000000e-01,2.693412242422e+00,0.000000000000e+00,2.693412242422e+00,0.000000000000e+00,0.000000000000e+00
2.516000000000e-01,2.701691388785e+00,0.000000000000e+00,2.701691388785e+00,0.000000000000e+00,0.000000000000e+00
2.520000000000e-01,2.709982601329e+00,0.000000000000e+00,2.709982601329e+00,0.000000000000e+00,0.000000000000e+00
2.524000000000e-01,2.718285835101e+00,0.000000000000e+00,2.718285835101e+00,0.000000000000e+00,0.000000000000e+00
2.528000000000e-01,2.726601044761e+00,0.000000000000e+00,2.726601044761e+00,0.000000000000e+00,0.000000000000e+00
2.532000000000e-01,2.734928184739e+00,0.000000000000e+00,2.734928184739e+00,0.000000000000e+00,0.000000000000e+00
2.536000000000e-01,2.743267209050e+00,0.000000000000e+00,2.743267209050e+00,0.000000000000e+00,0.000000000000e+00
2.540000000000e-01,2.751618071500e+00,0.000000000000e+00,2.751618071500e+00,0.000000000000e+00,0.000000000000e+00
2.544000000000e-01,2.759980725464e+00,0.000000000000e+00,2.759980725464e+00,0.000000000000e+00,0.000000000000e+00
2.548000000000e-01,2.768355124120e+00,0.000000000000e+00,2.768355124120e+00,0.000000000000e+00,0.000000000000e+00
2.552000000000e-01,2.776741220207e+00,0.000000000000e+00,2.776741220207e+00,0.000000000000e+00,0.000000000000e+00
2.556000000000e-01,2.785138966271e+00,0.000000000000e+00,2.785138966271e+00,0.000000000000e+00,0.000000000000e+00
2.560000000000e-01,2.793548314417e+00,0.000000000000e+00,2.793548314417e+00,0.000000000000e+00,0.000000000000e+00
2.564000000000e-01,2.801969216556e+00,0.000000000000e+00,2.801969216556e+00,0.000000000000e+00,0.000000000000e+00
2.568000000000e-01,2.810401624165e+00,0.000000000000e+00,2.810401624165e+00,0.000000000000e+00,0.000000000000e+00
2.572000000000e-01,2.818845488513e+00,0.000000000000e+00,2.818845488513e+00,0.000000000000e+00,0.000000000000e+00
2.576000000000e-01,2.827300760453e+00,0.000000000000e+00,2.827300760453e+00,0.000000000000e+00,0.000000000000e+00
2.580000000000e-01,2.835767390612e+00,0.000000000000e+00,2.835767390612e+00,0.000000000000e+00,0.000000000000e+00
2.584000000000e-01,2.844245329220e+00,0.000000000000e+00,2.844245329220e+00,0.000000000000e+00,0.000000000000e+00
2.588000000000e-01,2.852734526258e+00,0.000000000000e+00,2.852734526258e+00,0.000000000000e+00,0.000000000000e+00
2.592000000000e-01,2.861234931337e+00,0.000000000000e+00,2.861234931337e+00,0.000000000000e+00,0.000000000000e+00
2.596000000000e-01,2.869746493790e+00,0.000000000000e+00,2.869746493790e+00,0.000000000000e+00,0.000000000000e+00
2.600000000000e-01,2.878269162610e+00,0.000000000000e+00,2.878269162610e+00,0.000000000000e+00,0.000000000000e+00
2.604000000000e-01,2.886802886483e+00,0.000000000000e+00,2.886802886483e+00,0.000000000000e+00,0.000000000000e+00
2.608000000000e-01,2.895347613784e+00,0.000000000000e+00,2.895347613784e+00,0.000000000000e+00,0.000000000000e+00
2.612000000000e-01,2.903903292550e+00,0.000000000000e+00,2.903903292550e+00,0.000000000000e+00,0.000000000000e+00
2.616000000000e-01,2.912469870540e+00,0.000000000000e+00,2.912469870540e+00,0.000000000000e+00,0.000000000000e+00
2.620000000000e-01,2.921047295145e+00,0.000000000000e+00,2.921047295145e+00,0.000000000000e+00,0.000000000000e+00
2.624000000000e-01,2.929635513505e+00,0.000000000000e+00,2.929635513505e+00,0.000000000000e+00,0.000000000000e+00
2.628000000000e-01,2.938234472366e+00,0.000000000000e+00,2.938234472366e+00,0.000000000000e+00,0.000000000000e+00
2.632000000000e-01,2.946844118249e+00,0.000000000000e+00,2.946844118249e+00,0.000000000000e+00,0.000000000000e+00
2.636000000000e-01,2.955464397258e+00,0.000000000000e+00,2.955464397258e+00,0.000000000000e+00,0.000000000000e+00
2.640000000000e-01,2.964095255292e+00,0.000000000000e+00,2.964095255292e+00,0.000000000000e+00,0.000000000000e+00
2.644000000000e-01,2.972736637819e+00,0.000000000000e+00,2.972736637819e+00,0.000000000000e+00,0.000000000000e+00
2.648000000000e-01,2.981388490110e+00,0.000000000000e+00,2.981388490110e+00,0.000000000000e+00,0.000000000000e+00
2.652000000000e-01,2.990050757000e+00,0.000000000000e+00,2.990050757000e+00,0.000000000000e+00,0.000000000000e+00
2.656000000000e-01,2.998723383133e+00,0.000000000000e+00,2.998723383133e+00,0.000000000000e+00,0.000000000000e+00
2.660000000000e-01,3.007406312717e+00,0.000000000000e+00,3.007406312717e+00,0.000000000000e+00,0.000000000000e+00
2.664000000000e-01,3.016099489760e+00,0.000000000000e+00,3.016099489760e+00,0.000000000000e+00,0.000000000000e+00
2.668000000000e-01,3.024802857849e+00,0.000000000000e+00,3.024802857849e+00,0.000000000000e+00,0.000000000000e+00
2.672000000000e-01,3.033516360357e+00,0.000000000000e+00,3.033516360357e+00,0.000000000000e+00,0.000000000000e+00
2.676000000000e-01,3.042239940251e+00,0.000000000000e+00,3.042239940251e+00,0.000000000000e+00,0.000000000000e+00
2.680000000000e-01,3.050973540267e+00,0.000000000000e+00,3.050973540267e+00,0.000000000000e+00,0.000000000000e+00
2.684000000000e-01,3.059717102757e+00,0.000000000000e+00,3.059717102757e+00,0.000000000000e+00,0.000000000000e+00
2.688000000000e-01,3.068470569817e+00,0.000000000000e+00,3.068470569817e+00,0.000000000000e+00,0.000000000000e+00
2.692000000000e-01,3.077233883188e+00,0.000000000000e+00,3.077233883188e+00,0.000000000000e+00,0.000000000000e+00
2.696000000000e-01,3.086006984325e+00,0.000000000000e+00,3.086006984325e+00,0.000000000000e+00,0.000000000000e+00
2.700000000000e-01,3.094789814360e+00,0.000000000000e+00,3.094789814360e+00,0.000000000000e+00,0.000000000000e+00
2.704000000000e-01,3.103582314108e+00,0.000000000000e+00,3.103582314108e+00,0.000000000000e+00,0.000000000000e+00
2.708000000000e-01,3.112384424092e+00,0.000000000000e+00,3.112384424092e+00,0.000000000000e+00,0.000000000000e+00
2.712000000000e-01,3.121196084491e+00,0.000000000000e+00,3.121196084491e+00,0.000000000000e+00,0.000000000000e+00
2.716000000000e-01,3.130017235217e+00,0.000000000000e+00,3.130017235217e+00,0.000000000000e+00,0.000000000000e+00
2.720000000000e-01,3.138847815815e+00,0.000000000000e+00,3.138847815815e+00,0.000000000000e+00,0.000000000000e+00
2.724000000000e-01,3.147687765589e+00,0.000000000000e+00,3.147687765589e+00,0.000000000000e+00,0.000000000000e+00
2.728000000000e-01,3.156537023449e+00,0.000000000000e+00,3.156537023449e+00,0.000000000000e+00,0.000000000000e+00
2.732000000000e-01,3.165395528092e+00,0.000000000000e+00,3.165395528092e+00,0.000000000000e+00,0.000000000000e+00
2.736000000000e-01,3.174263217799e+00,0.000000000000e+00,3.174263217799e+00,0.000000000000e+00,0.000000000000e+00
2.740000000000e-01,3.183140030655e+00,0.000000000000e+00,3.183140030655e+00,0.000000000000e+00,0.000000000000e+00
2.744000000000e-01,3.192025904318e+00,0.000000000000e+00,3.192025904318e+00,0.000000000000e+00,0.000000000000e+00
2.748000000000e-01,3.200920776259e+00,0.000000000000e+00,3.200920776259e+00,0.000000000000e+00,0.000000000000e+00
2.752000000000e-01,3.209824583519e+00,0.000000000000e+00,3.209824583519e+00,0.000000000000e+00,0.000000000000e+00
2.756000000000e-01,3.218737262951e+00,0.000000000000e+00,3.218737262951e+00,0.000000000000e+00,0.000000000000e+00
2.760000000000e-01,3.227658750984e+00,0.000000000000e+00,3.227658750984e+00,0.000000000000e+00,0.000000000000e+00
2.764000000000e-01,3.236588983853e+00,0.000000000000e+00,3.236588983853e+00,0.000000000000e+00,0.000000000000e+00
2.768000000000e-01,3.245527897381e+00,0.000000000000e+00,3.245527897381e+00,0.000000000000e+00,0.000000000000e+00
2.772000000000e-01,3.254475427180e+00,0.000000000000e+00,3.254475427180e+00,0.000000000000e+00,0.000000000000e+00
2.776000000000e-01,3.263431508472e+00,0.000000000000e+00,3.263431508472e+00,0.000000000000e+00,0.000000000000e+00
2.780000000000e-01,3.272396076249e+00,0.000000000000e+00,3.272396076249e+00,0.000000000000e+00,0.000000000000e+00
2.784000000000e-01,3.281369065133e+00,0.000000000000e+00,3.281369065133e+00,0.000000000000e+00,0.000000000000e+00
2.788000000000e-01,3.290350409493e+00,0.000000000000e+00,3.290350409493e+00,0.000000000000e+00,0.000000000000e+00
2.792000000000e-01,3.299340043360e+00,0.000000000000e+00,3.299340043360e+00,0.000000000000e+00,0.000000000000e+00
2.796000000000e-01,3.308337900480e+00,0.000000000000e+00,3.308337900480e+00,0.000000000000e+00,0.000000000000e+00
2.800000000000e-01,3.317343914290e+00,0.000000000000e+00,3.317343914290e+00,0.000000000000e+00,0.000000000000e+00
2.804000000000e-01,3.326358017920e+00,0.000000000000e+00,3.326358017920e+00,0.000000000000e+00,0.000000000000e+00
2.808000000000e-01,3.335380144217e+00,0.000000000000e+00,3.335380144217e+00,0.000000000000e+00,0.000000000000e+00
2.812000000000e-01,3.344410225690e+00,0.000000000000e+00,3.344410225690e+00,0.000000000000e+00,0.000000000000e+00
2.816000000000e-01,3.353448194600e+00,0.000000000000e+00,3.353448194600e+00,0.000000000000e+00,0.000000000000e+00
2.820000000000e-01,3.362493982843e+00,0.000000000000e+00,3.362493982843e+00,0.000000000000e+00,0.000000000000e+00
2.824000000000e-01,3.371547522089e+00,0.000000000000e+00,3.371547522089e+00,0.000000000000e+00,0.000000000000e+00
2.828000000000e-01,3.380608743626e+00,0.000000000000e+00,3.380608743626e+00,0.000000000000e+00,0.000000000000e+00
2.832000000000e-01,3.389677578535e+00,0.000000000000e+00,3.389677578535e+00,0.000000000000e+00,0.000000000000e+00
2.836000000000e-01,3.398753957500e+00,0.000000000000e+00,3.398753957500e+00,0.000000000000e+00,0.000000000000e+00
2.840000000000e-01,3.407837811012e+00,0.000000000000e+00,3.407837811012e+00,0.000000000000e+00,0.000000000000e+00
2.844000000000e-01,3.416929069155e+00,0.000000000000e+00,3.416929069155e+00,0.000000000000e+00,0.000000000000e+00
2.848000000000e-01,3.426027661832e+00,0.000000000000e+00,3.426027661832e+00,0.000000000000e+00,0.000000000000e+00
2.852000000000e-01,3.435133518532e+00,0.000000000000e+00,3.435133518532e+00,0.000000000000e+00,0.000000000000e+00
2.856000000000e-01,3.444246568565e+00,0.000000000000e+00,3.444246568565e+00,0.000000000000e+00,0.000000000000e+00
2.860000000000e-01,3.453366740835e+00,0.000000000000e+00,3.453366740835e+00,0.000000000000e+00,0.000000000000e+00
2.864000000000e-01,3.462493964058e+00,0.000000000000e+00,3.462493964058e+00,0.000000000000e+00,0.000000000000e+00
2.868000000000e-01,3.471628166559e+00,0.000000000000e+00,3.471628166559e+00,0.000000000000e+00,0.000000000000e+00
2.872000000000e-01,3.480769276457e+00,0.000000000000e+00,3.480769276457e+00,0.000000000000e+00,0.000000000000e+00
2.876000000000e-01,3.489917221503e+00,0.000000000000e+00,3.489917221503e+00,0.000000000000e+00,0.000000000000e+00
2.880000000000e-01,3.499071929223e+00,0.000000000000e+00,3.499071929223e+00,0.000000000000e+00,0.000000000000e+00
2.884000000000e-01,3.508233326796e+00,0.000000000000e+00,3.508233326796e+00,0.000000000000e+00,0.000000000000e+00
2.888000000000e-01,3.517401341156e+00,0.000000000000e+00,3.517401341156e+00,0.000000000000e+00,0.000000000000e+00
2.892000000000e-01,3.526575898915e+00,0.000000000000e+00,3.526575898915e+00,0.000000000000e+00,0.000000000000e+00
2.896000000000e-01,3.535756926415e+00,0.000000000000e+00,3.535756926415e+00,0.000000000000e+00,0.000000000000e+00
2.900000000000e-01,3.544944349708e+00,0.000000000000e+00,3.544944349708e+00,0.000000000000e+00,0.000000000000e+00
2.904000000000e-01,3.554138094544e+00,0.000000000000e+00,3.554138094544e+00,0.000000000000e+00,0.000000000000e+00
2.908000000000e-01,3.563338086415e+00,0.000000000000e+00,3.563338086415e+00,0.000000000000e+00,0.000000000000e+00
2.912000000000e-01,3.572544250488e+00,0.000000000000e+00,3.572544250488e+00,0.000000000000e+00,0.000000000000e+00
2.916000000000e-01,3.581756511695e+00,0.000000000000e+00,3.581756511695e+00,0.000000000000e+00,0.000000000000e+00
2.920000000000e-01,3.590974794622e+00,0.000000000000e+00,3.590974794622e+00,0.000000000000e+00,0.000000000000e+00
2.924000000000e-01,3.600199023644e+00,0.000000000000e+00,3.600199023644e+00,0.000000000000e+00,0.000000000000e+00
2.928000000000e-01,3.609429122772e+00,0.000000000000e+00,3.609429122772e+00,0.000000000000e+00,0.000000000000e+00
2.932000000000e-01,3.618665015824e+00,0.000000000000e+00,3.618665015824e+00,0.000000000000e+00,0.000000000000e+00
2.936000000000e-01,3.627906626240e+00,0.000000000000e+00,3.627906626240e+00,0.000000000000e+00,0.000000000000e+00
2.940000000000e-01,3.637153877283e+00,0.000000000000e+00,3.637153877283e+00,0.000000000000e+00,0.000000000000e+00
2.944000000000e-01,3.646406691830e+00,0.000000000000e+00,3.646406691830e+00,0.000000000000e+00,0.000000000000e+00
2.948000000000e-01,3.655664992586e+00,0.000000000000e+00,3.655664992586e+00,0.000000000000e+00,0.000000000000e+00
2.952000000000e-01,3.664928701871e+00,0.000000000000e+00,3.664928701871e+00,0.000000000000e+00,0.000000000000e+00
2.956000000000e-01,3.674197741834e+00,0.000000000000e+00,3.674197741834e+00,0.000000000000e+00,0.000000000000e+00
2.960000000000e-01,3.683472034246e+00,0.000000000000e+00,3.683472034246e+00,0.000000000000e+00,0.000000000000e+00
2.964000000000e-01,3.692751500697e+00,0.000000000000e+00,3.692751500697e+00,0.000000000000e+00,0.000000000000e+00
2.968000000000e-01,3.702036062416e+00,0.000000000000e+00,3.702036062416e+00,0.000000000000e+00,0.000000000000e+00
2.972000000000e-01,3.711325640436e+00,0.000000000000e+00,3.711325640436e+00,0.000000000000e+00,0.000000000000e+00
2.976000000000e-01,3.720620155450e+00,0.000000000000e+00,3.720620155450e+00,0.000000000000e+00,0.000000000000e+00
2.980000000000e-01,3.729919527934e+00,0.000000000000e+00,3.729919527934e+00,0.000000000000e+00,0.000000000000e+00
2.984000000000e-01,3.739223678051e+00,0.000000000000e+00,3.739223678051e+00,0.000000000000e+00,0.000000000000e+00
2.988000000000e-01,3.748532525722e+00,0.000000000000e+00,3.748532525722e+00,0.000000000000e+00,0.000000000000e+00
2.992000000000e-01,3.757845990583e+00,0.000000000000e+00,3.757845990583e+00,0.000000000000e+00,0.000000000000e+00
2.996000000000e-01,3.767163992008e+00,0.000000000000e+00,3.767163992008e+00,0.000000000000e+00,0.000000000000e+00
3.000000000000e-01,3.776486449106e+00,0.000000000000e+00,3.776486449106e+00,0.000000000000e+00,0.000000000000e+00
3.004000000000e-01,3.785813280706e+00,0.000000000000e+00,3.785813280706e+00,0.000000000000e+00,0.000000000000e+00
3.008000000000e-01,3.795144405398e+00,0.000000000000e+00,3.795144405398e+00,0.000000000000e+00,0.000000000000e+00
3.012000000000e-01,3.804479741468e+00,0.000000000000e+00,3.804479741468e+00,0.000000000000e+00,0.000000000000e+00
3.016000000000e-01,3.813819206990e+00,0.000000000000e+00,3.813819206990e+00,0.000000000000e+00,0.000000000000e+00
3.020000000000e-01,3.823162719713e+00,0.000000000000e+00,3.823162719713e+00,0.000000000000e+00,0.000000000000e+00
3.024000000000e-01,3.832510197195e+00,0.000000000000e+00,3.832510197195e+00,0.000000000000e+00,0.000000000000e+00
3.028000000000e-01,3.841861556656e+00,0.000000000000e+00,3.841861556656e+00,0.000000000000e+00,0.000000000000e+00
3.032000000000e-01,3.851216715140e+00,0.000000000000e+00,3.851216715140e+00,0.000000000000e+00,0.000000000000e+00
3.036000000000e-01,3.860575589342e+00,0.000000000000e+00,3.860575589342e+00,0.000000000000e+00,0.000000000000e+00
3.040000000000e-01,3.869938095795e+00,0.000000000000e+00,3.869938095795e+00,0.000000000000e+00,0.000000000000e+00
3.044000000000e-01,3.879304150678e+00,0.000000000000e+00,3.879304150678e+00,0.000000000000e+00,0.000000000000e+00
3.048000000000e-01,3.888673670012e+00,0.000000000000e+00,3.888673670012e+00,0.000000000000e+00,0.000000000000e+00
3.052000000000e-01,3.898046569465e+00,0.000000000000e+00,3.898046569465e+00,0.000000000000e+00,0.000000000000e+00
3.056000000000e-01,3.907422764549e+00,0.000000000000e+00,3.907422764549e+00,0.000000000000e+00,0.000000000000e+00
3.060000000000e-01,3.916802170431e+00,0.000000000000e+00,3.916802170431e+00,0.000000000000e+00,0.000000000000e+00
3.064000000000e-01,3.926184702112e+00,0.000000000000e+00,3.926184702112e+00,0.000000000000e+00,0.000000000000e+00
3.068000000000e-01,3.935570274265e+00,0.000000000000e+00,3.935570274265e+00,0.000000000000e+00,0.000000000000e+00
3.072000000000e-01,3.944958801383e+00,0.000000000000e+00,3.944958801383e+00,0.000000000000e+00,0.000000000000e+00
3.076000000000e-01,3.954350197652e+00,0.000000000000e+00,3.954350197652e+00,0.000000000000e+00,0.000000000000e+00
3.080000000000e-01,3.963744377058e+00,0.000000000000e+00,3.963744377058e+00,0.000000000000e+00,0.000000000000e+00
3.084000000000e-01,3.973141253307e+00,0.000000000000e+00,3.973141253307e+00,0.000000000000e+00,0.000000000000e+00
3.088000000000e-01,3.982540739881e+00,0.000000000000e+00,3.982540739881e+00,0.000000000000e+00,0.000000000000e+00
3.092000000000e-01,3.991942750011e+00,0.000000000000e+00,3.991942750011e+00,0.000000000000e+00,0.000000000000e+00
3.096000000000e-01,4.001347196680e+00,0.000000000000e+00,4.001347196680e+00,0.000000000000e+00,0.000000000000e+00
3.100000000000e-01,4.010753992647e+00,0.000000000000e+00,4.010753992647e+00,0.000000000000e+00,0.000000000000e+00
3.104000000000e-01,4.020163050403e+00,0.000000000000e+00,4.020163050403e+00,0.000000000000e+00,0.000000000000e+00
3.108000000000e-01,4.029574282237e+00,0.000000000000e+00,4.029574282237e+00,0.000000000000e+00,0.000000000000e+00
3.112000000000e-01,4.038987600155e+00,0.000000000000e+00,4.038987600155e+00,0.000000000000e+00,0.000000000000e+00
3.116000000000e-01,4.048402915980e+00,0.000000000000e+00,4.048402915980e+00,0.000000000000e+00,0.000000000000e+00
3.120000000000e-01,4.057820141236e+00,0.000000000000e+00,4.057820141236e+00,0.000000000000e+00,0.000000000000e+00
3.124000000000e-01,4.067239187285e+00,0.000000000000e+00,4.067239187285e+00,0.000000000000e+00,0.000000000000e+00
3.128000000000e-01,4.076659965178e+00,0.000000000000e+00,4.076659965178e+00,0.000000000000e+00,0.000000000000e+00
3.132000000000e-01,4.086082385817e+00,0.000000000000e+00,4.086082385817e+00,0.000000000000e+00,0.000000000000e+00
3.136000000000e-01,4.095506359785e+00,0.000000000000e+00,4.095506359785e+00,0.000000000000e+00,0.000000000000e+00
3.140000000000e-01,4.104931797528e+00,0.000000000000e+00,4.104931797528e+00,0.000000000000e+00,0.000000000000e+00
3.144000000000e-01,4.114358609171e+00,0.000000000000e+00,4.114358609171e+00,0.000000000000e+00,0.000000000000e+00
3.148000000000e-01,4.123786704702e+00,0.000000000000e+00,4.123786704702e+00,0.000000000000e+00,0.000000000000e+00
3.152000000000e-01,4.133215993799e+00,0.000000000000e+00,4.133215993799e+00,0.000000000000e+00,0.000000000000e+00
3.156000000000e-01,4.142646385994e+00,0.000000000000e+00,4.142646385994e+00,0.000000000000e+00,0.000000000000e+00
3.160000000000e-01,4.152077790521e+00,0.000000000000e+00,4.152077790521e+00,0.000000000000e+00,0.000000000000e+00
3.164000000000e-01,4.161510116465e+00,0.000000000000e+00,4.161510116465e+00,0.000000000000e+00,0.000000000000e+00
3.168000000000e-01,4.170943272624e+00,0.000000000000e+00,4.170943272624e+00,0.000000000000e+00,0.000000000000e+00
3.172000000000e-01,4.180377167632e+00,0.000000000000e+00,4.180377167632e+00,0.000000000000e+00,0.000000000000e+00
3.176000000000e-01,4.189811709861e+00,0.000000000000e+00,4.189811709861e+00,0.000000000000e+00,0.000000000000e+00
3.180000000000e-01,4.199246807502e+00,0.000000000000e+00,4.199246807502e+00,0.000000000000e+00,0.000000000000e+00
3.184000000000e-01,4.208682368504e+00,0.000000000000e+00,4.208682368504e+00,0.000000000000e+00,0.000000000000e+00
3.188000000000e-01,4.218118300618e+00,0.000000000000e+00,4.218118300618e+00,0.000000000000e+00,0.000000000000e+00
3.192000000000e-01,4.227554511377e+00,0.000000000000e+00,4.227554511377e+00,0.000000000000e+00,0.000000000000e+00
3.196000000000e-01,4.236990908100e+00,0.000000000000e+00,4.236990908100e+00,0.000000000000e+00,0.000000000000e+00
3.200000000000e-01,4.246427397907e+00,0.000000000000e+00,4.246427397907e+00,0.000000000000e+00,0.000000000000e+00
3.204000000000e-01,4.255863887689e+00,0.000000000000e+00,4.255863887689e+00,0.000000000000e+00,0.000000000000e+00
3.208000000000e-01,4.265300284161e+00,0.000000000000e+00,4.265300284161e+00,0.000000000000e+00,0.000000000000e+00
3.212000000000e-01,4.274736493791e+00,0.000000000000e+00,4.274736493791e+00,0.000000000000e+00,0.000000000000e+00
3.216000000000e-01,4.284172422892e+00,0.000000000000e+00,4.284172422892e+00,0.000000000000e+00,0.000000000000e+00
3.220000000000e-01,4.293607977519e+00,0.000000000000e+00,4.293607977519e+00,0.000000000000e+00,0.000000000000e+00
3.224000000000e-01,4.303043063585e+00,0.000000000000e+00,4.303043063585e+00,0.000000000000e+00,0.000000000000e+00
3.228000000000e-01,4.312477586739e+00,0.000000000000e+00,4.312477586739e+00,0.000000000000e+00,0.000000000000e+00
3.232000000000e-01,4.321911452501e+00,0.000000000000e+00,4.321911452501e+00,0.000000000000e+00,0.000000000000e+00
3.236000000000e-01,4.331344566118e+00,0.000000000000e+00,4.331344566118e+00,0.000000000000e+00,0.000000000000e+00
3.240000000000e-01,4.340776832719e+00,0.000000000000e+00,4.340776832719e+00,0.000000000000e+00,0.000000000000e+00
3.244000000000e-01,4.350208157164e+00,0.000000000000e+00,4.350208157164e+00,0.000000000000e+00,0.000000000000e+00
3.248000000000e-01,4.359638444190e+00,0.000000000000e+00,4.359638444190e+00,0.000000000000e+00,0.000000000000e+00
3.252000000000e-01,4.369067598276e+00,0.000000000000e+00,4.369067598276e+00,0.000000000000e+00,0.000000000000e+00
3.256000000000e-01,4.378495523776e+00,0.000000000000e+00,4.378495523776e+00,0.000000000000e+00,0.000000000000e+00
3.260000000000e-01,4.387922124793e+00,0.000000000000e+00,4.387922124793e+00,0.000000000000e+00,0.000000000000e+00
3.264000000000e-01,4.397347305299e+00,0.000000000000e+00,4.397347305299e+00,0.000000000000e+00,0.000000000000e+00
3.268000000000e-01,4.406770969034e+00,0.000000000000e+00,4.406770969034e+00,0.000000000000e+00,0.000000000000e+00
3.272000000000e-01,4.416193019592e+00,0.000000000000e+00,4.416193019592e+00,0.000000000000e+00,0.000000000000e+00
3.276000000000e-01,4.425613360353e+00,0.000000000000e+00,4.425613360353e+00,0.000000000000e+00,0.000000000000e+00
3.280000000000e-01,4.435031894541e+00,0.000000000000e+00,4.435031894541e+00,0.000000000000e+00,0.000000000000e+00
3.284000000000e-01,4.444448525184e+00,0.000000000000e+00,4.444448525184e+00,0.000000000000e+00,0.000000000000e+00
3.288000000000e-01,4.453863155140e+00,0.000000000000e+00,4.453863155140e+00,0.000000000000e+00,0.000000000000e+00
3.292000000000e-01,4.463275687090e+00,0.000000000000e+00,4.463275687090e+00,0.000000000000e+00,0.000000000000e+00
3.296000000000e-01,4.472686023534e+00,0.000000000000e+00,4.472686023534e+00,0.000000000000e+00,0.000000000000e+00
3.300000000000e-01,4.482094066812e+00,0.000000000000e+00,4.482094066812e+00,0.000000000000e+00,0.000000000000e+00
3.304000000000e-01,4.491499719072e+00,0.000000000000e+00,4.491499719072e+00,0.000000000000e+00,0.000000000000e+00
3.308000000000e-01,4.500902882321e+00,0.000000000000e+00,4.500902882321e+00,0.000000000000e+00,0.000000000000e+00
3.312000000000e-01,4.510303458359e+00,0.000000000000e+00,4.510303458359e+00,0.000000000000e+00,0.000000000000e+00
3.316000000000e-01,4.519701348864e+00,0.000000000000e+00,4.519701348864e+00,0.000000000000e+00,0.000000000000e+00
3.320000000000e-01,4.529096455300e+00,0.000000000000e+00,4.529096455300e+00,0.000000000000e+00,0.000000000000e+00
3.324000000000e-01,4.538488679020e+00,0.000000000000e+00,4.538488679020e+00,0.000000000000e+00,0.000000000000e+00
3.328000000000e-01,4.547877921157e+00,0.000000000000e+00,4.547877921157e+00,0.000000000000e+00,0.000000000000e+00
3.332000000000e-01,4.557264082745e+00,0.000000000000e+00,4.557264082745e+00,0.000000000000e+00,0.000000000000e+00
3.336000000000e-01,4.566647064597e+00,0.000000000000e+00,4.566647064597e+00,0.000000000000e+00,0.000000000000e+00
3.340000000000e-01,4.576026767430e+00,0.000000000000e+00,4.576026767430e+00,0.000000000000e+00,0.000000000000e+00
3.344000000000e-01,4.585403091746e+00,0.000000000000e+00,4.585403091746e+00,0.000000000000e+00,0.000000000000e+00
3.348000000000e-01,4.594775937950e+00,0.000000000000e+00,4.594775937950e+00,0.000000000000e+00,0.000000000000e+00
3.352000000000e-01,4.604145206239e+00,0.000000000000e+00,4.604145206239e+00,0.000000000000e+00,0.000000000000e+00
3.356000000000e-01,4.613510796714e+00,0.000000000000e+00,4.613510796714e+00,0.000000000000e+00,0.000000000000e+00
3.360000000000e-01,4.622872609276e+00,0.000000000000e+00,4.622872609276e+00,0.000000000000e+00,0.000000000000e+00
3.364000000000e-01,4.632230543724e+00,0.000000000000e+00,4.632230543724e+00,0.000000000000e+00,0.000000000000e+00
3.368000000000e-01,4.641584499672e+00,0.000000000000e+00,4.641584499672e+00,0.000000000000e+00,0.000000000000e+00
3.372000000000e-01,4.650934376624e+00,0.000000000000e+00,4.650934376624e+00,0.000000000000e+00,0.000000000000e+00
3.376000000000e-01,4.660280073914e+00,0.000000000000e+00,4.660280073914e+00,0.000000000000e+00,0.000000000000e+00
3.380000000000e-01,4.669621490755e+00,0.000000000000e+00,4.669621490755e+00,0.000000000000e+00,0.000000000000e+00
3.384000000000e-01,4.678958526210e+00,0.000000000000e+00,4.678958526210e+00,0.000000000000e+00,0.000000000000e+00
3.388000000000e-01,4.688291079210e+00,0.000000000000e+00,4.688291079210e+00,0.000000000000e+00,0.000000000000e+00
3.392000000000e-01,4.697619048551e+00,0.000000000000e+00,4.697619048551e+00,0.000000000000e+00,0.000000000000e+00
3.396000000000e-01,4.706942332888e+00,0.000000000000e+00,4.706942332888e+00,0.000000000000e+00,0.000000000000e+00
3.400000000000e-01,4.716260830760e+00,0.000000000000e+00,4.716260830760e+00,0.000000000000e+00,0.000000000000e+00
3.404000000000e-01,4.725574440553e+00,0.000000000000e+00,4.725574440553e+00,0.000000000000e+00,0.000000000000e+00
3.408000000000e-01,4.734883060551e+00,0.000000000000e+00,4.734883060551e+00,0.000000000000e+00,0.000000000000e+00
3.412000000000e-01,4.744186588881e+00,0.000000000000e+00,4.744186588881e+00,0.000000000000e+00,0.000000000000e+00
3.416000000000e-01,4.753484923581e+00,0.000000000000e+00,4.753484923581e+00,0.000000000000e+00,0.000000000000e+00
3.420000000000e-01,4.762777962527e+00,0.000000000000e+00,4.762777962527e+00,0.000000000000e+00,0.000000000000e+00
3.424000000000e-01,4.772065603513e+00,0.000000000000e+00,4.772065603513e+00,0.000000000000e+00,0.000000000000e+00
3.428000000000e-01,4.781347744172e+00,0.000000000000e+00,4.781347744172e+00,0.000000000000e+00,0.000000000000e+00
3.432000000000e-01,4.790624282064e+00,0.000000000000e+00,4.790624282064e+00,0.000000000000e+00,0.000000000000e+00
3.436000000000e-01,4.799895114588e+00,0.000000000000e+00,4.799895114588e+00,0.000000000000e+00,0.000000000000e+00
3.440000000000e-01,4.809160139071e+00,0.000000000000e+00,4.809160139071e+00,0.000000000000e+00,0.000000000000e+00
3.444000000000e-01,4.818419252688e+00,0.000000000000e+00,4.818419252688e+00,0.000000000000e+00,0.000000000000e+00
3.448000000000e-01,4.827672352543e+00,0.000000000000e+00,4.827672352543e+00,0.000000000000e+00,0.000000000000e+00
3.452000000000e-01,4.836919335591e+00,0.000000000000e+00,4.836919335591e+00,0.000000000000e+00,0.000000000000e+00
3.456000000000e-01,4.846160098719e+00,0.000000000000e+00,4.846160098719e+00,0.000000000000e+00,0.000000000000e+00
3.460000000000e-01,4.855394538675e+00,0.000000000000e+00,4.855394538675e+00,0.000000000000e+00,0.000000000000e+00
3.464000000000e-01,4.864622552130e+00,0.000000000000e+00,4.864622552130e+00,0.000000000000e+00,0.000000000000e+00
3.468000000000e-01,4.873844035635e+00,0.000000000000e+00,4.873844035635e+00,0.000000000000e+00,0.000000000000e+00
3.472000000000e-01,4.883058885655e+00,0.000000000000e+00,4.883058885655e+00,0.000000000000e+00,0.000000000000e+00
3.476000000000e-01,4.892266998548e+00,0.000000000000e+00,4.892266998548e+00,0.000000000000e+00,0.000000000000e+00
3.480000000000e-01,4.901468270581e+00,0.000000000000e+00,4.901468270581e+00,0.000000000000e+00,0.000000000000e+00
3.484000000000e-01,4.910662597927e+00,0.000000000000e+00,4.910662597927e+00,0.000000000000e+00,0.000000000000e+00
3.488000000000e-01,4.919849876662e+00,0.000000000000e+00,4.919849876662e+00,0.000000000000e+00,0.000000000000e+00
3.492000000000e-01,4.929030002782e+00,0.000000000000e+00,4.929030002782e+00,0.000000000000e+00,0.000000000000e+00
3.496000000000e-01,4.938202872180e+00,0.000000000000e+00,4.938202872180e+00,0.000000000000e+00,0.000000000000e+00
3.500000000000e-01,4.947368380681e+00,0.000000000000e+00,4.947368380681e+00,0.000000000000e+00,0.000000000000e+00
3.504000000000e-01,4.956526424005e+00,0.000000000000e+00,4.956526424005e+00,0.000000000000e+00,0.000000000000e+00
3.508000000000e-01,4.965676897810e+00,0.000000000000e+00,4.965676897810e+00,0.000000000000e+00,0.000000000000e+00
3.512000000000e-01,4.974819697653e+00,0.000000000000e+00,4.974819697653e+00,0.000000000000e+00,0.000000000000e+00
3.516000000000e-01,4.983954719034e+00,0.000000000000e+00,4.983954719034e+00,0.000000000000e+00,0.000000000000e+00
3.520000000000e-01,4.993081857353e+00,0.000000000000e+00,4.993081857353e+00,0.000000000000e+00,0.000000000000e+00
3.524000000000e-01,5.002201007959e+00,0.000000000000e+00,5.002201007959e+00,0.000000000000e+00,0.000000000000e+00
3.528000000000e-01,5.011312066102e+00,0.000000000000e+00,5.011312066102e+00,0.000000000000e+00,0.000000000000e+00
3.532000000000e-01,5.020414926990e+00,0.000000000000e+00,5.020414926990e+00,0.000000000000e+00,0.000000000000e+00
3.536000000000e-01,5.029509485732e+00,0.000000000000e+00,5.029509485732e+00,0.000000000000e+00,0.000000000000e+00
3.540000000000e-01,5.038595637397e+00,0.000000000000e+00,5.038595637397e+00,0.000000000000e+00,0.000000000000e+00
3.544000000000e-01,5.047673276967e+00,0.000000000000e+00,5.047673276967e+00,0.000000000000e+00,0.000000000000e+00
3.548000000000e-01,5.056742299378e+00,0.000000000000e+00,5.056742299378e+00,0.000000000000e+00,0.000000000000e+00
3.552000000000e-01,5.065802599490e+00,0.000000000000e+00,5.065802599490e+00,0.000000000000e+00,0.000000000000e+00
3.556000000000e-01,5.074854072117e+00,0.000000000000e+00,5.074854072117e+00,0.000000000000e+00,0.000000000000e+00
3.560000000000e-01,5.083896612002e+00,0.000000000000e+00,5.083896612002e+00,0.000000000000e+00,0.000000000000e+00
3.564000000000e-01,5.092930113848e+00,0.000000000000e+00,5.092930113848e+00,0.000000000000e+00,0.000000000000e+00
3.568000000000e-01,5.101954472291e+00,0.000000000000e+00,5.101954472291e+00,0.000000000000e+00,0.000000000000e+00
3.572000000000e-01,5.110969581923e+00,0.000000000000e+00,5.110969581923e+00,0.000000000000e+00,0.000000000000e+00
3.576000000000e-01,5.119975337285e+00,0.000000000000e+00,5.119975337285e+00,0.000000000000e+00,0.000000000000e+00
3.580000000000e-01,5.128971632871e+00,0.000000000000e+00,5.128971632871e+00,0.000000000000e+00,0.000000000000e+00
3.584000000000e-01,5.137958363128e+00,0.000000000000e+00,5.137958363128e+00,0.000000000000e+00,0.000000000000e+00
3.588000000000e-01,5.146935422460e+00,0.000000000000e+00,5.146935422460e+00,0.000000000000e+00,0.000000000000e+00
3.592000000000e-01,5.155902705234e+00,0.000000000000e+00,5.155902705234e+00,0.000000000000e+00,0.000000000000e+00
3.596000000000e-01,5.164860105769e+00,0.000000000000e+00,5.164860105769e+00,0.000000000000e+00,0.000000000000e+00
3.600000000000e-01,5.173807518357e+00,0.000000000000e+00,5.173807518357e+00,0.000000000000e+00,0.000000000000e+00
3.604000000000e-01,5.182744837244e+00,0.000000000000e+00,5.182744837244e+00,0.000000000000e+00,0.000000000000e+00
3.608000000000e-01,5.191671956653e+00,0.000000000000e+00,5.191671956653e+00,0.000000000000e+00,0.000000000000e+00
3.612000000000e-01,5.200588770767e+00,0.000000000000e+00,5.200588770767e+00,0.000000000000e+00,0.000000000000e+00
3.616000000000e-01,5.209495173747e+00,0.000000000000e+00,5.209495173747e+00,0.000000000000e+00,0.000000000000e+00
3.620000000000e-01,5.218391059721e+00,0.000000000000e+00,5.218391059721e+00,0.000000000000e+00,0.000000000000e+00
3.624000000000e-01,5.227276322797e+00,0.000000000000e+00,5.227276322797e+00,0.000000000000e+00,0.000000000000e+00
3.628000000000e-01,5.236150857053e+00,0.000000000000e+00,5.236150857053e+00,0.000000000000e+00,0.000000000000e+00
3.632000000000e-01,5.245014556556e+00,0.000000000000e+00,5.245014556556e+00,0.000000000000e+00,0.000000000000e+00
3.636000000000e-01,5.253867315345e+00,0.000000000000e+00,5.253867315345e+00,0.000000000000e+00,0.000000000000e+00
3.640000000000e-01,5.262709027446e+00,0.000000000000e+00,5.262709027446e+00,0.000000000000e+00,0.000000000000e+00
3.644000000000e-01,5.271539586870e+00,0.000000000000e+00,5.271539586870e+00,0.000000000000e+00,0.000000000000e+00
3.648000000000e-01,5.280358887616e+00,0.000000000000e+00,5.280358887616e+00,0.000000000000e+00,0.000000000000e+00
3.652000000000e-01,5.289166823670e+00,0.000000000000e+00,5.289166823670e+00,0.000000000000e+00,0.000000000000e+00
3.656000000000e-01,5.297963289011e+00,0.000000000000e+00,5.297963289011e+00,0.000000000000e+00,0.000000000000e+00
3.660000000000e-01,5.306748177611e+00,0.000000000000e+00,5.306748177611e+00,0.000000000000e+00,0.000000000000e+00
3.664000000000e-01,5.315521383439e+00,0.000000000000e+00,5.315521383439e+00,0.000000000000e+00,0.000000000000e+00
3.668000000000e-01,5.324282800459e+00,0.000000000000e+00,5.324282800459e+00,0.000000000000e+00,0.000000000000e+00
3.672000000000e-01,5.333032322637e+00,0.000000000000e+00,5.333032322637e+00,0.000000000000e+00,0.000000000000e+00
3.676000000000e-01,5.341769843941e+00,0.000000000000e+00,5.341769843941e+00,0.000000000000e+00,0.000000000000e+00
3.680000000000e-01,5.350495258341e+00,0.000000000000e+00,5.350495258341e+00,0.000000000000e+00,0.000000000000e+00
3.684000000000e-01,5.359208459814e+00,0.000000000000e+00,5.359208459814e+00,0.000000000000e+00,0.000000000000e+00
3.688000000000e-01,5.367909342345e+00,0.000000000000e+00,5.367909342345e+00,0.000000000000e+00,0.000000000000e+00
3.692000000000e-01,5.376597799930e+00,0.000000000000e+00,5.376597799930e+00,0.000000000000e+00,0.000000000000e+00
3.696000000000e-01,5.385273726578e+00,0.000000000000e+00,5.385273726578e+00,0.000000000000e+00,0.000000000000e+00
3.700000000000e-01,5.393937016309e+00,0.000000000000e+00,5.393937016309e+00,0.000000000000e+00,0.000000000000e+00
3.704000000000e-01,5.402587563165e+00,0.000000000000e+00,5.402587563165e+00,0.000000000000e+00,0.000000000000e+00
3.708000000000e-01,5.411225261200e+00,0.000000000000e+00,5.411225261200e+00,0.000000000000e+00,0.000000000000e+00
3.712000000000e-01,5.419850004497e+00,0.000000000000e+00,5.419850004497e+00,0.000000000000e+00,0.000000000000e+00
3.716000000000e-01,5.428461687153e+00,0.000000000000e+00,5.428461687153e+00,0.000000000000e+00,0.000000000000e+00
3.720000000000e-01,5.437060203300e+00,0.000000000000e+00,5.437060203300e+00,0.000000000000e+00,0.000000000000e+00
3.724000000000e-01,5.445645447086e+00,0.000000000000e+00,5.445645447086e+00,0.000000000000e+00,0.000000000000e+00
3.728000000000e-01,5.454217312701e+00,0.000000000000e+00,5.454217312701e+00,0.000000000000e+00,0.000000000000e+00
3.732000000000e-01,5.462775694353e+00,0.000000000000e+00,5.462775694353e+00,0.000000000000e+00,0.000000000000e+00
3.736000000000e-01,5.471320486297e+00,0.000000000000e+00,5.471320486297e+00,0.000000000000e+00,0.000000000000e+00
3.740000000000e-01,5.479851582811e+00,0.000000000000e+00,5.479851582811e+00,0.000000000000e+00,0.000000000000e+00
3.744000000000e-01,5.488368878224e+00,0.000000000000e+00,5.488368878224e+00,0.000000000000e+00,0.000000000000e+00
3.748000000000e-01,5.496872266892e+00,0.000000000000e+00,5.496872266892e+00,0.000000000000e+00,0.000000000000e+00
3.752000000000e-01,5.505361643225e+00,0.000000000000e+00,5.505361643225e+00,0.000000000000e+00,0.000000000000e+00
3.756000000000e-01,5.513836901668e+00,0.000000000000e+00,5.513836901668e+00,0.000000000000e+00,0.000000000000e+00
3.760000000000e-01,5.522297936721e+00,0.000000000000e+00,5.522297936721e+00,0.000000000000e+00,0.000000000000e+00
3.764000000000e-01,5.530744642923e+00,0.000000000000e+00,5.530744642923e+00,0.000000000000e+00,0.000000000000e+00
3.768000000000e-01,5.539176914875e+00,0.000000000000e+00,5.539176914875e+00,0.000000000000e+00,0.000000000000e+00
3.772000000000e-01,5.547594647221e+00,0.000000000000e+00,5.547594647221e+00,0.000000000000e+00,0.000000000000e+00
3.776000000000e-01,5.555997734666e+00,0.000000000000e+00,5.555997734666e+00,0.000000000000e+00,0.000000000000e+00
3.780000000000e-01,5.564386071971e+00,0.000000000000e+00,5.564386071971e+00,0.000000000000e+00,0.000000000000e+00
3.784000000000e-01,5.572759553956e+00,0.000000000000e+00,5.572759553956e+00,0.000000000000e+00,0.000000000000e+00
3.788000000000e-01,5.581118075505e+00,0.000000000000e+00,5.581118075505e+00,0.000000000000e+00,0.000000000000e+00
3.792000000000e-01,5.589461531560e+00,0.000000000000e+00,5.589461531560e+00,0.000000000000e+00,0.000000000000e+00
3.796000000000e-01,5.597789817138e+00,0.000000000000e+00,5.597789817138e+00,0.000000000000e+00,0.000000000000e+00
3.800000000000e-01,5.606102827313e+00,0.000000000000e+00,5.606102827313e+00,0.000000000000e+00,0.000000000000e+00
3.804000000000e-01,5.614400457244e+00,0.000000000000e+00,5.614400457244e+00,0.000000000000e+00,0.000000000000e+00
3.808000000000e-01,5.622682602145e+00,0.000000000000e+00,5.622682602145e+00,0.000000000000e+00,0.000000000000e+00
3.812000000000e-01,5.630949157324e+00,0.000000000000e+00,5.630949157324e+00,0.000000000000e+00,0.000000000000e+00
3.816000000000e-01,5.639200018144e+00,0.000000000000e+00,5.639200018144e+00,0.000000000000e+00,0.000000000000e+00
3.820000000000e-01,5.647435080073e+00,0.000000000000e+00,5.647435080073e+00,0.000000000000e+00,0.000000000000e+00
3.824000000000e-01,5.655654238631e+00,0.000000000000e+00,5.655654238631e+00,0.000000000000e+00,0.000000000000e+00
3.828000000000e-01,5.663857389453e+00,0.000000000000e+00,5.663857389453e+00,0.000000000000e+00,0.000000000000e+00
3.832000000000e-01,5.672044428227e+00,0.000000000000e+00,5.672044428227e+00,0.000000000000e+00,0.000000000000e+00
3.836000000000e-01,5.680215250762e+00,0.000000000000e+00,5.680215250762e+00,0.000000000000e+00,0.000000000000e+00
3.840000000000e-01,5.688369752924e+00,0.000000000000e+00,5.688369752924e+00,0.000000000000e+00,0.000000000000e+00
3.844000000000e-01,5.696507830703e+00,0.000000000000e+00,5.696507830703e+00,0.000000000000e+00,0.000000000000e+00
3.848000000000e-01,5.704629380153e+00,0.000000000000e+00,5.704629380153e+00,0.000000000000e+00,0.000000000000e+00
3.852000000000e-01,5.712734297455e+00,0.000000000000e+00,5.712734297455e+00,0.000000000000e+00,0.000000000000e+00
3.856000000000e-01,5.720822478860e+00,0.000000000000e+00,5.720822478860e+00,0.000000000000e+00,0.000000000000e+00
3.860000000000e-01,5.728893820744e+00,0.000000000000e+00,5.728893820744e+00,0.000000000000e+00,0.000000000000e+00
3.864000000000e-01,5.736948219566e+00,0.000000000000e+00,5.736948219566e+00,0.000000000000e+00,0.000000000000e+00
3.868000000000e-01,5.744985571909e+00,0.000000000000e+00,5.744985571909e+00,0.000000000000e+00,0.000000000000e+00
3.872000000000e-01,5.753005774448e+00,0.000000000000e+00,5.753005774448e+00,0.000000000000e+00,0.000000000000e+00
3.876000000000e-01,5.761008723977e+00,0.000000000000e+00,5.761008723977e+00,0.000000000000e+00,0.000000000000e+00
3.880000000000e-01,5.768994317400e+00,0.000000000000e+00,5.768994317400e+00,0.000000000000e+00,0.000000000000e+00
3.884000000000e-01,5.776962451730e+00,0.000000000000e+00,5.776962451730e+00,0.000000000000e+00,0.000000000000e+00
3.888000000000e-01,5.784913024109e+00,0.000000000000e+00,5.784913024109e+00,0.000000000000e+00,0.000000000000e+00
3.892000000000e-01,5.792845931779e+00,0.000000000000e+00,5.792845931779e+00,0.000000000000e+00,0.000000000000e+00
3.896000000000e-01,5.800761072125e+00,0.000000000000e+00,5.800761072125e+00,0.000000000000e+00,0.000000000000e+00
3.900000000000e-01,5.808658342628e+00,0.000000000000e+00,5.808658342628e+00,0.000000000000e+00,0.000000000000e+00
3.904000000000e-01,5.816537640926e+00,0.000000000000e+00,5.816537640926e+00,0.000000000000e+00,0.000000000000e+00
3.908000000000e-01,5.824398864748e+00,0.000000000000e+00,5.824398864748e+00,0.000000000000e+00,0.000000000000e+00
3.912000000000e-01,5.832241911995e+00,0.000000000000e+00,5.832241911995e+00,0.000000000000e+00,0.000000000000e+00
3.916000000000e-01,5.840066680650e+00,0.000000000000e+00,5.840066680650e+00,0.000000000000e+00,0.000000000000e+00
3.920000000000e-01,5.847873068885e+00,0.000000000000e+00,5.847873068885e+00,0.000000000000e+00,0.000000000000e+00
3.924000000000e-01,5.855660974950e+00,0.000000000000e+00,5.855660974950e+00,0.000000000000e+00,0.000000000000e+00
3.928000000000e-01,5.863430297292e+00,0.000000000000e+00,5.863430297292e+00,0.000000000000e+00,0.000000000000e+00
3.932000000000e-01,5.871180934440e+00,0.000000000000e+00,5.871180934440e+00,0.000000000000e+00,0.000000000000e+00
3.936000000000e-01,5.878912785124e+00,0.000000000000e+00,5.878912785124e+00,0.000000000000e+00,0.000000000000e+00
3.940000000000e-01,5.886625748162e+00,0.000000000000e+00,5.886625748162e+00,0.000000000000e+00,0.000000000000e+00
3.944000000000e-01,5.894319722573e+00,0.000000000000e+00,5.894319722573e+00,0.000000000000e+00,0.000000000000e+00
3.948000000000e-01,5.901994607475e+00,0.000000000000e+00,5.901994607475e+00,0.000000000000e+00,0.000000000000e+00
3.952000000000e-01,5.909650302182e+00,0.000000000000e+00,5.909650302182e+00,0.000000000000e+00,0.000000000000e+00
3.956000000000e-01,5.917286706123e+00,0.000000000000e+00,5.917286706123e+00,0.000000000000e+00,0.000000000000e+00
3.960000000000e-01,5.924903718917e+00,0.000000000000e+00,5.924903718917e+00,0.000000000000e+00,0.000000000000e+00
3.964000000000e-01,5.932501240312e+00,0.000000000000e+00,5.932501240312e+00,0.000000000000e+00,0.000000000000e+00
3.968000000000e-01,5.940079170238e+00,0.000000000000e+00,5.940079170238e+00,0.000000000000e+00,0.000000000000e+00
3.972000000000e-01,5.947637408772e+00,0.000000000000e+00,5.947637408772e+00,0.000000000000e+00,0.000000000000e+00
3.976000000000e-01,5.955175856165e+00,0.000000000000e+00,5.955175856165e+00,0.000000000000e+00,0.000000000000e+00
3.980000000000e-01,5.962694412832e+00,0.000000000000e+00,5.962694412832e+00,0.000000000000e+00,0.000000000000e+00
3.984000000000e-01,5.970192979352e+00,0.000000000000e+00,5.970192979352e+00,0.000000000000e+00,0.000000000000e+00
3.988000000000e-01,5.977671456489e+00,0.000000000000e+00,5.977671456489e+00,0.000000000000e+00,0.000000000000e+00
3.992000000000e-01,5.985129745156e+00,0.000000000000e+00,5.985129745156e+00,0.000000000000e+00,0.000000000000e+00
3.996000000000e-01,5.992567746475e+00,0.000000000000e+00,5.992567746475e+00,0.000000000000e+00,0.000000000000e+00
4.000000000000e-01,5.999985361704e+00,0.000000000000e+00,5.999985361704e+00,0.000000000000e+00,0.000000000000e+00
4.004000000000e-01,6.007382492330e+00,0.000000000000e+00,6.007382492330e+00,0.000000000000e+00,0.000000000000e+00
4.008000000000e-01,6.014759039967e+00,0.000000000000e+00,6.014759039967e+00,0.000000000000e+00,0.000000000000e+00
4.012000000000e-01,6.022114906471e+00,0.000000000000e+00,6.022114906471e+00,0.000000000000e+00,0.000000000000e+00
4.016000000000e-01,6.029449993823e+00,0.000000000000e+00,6.029449993823e+00,0.000000000000e+00,0.000000000000e+00
4.020000000000e-01,6.036764204259e+00,0.000000000000e+00,6.036764204259e+00,0.000000000000e+00,0.000000000000e+00
4.024000000000e-01,6.044057440134e+00,0.000000000000e+00,6.044057440134e+00,0.000000000000e+00,0.000000000000e+00
4.028000000000e-01,6.051329604070e+00,0.000000000000e+00,6.051329604070e+00,0.000000000000e+00,0.000000000000e+00
4.032000000000e-01,6.058580598809e+00,0.000000000000e+00,6.058580598809e+00,0.000000000000e+00,0.000000000000e+00
4.036000000000e-01,6.065810327365e+00,0.000000000000e+00,6.065810327365e+00,0.000000000000e+00,0.000000000000e+00
4.040000000000e-01,6.073018692879e+00,0.000000000000e+00,6.073018692879e+00,0.000000000000e+00,0.000000000000e+00
4.044000000000e-01,6.080205598759e+00,0.000000000000e+00,6.080205598759e+00,0.000000000000e+00,0.000000000000e+00
4.048000000000e-01,6.087370948557e+00,0.000000000000e+00,6.087370948557e+00,0.000000000000e+00,0.000000000000e+00
4.052000000000e-01,6.094514646086e+00,0.000000000000e+00,6.094514646086e+00,0.000000000000e+00,0.000000000000e+00
4.056000000000e-01,6.101636595318e+00,0.000000000000e+00,6.101636595318e+00,0.000000000000e+00,0.000000000000e+00
4.060000000000e-01,6.108736700475e+00,0.000000000000e+00,6.108736700475e+00,0.000000000000e+00,0.000000000000e+00
4.064000000000e-01,6.115814865959e+00,0.000000000000e+00,6.115814865959e+00,0.000000000000e+00,0.000000000000e+00
4.068000000000e-01,6.122870996410e+00,0.000000000000e+00,6.122870996410e+00,0.000000000000e+00,0.000000000000e+00
4.072000000000e-01,6.129904996670e+00,0.000000000000e+00,6.129904996670e+00,0.000000000000e+00,0.000000000000e+00
4.076000000000e-01,6.136916771805e+00,0.000000000000e+00,6.136916771805e+00,0.000000000000e+00,0.000000000000e+00
4.080000000000e-01,6.143906227105e+00,0.000000000000e+00,6.143906227105e+00,0.000000000000e+00,0.000000000000e+00
4.084000000000e-01,6.150873268069e+00,0.000000000000e+00,6.150873268069e+00,0.000000000000e+00,0.000000000000e+00
4.088000000000e-01,6.157817800447e+00,0.000000000000e+00,6.157817800447e+00,0.000000000000e+00,0.000000000000e+00
4.092000000000e-01,6.164739730177e+00,0.000000000000e+00,6.164739730177e+00,0.000000000000e+00,0.000000000000e+00
4.096000000000e-01,6.171638963476e+00,0.000000000000e+00,6.171638963476e+00,0.000000000000e+00,0.000000000000e+00
4.100000000000e-01,6.178515406733e+00,0.000000000000e+00,6.178515406733e+00,0.000000000000e+00,0.000000000000e+00
4.104000000000e-01,6.185368966638e+00,0.000000000000e+00,6.185368966638e+00,0.000000000000e+00,0.000000000000e+00
4.108000000000e-01,6.192199550041e+00,0.000000000000e+00,6.192199550041e+00,0.000000000000e+00,0.000000000000e+00
4.112000000000e-01,6.199007064112e+00,0.000000000000e+00,6.199007064112e+00,0.000000000000e+00,0.000000000000e+00
4.116000000000e-01,6.205791416173e+00,0.000000000000e+00,6.205791416173e+00,0.000000000000e+00,0.000000000000e+00
4.120000000000e-01,6.212552513879e+00,0.000000000000e+00,6.212552513879e+00,0.000000000000e+00,0.000000000000e+00
4.124000000000e-01,6.219290265034e+00,0.000000000000e+00,6.219290265034e+00,0.000000000000e+00,0.000000000000e+00
4.128000000000e-01,6.226004577785e+00,0.000000000000e+00,6.226004577785e+00,0.000000000000e+00,0.000000000000e+00
4.132000000000e-01,6.232695360431e+00,0.000000000000e+00,6.232695360431e+00,0.000000000000e+00,0.000000000000e+00
4.136000000000e-01,6.239362521612e+00,0.000000000000e+00,6.239362521612e+00,0.000000000000e+00,0.000000000000e+00
4.140000000000e-01,6.246005970136e+00,0.000000000000e+00,6.246005970136e+00,0.000000000000e+00,0.000000000000e+00
4.144000000000e-01,6.252625615143e+00,0.000000000000e+00,6.252625615143e+00,0.000000000000e+00,0.000000000000e+00
4.148000000000e-01,6.259221365957e+00,0.000000000000e+00,6.259221365957e+00,0.000000000000e+00,0.000000000000e+00
4.152000000000e-01,6.265793132227e+00,0.000000000000e+00,6.265793132227e+00,0.000000000000e+00,0.000000000000e+00
4.156000000000e-01,6.272340823803e+00,0.000000000000e+00,6.272340823803e+00,0.000000000000e+00,0.000000000000e+00
4.160000000000e-01,6.278864350847e+00,0.000000000000e+00,6.278864350847e+00,0.000000000000e+00,0.000000000000e+00
4.164000000000e-01,6.285363623749e+00,0.000000000000e+00,6.285363623749e+00,0.000000000000e+00,0.000000000000e+00
4.168000000000e-01,6.291838553187e+00,0.000000000000e+00,6.291838553187e+00,0.000000000000e+00,0.000000000000e+00
4.172000000000e-01,6.298289050099e+00,0.000000000000e+00,6.298289050099e+00,0.000000000000e+00,0.000000000000e+00
4.176000000000e-01,6.304715025692e+00,0.000000000000e+00,6.304715025692e+00,0.000000000000e+00,0.000000000000e+00
4.180000000000e-01,6.311116391458e+00,0.000000000000e+00,6.311116391458e+00,0.000000000000e+00,0.000000000000e+00
4.184000000000e-01,6.317493059139e+00,0.000000000000e+00,6.317493059139e+00,0.000000000000e+00,0.000000000000e+00
4.188000000000e-01,6.323844940792e+00,0.000000000000e+00,6.323844940792e+00,0.000000000000e+00,0.000000000000e+00
4.192000000000e-01,6.330171948701e+00,0.000000000000e+00,6.330171948701e+00,0.000000000000e+00,0.000000000000e+00
4.196000000000e-01,6.336473995495e+00,0.000000000000e+00,6.336473995495e+00,0.000000000000e+00,0.000000000000e+00
4.200000000000e-01,6.342750994008e+00,0.000000000000e+00,6.342750994008e+00,0.000000000000e+00,0.000000000000e+00
4.204000000000e-01,6.349002857449e+00,0.000000000000e+00,6.349002857449e+00,0.000000000000e+00,0.000000000000e+00
4.208000000000e-01,6.355229499216e+00,0.000000000000e+00,6.355229499216e+00,0.000000000000e+00,0.000000000000e+00
4.212000000000e-01,6.361430833098e+00,0.000000000000e+00,6.361430833098e+00,0.000000000000e+00,0.000000000000e+00
4.216000000000e-01,6.367606773067e+00,0.000000000000e+00,6.367606773067e+00,0.000000000000e+00,0.000000000000e+00
4.220000000000e-01,6.373757233501e+00,0.000000000000e+00,6.373757233501e+00,0.000000000000e+00,0.000000000000e+00
4.224000000000e-01,6.379882128956e+00,0.000000000000e+00,6.379882128956e+00,0.000000000000e+00,0.000000000000e+00
4.228000000000e-01,6.385981374402e+00,0.000000000000e+00,6.385981374402e+00,0.000000000000e+00,0.000000000000e+00
4.232000000000e-01,6.392054884993e+00,0.000000000000e+00,6.392054884993e+00,0.000000000000e+00,0.000000000000e+00
4.236000000000e-01,6.398102576292e+00,0.000000000000e+00,6.398102576292e+00,0.000000000000e+00,0.000000000000e+00
4.240000000000e-01,6.404124364064e+00,0.000000000000e+00,6.404124364064e+00,0.000000000000e+00,0.000000000000e+00
4.244000000000e-01,6.410120164471e+00,0.000000000000e+00,6.410120164471e+00,0.000000000000e+00,0.000000000000e+00
4.248000000000e-01,6.416089893898e+00,0.000000000000e+00,6.416089893898e+00,0.000000000000e+00,0.000000000000e+00
4.252000000000e-01,6.422033469111e+00,0.000000000000e+00,6.422033469111e+00,0.000000000000e+00,0.000000000000e+00
4.256000000000e-01,6.427950807126e+00,0.000000000000e+00,6.427950807126e+00,0.000000000000e+00,0.000000000000e+00
4.260000000000e-01,6.433841825318e+00,0.000000000000e+00,6.433841825318e+00,0.000000000000e+00,0.000000000000e+00
4.264000000000e-01,6.439706441344e+00,0.000000000000e+00,6.439706441344e+00,0.000000000000e+00,0.000000000000e+00
4.268000000000e-01,6.445544573194e+00,0.000000000000e+00,6.445544573194e+00,0.000000000000e+00,0.000000000000e+00
4.272000000000e-01,6.451356139173e+00,0.000000000000e+00,6.451356139173e+00,0.000000000000e+00,0.000000000000e+00
4.276000000000e-01,6.457141057896e+00,0.000000000000e+00,6.457141057896e+00,0.000000000000e+00,0.000000000000e+00
4.280000000000e-01,6.462899248324e+00,0.000000000000e+00,6.462899248324e+00,0.000000000000e+00,0.000000000000e+00
4.284000000000e-01,6.468630629701e+00,0.000000000000e+00,6.468630629701e+00,0.000000000000e+00,0.000000000000e+00
4.288000000000e-01,6.474335121654e+00,0.000000000000e+00,6.474335121654e+00,0.000000000000e+00,0.000000000000e+00
4.292000000000e-01,6.480012644066e+00,0.000000000000e+00,6.480012644066e+00,0.000000000000e+00,0.000000000000e+00
4.296000000000e-01,6.485663117232e+00,0.000000000000e+00,6.485663117232e+00,0.000000000000e+00,0.000000000000e+00
4.300000000000e-01,6.491286461683e+00,0.000000000000e+00,6.491286461683e+00,0.000000000000e+00,0.000000000000e+00
4.304000000000e-01,6.496882598392e+00,0.000000000000e+00,6.496882598392e+00,0.000000000000e+00,0.000000000000e+00
4.308000000000e-01,6.502451448547e+00,0.000000000000e+00,6.502451448547e+00,0.000000000000e+00,0.000000000000e+00
4.312000000000e-01,6.507992933798e+00,0.000000000000e+00,6.507992933798e+00,0.000000000000e+00,0.000000000000e+00
4.316000000000e-01,6.513506976006e+00,0.000000000000e+00,6.513506976006e+00,0.000000000000e+00,0.000000000000e+00
4.320000000000e-01,6.518993497503e+00,0.000000000000e+00,6.518993497503e+00,0.000000000000e+00,0.000000000000e+00
4.324000000000e-01,6.524452420830e+00,0.000000000000e+00,6.524452420830e+00,0.000000000000e+00,0.000000000000e+00
4.328000000000e-01,6.529883669004e+00,0.000000000000e+00,6.529883669004e+00,0.000000000000e+00,0.000000000000e+00
4.332000000000e-01,6.535287165261e+00,0.000000000000e+00,6.535287165261e+00,0.000000000000e+00,0.000000000000e+00
4.336000000000e-01,6.540662833304e+00,0.000000000000e+00,6.540662833304e+00,0.000000000000e+00,0.000000000000e+00
4.340000000000e-01,6.546010597075e+00,0.000000000000e+00,6.546010597075e+00,0.000000000000e+00,0.000000000000e+00
4.344000000000e-01,6.551330380968e+00,0.000000000000e+00,6.551330380968e+00,0.000000000000e+00,0.000000000000e+00
4.348000000000e-01,6.556622109640e+00,0.000000000000e+00,6.556622109640e+00,0.000000000000e+00,0.000000000000e+00
4.352000000000e-01,6.561885708180e+00,0.000000000000e+00,6.561885708180e+00,0.000000000000e+00,0.000000000000e+00
4.356000000000e-01,6.567121101971e+00,0.000000000000e+00,6.567121101971e+00,0.000000000000e+00,0.000000000000e+00
4.360000000000e-01,6.572328216801e+00,0.000000000000e+00,6.572328216801e+00,0.000000000000e+00,0.000000000000e+00
4.364000000000e-01,6.577506978789e+00,0.000000000000e+00,6.577506978789e+00,0.000000000000e+00,0.000000000000e+00
4.368000000000e-01,6.582657314427e+00,0.000000000000e+00,6.582657314427e+00,0.000000000000e+00,0.000000000000e+00
4.372000000000e-01,6.587779150576e+00,0.000000000000e+00,6.587779150576e+00,0.000000000000e+00,0.000000000000e+00
4.376000000000e-01,6.592872414439e+00,0.000000000000e+00,6.592872414439e+00,0.000000000000e+00,0.000000000000e+00
4.380000000000e-01,6.597937033629e+00,0.000000000000e+00,6.597937033629e+00,0.000000000000e+00,0.000000000000e+00
4.384000000000e-01,6.602972936067e+00,0.000000000000e+00,6.602972936067e+00,0.000000000000e+00,0.000000000000e+00
4.388000000000e-01,6.607980050119e+00,0.000000000000e+00,6.607980050119e+00,0.000000000000e+00,0.000000000000e+00
4.392000000000e-01,6.612958304436e+00,0.000000000000e+00,6.612958304436e+00,0.000000000000e+00,0.000000000000e+00
4.396000000000e-01,6.617907628143e+00,0.000000000000e+00,6.617907628143e+00,0.000000000000e+00,0.000000000000e+00
4.400000000000e-01,6.622827950628e+00,0.000000000000e+00,6.622827950628e+00,0.000000000000e+00,0.000000000000e+00
4.404000000000e-01,6.627719201779e+00,0.000000000000e+00,6.627719201779e+00,0.000000000000e+00,0.000000000000e+00
4.408000000000e-01,6.632581311731e+00,0.000000000000e+00,6.632581311731e+00,0.000000000000e+00,0.000000000000e+00
4.412000000000e-01,6.637414211140e+00,0.000000000000e+00,6.637414211140e+00,0.000000000000e+00,0.000000000000e+00
4.416000000000e-01,6.642217830898e+00,0.000000000000e+00,6.642217830898e+00,0.000000000000e+00,0.000000000000e+00
4.420000000000e-01,6.646992102427e+00,0.000000000000e+00,6.646992102427e+00,0.000000000000e+00,0.000000000000e+00
4.424000000000e-01,6.651736957391e+00,0.000000000000e+00,6.651736957391e+00,0.000000000000e+00,0.000000000000e+00
4.428000000000e-01,6.656452327982e+00,0.000000000000e+00,6.656452327982e+00,0.000000000000e+00,0.000000000000e+00
4.432000000000e-01,6.661138146643e+00,0.000000000000e+00,6.661138146643e+00,0.000000000000e+00,0.000000000000e+00
4.436000000000e-01,6.665794346339e+00,0.000000000000e+00,6.665794346339e+00,0.000000000000e+00,0.000000000000e+00
4.440000000000e-01,6.670420860305e+00,0.000000000000e+00,6.670420860305e+00,0.000000000000e+00,0.000000000000e+00
4.444000000000e-01,6.675017622278e+00,0.000000000000e+00,6.675017622278e+00,0.000000000000e+00,0.000000000000e+00
4.448000000000e-01,6.679584566296e+00,0.000000000000e+00,6.679584566296e+00,0.000000000000e+00,0.000000000000e+00
4.452000000000e-01,6.684121626873e+00,0.000000000000e+00,6.684121626873e+00,0.000000000000e+00,0.000000000000e+00
4.456000000000e-01,6.688628738858e+00,0.000000000000e+00,6.688628738858e+00,0.000000000000e+00,0.000000000000e+00
4.460000000000e-01,6.693105837545e+00,0.000000000000e+00,6.693105837545e+00,0.000000000000e+00,0.000000000000e+00
4.464000000000e-01,6.697552858603e+00,0.000000000000e+00,6.697552858603e+00,0.000000000000e+00,0.000000000000e+00
4.468000000000e-01,6.701969738111e+00,0.000000000000e+00,6.701969738111e+00,0.000000000000e+00,0.000000000000e+00
4.472000000000e-01,6.706356412565e+00,0.000000000000e+00,6.706356412565e+00,0.000000000000e+00,0.000000000000e+00
4.476000000000e-01,6.710712818834e+00,0.000000000000e+00,6.710712818834e+00,0.000000000000e+00,0.000000000000e+00
4.480000000000e-01,6.715038894246e+00,0.000000000000e+00,6.715038894246e+00,0.000000000000e+00,0.000000000000e+00
4.484000000000e-01,6.719334576469e+00,0.000000000000e+00,6.719334576469e+00,0.000000000000e+00,0.000000000000e+00
4.488000000000e-01,6.723599803668e+00,0.000000000000e+00,6.723599803668e+00,0.000000000000e+00,0.000000000000e+00
4.492000000000e-01,6.727834514316e+00,0.000000000000e+00,6.727834514316e+00,0.000000000000e+00,0.000000000000e+00
4.496000000000e-01,6.732038647419e+00,0.000000000000e+00,6.732038647419e+00,0.000000000000e+00,0.000000000000e+00
4.500000000000e-01,6.736212142265e+00,0.000000000000e+00,6.736212142265e+00,0.000000000000e+00,0.000000000000e+00
4.504000000000e-01,6.740354938701e+00,0.000000000000e+00,6.740354938701e+00,0.000000000000e+00,0.000000000000e+00
4.508000000000e-01,6.744466976841e+00,0.000000000000e+00,6.744466976841e+00,0.000000000000e+00,0.000000000000e+00
4.512000000000e-01,6.748548197377e+00,0.000000000000e+00,6.748548197377e+00,0.000000000000e+00,0.000000000000e+00
4.516000000000e-01,6.752598541256e+00,0.000000000000e+00,6.752598541256e+00,0.000000000000e+00,0.000000000000e+00
4.520000000000e-01,6.756617950015e+00,0.000000000000e+00,6.756617950015e+00,0.000000000000e+00,0.000000000000e+00
4.524000000000e-01,6.760606365449e+00,0.000000000000e+00,6.760606365449e+00,0.000000000000e+00,0.000000000000e+00
4.528000000000e-01,6.764563729937e+00,0.000000000000e+00,6.764563729937e+00,0.000000000000e+00,0.000000000000e+00
4.532000000000e-01,6.768489986136e+00,0.000000000000e+00,6.768489986136e+00,0.000000000000e+00,0.000000000000e+00
4.536000000000e-01,6.772385077265e+00,0.000000000000e+00,6.772385077265e+00,0.000000000000e+00,0.000000000000e+00
4.540000000000e-01,6.776248946850e+00,0.000000000000e+00,6.776248946850e+00,0.000000000000e+00,0.000000000000e+00
4.544000000000e-01,6.780081538958e+00,0.000000000000e+00,6.780081538958e+00,0.000000000000e+00,0.000000000000e+00
4.548000000000e-01,6.783882797991e+00,0.000000000000e+00,6.783882797991e+00,0.000000000000e+00,0.000000000000e+00
4.552000000000e-01,6.787652668863e+00,0.000000000000e+00,6.787652668863e+00,0.000000000000e+00,0.000000000000e+00
4.556000000000e-01,6.791391096863e+00,0.000000000000e+00,6.791391096863e+00,0.000000000000e+00,0.000000000000e+00
4.560000000000e-01,6.795098027755e+00,0.000000000000e+00,6.795098027755e+00,0.000000000000e+00,0.000000000000e+00
4.564000000000e-01,6.798773407723e+00,0.000000000000e+00,6.798773407723e+00,0.000000000000e+00,0.000000000000e+00
4.568000000000e-01,6.802417183382e+00,0.000000000000e+00,6.802417183382e+00,0.000000000000e+00,0.000000000000e+00
4.572000000000e-01,6.806029301816e+00,0.000000000000e+00,6.806029301816e+00,0.000000000000e+00,0.000000000000e+00
4.576000000000e-01,6.809609710501e+00,0.000000000000e+00,6.809609710501e+00,0.000000000000e+00,0.000000000000e+00
4.580000000000e-01,6.813158357423e+00,0.000000000000e+00,6.813158357423e+00,0.000000000000e+00,0.000000000000e+00
4.584000000000e-01,6.816675190926e+00,0.000000000000e+00,6.816675190926e+00,0.000000000000e+00,0.000000000000e+00
4.588000000000e-01,6.820160159900e+00,0.000000000000e+00,6.820160159900e+00,0.000000000000e+00,0.000000000000e+00
4.592000000000e-01,6.823613213564e+00,0.000000000000e+00,6.823613213564e+00,0.000000000000e+00,0.000000000000e+00
4.596000000000e-01,6.827034301716e+00,0.000000000000e+00,6.827034301716e+00,0.000000000000e+00,0.000000000000e+00
4.600000000000e-01,6.830423374457e+00,0.000000000000e+00,6.830423374457e+00,0.000000000000e+00,0.000000000000e+00
4.604000000000e-01,6.833780382495e+00,0.000000000000e+00,6.833780382495e+00,0.000000000000e+00,0.000000000000e+00
4.608000000000e-01,6.837105276820e+00,0.000000000000e+00,6.837105276820e+00,0.000000000000e+00,0.000000000000e+00
4.612000000000e-01,6.840398009051e+00,0.000000000000e+00,6.840398009051e+00,0.000000000000e+00,0.000000000000e+00
4.616000000000e-01,6.843658531082e+00,0.000000000000e+00,6.843658531082e+00,0.000000000000e+00,0.000000000000e+00
4.620000000000e-01,6.846886795434e+00,0.000000000000e+00,6.846886795434e+00,0.000000000000e+00,0.000000000000e+00
4.624000000000e-01,6.850082754918e+00,0.000000000000e+00,6.850082754918e+00,0.000000000000e+00,0.000000000000e+00
4.628000000000e-01,6.853246362960e+00,0.000000000000e+00,6.853246362960e+00,0.000000000000e+00,0.000000000000e+00
4.632000000000e-01,6.856377573294e+00,0.000000000000e+00,6.856377573294e+00,0.000000000000e+00,0.000000000000e+00
4.636000000000e-01,6.859476340251e+00,0.000000000000e+00,6.859476340251e+00,0.000000000000e+00,0.000000000000e+00
4.640000000000e-01,6.862542618498e+00,0.000000000000e+00,6.862542618498e+00,0.000000000000e+00,0.000000000000e+00
4.644000000000e-01,6.865576363271e+00,0.000000000000e+00,6.865576363271e+00,0.000000000000e+00,0.000000000000e+00
4.648000000000e-01,6.868577530177e+00,0.000000000000e+00,6.868577530177e+00,0.000000000000e+00,0.000000000000e+00
4.652000000000e-01,6.871546075359e+00,0.000000000000e+00,6.871546075359e+00,0.000000000000e+00,0.000000000000e+00
4.656000000000e-01,6.874481955373e+00,0.000000000000e+00,6.874481955373e+00,0.000000000000e+00,0.000000000000e+00
4.660000000000e-01,6.877385127269e+00,0.000000000000e+00,6.877385127269e+00,0.000000000000e+00,0.000000000000e+00
4.664000000000e-01,6.880255548557e+00,0.000000000000e+00,6.880255548557e+00,0.000000000000e+00,0.000000000000e+00
4.668000000000e-01,6.883093177199e+00,0.000000000000e+00,6.883093177199e+00,0.000000000000e+00,0.000000000000e+00
4.672000000000e-01,6.885897971662e+00,0.000000000000e+00,6.885897971662e+00,0.000000000000e+00,0.000000000000e+00
4.676000000000e-01,6.888669890825e+00,0.000000000000e+00,6.888669890825e+00,0.000000000000e+00,0.000000000000e+00
4.680000000000e-01,6.891408894117e+00,0.000000000000e+00,6.891408894117e+00,0.000000000000e+00,0.000000000000e+00
4.684000000000e-01,6.894114941338e+00,0.000000000000e+00,6.894114941338e+00,0.000000000000e+00,0.000000000000e+00
4.688000000000e-01,6.896787992879e+00,0.000000000000e+00,6.896787992879e+00,0.000000000000e+00,0.000000000000e+00
4.692000000000e-01,6.899428009470e+00,0.000000000000e+00,6.899428009470e+00,0.000000000000e+00,0.000000000000e+00
4.696000000000e-01,6.902034952464e+00,0.000000000000e+00,6.902034952464e+00,0.000000000000e+00,0.000000000000e+00
4.700000000000e-01,6.904608783528e+00,0.000000000000e+00,6.904608783528e+00,0.000000000000e+00,0.000000000000e+00
4.704000000000e-01,6.907149464978e+00,0.000000000000e+00,6.907149464978e+00,0.000000000000e+00,0.000000000000e+00
4.708000000000e-01,6.909656959426e+00,0.000000000000e+00,6.909656959426e+00,0.000000000000e+00,0.000000000000e+00
4.712000000000e-01,6.912131230149e+00,0.000000000000e+00,6.912131230149e+00,0.000000000000e+00,0.000000000000e+00
4.716000000000e-01,6.914572240713e+00,0.000000000000e+00,6.914572240713e+00,0.000000000000e+00,0.000000000000e+00
4.720000000000e-01,6.916979955352e+00,0.000000000000e+00,6.916979955352e+00,0.000000000000e+00,0.000000000000e+00
4.724000000000e-01,6.919354338600e+00,0.000000000000e+00,6.919354338600e+00,0.000000000000e+00,0.000000000000e+00
4.728000000000e-01,6.921695355644e+00,0.000000000000e+00,6.921695355644e+00,0.000000000000e+00,0.000000000000e+00
4.732000000000e-01,6.924002971993e+00,0.000000000000e+00,6.924002971993e+00,0.000000000000e+00,0.000000000000e+00
4.736000000000e-01,6.926277153786e+00,0.000000000000e+00,6.926277153786e+00,0.000000000000e+00,0.000000000000e+00
4.740000000000e-01,6.928517867517e+00,0.000000000000e+00,6.928517867517e+00,0.000000000000e+00,0.000000000000e+00
4.744000000000e-01,6.930725080273e+00,0.000000000000e+00,6.930725080273e+00,0.000000000000e+00,0.000000000000e+00
4.748000000000e-01,6.932898759542e+00,0.000000000000e+00,6.932898759542e+00,0.000000000000e+00,0.000000000000e+00
4.752000000000e-01,6.935038873361e+00,0.000000000000e+00,6.935038873361e+00,0.000000000000e+00,0.000000000000e+00
4.756000000000e-01,6.937145390213e+00,0.000000000000e+00,6.937145390213e+00,0.000000000000e+00,0.000000000000e+00
4.760000000000e-01,6.939218279090e+00,0.000000000000e+00,6.939218279090e+00,0.000000000000e+00,0.000000000000e+00
4.764000000000e-01,6.941257509474e+00,0.000000000000e+00,6.941257509474e+00,0.000000000000e+00,0.000000000000e+00
4.768000000000e-01,6.943263051311e+00,0.000000000000e+00,6.943263051311e+00,0.000000000000e+00,0.000000000000e+00
4.772000000000e-01,6.945234875088e+00,0.000000000000e+00,6.945234875088e+00,0.000000000000e+00,0.000000000000e+00
4.776000000000e-01,6.947172951710e+00,0.000000000000e+00,6.947172951710e+00,0.000000000000e+00,0.000000000000e+00
4.780000000000e-01,6.949077252668e+00,0.000000000000e+00,6.949077252668e+00,0.000000000000e+00,0.000000000000e+00
4.784000000000e-01,6.950947749830e+00,0.000000000000e+00,6.950947749830e+00,0.000000000000e+00,0.000000000000e+00
4.788000000000e-01,6.952784415694e+00,0.000000000000e+00,6.952784415694e+00,0.000000000000e+00,0.000000000000e+00
4.792000000000e-01,6.954587223097e+00,0.000000000000e+00,6.954587223097e+00,0.000000000000e+00,0.000000000000e+00
4.796000000000e-01,6.956356145539e+00,0.000000000000e+00,6.956356145539e+00,0.000000000000e+00,0.000000000000e+00
4.800000000000e-01,6.958091156836e+00,0.000000000000e+00,6.958091156836e+00,0.000000000000e+00,0.000000000000e+00
4.804000000000e-01,6.959792231488e+00,0.000000000000e+00,6.959792231488e+00,0.000000000000e+00,0.000000000000e+00
4.808000000000e-01,6.961459344299e+00,0.000000000000e+00,6.961459344299e+00,0.000000000000e+00,0.000000000000e+00
4.812000000000e-01,6.963092470763e+00,0.000000000000e+00,6.963092470763e+00,0.000000000000e+00,0.000000000000e+00
4.816000000000e-01,6.964691586680e+00,0.000000000000e+00,6.964691586680e+00,0.000000000000e+00,0.000000000000e+00
4.820000000000e-01,6.966256668536e+00,0.000000000000e+00,6.966256668536e+00,0.000000000000e+00,0.000000000000e+00
4.824000000000e-01,6.967787693137e+00,0.000000000000e+00,6.967787693137e+00,0.000000000000e+00,0.000000000000e+00
4.828000000000e-01,6.969284637955e+00,0.000000000000e+00,6.969284637955e+00,0.000000000000e+00,0.000000000000e+00
4.832000000000e-01,6.970747480810e+00,0.000000000000e+00,6.970747480810e+00,0.000000000000e+00,0.000000000000e+00
4.836000000000e-01,6.972176200159e+00,0.000000000000e+00,6.972176200159e+00,0.000000000000e+00,0.000000000000e+00
4.840000000000e-01,6.973570774840e+00,0.000000000000e+00,6.973570774840e+00,0.000000000000e+00,0.000000000000e+00
4.844000000000e-01,6.974931184294e+00,0.000000000000e+00,6.974931184294e+00,0.000000000000e+00,0.000000000000e+00
4.848000000000e-01,6.976257408386e+00,0.000000000000e+00,6.976257408386e+00,0.000000000000e+00,0.000000000000e+00
4.852000000000e-01,6.977549427536e+00,0.000000000000e+00,6.977549427536e+00,0.000000000000e+00,0.000000000000e+00
4.856000000000e-01,6.978807222639e+00,0.000000000000e+00,6.978807222639e+00,0.000000000000e+00,0.000000000000e+00
4.860000000000e-01,6.980030775098e+00,0.000000000000e+00,6.980030775098e+00,0.000000000000e+00,0.000000000000e+00
4.864000000000e-01,6.981220066841e+00,0.000000000000e+00,6.981220066841e+00,0.000000000000e+00,0.000000000000e+00
4.868000000000e-01,6.982375080254e+00,0.000000000000e+00,6.982375080254e+00,0.000000000000e+00,0.000000000000e+00
4.872000000000e-01,6.983495798298e+00,0.000000000000e+00,6.983495798298e+00,0.000000000000e+00,0.000000000000e+00
4.876000000000e-01,6.984582204348e+00,0.000000000000e+00,6.984582204348e+00,0.000000000000e+00,0.000000000000e+00
4.880000000000e-01,6.985634282395e+00,0.000000000000e+00,6.985634282395e+00,0.000000000000e+00,0.000000000000e+00
4.884000000000e-01,6.986652016808e+00,0.000000000000e+00,6.986652016808e+00,0.000000000000e+00,0.000000000000e+00
4.888000000000e-01,6.987635392609e+00,0.000000000000e+00,6.987635392609e+00,0.000000000000e+00,0.000000000000e+00
4.892000000000e-01,6.988584395163e+00,0.000000000000e+00,6.988584395163e+00,0.000000000000e+00,0.000000000000e+00
4.896000000000e-01,6.989499010519e+00,0.000000000000e+00,6.989499010519e+00,0.000000000000e+00,0.000000000000e+00
4.900000000000e-01,6.990379225049e+00,0.000000000000e+00,6.990379225049e+00,0.000000000000e+00,0.000000000000e+00
4.904000000000e-01,6.991225025824e+00,0.000000000000e+00,6.991225025824e+00,0.000000000000e+00,0.000000000000e+00
4.908000000000e-01,6.992036400227e+00,0.000000000000e+00,6.992036400227e+00,0.000000000000e+00,0.000000000000e+00
4.912000000000e-01,6.992813336346e+00,0.000000000000e+00,6.992813336346e+00,0.000000000000e+00,0.000000000000e+00
4.916000000000e-01,6.993555822586e+00,0.000000000000e+00,6.993555822586e+00,0.000000000000e+00,0.000000000000e+00
4.920000000000e-01,6.994263848047e+00,0.000000000000e+00,6.994263848047e+00,0.000000000000e+00,0.000000000000e+00
4.924000000000e-01,6.994937402161e+00,0.000000000000e+00,6.994937402161e+00,0.000000000000e+00,0.000000000000e+00
4.928000000000e-01,6.995576475034e+00,0.000000000000e+00,6.995576475034e+00,0.000000000000e+00,0.000000000000e+00
4.932000000000e-01,6.996181057134e+00,0.000000000000e+00,6.996181057134e+00,0.000000000000e+00,0.000000000000e+00
4.936000000000e-01,6.996751139569e+00,0.000000000000e+00,6.996751139569e+00,0.000000000000e+00,0.000000000000e+00
4.940000000000e-01,6.997286713847e+00,0.000000000000e+00,6.997286713847e+00,0.000000000000e+00,0.000000000000e+00
4.944000000000e-01,6.997787772076e+00,0.000000000000e+00,6.997787772076e+00,0.000000000000e+00,0.000000000000e+00
4.948000000000e-01,6.998254306808e+00,0.000000000000e+00,6.998254306808e+00,0.000000000000e+00,0.000000000000e+00
4.952000000000e-01,6.998686311148e+00,0.000000000000e+00,6.998686311148e+00,0.000000000000e+00,0.000000000000e+00
4.956000000000e-01,6.999083778696e+00,0.000000000000e+00,6.999083778696e+00,0.000000000000e+00,0.000000000000e+00
4.960000000000e-01,6.999446703555e+00,0.000000000000e+00,6.999446703555e+00,0.000000000000e+00,0.000000000000e+00
4.964000000000e-01,6.999775080371e+00,0.000000000000e+00,6.999775080371e+00,0.000000000000e+00,0.000000000000e+00
4.968000000000e-01,7.000068904246e+00,0.000000000000e+00,7.000068904246e+00,0.000000000000e+00,0.000000000000e+00
4.972000000000e-01,7.000328170873e+00,0.000000000000e+00,7.000328170873e+00,0.000000000000e+00,0.000000000000e+00
4.976000000000e-01,7.000552876355e+00,0.000000000000e+00,7.000552876355e+00,0.000000000000e+00,0.000000000000e+00
4.980000000000e-01,7.000743017429e+00,0.000000000000e+00,7.000743017429e+00,0.000000000000e+00,0.000000000000e+00
4.984000000000e-01,7.000898591204e+00,0.000000000000e+00,7.000898591204e+00,0.000000000000e+00,0.000000000000e+00
4.988000000000e-01,7.001019595458e+00,0.000000000000e+00,7.001019595458e+00,0.000000000000e+00,0.000000000000e+00
4.992000000000e-01,7.001106028309e+00,0.000000000000e+00,7.001106028309e+00,0.000000000000e+00,0.000000000000e+00
4.996000000000e-01,7.001157888570e+00,0.000000000000e+00,7.001157888570e+00,0.000000000000e+00,0.000000000000e+00
5.000000000000e-01,7.001175175376e+00,0.000000000000e+00,7.001175175376e+00,0.000000000000e+00,0.000000000000e+00
5.004000000000e-01,7.001157888570e+00,0.000000000000e+00,7.001157888570e+00,0.000000000000e+00,0.000000000000e+00
5.008000000000e-01,7.001106028309e+00,0.000000000000e+00,7.001106028309e+00,0.000000000000e+00,0.000000000000e+00
5.012000000000e-01,7.001019595458e+00,0.000000000000e+00,7.001019595458e+00,0.000000000000e+00,0.000000000000e+00
5.016000000000e-01,7.000898591204e+00,0.000000000000e+00,7.000898591204e+00,0.000000000000e+00,0.000000000000e+00
5.020000000000e-01,7.000743017429e+00,0.000000000000e+00,7.000743017429e+00,0.000000000000e+00,0.000000000000e+00
5.024000000000e-01,7.000552876355e+00,0.000000000000e+00,7.000552876355e+00,0.000000000000e+00,0.000000000000e+00
5.028000000000e-01,7.000328170873e+00,0.000000000000e+00,7.000328170873e+00,0.000000000000e+00,0.000000000000e+00
5.032000000000e-01,7.000068904246e+00,0.000000000000e+00,7.000068904246e+00,0.000000000000e+00,0.000000000000e+00
5.036000000000e-01,6.999775080371e+00,0.000000000000e+00,6.999775080371e+00,0.000000000000e+00,0.000000000000e+00
5.040000000000e-01,6.999446703555e+00,0.000000000000e+00,6.999446703555e+00,0.000000000000e+00,0.000000000000e+00
5.044000000000e-01,6.999083778696e+00,0.000000000000e+00,6.999083778696e+00,0.000000000000e+00,0.000000000000e+00
5.048000000000e-01,6.998686311148e+00,0.000000000000e+00,6.998686311148e+00,0.000000000000e+00,0.000000000000e+00
5.052000000000e-01,6.998254306808e+00,0.000000000000e+00,6.998254306808e+00,0.000000000000e+00,0.000000000000e+00
5.056000000000e-01,6.997787772076e+00,0.000000000000e+00,6.997787772076e+00,0.000000000000e+00,0.000000000000e+00
5.060000000000e-01,6.997286713847e+00,0.000000000000e+00,6.997286713847e+00,0.000000000000e+00,0.000000000000e+00
5.064000000000e-01,6.996751139569e+00,0.000000000000e+00,6.996751139569e+00,0.000000000000e+00,0.000000000000e+00
5.068000000000e-01,6.996181057134e+00,0.000000000000e+00,6.996181057134e+00,0.000000000000e+00,0.000000000000e+00
5.072000000000e-01,6.995576475034e+00,0.000000000000e+00,6.995576475034e+00,0.000000000000e+00,0.000000000000e+00
5.076000000000e-01,6.994937402161e+00,0.000000000000e+00,6.994937402161e+00,0.000000000000e+00,0.000000000000e+00
5.080000000000e-01,6.994263848047e+00,0.000000000000e+00,6.994263848047e+00,0.000000000000e+00,0.000000000000e+00
5.084000000000e-01,6.993555822586e+00,0.000000000000e+00,6.993555822586e+00,0.000000000000e+00,0.000000000000e+00
5.088000000000e-01,6.992813336346e+00,0.000000000000e+00,6.992813336346e+00,0.000000000000e+00,0.000000000000e+00
5.092000000000e-01,6.992036400227e+00,0.000000000000e+00,6.992036400227e+00,0.000000000000e+00,0.000000000000e+00
5.096000000000e-01,6.991225025824e+00,0.000000000000e+00,6.991225025824e+00,0.000000000000e+00,0.000000000000e+00
5.100000000000e-01,6.990379225049e+00,0.000000000000e+00,6.990379225049e+00,0.000000000000e+00,0.000000000000e+00
5.104000000000e-01,6.989499010519e+00,0.000000000000e+00,6.989499010519e+00,0.000000000000e+00,0.000000000000e+00
5.108000000000e-01,6.988584395163e+00,0.000000000000e+00,6.988584395163e+00,0.000000000000e+00,0.000000000000e+00
5.112000000000e-01,6.987635392609e+00,0.000000000000e+00,6.987635392609e+00,0.000000000000e+00,0.000000000000e+00
5.116000000000e-01,6.986652016808e+00,0.000000000000e+00,6.986652016808e+00,0.000000000000e+00,0.000000000000e+00
5.120000000000e-01,6.985634282395e+00,0.000000000000e+00,6.985634282395e+00,0.000000000000e+00,0.000000000000e+00
5.124000000000e-01,6.984582204348e+00,0.000000000000e+00,6.984582204348e+00,0.000000000000e+00,0.000000000000e+00
5.128000000000e-01,6.983495798298e+00,0.000000000000e+00,6.983495798298e+00,0.000000000000e+00,0.000000000000e+00
5.132000000000e-01,6.982375080254e+00,0.000000000000e+00,6.982375080254e+00,0.000000000000e+00,0.000000000000e+00
5.136000000000e-01,6.981220066841e+00,0.000000000000e+00,6.981220066841e+00,0.000000000000e+00,0.000000000000e+00
5.140000000000e-01,6.980030775098e+00,0.000000000000e+00,6.980030775098e+00,0.000000000000e+00,0.000000000000e+00
5.144000000000e-01,6.978807222639e+00,0.000000000000e+00,6.978807222639e+00,0.000000000000e+00,0.000000000000e+00
5.148000000000e-01,6.977549427536e+00,0.000000000000e+00,6.977549427536e+00,0.000000000000e+00,0.000000000000e+00
5.152000000000e-01,6.976257408386e+00,0.000000000000e+00,6.976257408386e+00,0.000000000000e+00,0.000000000000e+00
5.156000000000e-01,6.974931184294e+00,0.000000000000e+00,6.974931184294e+00,0.000000000000e+00,0.000000000000e+00
5.160000000000e-01,6.973570774840e+00,0.000000000000e+00,6.973570774840e+00,0.000000000000e+00,0.000000000000e+00
5.164000000000e-01,6.972176200159e+00,0.000000000000e+00,6.972176200159e+00,0.000000000000e+00,0.000000000000e+00
5.168000000000e-01,6.970747480810e+00,0.000000000000e+00,6.970747480810e+00,0.000000000000e+00,0.000000000000e+00
5.172000000000e-01,6.969284637955e+00,0.000000000000e+00,6.969284637955e+00,0.000000000000e+00,0.000000000000e+00
5.176000000000e-01,6.967787693137e+00,0.000000000000e+00,6.967787693137e+00,0.000000000000e+00,0.000000000000e+00
5.180000000000e-01,6.966256668536e+00,0.000000000000e+00,6.966256668536e+00,0.000000000000e+00,0.000000000000e+00
5.184000000000e-01,6.964691586680e+00,0.000000000000e+00,6.964691586680e+00,0.000000000000e+00,0.000000000000e+00
5.188000000000e-01,6.963092470763e+00,0.000000000000e+00,6.963092470763e+00,0.000000000000e+00,0.000000000000e+00
5.192000000000e-01,6.961459344299e+00,0.000000000000e+00,6.961459344299e+00,0.000000000000e+00,0.000000000000e+00
5.196000000000e-01,6.959792231488e+00,0.000000000000e+00,6.959792231488e+00,0.000000000000e+00,0.000000000000e+00
5.200000000000e-01,6.958091156836e+00,0.000000000000e+00,6.958091156836e+00,0.000000000000e+00,0.000000000000e+00
5.204000000000e-01,6.956356145539e+00,0.000000000000e+00,6.956356145539e+00,0.000000000000e+00,0.000000000000e+00
5.208000000000e-01,6.954587223097e+00,0.000000000000e+00,6.954587223097e+00,0.000000000000e+00,0.000000000000e+00
5.212000000000e-01,6.952784415694e+00,0.000000000000e+00,6.952784415694e+00,0.000000000000e+00,0.000000000000e+00
5.216000000000e-01,6.950947749830e+00,0.000000000000e+00,6.950947749830e+00,0.000000000000e+00,0.000000000000e+00
5.220000000000e-01,6.949077252668e+00,0.000000000000e+00,6.949077252668e+00,0.000000000000e+00,0.000000000000e+00
5.224000000000e-01,6.947172951710e+00,0.000000000000e+00,6.947172951710e+00,0.000000000000e+00,0.000000000000e+00
5.228000000000e-01,6.945234875088e+00,0.000000000000e+00,6.945234875088e+00,0.000000000000e+00,0.000000000000e+00
5.232000000000e-01,6.943263051311e+00,0.000000000000e+00,6.943263051311e+00,0.000000000000e+00,0.000000000000e+00
5.236000000000e-01,6.941257509474e+00,0.000000000000e+00,6.941257509474e+00,0.000000000000e+00,0.000000000000e+00
5.240000000000e-01,6.939218279090e+00,0.000000000000e+00,6.939218279090e+00,0.000000000000e+00,0.000000000000e+00
5.244000000000e-01,6.937145390213e+00,0.000000000000e+00,6.937145390213e+00,0.000000000000e+00,0.000000000000e+00
5.248000000000e-01,6.935038873361e+00,0.000000000000e+00,6.935038873361e+00,0.000000000000e+00,0.000000000000e+00
5.252000000000e-01,6.932898759542e+00,0.000000000000e+00,6.932898759542e+00,0.000000000000e+00,0.000000000000e+00
5.256000000000e-01,6.930725080273e+00,0.000000000000e+00,6.930725080273e+00,0.000000000000e+00,0.000000000000e+00
5.260000000000e-01,6.928517867517e+00,0.000000000000e+00,6.928517867517e+00,0.000000000000e+00,0.000000000000e+00
5.264000000000e-01,6.926277153786e+00,0.000000000000e+00,6.926277153786e+00,0.000000000000e+00,0.000000000000e+00
5.268000000000e-01,6.924002971993e+00,0.000000000000e+00,6.924002971993e+00,0.000000000000e+00,0.000000000000e+00
5.272000000000e-01,6.921695355644e+00,0.000000000000e+00,6.921695355644e+00,0.000000000000e+00,0.000000000000e+00
5.276000000000e-01,6.919354338600e+00,0.000000000000e+00,6.919354338600e+00,0.000000000000e+00,0.000000000000e+00
5.280000000000e-01,6.916979955352e+00,0.000000000000e+00,6.916979955352e+00,0.000000000000e+00,0.000000000000e+00
5.284000000000e-01,6.914572240713e+00,0.000000000000e+00,6.914572240713e+00,0.000000000000e+00,0.000000000000e+00
5.288000000000e-01,6.912131230149e+00,0.000000000000e+00,6.912131230149e+00,0.000000000000e+00,0.000000000000e+00
5.292000000000e-01,6.909656959426e+00,0.000000000000e+00,6.909656959426e+00,0.000000000000e+00,0.000000000000e+00
5.296000000000e-01,6.907149464978e+00,0.000000000000e+00,6.907149464978e+00,0.000000000000e+00,0.000000000000e+00
5.300000000000e-01,6.904608783528e+00,0.000000000000e+00,6.904608783528e+00,0.000000000000e+00,0.000000000000e+00
5.304000000000e-01,6.902034952464e+00,0.000000000000e+00,6.902034952464e+00,0.000000000000e+00,0.000000000000e+00
5.308000000000e-01,6.899428009470e+00,0.000000000000e+00,6.899428009470e+00,0.000000000000e+00,0.000000000000e+00
5.312000000000e-01,6.896787992879e+00,0.000000000000e+00,6.896787992879e+00,0.000000000000e+00,0.000000000000e+00
5.316000000000e-01,6.894114941338e+00,0.000000000000e+00,6.894114941338e+00,0.000000000000e+00,0.000000000000e+00
5.320000000000e-01,6.891408894117e+00,0.000000000000e+00,6.891408894117e+00,0.000000000000e+00,0.000000000000e+00
5.324000000000e-01,6.888669890825e+00,0.000000000000e+00,6.888669890825e+00,0.000000000000e+00,0.000000000000e+00
5.328000000000e-01,6.885897971662e+00,0.000000000000e+00,6.885897971662e+00,0.000000000000e+00,0.000000000000e+00
5.332000000000e-01,6.883093177199e+00,0.000000000000e+00,6.883093177199e+00,0.000000000000e+00,0.000000000000e+00
5.336000000000e-01,6.880255548557e+00,0.000000000000e+00,6.880255548557e+00,0.000000000000e+00,0.000000000000e+00
5.340000000000e-01,6.877385127269e+00,0.000000000000e+00,6.877385127269e+00,0.000000000000e+00,0.000000000000e+00
5.344000000000e-01,6.874481955373e+00,0.000000000000e+00,6.874481955373e+00,0.000000000000e+00,0.000000000000e+00
5.348000000000e-01,6.871546075359e+00,0.000000000000e+00,6.871546075359e+00,0.000000000000e+00,0.000000000000e+00
5.352000000000e-01,6.868577530177e+00,0.000000000000e+00,6.868577530177e+00,0.000000000000e+00,0.000000000000e+00
5.356000000000e-01,6.865576363271e+00,0.000000000000e+00,6.865576363271e+00,0.000000000000e+00,0.000000000000e+00
5.360000000000e-01,6.862542618498e+00,0.000000000000e+00,6.862542618498e+00,0.000000000000e+00,0.000000000000e+00
5.364000000000e-01,6.859476340251e+00,0.000000000000e+00,6.859476340251e+00,0.000000000000e+00,0.000000000000e+00
5.368000000000e-01,6.856377573294e+00,0.000000000000e+00,6.856377573294e+00,0.000000000000e+00,0.000000000000e+00
5.372000000000e-01,6.853246362960e+00,0.000000000000e+00,6.853246362960e+00,0.000000000000e+00,0.000000000000e+00
5.376000000000e-01,6.850082754918e+00,0.000000000000e+00,6.850082754918e+00,0.000000000000e+00,0.000000000000e+00
5.380000000000e-01,6.846886795434e+00,0.000000000000e+00,6.846886795434e+00,0.000000000000e+00,0.000000000000e+00
5.384000000000e-01,6.843658531082e+00,0.000000000000e+00,6.843658531082e+00,0.000000000000e+00,0.000000000000e+00
5.388000000000e-01,6.840398009051e+00,0.000000000000e+00,6.840398009051e+00,0.000000000000e+00,0.000000000000e+00
5.392000000000e-01,6.837105276820e+00,0.000000000000e+00,6.837105276820e+00,0.000000000000e+00,0.000000000000e+00
5.396000000000e-01,6.833780382495e+00,0.000000000000e+00,6.833780382495e+00,0.000000000000e+00,0.000000000000e+00
5.400000000000e-01,6.830423374457e+00,0.000000000000e+00,6.830423374457e+00,0.000000000000e+00,0.000000000000e+00
5.404000000000e-01,6.827034301716e+00,0.000000000000e+00,6.827034301716e+00,0.000000000000e+00,0.000000000000e+00
5.408000000000e-01,6.823613213564e+00,0.000000000000e+00,6.823613213564e+00,0.000000000000e+00,0.000000000000e+00
5.412000000000e-01,6.820160159900e+00,0.000000000000e+00,6.820160159900e+00,0.000000000000e+00,0.000000000000e+00
5.416000000000e-01,6.816675190926e+00,0.000000000000e+00,6.816675190926e+00,0.000000000000e+00,0.000000000000e+00
5.420000000000e-01,6.813158357423e+00,0.000000000000e+00,6.813158357423e+00,0.000000000000e+00,0.000000000000e+00
5.424000000000e-01,6.809609710501e+00,0.000000000000e+00,6.809609710501e+00,0.000000000000e+00,0.000000000000e+00
5.428000000000e-01,6.806029301816e+00,0.000000000000e+00,6.806029301816e+00,0.000000000000e+00,0.000000000000e+00
5.432000000000e-01,6.802417183382e+00,0.000000000000e+00,6.802417183382e+00,0.000000000000e+00,0.000000000000e+00
5.436000000000e-01,6.798773407723e+00,0.000000000000e+00,6.798773407723e+00,0.000000000000e+00,0.000000000000e+00
5.440000000000e-01,6.795098027755e+00,0.000000000000e+00,6.795098027755e+00,0.000000000000e+00,0.000000000000e+00
5.444000000000e-01,6.791391096863e+00,0.000000000000e+00,6.791391096863e+00,0.000000000000e+00,0.000000000000e+00
5.448000000000e-01,6.787652668863e+00,0.000000000000e+00,6.787652668863e+00,0.000000000000e+00,0.000000000000e+00
5.452000000000e-01,6.783882797991e+00,0.000000000000e+00,6.783882797991e+00,0.000000000000e+00,0.000000000000e+00
5.456000000000e-01,6.780081538958e+00,0.000000000000e+00,6.780081538958e+00,0.000000000000e+00,0.000000000000e+00
5.460000000000e-01,6.776248946850e+00,0.000000000000e+00,6.776248946850e+00,0.000000000000e+00,0.000000000000e+00
5.464000000000e-01,6.772385077265e+00,0.000000000000e+00,6.772385077265e+00,0.000000000000e+00,0.000000000000e+00
5.468000000000e-01,6.768489986136e+00,0.000000000000e+00,6.768489986136e+00,0.000000000000e+00,0.000000000000e+00
5.472000000000e-01,6.764563729937e+00,0.000000000000e+00,6.764563729937e+00,0.000000000000e+00,0.000000000000e+00
5.476000000000e-01,6.760606365449e+00,0.000000000000e+00,6.760606365449e+00,0.000000000000e+00,0.000000000000e+00
5.480000000000e-01,6.756617950015e+00,0.000000000000e+00,6.756617950015e+00,0.000000000000e+00,0.000000000000e+00
5.484000000000e-01,6.752598541256e+00,0.000000000000e+00,6.752598541256e+00,0.000000000000e+00,0.000000000000e+00
5.488000000000e-01,6.748548197377e+00,0.000000000000e+00,6.748548197377e+00,0.000000000000e+00,0.000000000000e+00
5.492000000000e-01,6.744466976841e+00,0.000000000000e+00,6.744466976841e+00,0.000000000000e+00,0.000000000000e+00
5.496000000000e-01,6.740354938701e+00,0.000000000000e+00,6.740354938701e+00,0.000000000000e+00,0.000000000000e+00
5.500000000000e-01,6.736212142265e+00,0.000000000000e+00,6.736212142265e+00,0.000000000000e+00,0.000000000000e+00
5.504000000000e-01,6.732038647419e+00,0.000000000000e+00,6.732038647419e+00,0.000000000000e+00,0.000000000000e+00
5.508000000000e-01,6.727834514316e+00,0.000000000000e+00,6.727834514316e+00,0.000000000000e+00,0.000000000000e+00
5.512000000000e-01,6.723599803668e+00,0.000000000000e+00,6.723599803668e+00,0.000000000000e+00,0.000000000000e+00
5.516000000000e-01,6.719334576469e+00,0.000000000000e+00,6.719334576469e+00,0.000000000000e+00,0.000000000000e+00
5.520000000000e-01,6.715038894246e+00,0.000000000000e+00,6.715038894246e+00,0.000000000000e+00,0.000000000000e+00
5.524000000000e-01,6.710712818834e+00,0.000000000000e+00,6.710712818834e+00,0.000000000000e+00,0.000000000000e+00
5.528000000000e-01,6.706356412565e+00,0.000000000000e+00,6.706356412565e+00,0.000000000000e+00,0.000000000000e+00
5.532000000000e-01,6.701969738111e+00,0.000000000000e+00,6.701969738111e+00,0.000000000000e+00,0.000000000000e+00
5.536000000000e-01,6.697552858603e+00,0.000000000000e+00,6.697552858603e+00,0.000000000000e+00,0.000000000000e+00
5.540000000000e-01,6.693105837545e+00,0.000000000000e+00,6.693105837545e+00,0.000000000000e+00,0.000000000000e+00
5.544000000000e-01,6.688628738858e+00,0.000000000000e+00,6.688628738858e+00,0.000000000000e+00,0.000000000000e+00
5.548000000000e-01,6.684121626873e+00,0.000000000000e+00,6.684121626873e+00,0.000000000000e+00,0.000000000000e+00
5.552000000000e-01,6.679584566296e+00,0.000000000000e+00,6.679584566296e+00,0.000000000000e+00,0.000000000000e+00
5.556000000000e-01,6.675017622278e+00,0.000000000000e+00,6.675017622278e+00,0.000000000000e+00,0.000000000000e+00
5.560000000000e-01,6.670420860305e+00,0.000000000000e+00,6.670420860305e+00,0.000000000000e+00,0.000000000000e+00
5.564000000000e-01,6.665794346339e+00,0.000000000000e+00,6.665794346339e+00,0.000000000000e+00,0.000000000000e+00
5.568000000000e-01,6.661138146643e+00,0.000000000000e+00,6.661138146643e+00,0.000000000000e+00,0.000000000000e+00
5.572000000000e-01,6.656452327982e+00,0.000000000000e+00,6.656452327982e+00,0.000000000000e+00,0.000000000000e+00
5.576000000000e-01,6.651736957391e+00,0.000000000000e+00,6.651736957391e+00,0.000000000000e+00,0.000000000000e+00
5.580000000000e-01,6.646992102427e+00,0.000000000000e+00,6.646992102427e+00,0.000000000000e+00,0.000000000000e+00
5.584000000000e-01,6.642217830898e+00,0.000000000000e+00,6.642217830898e+00,0.000000000000e+00,0.000000000000e+00
5.588000000000e-01,6.637414211140e+00,0.000000000000e+00,6.637414211140e+00,0.000000000000e+00,0.000000000000e+00
5.592000000000e-01,6.632581311731e+00,0.000000000000e+00,6.632581311731e+00,0.000000000000e+00,0.000000000000e+00
5.596000000000e-01,6.627719201779e+00,0.000000000000e+00,6.627719201779e+00,0.000000000000e+00,0.000000000000e+00
5.600000000000e-01,6.622827950628e+00,0.000000000000e+00,6.622827950628e+00,0.000000000000e+00,0.000000000000e+00
5.604000000000e-01,6.617907628143e+00,0.000000000000e+00,6.617907628143e+00,0.000000000000e+00,0.000000000000e+00
5.608000000000e-01,6.612958304436e+00,0.000000000000e+00,6.612958304436e+00,0.000000000000e+00,0.000000000000e+00
5.612000000000e-01,6.607980050119e+00,0.000000000000e+00,6.607980050119e+00,0.000000000000e+00,0.000000000000e+00
5.616000000000e-01,6.602972936067e+00,0.000000000000e+00,6.602972936067e+00,0.000000000000e+00,0.000000000000e+00
5.620000000000e-01,6.597937033629e+00,0.000000000000e+00,6.597937033629e+00,0.000000000000e+00,0.000000000000e+00
5.624000000000e-01,6.592872414439e+00,0.000000000000e+00,6.592872414439e+00,0.000000000000e+00,0.000000000000e+00
5.628000000000e-01,6.587779150576e+00,0.000000000000e+00,6.587779150576e+00,0.000000000000e+00,0.000000000000e+00
5.632000000000e-01,6.582657314427e+00,0.000000000000e+00,6.582657314427e+00,0.000000000000e+00,0.000000000000e+00
5.636000000000e-01,6.577506978789e+00,0.000000000000e+00,6.577506978789e+00,0.000000000000e+00,0.000000000000e+00
5.640000000000e-01,6.572328216801e+00,0.000000000000e+00,6.572328216801e+00,0.000000000000e+00,0.000000000000e+00
5.644000000000e-01,6.567121101971e+00,0.000000000000e+00,6.567121101971e+00,0.000000000000e+00,0.000000000000e+00
5.648000000000e-01,6.561885708180e+00,0.000000000000e+00,6.561885708180e+00,0.000000000000e+00,0.000000000000e+00
5.652000000000e-01,6.556622109640e+00,0.000000000000e+00,6.556622109640e+00,0.000000000000e+00,0.000000000000e+00
5.656000000000e-01,6.551330380968e+00,0.000000000000e+00,6.551330380968e+00,0.000000000000e+00,0.000000000000e+00
5.660000000000e-01,6.546010597075e+00,0.000000000000e+00,6.546010597075e+00,0.000000000000e+00,0.000000000000e+00
5.664000000000e-01,6.540662833304e+00,0.000000000000e+00,6.540662833304e+00,0.000000000000e+00,0.000000000000e+00
5.668000000000e-01,6.535287165261e+00,0.000000000000e+00,6.535287165261e+00,0.000000000000e+00,0.000000000000e+00
5.672000000000e-01,6.529883669004e+00,0.000000000000e+00,6.529883669004e+00,0.000000000000e+00,0.000000000000e+00
5.676000000000e-01,6.524452420830e+00,0.000000000000e+00,6.524452420830e+00,0.000000000000e+00,0.000000000000e+00
5.680000000000e-01,6.518993497503e+00,0.000000000000e+00,6.518993497503e+00,0.000000000000e+00,0.000000000000e+00
5.684000000000e-01,6.513506976006e+00,0.000000000000e+00,6.513506976006e+00,0.000000000000e+00,0.000000000000e+00
5.688000000000e-01,6.507992933798e+00,0.000000000000e+00,6.507992933798e+00,0.000000000000e+00,0.000000000000e+00
5.692000000000e-01,6.502451448547e+00,0.000000000000e+00,6.502451448547e+00,0.000000000000e+00,0.000000000000e+00
5.696000000000e-01,6.496882598392e+00,0.000000000000e+00,6.496882598392e+00,0.000000000000e+00,0.000000000000e+00
5.700000000000e-01,6.491286461683e+00,0.000000000000e+00,6.491286461683e+00,0.000000000000e+00,0.000000000000e+00
5.704000000000e-01,6.485663117232e+00,0.000000000000e+00,6.485663117232e+00,0.000000000000e+00,0.000000000000e+00
5.708000000000e-01,6.480012644066e+00,0.000000000000e+00,6.480012644066e+00,0.000000000000e+00,0.000000000000e+00
5.712000000000e-01,6.474335121654e+00,0.000000000000e+00,6.474335121654e+00,0.000000000000e+00,0.000000000000e+00
5.716000000000e-01,6.468630629701e+00,0.000000000000e+00,6.468630629701e+00,0.000000000000e+00,0.000000000000e+00
5.720000000000e-01,6.462899248324e+00,0.000000000000e+00,6.462899248324e+00,0.000000000000e+00,0.000000000000e+00
5.724000000000e-01,6.457141057896e+00,0.000000000000e+00,6.457141057896e+00,0.000000000000e+00,0.000000000000e+00
5.728000000000e-01,6.451356139173e+00,0.000000000000e+00,6.451356139173e+00,0.000000000000e+00,0.000000000000e+00
5.732000000000e-01,6.445544573194e+00,0.000000000000e+00,6.445544573194e+00,0.000000000000e+00,0.000000000000e+00
5.736000000000e-01,6.439706441344e+00,0.000000000000e+00,6.439706441344e+00,0.000000000000e+00,0.000000000000e+00
5.740000000000e-01,6.433841825318e+00,0.000000000000e+00,6.433841825318e+00,0.000000000000e+00,0.000000000000e+00
5.744000000000e-01,6.427950807126e+00,0.000000000000e+00,6.427950807126e+00,0.000000000000e+00,0.000000000000e+00
5.748000000000e-01,6.422033469111e+00,0.000000000000e+00,6.422033469111e+00,0.000000000000e+00,0.000000000000e+00
5.752000000000e-01,6.416089893898e+00,0.000000000000e+00,6.416089893898e+00,0.000000000000e+00,0.000000000000e+00
5.756000000000e-01,6.410120164471e+00,0.000000000000e+00,6.410120164471e+00,0.000000000000e+00,0.000000000000e+00
5.760000000000e-01,6.404124364064e+00,0.000000000000e+00,6.404124364064e+00,0.000000000000e+00,0.000000000000e+00
5.764000000000e-01,6.398102576292e+00,0.000000000000e+00,6.398102576292e+00,0.000000000000e+00,0.000000000000e+00
5.768000000000e-01,6.392054884993e+00,0.000000000000e+00,6.392054884993e+00,0.000000000000e+00,0.000000000000e+00
5.772000000000e-01,6.385981374402e+00,0.000000000000e+00,6.385981374402e+00,0.000000000000e+00,0.000000000000e+00
5.776000000000e-01,6.379882128956e+00,0.000000000000e+00,6.379882128956e+00,0.000000000000e+00,0.000000000000e+00
5.780000000000e-01,6.373757233501e+00,0.000000000000e+00,6.373757233501e+00,0.000000000000e+00,0.000000000000e+00
5.784000000000e-01,6.367606773067e+00,0.000000000000e+00,6.367606773067e+00,0.000000000000e+00,0.000000000000e+00
5.788000000000e-01,6.361430833098e+00,0.000000000000e+00,6.361430833098e+00,0.000000000000e+00,0.000000000000e+00
5.792000000000e-01,6.355229499216e+00,0.000000000000e+00,6.355229499216e+00,0.000000000000e+00,0.000000000000e+00
5.796000000000e-01,6.349002857449e+00,0.000000000000e+00,6.349002857449e+00,0.000000000000e+00,0.000000000000e+00
5.800000000000e-01,6.342750994008e+00,0.000000000000e+00,6.342750994008e+00,0.000000000000e+00,0.000000000000e+00
5.804000000000e-01,6.336473995495e+00,0.000000000000e+00,6.336473995495e+00,0.000000000000e+00,0.000000000000e+00
5.808000000000e-01,6.330171948701e+00,0.000000000000e+00,6.330171948701e+00,0.000000000000e+00,0.000000000000e+00
5.812000000000e-01,6.323844940792e+00,0.000000000000e+00,6.323844940792e+00,0.000000000000e+00,0.000000000000e+00
5.816000000000e-01,6.317493059139e+00,0.000000000000e+00,6.317493059139e+00,0.000000000000e+00,0.000000000000e+00
5.820000000000e-01,6.311116391458e+00,0.000000000000e+00,6.311116391458e+00,0.000000000000e+00,0.000000000000e+00
5.824000000000e-01,6.304715025692e+00,0.000000000000e+00,6.304715025692e+00,0.000000000000e+00,0.000000000000e+00
5.828000000000e-01,6.298289050099e+00,0.000000000000e+00,6.298289050099e+00,0.000000000000e+00,0.000000000000e+00
5.832000000000e-01,6.291838553187e+00,0.000000000000e+00,6.291838553187e+00,0.000000000000e+00,0.000000000000e+00
5.836000000000e-01,6.285363623749e+00,0.000000000000e+00,6.285363623749e+00,0.000000000000e+00,0.000000000000e+00
5.840000000000e-01,6.278864350847e+00,0.000000000000e+00,6.278864350847e+00,0.000000000000e+00,0.000000000000e+00
5.844000000000e-01,6.272340823803e+00,0.000000000000e+00,6.272340823803e+00,0.000000000000e+00,0.000000000000e+00
5.848000000000e-01,6.265793132227e+00,0.000000000000e+00,6.265793132227e+00,0.000000000000e+00,0.000000000000e+00
5.852000000000e-01,6.259221365957e+00,0.000000000000e+00,6.259221365957e+00,0.000000000000e+00,0.000000000000e+00
5.856000000000e-01,6.252625615143e+00,0.000000000000e+00,6.252625615143e+00,0.000000000000e+00,0.000000000000e+00
5.860000000000e-01,6.246005970136e+00,0.000000000000e+00,6.246005970136e+00,0.000000000000e+00,0.000000000000e+00
5.864000000000e-01,6.239362521612e+00,0.000000000000e+00,6.239362521612e+00,0.000000000000e+00,0.000000000000e+00
5.868000000000e-01,6.232695360431e+00,0.000000000000e+00,6.232695360431e+00,0.000000000000e+00,0.000000000000e+00
5.872000000000e-01,6.226004577785e+00,0.000000000000e+00,6.226004577785e+00,0.000000000000e+00,0.000000000000e+00
5.876000000000e-01,6.219290265034e+00,0.000000000000e+00,6.219290265034e+00,0.000000000000e+00,0.000000000000e+00
5.880000000000e-01,6.212552513879e+00,0.000000000000e+00,6.212552513879e+00,0.000000000000e+00,0.000000000000e+00
5.884000000000e-01,6.205791416173e+00,0.000000000000e+00,6.205791416173e+00,0.000000000000e+00,0.000000000000e+00
5.888000000000e-01,6.199007064112e+00,0.000000000000e+00,6.199007064112e+00,0.000000000000e+00,0.000000000000e+00
5.892000000000e-01,6.192199550041e+00,0.000000000000e+00,6.192199550041e+00,0.000000000000e+00,0.000000000000e+00
5.896000000000e-01,6.185368966638e+00,0.000000000000e+00,6.185368966638e+00,0.000000000000e+00,0.000000000000e+00
5.900000000000e-01,6.178515406733e+00,0.000000000000e+00,6.178515406733e+00,0.000000000000e+00,0.000000000000e+00
5.904000000000e-01,6.171638963476e+00,0.000000000000e+00,6.171638963476e+00,0.000000000000e+00,0.000000000000e+00
5.908000000000e-01,6.164739730177e+00,0.000000000000e+00,6.164739730177e+00,0.000000000000e+00,0.000000000000e+00
5.912000000000e-01,6.157817800447e+00,0.000000000000e+00,6.157817800447e+00,0.000000000000e+00,0.000000000000e+00
5.916000000000e-01,6.150873268069e+00,0.000000000000e+00,6.150873268069e+00,0.000000000000e+00,0.000000000000e+00
5.920000000000e-01,6.143906227105e+00,0.000000000000e+00,6.143906227105e+00,0.000000000000e+00,0.000000000000e+00
5.924000000000e-01,6.136916771805e+00,0.000000000000e+00,6.136916771805e+00,0.000000000000e+00,0.000000000000e+00
5.928000000000e-01,6.129904996670e+00,0.000000000000e+00,6.129904996670e+00,0.000000000000e+00,0.000000000000e+00
5.932000000000e-01,6.122870996410e+00,0.000000000000e+00,6.122870996410e+00,0.000000000000e+00,0.000000000000e+00
5.936000000000e-01,6.115814865959e+00,0.000000000000e+00,6.115814865959e+00,0.000000000000e+00,0.000000000000e+00
5.940000000000e-01,6.108736700475e+00,0.000000000000e+00,6.108736700475e+00,0.000000000000e+00,0.000000000000e+00
5.944000000000e-01,6.101636595318e+00,0.000000000000e+00,6.101636595318e+00,0.000000000000e+00,0.000000000000e+00
5.948000000000e-01,6.094514646086e+00,0.000000000000e+00,6.094514646086e+00,0.000000000000e+00,0.000000000000e+00
5.952000000000e-01,6.087370948557e+00,0.000000000000e+00,6.087370948557e+00,0.000000000000e+00,0.000000000000e+00
5.956000000000e-01,6.080205598759e+00,0.000000000000e+00,6.080205598759e+00,0.000000000000e+00,0.000000000000e+00
5.960000000000e-01,6.073018692879e+00,0.000000000000e+00,6.073018692879e+00,0.000000000000e+00,0.000000000000e+00
5.964000000000e-01,6.065810327365e+00,0.000000000000e+00,6.065810327365e+00,0.000000000000e+00,0.000000000000e+00
5.968000000000e-01,6.058580598809e+00,0.000000000000e+00,6.058580598809e+00,0.000000000000e+00,0.000000000000e+00
5.972000000000e-01,6.051329604070e+00,0.000000000000e+00,6.051329604070e+00,0.000000000000e+00,0.000000000000e+00
5.976000000000e-01,6.044057440134e+00,0.000000000000e+00,6.044057440134e+00,0.000000000000e+00,0.000000000000e+00
5.980000000000e-01,6.036764204259e+00,0.000000000000e+00,6.036764204259e+00,0.000000000000e+00,0.000000000000e+00
5.984000000000e-01,6.029449993823e+00,0.000000000000e+00,6.029449993823e+00,0.000000000000e+00,0.000000000000e+00
5.988000000000e-01,6.022114906471e+00,0.000000000000e+00,6.022114906471e+00,0.000000000000e+00,0.000000000000e+00
5.992000000000e-01,6.014759039967e+00,0.000000000000e+00,6.014759039967e+00,0.000000000000e+00,0.000000000000e+00
5.996000000000e-01,6.007382492330e+00,0.000000000000e+00,6.007382492330e+00,0.000000000000e+00,0.000000000000e+00
6.000000000000e-01,5.999985361704e+00,0.000000000000e+00,5.999985361704e+00,0.000000000000e+00,0.000000000000e+00
6.004000000000e-01,5.992567746475e+00,0.000000000000e+00,5.992567746475e+00,0.000000000000e+00,0.000000000000e+00
6.008000000000e-01,5.985129745156e+00,0.000000000000e+00,5.985129745156e+00,0.000000000000e+00,0.000000000000e+00
6.012000000000e-01,5.977671456489e+00,0.000000000000e+00,5.977671456489e+00,0.000000000000e+00,0.000000000000e+00
6.016000000000e-01,5.970192979352e+00,0.000000000000e+00,5.970192979352e+00,0.000000000000e+00,0.000000000000e+00
6.020000000000e-01,5.962694412832e+00,0.000000000000e+00,5.962694412832e+00,0.000000000000e+00,0.000000000000e+00
6.024000000000e-01,5.955175856165e+00,0.000000000000e+00,5.955175856165e+00,0.000000000000e+00,0.000000000000e+00
6.028000000000e-01,5.947637408772e+00,0.000000000000e+00,5.947637408772e+00,0.000000000000e+00,0.000000000000e+00
6.032000000000e-01,5.940079170238e+00,0.000000000000e+00,5.940079170238e+00,0.000000000000e+00,0.000000000000e+00
6.036000000000e-01,5.932501240312e+00,0.000000000000e+00,5.932501240312e+00,0.000000000000e+00,0.000000000000e+00
6.040000000000e-01,5.924903718917e+00,0.000000000000e+00,5.924903718917e+00,0.000000000000e+00,0.000000000000e+00
6.044000000000e-01,5.917286706123e+00,0.000000000000e+00,5.917286706123e+00,0.000000000000e+00,0.000000000000e+00
6.048000000000e-01,5.909650302182e+00,0.000000000000e+00,5.909650302182e+00,0.000000000000e+00,0.000000000000e+00
6.052000000000e-01,5.901994607475e+00,0.000000000000e+00,5.901994607475e+00,0.000000000000e+00,0.000000000000e+00
6.056000000000e-01,5.894319722573e+00,0.000000000000e+00,5.894319722573e+00,0.000000000000e+00,0.000000000000e+00
6.060000000000e-01,5.886625748162e+00,0.000000000000e+00,5.886625748162e+00,0.000000000000e+00,0.000000000000e+00
6.064000000000e-01,5.878912785124e+00,0.000000000000e+00,5.878912785124e+00,0.000000000000e+00,0.000000000000e+00
6.068000000000e-01,5.871180934440e+00,0.000000000000e+00,5.871180934440e+00,0.000000000000e+00,0.000000000000e+00
6.072000000000e-01,5.863430297292e+00,0.000000000000e+00,5.863430297292e+00,0.000000000000e+00,0.000000000000e+00
6.076000000000e-01,5.855660974950e+00,0.000000000000e+00,5.855660974950e+00,0.000000000000e+00,0.000000000000e+00
6.080000000000e-01,5.847873068885e+00,0.000000000000e+00,5.847873068885e+00,0.000000000000e+00,0.000000000000e+00
6.084000000000e-01,5.840066680650e+00,0.000000000000e+00,5.840066680650e+00,0.000000000000e+00,0.000000000000e+00
6.088000000000e-01,5.832241911995e+00,0.000000000000e+00,5.832241911995e+00,0.000000000000e+00,0.000000000000e+00
6.092000000000e-01,5.824398864748e+00,0.000000000000e+00,5.824398864748e+00,0.000000000000e+00,0.000000000000e+00
6.096000000000e-01,5.816537640926e+00,0.000000000000e+00,5.816537640926e+00,0.000000000000e+00,0.000000000000e+00
6.100000000000e-01,5.808658342628e+00,0.000000000000e+00,5.808658342628e+00,0.000000000000e+00,0.000000000000e+00
6.104000000000e-01,5.800761072125e+00,0.000000000000e+00,5.800761072125e+00,0.000000000000e+00,0.000000000000e+00
6.108000000000e-01,5.792845931779e+00,0.000000000000e+00,5.792845931779e+00,0.000000000000e+00,0.000000000000e+00
6.112000000000e-01,5.784913024109e+00,0.000000000000e+00,5.784913024109e+00,0.000000000000e+00,0.000000000000e+00
6.116000000000e-01,5.776962451730e+00,0.000000000000e+00,5.776962451730e+00,0.000000000000e+00,0.000000000000e+00
6.120000000000e-01,5.768994317400e+00,0.000000000000e+00,5.768994317400e+00,0.000000000000e+00,0.000000000000e+00
6.124000000000e-01,5.761008723977e+00,0.000000000000e+00,5.761008723977e+00,0.000000000000e+00,0.000000000000e+00
6.128000000000e-01,5.753005774448e+00,0.000000000000e+00,5.753005774448e+00,0.000000000000e+00,0.000000000000e+00
6.132000000000e-01,5.744985571909e+00,0.000000000000e+00,5.744985571909e+00,0.000000000000e+00,0.000000000000e+00
6.136000000000e-01,5.736948219566e+00,0.000000000000e+00,5.736948219566e+00,0.000000000000e+00,0.000000000000e+00
6.140000000000e-01,5.728893820744e+00,0.000000000000e+00,5.728893820744e+00,0.000000000000e+00,0.000000000000e+00
6.144000000000e-01,5.720822478860e+00,0.000000000000e+00,5.720822478860e+00,0.000000000000e+00,0.000000000000e+00
6.148000000000e-01,5.712734297455e+00,0.000000000000e+00,5.712734297455e+00,0.000000000000e+00,0.000000000000e+00
6.152000000000e-01,5.704629380153e+00,0.000000000000e+00,5.704629380153e+00,0.000000000000e+00,0.000000000000e+00
6.156000000000e-01,5.696507830703e+00,0.000000000000e+00,5.696507830703e+00,0.000000000000e+00,0.000000000000e+00
6.160000000000e-01,5.688369752924e+00,0.000000000000e+00,5.688369752924e+00,0.000000000000e+00,0.000000000000e+00
6.164000000000e-01,5.680215250762e+00,0.000000000000e+00,5.680215250762e+00,0.000000000000e+00,0.000000000000e+00
6.168000000000e-01,5.672044428227e+00,0.000000000000e+00,5.672044428227e+00,0.000000000000e+00,0.000000000000e+00
6.172000000000e-01,5.663857389453e+00,0.000000000000e+00,5.663857389453e+00,0.000000000000e+00,0.000000000000e+00
6.176000000000e-01,5.655654238631e+00,0.000000000000e+00,5.655654238631e+00,0.000000000000e+00,0.000000000000e+00
6.180000000000e-01,5.647435080073e+00,0.000000000000e+00,5.647435080073e+00,0.000000000000e+00,0.000000000000e+00
6.184000000000e-01,5.639200018144e+00,0.000000000000e+00,5.639200018144e+00,0.000000000000e+00,0.000000000000e+00
6.188000000000e-01,5.630949157324e+00,0.000000000000e+00,5.630949157324e+00,0.000000000000e+00,0.000000000000e+00
6.192000000000e-01,5.622682602145e+00,0.000000000000e+00,5.622682602145e+00,0.000000000000e+00,0.000000000000e+00
6.196000000000e-01,5.614400457244e+00,0.000000000000e+00,5.614400457244e+00,0.000000000000e+00,0.000000000000e+00
6.200000000000e-01,5.606102827313e+00,0.000000000000e+00,5.606102827313e+00,0.000000000000e+00,0.000000000000e+00
6.204000000000e-01,5.597789817138e+00,0.000000000000e+00,5.597789817138e+00,0.000000000000e+00,0.000000000000e+00
6.208000000000e-01,5.589461531560e+00,0.000000000000e+00,5.589461531560e+00,0.000000000000e+00,0.000000000000e+00
6.212000000000e-01,5.581118075505e+00,0.000000000000e+00,5.581118075505e+00,0.000000000000e+00,0.000000000000e+00
6.216000000000e-01,5.572759553956e+00,0.000000000000e+00,5.572759553956e+00,0.000000000000e+00,0.000000000000e+00
6.220000000000e-01,5.564386071971e+00,0.000000000000e+00,5.564386071971e+00,0.000000000000e+00,0.000000000000e+00
6.224000000000e-01,5.555997734666e+00,0.000000000000e+00,5.555997734666e+00,0.000000000000e+00,0.000000000000e+00
6.228000000000e-01,5.547594647221e+00,0.000000000000e+00,5.547594647221e+00,0.000000000000e+00,0.000000000000e+00
6.232000000000e-01,5.539176914875e+00,0.000000000000e+00,5.539176914875e+00,0.000000000000e+00,0.000000000000e+00
6.236000000000e-01,5.530744642923e+00,0.000000000000e+00,5.530744642923e+00,0.000000000000e+00,0.000000000000e+00
6.240000000000e-01,5.522297936721e+00,0.000000000000e+00,5.522297936721e+00,0.000000000000e+00,0.000000000000e+00
6.244000000000e-01,5.513836901668e+00,0.000000000000e+00,5.513836901668e+00,0.000000000000e+00,0.000000000000e+00
6.248000000000e-01,5.505361643225e+00,0.000000000000e+00,5.505361643225e+00,0.000000000000e+00,0.000000000000e+00
6.252000000000e-01,5.496872266892e+00,0.000000000000e+00,5.496872266892e+00,0.000000000000e+00,0.000000000000e+00
6.256000000000e-01,5.488368878224e+00,0.000000000000e+00,5.488368878224e+00,0.000000000000e+00,0.000000000000e+00
6.260000000000e-01,5.479851582811e+00,0.000000000000e+00,5.479851582811e+00,0.000000000000e+00,0.000000000000e+00
6.264000000000e-01,5.471320486297e+00,0.000000000000e+00,5.471320486297e+00,0.000000000000e+00,0.000000000000e+00
6.268000000000e-01,5.462775694353e+00,0.000000000000e+00,5.462775694353e+00,0.000000000000e+00,0.000000000000e+00
6.272000000000e-01,5.454217312701e+00,0.000000000000e+00,5.454217312701e+00,0.000000000000e+00,0.000000000000e+00
6.276000000000e-01,5.445645447086e+00,0.000000000000e+00,5.445645447086e+00,0.000000000000e+00,0.000000000000e+00
6.280000000000e-01,5.437060203300e+00,0.000000000000e+00,5.437060203300e+00,0.000000000000e+00,0.000000000000e+00
6.284000000000e-01,5.428461687153e+00,0.000000000000e+00,5.428461687153e+00,0.000000000000e+00,0.000000000000e+00
6.288000000000e-01,5.419850004497e+00,0.000000000000e+00,5.419850004497e+00,0.000000000000e+00,0.000000000000e+00
6.292000000000e-01,5.411225261200e+00,0.000000000000e+00,5.411225261200e+00,0.000000000000e+00,0.000000000000e+00
6.296000000000e-01,5.402587563165e+00,0.000000000000e+00,5.402587563165e+00,0.000000000000e+00,0.000000000000e+00
6.300000000000e-01,5.393937016309e+00,0.000000000000e+00,5.393937016309e+00,0.000000000000e+00,0.000000000000e+00
6.304000000000e-01,5.385273726578e+00,0.000000000000e+00,5.385273726578e+00,0.000000000000e+00,0.000000000000e+00
6.308000000000e-01,5.376597799930e+00,0.000000000000e+00,5.376597799930e+00,0.000000000000e+00,0.000000000000e+00
6.312000000000e-01,5.367909342345e+00,0.000000000000e+00,5.367909342345e+00,0.000000000000e+00,0.000000000000e+00
6.316000000000e-01,5.359208459814e+00,0.000000000000e+00,5.359208459814e+00,0.000000000000e+00,0.000000000000e+00
6.320000000000e-01,5.350495258341e+00,0.000000000000e+00,5.350495258341e+00,0.000000000000e+00,0.000000000000e+00
6.324000000000e-01,5.341769843941e+00,0.000000000000e+00,5.341769843941e+00,0.000000000000e+00,0.000000000000e+00
6.328000000000e-01,5.333032322637e+00,0.000000000000e+00,5.333032322637e+00,0.000000000000e+00,0.000000000000e+00
6.332000000000e-01,5.324282800459e+00,0.000000000000e+00,5.324282800459e+00,0.000000000000e+00,0.000000000000e+00
6.336000000000e-01,5.315521383439e+00,0.000000000000e+00,5.315521383439e+00,0.000000000000e+00,0.000000000000e+00
6.340000000000e-01,5.306748177611e+00,0.000000000000e+00,5.306748177611e+00,0.000000000000e+00,0.000000000000e+00
6.344000000000e-01,5.297963289011e+00,0.000000000000e+00,5.297963289011e+00,0.000000000000e+00,0.000000000000e+00
6.348000000000e-01,5.289166823670e+00,0.000000000000e+00,5.289166823670e+00,0.000000000000e+00,0.000000000000e+00
6.352000000000e-01,5.280358887616e+00,0.000000000000e+00,5.280358887616e+00,0.000000000000e+00,0.000000000000e+00
6.356000000000e-01,5.271539586870e+00,0.000000000000e+00,5.271539586870e+00,0.000000000000e+00,0.000000000000e+00
6.360000000000e-01,5.262709027446e+00,0.000000000000e+00,5.262709027446e+00,0.000000000000e+00,0.000000000000e+00
6.364000000000e-01,5.253867315345e+00,0.000000000000e+00,5.253867315345e+00,0.000000000000e+00,0.000000000000e+00
6.368000000000e-01,5.245014556556e+00,0.000000000000e+00,5.245014556556e+00,0.000000000000e+00,0.000000000000e+00
6.372000000000e-01,5.236150857053e+00,0.000000000000e+00,5.236150857053e+00,0.000000000000e+00,0.000000000000e+00
6.376000000000e-01,5.227276322797e+00,0.000000000000e+00,5.227276322797e+00,0.000000000000e+00,0.000000000000e+00
6.380000000000e-01,5.218391059721e+00,0.000000000000e+00,5.218391059721e+00,0.000000000000e+00,0.000000000000e+00
6.384000000000e-01,5.209495173747e+00,0.000000000000e+00,5.209495173747e+00,0.000000000000e+00,0.000000000000e+00
6.388000000000e-01,5.200588770767e+00,0.000000000000e+00,5.200588770767e+00,0.000000000000e+00,0.000000000000e+00
6.392000000000e-01,5.191671956653e+00,0.000000000000e+00,5.191671956653e+00,0.000000000000e+00,0.000000000000e+00
6.396000000000e-01,5.182744837244e+00,0.000000000000e+00,5.182744837244e+00,0.000000000000e+00,0.000000000000e+00
6.400000000000e-01,5.173807518357e+00,0.000000000000e+00,5.173807518357e+00,0.000000000000e+00,0.000000000000e+00
6.404000000000e-01,5.164860105769e+00,0.000000000000e+00,5.164860105769e+00,0.000000000000e+00,0.000000000000e+00
6.408000000000e-01,5.155902705234e+00,0.000000000000e+00,5.155902705234e+00,0.000000000000e+00,0.000000000000e+00
6.412000000000e-01,5.146935422460e+00,0.000000000000e+00,5.146935422460e+00,0.000000000000e+00,0.000000000000e+00
6.416000000000e-01,5.137958363128e+00,0.000000000000e+00,5.137958363128e+00,0.000000000000e+00,0.000000000000e+00
6.420000000000e-01,5.128971632871e+00,0.000000000000e+00,5.128971632871e+00,0.000000000000e+00,0.000000000000e+00
6.424000000000e-01,5.119975337285e+00,0.000000000000e+00,5.119975337285e+00,0.000000000000e+00,0.000000000000e+00
6.428000000000e-01,5.110969581923e+00,0.000000000000e+00,5.110969581923e+00,0.000000000000e+00,0.000000000000e+00
6.432000000000e-01,5.101954472291e+00,0.000000000000e+00,5.101954472291e+00,0.000000000000e+00,0.000000000000e+00
6.436000000000e-01,5.092930113848e+00,0.000000000000e+00,5.092930113848e+00,0.000000000000e+00,0.000000000000e+00
6.440000000000e-01,5.083896612002e+00,0.000000000000e+00,5.083896612002e+00,0.000000000000e+00,0.000000000000e+00
6.444000000000e-01,5.074854072117e+00,0.000000000000e+00,5.074854072117e+00,0.000000000000e+00,0.000000000000e+00
6.448000000000e-01,5.065802599490e+00,0.000000000000e+00,5.065802599490e+00,0.000000000000e+00,0.000000000000e+00
6.452000000000e-01,5.056742299378e+00,0.000000000000e+00,5.056742299378e+00,0.000000000000e+00,0.000000000000e+00
6.456000000000e-01,5.047673276967e+00,0.000000000000e+00,5.047673276967e+00,0.000000000000e+00,0.000000000000e+00
6.460000000000e-01,5.038595637397e+00,0.000000000000e+00,5.038595637397e+00,0.000000000000e+00,0.000000000000e+00
6.464000000000e-01,5.029509485732e+00,0.000000000000e+00,5.029509485732e+00,0.000000000000e+00,0.000000000000e+00
6.468000000000e-01,5.020414926990e+00,0.000000000000e+00,5.020414926990e+00,0.000000000000e+00,0.000000000000e+00
6.472000000000e-01,5.011312066102e+00,0.000000000000e+00,5.011312066102e+00,0.000000000000e+00,0.000000000000e+00
6.476000000000e-01,5.002201007959e+00,0.000000000000e+00,5.002201007959e+00,0.000000000000e+00,0.000000000000e+00
6.480000000000e-01,4.993081857353e+00,0.000000000000e+00,4.993081857353e+00,0.000000000000e+00,0.000000000000e+00
6.484000000000e-01,4.983954719034e+00,0.000000000000e+00,4.983954719034e+00,0.000000000000e+00,0.000000000000e+00
6.488000000000e-01,4.974819697653e+00,0.000000000000e+00,4.974819697653e+00,0.000000000000e+00,0.000000000000e+00
6.492000000000e-01,4.965676897810e+00,0.000000000000e+00,4.965676897810e+00,0.000000000000e+00,0.000000000000e+00
6.496000000000e-01,4.956526424005e+00,0.000000000000e+00,4.956526424005e+00,0.000000000000e+00,0.000000000000e+00
6.500000000000e-01,4.947368380681e+00,0.000000000000e+00,4.947368380681e+00,0.000000000000e+00,0.000000000000e+00
6.504000000000e-01,4.938202872180e+00,0.000000000000e+00,4.938202872180e+00,0.000000000000e+00,0.000000000000e+00
6.508000000000e-01,4.929030002782e+00,0.000000000000e+00,4.929030002782e+00,0.000000000000e+00,0.000000000000e+00
6.512000000000e-01,4.919849876662e+00,0.000000000000e+00,4.919849876662e+00,0.000000000000e+00,0.000000000000e+00
6.516000000000e-01,4.910662597927e+00,0.000000000000e+00,4.910662597927e+00,0.000000000000e+00,0.000000000000e+00
6.520000000000e-01,4.901468270581e+00,0.000000000000e+00,4.901468270581e+00,0.000000000000e+00,0.000000000000e+00
6.524000000000e-01,4.892266998548e+00,0.000000000000e+00,4.892266998548e+00,0.000000000000e+00,0.000000000000e+00
6.528000000000e-01,4.883058885655e+00,0.000000000000e+00,4.883058885655e+00,0.000000000000e+00,0.000000000000e+00
6.532000000000e-01,4.873844035635e+00,0.000000000000e+00,4.873844035635e+00,0.000000000000e+00,0.000000000000e+00
6.536000000000e-01,4.864622552130e+00,0.000000000000e+00,4.864622552130e+00,0.000000000000e+00,0.000000000000e+00
6.540000000000e-01,4.855394538675e+00,0.000000000000e+00,4.855394538675e+00,0.000000000000e+00,0.000000000000e+00
6.544000000000e-01,4.846160098719e+00,0.000000000000e+00,4.846160098719e+00,0.000000000000e+00,0.000000000000e+00
6.548000000000e-01,4.836919335591e+00,0.000000000000e+00,4.836919335591e+00,0.000000000000e+00,0.000000000000e+00
6.552000000000e-01,4.827672352543e+00,0.000000000000e+00,4.827672352543e+00,0.000000000000e+00,0.000000000000e+00
6.556000000000e-01,4.818419252688e+00,0.000000000000e+00,4.818419252688e+00,0.000000000000e+00,0.000000000000e+00
6.560000000000e-01,4.809160139071e+00,0.000000000000e+00,4.809160139071e+00,0.000000000000e+00,0.000000000000e+00
6.564000000000e-01,4.799895114588e+00,0.000000000000e+00,4.799895114588e+00,0.000000000000e+00,0.000000000000e+00
6.568000000000e-01,4.790624282064e+00,0.000000000000e+00,4.790624282064e+00,0.000000000000e+00,0.000000000000e+00
6.572000000000e-01,4.781347744172e+00,0.000000000000e+00,4.781347744172e+00,0.000000000000e+00,0.000000000000e+00
6.576000000000e-01,4.772065603513e+00,0.000000000000e+00,4.772065603513e+00,0.000000000000e+00,0.000000000000e+00
6.580000000000e-01,4.762777962527e+00,0.000000000000e+00,4.762777962527e+00,0.000000000000e+00,0.000000000000e+00
6.584000000000e-01,4.753484923581e+00,0.000000000000e+00,4.753484923581e+00,0.000000000000e+00,0.000000000000e+00
6.588000000000e-01,4.744186588881e+00,0.000000000000e+00,4.744186588881e+00,0.000000000000e+00,0.000000000000e+00
6.592000000000e-01,4.734883060551e+00,0.000000000000e+00,4.734883060551e+00,0.000000000000e+00,0.000000000000e+00
6.596000000000e-01,4.725574440553e+00,0.000000000000e+00,4.725574440553e+00,0.000000000000e+00,0.000000000000e+00
6.600000000000e-01,4.716260830760e+00,0.000000000000e+00,4.716260830760e+00,0.000000000000e+00,0.000000000000e+00
6.604000000000e-01,4.706942332888e+00,0.000000000000e+00,4.706942332888e+00,0.000000000000e+00,0.000000000000e+00
6.608000000000e-01,4.697619048551e+00,0.000000000000e+00,4.697619048551e+00,0.000000000000e+00,0.000000000000e+00
6.612000000000e-01,4.688291079210e+00,0.000000000000e+00,4.688291079210e+00,0.000000000000e+00,0.000000000000e+00
6.616000000000e-01,4.678958526210e+00,0.000000000000e+00,4.678958526210e+00,0.000000000000e+00,0.000000000000e+00
6.620000000000e-01,4.669621490755e+00,0.000000000000e+00,4.669621490755e+00,0.000000000000e+00,0.000000000000e+00
6.624000000000e-01,4.660280073914e+00,0.000000000000e+00,4.660280073914e+00,0.000000000000e+00,0.000000000000e+00
6.628000000000e-01,4.650934376624e+00,0.000000000000e+00,4.650934376624e+00,0.000000000000e+00,0.000000000000e+00
6.632000000000e-01,4.641584499672e+00,0.000000000000e+00,4.641584499672e+00,0.000000000000e+00,0.000000000000e+00
6.636000000000e-01,4.632230543724e+00,0.000000000000e+00,4.632230543724e+00,0.000000000000e+00,0.000000000000e+00
6.640000000000e-01,4.622872609276e+00,0.000000000000e+00,4.622872609276e+00,0.000000000000e+00,0.000000000000e+00
6.644000000000e-01,4.613510796714e+00,0.000000000000e+00,4.613510796714e+00,0.000000000000e+00,0.000000000000e+00
6.648000000000e-01,4.604145206239e+00,0.000000000000e+00,4.604145206239e+00,0.000000000000e+00,0.000000000000e+00
6.652000000000e-01,4.594775937950e+00,0.000000000000e+00,4.594775937950e+00,0.000000000000e+00,0.000000000000e+00
6.656000000000e-01,4.585403091746e+00,0.000000000000e+00,4.585403091746e+00,0.000000000000e+00,0.000000000000e+00
6.660000000000e-01,4.576026767430e+00,0.000000000000e+00,4.576026767430e+00,0.000000000000e+00,0.000000000000e+00
6.664000000000e-01,4.566647064597e+00,0.000000000000e+00,4.566647064597e+00,0.000000000000e+00,0.000000000000e+00
6.668000000000e-01,4.557264082745e+00,0.000000000000e+00,4.557264082745e+00,0.000000000000e+00,0.000000000000e+00
6.672000000000e-01,4.547877921157e+00,0.000000000000e+00,4.547877921157e+00,0.000000000000e+00,0.000000000000e+00
6.676000000000e-01,4.538488679020e+00,0.000000000000e+00,4.538488679020e+00,0.000000000000e+00,0.000000000000e+00
6.680000000000e-01,4.529096455300e+00,0.000000000000e+00,4.529096455300e+00,0.000000000000e+00,0.000000000000e+00
6.684000000000e-01,4.519701348864e+00,0.000000000000e+00,4.519701348864e+00,0.000000000000e+00,0.000000000000e+00
6.688000000000e-01,4.510303458359e+00,0.000000000000e+00,4.510303458359e+00,0.000000000000e+00,0.000000000000e+00
6.692000000000e-01,4.500902882321e+00,0.000000000000e+00,4.500902882321e+00,0.000000000000e+00,0.000000000000e+00
6.696000000000e-01,4.491499719072e+00,0.000000000000e+00,4.491499719072e+00,0.000000000000e+00,0.000000000000e+00
6.700000000000e-01,4.482094066812e+00,0.000000000000e+00,4.482094066812e+00,0.000000000000e+00,0.000000000000e+00
6.704000000000e-01,4.472686023534e+00,0.000000000000e+00,4.472686023534e+00,0.000000000000e+00,0.000000000000e+00
6.708000000000e-01,4.463275687090e+00,0.000000000000e+00,4.463275687090e+00,0.000000000000e+00,0.000000000000e+00
6.712000000000e-01,4.453863155140e+00,0.000000000000e+00,4.453863155140e+00,0.000000000000e+00,0.000000000000e+00
6.716000000000e-01,4.444448525184e+00,0.000000000000e+00,4.444448525184e+00,0.000000000000e+00,0.000000000000e+00
6.720000000000e-01,4.435031894541e+00,0.000000000000e+00,4.435031894541e+00,0.000000000000e+00,0.000000000000e+00
6.724000000000e-01,4.425613360353e+00,0.000000000000e+00,4.425613360353e+00,0.000000000000e+00,0.000000000000e+00
6.728000000000e-01,4.416193019592e+00,0.000000000000e+00,4.416193019592e+00,0.000000000000e+00,0.000000000000e+00
6.732000000000e-01,4.406770969034e+00,0.000000000000e+00,4.406770969034e+00,0.000000000000e+00,0.000000000000e+00
6.736000000000e-01,4.397347305299e+00,0.000000000000e+00,4.397347305299e+00,0.000000000000e+00,0.000000000000e+00
6.740000000000e-01,4.387922124793e+00,0.000000000000e+00,4.387922124793e+00,0.000000000000e+00,0.000000000000e+00
6.744000000000e-01,4.378495523776e+00,0.000000000000e+00,4.378495523776e+00,0.000000000000e+00,0.000000000000e+00
6.748000000000e-01,4.369067598276e+00,0.000000000000e+00,4.369067598276e+00,0.000000000000e+00,0.000000000000e+00
6.752000000000e-01,4.359638444190e+00,0.000000000000e+00,4.359638444190e+00,0.000000000000e+00,0.000000000000e+00
6.756000000000e-01,4.350208157164e+00,0.000000000000e+00,4.350208157164e+00,0.000000000000e+00,0.000000000000e+00
6.760000000000e-01,4.340776832719e+00,0.000000000000e+00,4.340776832719e+00,0.000000000000e+00,0.000000000000e+00
6.764000000000e-01,4.331344566118e+00,0.000000000000e+00,4.331344566118e+00,0.000000000000e+00,0.000000000000e+00
6.768000000000e-01,4.321911452501e+00,0.000000000000e+00,4.321911452501e+00,0.000000000000e+00,0.000000000000e+00
6.772000000000e-01,4.312477586739e+00,0.000000000000e+00,4.312477586739e+00,0.000000000000e+00,0.000000000000e+00
6.776000000000e-01,4.303043063585e+00,0.000000000000e+00,4.303043063585e+00,0.000000000000e+00,0.000000000000e+00
6.780000000000e-01,4.293607977519e+00,0.000000000000e+00,4.293607977519e+00,0.000000000000e+00,0.000000000000e+00
6.784000000000e-01,4.284172422892e+00,0.000000000000e+00,4.284172422892e+00,0.000000000000e+00,0.000000000000e+00
6.788000000000e-01,4.274736493791e+00,0.000000000000e+00,4.274736493791e+00,0.000000000000e+00,0.000000000000e+00
6.792000000000e-01,4.265300284161e+00,0.000000000000e+00,4.265300284161e+00,0.000000000000e+00,0.000000000000e+00
6.796000000000e-01,4.255863887689e+00,0.000000000000e+00,4.255863887689e+00,0.000000000000e+00,0.000000000000e+00
6.800000000000e-01,4.246427397907e+00,0.000000000000e+00,4.246427397907e+00,0.000000000000e+00,0.000000000000e+00
6.804000000000e-01,4.236990908100e+00,0.000000000000e+00,4.236990908100e+00,0.000000000000e+00,0.000000000000e+00
6.808000000000e-01,4.227554511377e+00,0.000000000000e+00,4.227554511377e+00,0.000000000000e+00,0.000000000000e+00
6.812000000000e-01,4.218118300618e+00,0.000000000000e+00,4.218118300618e+00,0.000000000000e+00,0.000000000000e+00
6.816000000000e-01,4.208682368504e+00,0.000000000000e+00,4.208682368504e+00,0.000000000000e+00,0.000000000000e+00
6.820000000000e-01,4.199246807502e+00,0.000000000000e+00,4.199246807502e+00,0.000000000000e+00,0.000000000000e+00
6.824000000000e-01,4.189811709861e+00,0.000000000000e+00,4.189811709861e+00,0.000000000000e+00,0.000000000000e+00
6.828000000000e-01,4.180377167632e+00,0.000000000000e+00,4.180377167632e+00,0.000000000000e+00,0.000000000000e+00
6.832000000000e-01,4.170943272624e+00,0.000000000000e+00,4.170943272624e+00,0.000000000000e+00,0.000000000000e+00
6.836000000000e-01,4.161510116465e+00,0.000000000000e+00,4.161510116465e+00,0.000000000000e+00,0.000000000000e+00
6.840000000000e-01,4.152077790521e+00,0.000000000000e+00,4.152077790521e+00,0.000000000000e+00,0.000000000000e+00
6.844000000000e-01,4.142646385994e+00,0.000000000000e+00,4.142646385994e+00,0.000000000000e+00,0.000000000000e+00
6.848000000000e-01,4.133215993799e+00,0.000000000000e+00,4.133215993799e+00,0.000000000000e+00,0.000000000000e+00
6.852000000000e-01,4.123786704702e+00,0.000000000000e+00,4.123786704702e+00,0.000000000000e+00,0.000000000000e+00
6.856000000000e-01,4.114358609171e+00,0.000000000000e+00,4.114358609171e+00,0.000000000000e+00,0.000000000000e+00
6.860000000000e-01,4.104931797528e+00,0.000000000000e+00,4.104931797528e+00,0.000000000000e+00,0.000000000000e+00
6.864000000000e-01,4.095506359785e+00,0.000000000000e+00,4.095506359785e+00,0.000000000000e+00,0.000000000000e+00
6.868000000000e-01,4.086082385817e+00,0.000000000000e+00,4.086082385817e+00,0.000000000000e+00,0.000000000000e+00
6.872000000000e-01,4.076659965178e+00,0.000000000000e+00,4.076659965178e+00,0.000000000000e+00,0.000000000000e+00
6.876000000000e-01,4.067239187285e+00,0.000000000000e+00,4.067239187285e+00,0.000000000000e+00,0.000000000000e+00
6.880000000000e-01,4.057820141236e+00,0.000000000000e+00,4.057820141236e+00,0.000000000000e+00,0.000000000000e+00
6.884000000000e-01,4.048402915980e+00,0.000000000000e+00,4.048402915980e+00,0.000000000000e+00,0.000000000000e+00
6.888000000000e-01,4.038987600155e+00,0.000000000000e+00,4.038987600155e+00,0.000000000000e+00,0.000000000000e+00
6.892000000000e-01,4.029574282237e+00,0.000000000000e+00,4.029574282237e+00,0.000000000000e+00,0.000000000000e+00
6.896000000000e-01,4.020163050403e+00,0.000000000000e+00,4.020163050403e+00,0.000000000000e+00,0.000000000000e+00
6.900000000000e-01,4.010753992647e+00,0.000000000000e+00,4.010753992647e+00,0.000000000000e+00,0.000000000000e+00
6.904000000000e-01,4.001347196680e+00,0.000000000000e+00,4.001347196680e+00,0.000000000000e+00,0.000000000000e+00
6.908000000000e-01,3.991942750011e+00,0.000000000000e+00,3.991942750011e+00,0.000000000000e+00,0.000000000000e+00
6.912000000000e-01,3.982540739881e+00,0.000000000000e+00,3.982540739881e+00,0.000000000000e+00,0.000000000000e+00
6.916000000000e-01,3.973141253307e+00,0.000000000000e+00,3.973141253307e+00,0.000000000000e+00,0.000000000000e+00
6.920000000000e-01,3.963744377058e+00,0.000000000000e+00,3.963744377058e+00,0.000000000000e+00,0.000000000000e+00
6.924000000000e-01,3.954350197652e+00,0.000000000000e+00,3.954350197652e+00,0.000000000000e+00,0.000000000000e+00
6.928000000000e-01,3.944958801383e+00,0.000000000000e+00,3.944958801383e+00,0.000000000000e+00,0.000000000000e+00
6.932000000000e-01,3.935570274265e+00,0.000000000000e+00,3.935570274265e+00,0.000000000000e+00,0.000000000000e+00
6.936000000000e-01,3.926184702112e+00,0.000000000000e+00,3.926184702112e+00,0.000000000000e+00,0.000000000000e+00
6.940000000000e-01,3.916802170431e+00,0.000000000000e+00,3.916802170431e+00,0.000000000000e+00,0.000000000000e+00
6.944000000000e-01,3.907422764549e+00,0.000000000000e+00,3.907422764549e+00,0.000000000000e+00,0.000000000000e+00
6.948000000000e-01,3.898046569465e+00,0.000000000000e+00,3.898046569465e+00,0.000000000000e+00,0.000000000000e+00
6.952000000000e-01,3.888673670012e+00,0.000000000000e+00,3.888673670012e+00,0.000000000000e+00,0.000000000000e+00
6.956000000000e-01,3.879304150678e+00,0.000000000000e+00,3.879304150678e+00,0.000000000000e+00,0.000000000000e+00
6.960000000000e-01,3.869938095795e+00,0.000000000000e+00,3.869938095795e+00,0.000000000000e+00,0.000000000000e+00
6.964000000000e-01,3.860575589342e+00,0.000000000000e+00,3.860575589342e+00,0.000000000000e+00,0.000000000000e+00
6.968000000000e-01,3.851216715140e+00,0.000000000000e+00,3.851216715140e+00,0.000000000000e+00,0.000000000000e+00
6.972000000000e-01,3.841861556656e+00,0.000000000000e+00,3.841861556656e+00,0.000000000000e+00,0.000000000000e+00
6.976000000000e-01,3.832510197195e+00,0.000000000000e+00,3.832510197195e+00,0.000000000000e+00,0.000000000000e+00
6.980000000000e-01,3.823162719713e+00,0.000000000000e+00,3.823162719713e+00,0.000000000000e+00,0.000000000000e+00
6.984000000000e-01,3.813819206990e+00,0.000000000000e+00,3.813819206990e+00,0.000000000000e+00,0.000000000000e+00
6.988000000000e-01,3.804479741468e+00,0.000000000000e+00,3.804479741468e+00,0.000000000000e+00,0.000000000000e+00
6.992000000000e-01,3.795144405398e+00,0.000000000000e+00,3.795144405398e+00,0.000000000000e+00,0.000000000000e+00
6.996000000000e-01,3.785813280706e+00,0.000000000000e+00,3.785813280706e+00,0.000000000000e+00,0.000000000000e+00
7.000000000000e-01,3.776486449106e+00,0.000000000000e+00,3.776486449106e+00,0.000000000000e+00,0.000000000000e+00
7.004000000000e-01,3.767163992008e+00,0.000000000000e+00,3.767163992008e+00,0.000000000000e+00,0.000000000000e+00
7.008000000000e-01,3.757845990583e+00,0.000000000000e+00,3.757845990583e+00,0.000000000000e+00,0.000000000000e+00
7.012000000000e-01,3.748532525722e+00,0.000000000000e+00,3.748532525722e+00,0.000000000000e+00,0.000000000000e+00
7.016000000000e-01,3.739223678051e+00,0.000000000000e+00,3.739223678051e+00,0.000000000000e+00,0.000000000000e+00
7.020000000000e-01,3.729919527934e+00,0.000000000000e+00,3.729919527934e+00,0.000000000000e+00,0.000000000000e+00
7.024000000000e-01,3.720620155450e+00,0.000000000000e+00,3.720620155450e+00,0.000000000000e+00,0.000000000000e+00
7.028000000000e-01,3.711325640436e+00,0.000000000000e+00,3.711325640436e+00,0.000000000000e+00,0.000000000000e+00
7.032000000000e-01,3.702036062416e+00,0.000000000000e+00,3.702036062416e+00,0.000000000000e+00,0.000000000000e+00
7.036000000000e-01,3.692751500697e+00,0.000000000000e+00,3.692751500697e+00,0.000000000000e+00,0.000000000000e+00
7.040000000000e-01,3.683472034246e+00,0.000000000000e+00,3.683472034246e+00,0.000000000000e+00,0.000000000000e+00
7.044000000000e-01,3.674197741834e+00,0.000000000000e+00,3.674197741834e+00,0.000000000000e+00,0.000000000000e+00
7.048000000000e-01,3.664928701871e+00,0.000000000000e+00,3.664928701871e+00,0.000000000000e+00,0.000000000000e+00
7.052000000000e-01,3.655664992586e+00,0.000000000000e+00,3.655664992586e+00,0.000000000000e+00,0.000000000000e+00
7.056000000000e-01,3.646406691830e+00,0.000000000000e+00,3.646406691830e+00,0.000000000000e+00,0.000000000000e+00
7.060000000000e-01,3.637153877283e+00,0.000000000000e+00,3.637153877283e+00,0.000000000000e+00,0.000000000000e+00
7.064000000000e-01,3.627906626240e+00,0.000000000000e+00,3.627906626240e+00,0.000000000000e+00,0.000000000000e+00
7.068000000000e-01,3.618665015824e+00,0.000000000000e+00,3.618665015824e+00,0.000000000000e+00,0.000000000000e+00
7.072000000000e-01,3.609429122772e+00,0.000000000000e+00,3.609429122772e+00,0.000000000000e+00,0.000000000000e+00
7.076000000000e-01,3.600199023644e+00,0.000000000000e+00,3.600199023644e+00,0.000000000000e+00,0.000000000000e+00
7.080000000000e-01,3.590974794622e+00,0.000000000000e+00,3.590974794622e+00,0.000000000000e+00,0.000000000000e+00
7.084000000000e-01,3.581756511695e+00,0.000000000000e+00,3.581756511695e+00,0.000000000000e+00,0.000000000000e+00
7.088000000000e-01,3.572544250488e+00,0.000000000000e+00,3.572544250488e+00,0.000000000000e+00,0.000000000000e+00
7.092000000000e-01,3.563338086415e+00,0.000000000000e+00,3.563338086415e+00,0.000000000000e+00,0.000000000000e+00
7.096000000000e-01,3.554138094544e+00,0.000000000000e+00,3.554138094544e+00,0.000000000000e+00,0.000000000000e+00
7.100000000000e-01,3.544944349708e+00,0.000000000000e+00,3.544944349708e+00,0.000000000000e+00,0.000000000000e+00
7.104000000000e-01,3.535756926415e+00,0.000000000000e+00,3.535756926415e+00,0.000000000000e+00,0.000000000000e+00
7.108000000000e-01,3.526575898915e+00,0.000000000000e+00,3.526575898915e+00,0.000000000000e+00,0.000000000000e+00
7.112000000000e-01,3.517401341156e+00,0.000000000000e+00,3.517401341156e+00,0.000000000000e+00,0.000000000000e+00
7.116000000000e-01,3.508233326796e+00,0.000000000000e+00,3.508233326796e+00,0.000000000000e+00,0.000000000000e+00
7.120000000000e-01,3.499071929223e+00,0.000000000000e+00,3.499071929223e+00,0.000000000000e+00,0.000000000000e+00
7.124000000000e-01,3.489917221503e+00,0.000000000000e+00,3.489917221503e+00,0.000000000000e+00,0.000000000000e+00
7.128000000000e-01,3.480769276457e+00,0.000000000000e+00,3.480769276457e+00,0.000000000000e+00,0.000000000000e+00
7.132000000000e-01,3.471628166559e+00,0.000000000000e+00,3.471628166559e+00,0.000000000000e+00,0.000000000000e+00
7.136000000000e-01,3.462493964058e+00,0.000000000000e+00,3.462493964058e+00,0.000000000000e+00,0.000000000000e+00
7.140000000000e-01,3.453366740835e+00,0.000000000000e+00,3.453366740835e+00,0.000000000000e+00,0.000000000000e+00
7.144000000000e-01,3.444246568565e+00,0.000000000000e+00,3.444246568565e+00,0.000000000000e+00,0.000000000000e+00
7.148000000000e-01,3.435133518532e+00,0.000000000000e+00,3.435133518532e+00,0.000000000000e+00,0.000000000000e+00
7.152000000000e-01,3.426027661832e+00,0.000000000000e+00,3.426027661832e+00,0.000000000000e+00,0.000000000000e+00
7.156000000000e-01,3.416929069155e+00,0.000000000000e+00,3.416929069155e+00,0.000000000000e+00,0.000000000000e+00
7.160000000000e-01,3.407837811012e+00,0.000000000000e+00,3.407837811012e+00,0.000000000000e+00,0.000000000000e+00
7.164000000000e-01,3.398753957500e+00,0.000000000000e+00,3.398753957500e+00,0.000000000000e+00,0.000000000000e+00
7.168000000000e-01,3.389677578535e+00,0.000000000000e+00,3.389677578535e+00,0.000000000000e+00,0.000000000000e+00
7.172000000000e-01,3.380608743626e+00,0.000000000000e+00,3.380608743626e+00,0.000000000000e+00,0.000000000000e+00
7.176000000000e-01,3.371547522089e+00,0.000000000000e+00,3.371547522089e+00,0.000000000000e+00,0.000000000000e+00
7.180000000000e-01,3.362493982843e+00,0.000000000000e+00,3.362493982843e+00,0.000000000000e+00,0.000000000000e+00
7.184000000000e-01,3.353448194600e+00,0.000000000000e+00,3.353448194600e+00,0.000000000000e+00,0.000000000000e+00
7.188000000000e-01,3.344410225690e+00,0.000000000000e+00,3.344410225690e+00,0.000000000000e+00,0.000000000000e+00
7.192000000000e-01,3.335380144217e+00,0.000000000000e+00,3.335380144217e+00,0.000000000000e+00,0.000000000000e+00
7.196000000000e-01,3.326358017920e+00,0.000000000000e+00,3.326358017920e+00,0.000000000000e+00,0.000000000000e+00
7.200000000000e-01,3.317343914290e+00,0.000000000000e+00,3.317343914290e+00,0.000000000000e+00,0.000000000000e+00
7.204000000000e-01,3.308337900480e+00,0.000000000000e+00,3.308337900480e+00,0.000000000000e+00,0.000000000000e+00
7.208000000000e-01,3.299340043360e+00,0.000000000000e+00,3.299340043360e+00,0.000000000000e+00,0.000000000000e+00
7.212000000000e-01,3.290350409493e+00,0.000000000000e+00,3.290350409493e+00,0.000000000000e+00,0.000000000000e+00
7.216000000000e-01,3.281369065133e+00,0.000000000000e+00,3.281369065133e+00,0.000000000000e+00,0.000000000000e+00
7.220000000000e-01,3.272396076249e+00,0.000000000000e+00,3.272396076249e+00,0.000000000000e+00,0.000000000000e+00
7.224000000000e-01,3.263431508472e+00,0.000000000000e+00,3.263431508472e+00,0.000000000000e+00,0.000000000000e+00
7.228000000000e-01,3.254475427180e+00,0.000000000000e+00,3.254475427180e+00,0.000000000000e+00,0.000000000000e+00
7.232000000000e-01,3.245527897381e+00,0.000000000000e+00,3.245527897381e+00,0.000000000000e+00,0.000000000000e+00
7.236000000000e-01,3.236588983853e+00,0.000000000000e+00,3.236588983853e+00,0.000000000000e+00,0.000000000000e+00
7.240000000000e-01,3.227658750984e+00,0.000000000000e+00,3.227658750984e+00,0.000000000000e+00,0.000000000000e+00
7.244000000000e-01,3.218737262951e+00,0.000000000000e+00,3.218737262951e+00,0.000000000000e+00,0.000000000000e+00
7.248000000000e-01,3.209824583519e+00,0.000000000000e+00,3.209824583519e+00,0.000000000000e+00,0.000000000000e+00
7.252000000000e-01,3.200920776259e+00,0.000000000000e+00,3.200920776259e+00,0.000000000000e+00,0.000000000000e+00
7.256000000000e-01,3.192025904318e+00,0.000000000000e+00,3.192025904318e+00,0.000000000000e+00,0.000000000000e+00
7.260000000000e-01,3.183140030655e+00,0.000000000000e+00,3.183140030655e+00,0.000000000000e+00,0.000000000000e+00
7.264000000000e-01,3.174263217799e+00,0.000000000000e+00,3.174263217799e+00,0.000000000000e+00,0.000000000000e+00
7.268000000000e-01,3.165395528092e+00,0.000000000000e+00,3.165395528092e+00,0.000000000000e+00,0.000000000000e+00
7.272000000000e-01,3.156537023449e+00,0.000000000000e+00,3.156537023449e+00,0.000000000000e+00,0.000000000000e+00
7.276000000000e-01,3.147687765589e+00,0.000000000000e+00,3.147687765589e+00,0.000000000000e+00,0.000000000000e+00
7.280000000000e-01,3.138847815815e+00,0.000000000000e+00,3.138847815815e+00,0.000000000000e+00,0.000000000000e+00
7.284000000000e-01,3.130017235217e+00,0.000000000000e+00,3.130017235217e+00,0.000000000000e+00,0.000000000000e+00
7.288000000000e-01,3.121196084491e+00,0.000000000000e+00,3.121196084491e+00,0.000000000000e+00,0.000000000000e+00
7.292000000000e-01,3.112384424092e+00,0.000000000000e+00,3.112384424092e+00,0.000000000000e+00,0.000000000000e+00
7.296000000000e-01,3.103582314108e+00,0.000000000000e+00,3.103582314108e+00,0.000000000000e+00,0.000000000000e+00
7.300000000000e-01,3.094789814360e+00,0.000000000000e+00,3.094789814360e+00,0.000000000000e+00,0.000000000000e+00
7.304000000000e-01,3.086006984325e+00,0.000000000000e+00,3.086006984325e+00,0.000000000000e+00,0.000000000000e+00
7.308000000000e-01,3.077233883188e+00,0.000000000000e+00,3.077233883188e+00,0.000000000000e+00,0.000000000000e+00
7.312000000000e-01,3.068470569817e+00,0.000000000000e+00,3.068470569817e+00,0.000000000000e+00,0.000000000000e+00
7.316000000000e-01,3.059717102757e+00,0.000000000000e+00,3.059717102757e+00,0.000000000000e+00,0.000000000000e+00
7.320000000000e-01,3.050973540267e+00,0.000000000000e+00,3.050973540267e+00,0.000000000000e+00,0.000000000000e+00
7.324000000000e-01,3.042239940251e+00,0.000000000000e+00,3.042239940251e+00,0.000000000000e+00,0.000000000000e+00
7.328000000000e-01,3.033516360357e+00,0.000000000000e+00,3.033516360357e+00,0.000000000000e+00,0.000000000000e+00
7.332000000000e-01,3.024802857849e+00,0.000000000000e+00,3.024802857849e+00,0.000000000000e+00,0.000000000000e+00
7.336000000000e-01,3.016099489760e+00,0.000000000000e+00,3.016099489760e+00,0.000000000000e+00,0.000000000000e+00
7.340000000000e-01,3.007406312717e+00,0.000000000000e+00,3.007406312717e+00,0.000000000000e+00,0.000000000000e+00
7.344000000000e-01,2.998723383133e+00,0.000000000000e+00,2.998723383133e+00,0.000000000000e+00,0.000000000000e+00
7.348000000000e-01,2.990050757000e+00,0.000000000000e+00,2.990050757000e+00,0.000000000000e+00,0.000000000000e+00
7.352000000000e-01,2.981388490110e+00,0.000000000000e+00,2.981388490110e+00,0.000000000000e+00,0.000000000000e+00
7.356000000000e-01,2.972736637819e+00,0.000000000000e+00,2.972736637819e+00,0.000000000000e+00,0.000000000000e+00
7.360000000000e-01,2.964095255292e+00,0.000000000000e+00,2.964095255292e+00,0.000000000000e+00,0.000000000000e+00
7.364000000000e-01,2.955464397258e+00,0.000000000000e+00,2.955464397258e+00,0.000000000000e+00,0.000000000000e+00
7.368000000000e-01,2.946844118249e+00,0.000000000000e+00,2.946844118249e+00,0.000000000000e+00,0.000000000000e+00
7.372000000000e-01,2.938234472366e+00,0.000000000000e+00,2.938234472366e+00,0.000000000000e+00,0.000000000000e+00
7.376000000000e-01,2.929635513505e+00,0.000000000000e+00,2.929635513505e+00,0.000000000000e+00,0.000000000000e+00
7.380000000000e-01,2.921047295145e+00,0.000000000000e+00,2.921047295145e+00,0.000000000000e+00,0.000000000000e+00
7.384000000000e-01,2.912469870540e+00,0.000000000000e+00,2.912469870540e+00,0.000000000000e+00,0.000000000000e+00
7.388000000000e-01,2.903903292550e+00,0.000000000000e+00,2.903903292550e+00,0.000000000000e+00,0.000000000000e+00
7.392000000000e-01,2.895347613784e+00,0.000000000000e+00,2.895347613784e+00,0.000000000000e+00,0.000000000000e+00
7.396000000000e-01,2.886802886483e+00,0.000000000000e+00,2.886802886483e+00,0.000000000000e+00,0.000000000000e+00
7.400000000000e-01,2.878269162610e+00,0.000000000000e+00,2.878269162610e+00,0.000000000000e+00,0.000000000000e+00
7.404000000000e-01,2.869746493790e+00,0.000000000000e+00,2.869746493790e+00,0.000000000000e+00,0.000000000000e+00
7.408000000000e-01,2.861234931337e+00,0.000000000000e+00,2.861234931337e+00,0.000000000000e+00,0.000000000000e+00
7.412000000000e-01,2.852734526258e+00,0.000000000000e+00,2.852734526258e+00,0.000000000000e+00,0.000000000000e+00
7.416000000000e-01,2.844245329220e+00,0.000000000000e+00,2.844245329220e+00,0.000000000000e+00,0.000000000000e+00
7.420000000000e-01,2.835767390612e+00,0.000000000000e+00,2.835767390612e+00,0.000000000000e+00,0.000000000000e+00
7.424000000000e-01,2.827300760453e+00,0.000000000000e+00,2.827300760453e+00,0.000000000000e+00,0.000000000000e+00
7.428000000000e-01,2.818845488513e+00,0.000000000000e+00,2.818845488513e+00,0.000000000000e+00,0.000000000000e+00
7.432000000000e-01,2.810401624165e+00,0.000000000000e+00,2.810401624165e+00,0.000000000000e+00,0.000000000000e+00
7.436000000000e-01,2.801969216556e+00,0.000000000000e+00,2.801969216556e+00,0.000000000000e+00,0.000000000000e+00
7.440000000000e-01,2.793548314417e+00,0.000000000000e+00,2.793548314417e+00,0.000000000000e+00,0.000000000000e+00
7.444000000000e-01,2.785138966271e+00,0.000000000000e+00,2.785138966271e+00,0.000000000000e+00,0.000000000000e+00
7.448000000000e-01,2.776741220207e+00,0.000000000000e+00,2.776741220207e+00,0.000000000000e+00,0.000000000000e+00
7.452000000000e-01,2.768355124120e+00,0.000000000000e+00,2.768355124120e+00,0.000000000000e+00,0.000000000000e+00
7.456000000000e-01,2.759980725464e+00,0.000000000000e+00,2.759980725464e+00,0.000000000000e+00,0.000000000000e+00
7.460000000000e-01,2.751618071500e+00,0.000000000000e+00,2.751618071500e+00,0.000000000000e+00,0.000000000000e+00
7.464000000000e-01,2.743267209050e+00,0.000000000000e+00,2.743267209050e+00,0.000000000000e+00,0.000000000000e+00
7.468000000000e-01,2.734928184739e+00,0.000000000000e+00,2.734928184739e+00,0.000000000000e+00,0.000000000000e+00
7.472000000000e-01,2.726601044761e+00,0.000000000000e+00,2.726601044761e+00,0.000000000000e+00,0.000000000000e+00
7.476000000000e-01,2.718285835101e+00,0.000000000000e+00,2.718285835101e+00,0.000000000000e+00,0.000000000000e+00
7.480000000000e-01,2.709982601329e+00,0.000000000000e+00,2.709982601329e+00,0.000000000000e+00,0.000000000000e+00
7.484000000000e-01,2.701691388785e+00,0.000000000000e+00,2.701691388785e+00,0.000000000000e+00,0.000000000000e+00
7.488000000000e-01,2.693412242422e+00,0.000000000000e+00,2.693412242422e+00,0.000000000000e+00,0.000000000000e+00
7.492000000000e-01,2.685145206931e+00,0.000000000000e+00,2.685145206931e+00,0.000000000000e+00,0.000000000000e+00
7.496000000000e-01,2.676890326647e+00,0.000000000000e+00,2.676890326647e+00,0.000000000000e+00,0.000000000000e+00
7.500000000000e-01,2.668647645616e+00,0.000000000000e+00,2.668647645616e+00,0.000000000000e+00,0.000000000000e+00
7.504000000000e-01,2.660417207555e+00,0.000000000000e+00,2.660417207555e+00,0.000000000000e+00,0.000000000000e+00
7.508000000000e-01,2.652199055862e+00,0.000000000000e+00,2.652199055862e+00,0.000000000000e+00,0.000000000000e+00
7.512000000000e-01,2.643993233639e+00,0.000000000000e+00,2.643993233639e+00,0.000000000000e+00,0.000000000000e+00
7.516000000000e-01,2.635799783639e+00,0.000000000000e+00,2.635799783639e+00,0.000000000000e+00,0.000000000000e+00
7.520000000000e-01,2.627618748344e+00,0.000000000000e+00,2.627618748344e+00,0.000000000000e+00,0.000000000000e+00
7.524000000000e-01,2.619450169864e+00,0.000000000000e+00,2.619450169864e+00,0.000000000000e+00,0.000000000000e+00
7.528000000000e-01,2.611294090065e+00,0.000000000000e+00,2.611294090065e+00,0.000000000000e+00,0.000000000000e+00
7.532000000000e-01,2.603150550414e+00,0.000000000000e+00,2.603150550414e+00,0.000000000000e+00,0.000000000000e+00
7.536000000000e-01,2.595019592156e+00,0.000000000000e+00,2.595019592156e+00,0.000000000000e+00,0.000000000000e+00
7.540000000000e-01,2.586901256122e+00,0.000000000000e+00,2.586901256122e+00,0.000000000000e+00,0.000000000000e+00
7.544000000000e-01,2.578795582934e+00,0.000000000000e+00,2.578795582934e+00,0.000000000000e+00,0.000000000000e+00
7.548000000000e-01,2.570702612788e+00,0.000000000000e+00,2.570702612788e+00,0.000000000000e+00,0.000000000000e+00
7.552000000000e-01,2.562622385683e+00,0.000000000000e+00,2.562622385683e+00,0.000000000000e+00,0.000000000000e+00
7.556000000000e-01,2.554554941183e+00,0.000000000000e+00,2.554554941183e+00,0.000000000000e+00,0.000000000000e+00
7.560000000000e-01,2.546500318661e+00,0.000000000000e+00,2.546500318661e+00,0.000000000000e+00,0.000000000000e+00
7.564000000000e-01,2.538458557056e+00,0.000000000000e+00,2.538458557056e+00,0.000000000000e+00,0.000000000000e+00
7.568000000000e-01,2.530429695107e+00,0.000000000000e+00,2.530429695107e+00,0.000000000000e+00,0.000000000000e+00
7.572000000000e-01,2.522413771136e+00,0.000000000000e+00,2.522413771136e+00,0.000000000000e+00,0.000000000000e+00
7.576000000000e-01,2.514410823248e+00,0.000000000000e+00,2.514410823248e+00,0.000000000000e+00,0.000000000000e+00
7.580000000000e-01,2.506420889148e+00,0.000000000000e+00,2.506420889148e+00,0.000000000000e+00,0.000000000000e+00
7.584000000000e-01,2.498444006305e+00,0.000000000000e+00,2.498444006305e+00,0.000000000000e+00,0.000000000000e+00
7.588000000000e-01,2.490480211812e+00,0.000000000000e+00,2.490480211812e+00,0.000000000000e+00,0.000000000000e+00
7.592000000000e-01,2.482529542501e+00,0.000000000000e+00,2.482529542501e+00,0.000000000000e+00,0.000000000000e+00
7.596000000000e-01,2.474592034856e+00,0.000000000000e+00,2.474592034856e+00,0.000000000000e+00,0.000000000000e+00
7.600000000000e-01,2.466667725071e+00,0.000000000000e+00,2.466667725071e+00,0.000000000000e+00,0.000000000000e+00
7.604000000000e-01,2.458756649023e+00,0.000000000000e+00,2.458756649023e+00,0.000000000000e+00,0.000000000000e+00
7.608000000000e-01,2.450858842270e+00,0.000000000000e+00,2.450858842270e+00,0.000000000000e+00,0.000000000000e+00
7.612000000000e-01,2.442974340082e+00,0.000000000000e+00,2.442974340082e+00,0.000000000000e+00,0.000000000000e+00
7.616000000000e-01,2.435103177380e+00,0.000000000000e+00,2.435103177380e+00,0.000000000000e+00,0.000000000000e+00
7.620000000000e-01,2.427245388831e+00,0.000000000000e+00,2.427245388831e+00,0.000000000000e+00,0.000000000000e+00
7.624000000000e-01,2.419401008723e+00,0.000000000000e+00,2.419401008723e+00,0.000000000000e+00,0.000000000000e+00
7.628000000000e-01,2.411570071114e+00,0.000000000000e+00,2.411570071114e+00,0.000000000000e+00,0.000000000000e+00
7.632000000000e-01,2.403752609667e+00,0.000000000000e+00,2.403752609667e+00,0.000000000000e+00,0.000000000000e+00
7.636000000000e-01,2.395948657830e+00,0.000000000000e+00,2.395948657830e+00,0.000000000000e+00,0.000000000000e+00
7.640000000000e-01,2.388158248640e+00,0.000000000000e+00,2.388158248640e+00,0.000000000000e+00,0.000000000000e+00
7.644000000000e-01,2.380381414938e+00,0.000000000000e+00,2.380381414938e+00,0.000000000000e+00,0.000000000000e+00
7.648000000000e-01,2.372618189139e+00,0.000000000000e+00,2.372618189139e+00,0.000000000000e+00,0.000000000000e+00
7.652000000000e-01,2.364868603474e+00,0.000000000000e+00,2.364868603474e+00,0.000000000000e+00,0.000000000000e+00
7.656000000000e-01,2.357132689743e+00,0.000000000000e+00,2.357132689743e+00,0.000000000000e+00,0.000000000000e+00
7.660000000000e-01,2.349410479561e+00,0.000000000000e+00,2.349410479561e+00,0.000000000000e+00,0.000000000000e+00
7.664000000000e-01,2.341702004121e+00,0.000000000000e+00,2.341702004121e+00,0.000000000000e+00,0.000000000000e+00
7.668000000000e-01,2.334007294419e+00,0.000000000000e+00,2.334007294419e+00,0.000000000000e+00,0.000000000000e+00
7.672000000000e-01,2.326326381046e+00,0.000000000000e+00,2.326326381046e+00,0.000000000000e+00,0.000000000000e+00
7.676000000000e-01,2.318659294379e+00,0.000000000000e+00,2.318659294379e+00,0.000000000000e+00,0.000000000000e+00
7.680000000000e-01,2.311006064410e+00,0.000000000000e+00,2.311006064410e+00,0.000000000000e+00,0.000000000000e+00
7.684000000000e-01,2.303366720896e+00,0.000000000000e+00,2.303366720896e+00,0.000000000000e+00,0.000000000000e+00
7.688000000000e-01,2.295741293233e+00,0.000000000000e+00,2.295741293233e+00,0.000000000000e+00,0.000000000000e+00
7.692000000000e-01,2.288129810559e+00,0.000000000000e+00,2.288129810559e+00,0.000000000000e+00,0.000000000000e+00
7.696000000000e-01,2.280532301679e+00,0.000000000000e+00,2.280532301679e+00,0.000000000000e+00,0.000000000000e+00
7.700000000000e-01,2.272948795109e+00,0.000000000000e+00,2.272948795109e+00,0.000000000000e+00,0.000000000000e+00
7.704000000000e-01,2.265379319067e+00,0.000000000000e+00,2.265379319067e+00,0.000000000000e+00,0.000000000000e+00
7.708000000000e-01,2.257823901450e+00,0.000000000000e+00,2.257823901450e+00,0.000000000000e+00,0.000000000000e+00
7.712000000000e-01,2.250282569888e+00,0.000000000000e+00,2.250282569888e+00,0.000000000000e+00,0.000000000000e+00
7.716000000000e-01,2.242755351663e+00,0.000000000000e+00,2.242755351663e+00,0.000000000000e+00,0.000000000000e+00
7.720000000000e-01,2.235242273817e+00,0.000000000000e+00,2.235242273817e+00,0.000000000000e+00,0.000000000000e+00
7.724000000000e-01,2.227743363022e+00,0.000000000000e+00,2.227743363022e+00,0.000000000000e+00,0.000000000000e+00
7.728000000000e-01,2.220258645730e+00,0.000000000000e+00,2.220258645730e+00,0.000000000000e+00,0.000000000000e+00
7.732000000000e-01,2.212788148007e+00,0.000000000000e+00,2.212788148007e+00,0.000000000000e+00,0.000000000000e+00
7.736000000000e-01,2.205331895717e+00,0.000000000000e+00,2.205331895717e+00,0.000000000000e+00,0.000000000000e+00
7.740000000000e-01,2.197889914322e+00,0.000000000000e+00,2.197889914322e+00,0.000000000000e+00,0.000000000000e+00
7.744000000000e-01,2.190462229098e+00,0.000000000000e+00,2.190462229098e+00,0.000000000000e+00,0.000000000000e+00
7.748000000000e-01,2.183048864909e+00,0.000000000000e+00,2.183048864909e+00,0.000000000000e+00,0.000000000000e+00
7.752000000000e-01,2.175649846441e+00,0.000000000000e+00,2.175649846441e+00,0.000000000000e+00,0.000000000000e+00
7.756000000000e-01,2.168265197965e+00,0.000000000000e+00,2.168265197965e+00,0.000000000000e+00,0.000000000000e+00
7.760000000000e-01,2.160894943574e+00,0.000000000000e+00,2.160894943574e+00,0.000000000000e+00,0.000000000000e+00
7.764000000000e-01,2.153539106956e+00,0.000000000000e+00,2.153539106956e+00,0.000000000000e+00,0.000000000000e+00
7.768000000000e-01,2.146197711608e+00,0.000000000000e+00,2.146197711608e+00,0.000000000000e+00,0.000000000000e+00
7.772000000000e-01,2.138870780638e+00,0.000000000000e+00,2.138870780638e+00,0.000000000000e+00,0.000000000000e+00
7.776000000000e-01,2.131558336946e+00,0.000000000000e+00,2.131558336946e+00,0.000000000000e+00,0.000000000000e+00
7.780000000000e-01,2.124260403068e+00,0.000000000000e+00,2.124260403068e+00,0.000000000000e+00,0.000000000000e+00
7.784000000000e-01,2.116977001308e+00,0.000000000000e+00,2.116977001308e+00,0.000000000000e+00,0.000000000000e+00
7.788000000000e-01,2.109708153630e+00,0.000000000000e+00,2.109708153630e+00,0.000000000000e+00,0.000000000000e+00
7.792000000000e-01,2.102453881743e+00,0.000000000000e+00,2.102453881743e+00,0.000000000000e+00,0.000000000000e+00
7.796000000000e-01,2.095214207045e+00,0.000000000000e+00,2.095214207045e+00,0.000000000000e+00,0.000000000000e+00
7.800000000000e-01,2.087989150650e+00,0.000000000000e+00,2.087989150650e+00,0.000000000000e+00,0.000000000000e+00
7.804000000000e-01,2.080778733393e+00,0.000000000000e+00,2.080778733393e+00,0.000000000000e+00,0.000000000000e+00
7.808000000000e-01,2.073582975796e+00,0.000000000000e+00,2.073582975796e+00,0.000000000000e+00,0.000000000000e+00
7.812000000000e-01,2.066401898131e+00,0.000000000000e+00,2.066401898131e+00,0.000000000000e+00,0.000000000000e+00
7.816000000000e-01,2.059235520333e+00,0.000000000000e+00,2.059235520333e+00,0.000000000000e+00,0.000000000000e+00
7.820000000000e-01,2.052083862111e+00,0.000000000000e+00,2.052083862111e+00,0.000000000000e+00,0.000000000000e+00
7.824000000000e-01,2.044946942819e+00,0.000000000000e+00,2.044946942819e+00,0.000000000000e+00,0.000000000000e+00
7.828000000000e-01,2.037824781602e+00,0.000000000000e+00,2.037824781602e+00,0.000000000000e+00,0.000000000000e+00
7.832000000000e-01,2.030717397235e+00,0.000000000000e+00,2.030717397235e+00,0.000000000000e+00,0.000000000000e+00
7.836000000000e-01,2.023624808304e+00,0.000000000000e+00,2.023624808304e+00,0.000000000000e+00,0.000000000000e+00
7.840000000000e-01,2.016547033009e+00,0.000000000000e+00,2.016547033009e+00,0.000000000000e+00,0.000000000000e+00
7.844000000000e-01,2.009484089374e+00,0.000000000000e+00,2.009484089374e+00,0.000000000000e+00,0.000000000000e+00
7.848000000000e-01,2.002435995030e+00,0.000000000000e+00,2.002435995030e+00,0.000000000000e+00,0.000000000000e+00
7.852000000000e-01,1.995402767440e+00,0.000000000000e+00,1.995402767440e+00,0.000000000000e+00,0.000000000000e+00
7.856000000000e-01,1.988384423674e+00,0.000000000000e+00,1.988384423674e+00,0.000000000000e+00,0.000000000000e+00
7.860000000000e-01,1.981380980627e+00,0.000000000000e+00,1.981380980627e+00,0.000000000000e+00,0.000000000000e+00
7.864000000000e-01,1.974392454818e+00,0.000000000000e+00,1.974392454818e+00,0.000000000000e+00,0.000000000000e+00
7.868000000000e-01,1.967418862575e+00,0.000000000000e+00,1.967418862575e+00,0.000000000000e+00,0.000000000000e+00
7.872000000000e-01,1.960460219867e+00,0.000000000000e+00,1.960460219867e+00,0.000000000000e+00,0.000000000000e+00
7.876000000000e-01,1.953516542459e+00,0.000000000000e+00,1.953516542459e+00,0.000000000000e+00,0.000000000000e+00
7.880000000000e-01,1.946587845774e+00,0.000000000000e+00,1.946587845774e+00,0.000000000000e+00,0.000000000000e+00
7.884000000000e-01,1.939674145011e+00,0.000000000000e+00,1.939674145011e+00,0.000000000000e+00,0.000000000000e+00
7.888000000000e-01,1.932775455056e+00,0.000000000000e+00,1.932775455056e+00,0.000000000000e+00,0.000000000000e+00
7.892000000000e-01,1.925891790545e+00,0.000000000000e+00,1.925891790545e+00,0.000000000000e+00,0.000000000000e+00
7.896000000000e-01,1.919023165825e+00,0.000000000000e+00,1.919023165825e+00,0.000000000000e+00,0.000000000000e+00
7.900000000000e-01,1.912169594973e+00,0.000000000000e+00,1.912169594973e+00,0.000000000000e+00,0.000000000000e+00
7.904000000000e-01,1.905331091802e+00,0.000000000000e+00,1.905331091802e+00,0.000000000000e+00,0.000000000000e+00
7.908000000000e-01,1.898507669830e+00,0.000000000000e+00,1.898507669830e+00,0.000000000000e+00,0.000000000000e+00
7.912000000000e-01,1.891699342342e+00,0.000000000000e+00,1.891699342342e+00,0.000000000000e+00,0.000000000000e+00
7.916000000000e-01,1.884906122300e+00,0.000000000000e+00,1.884906122300e+00,0.000000000000e+00,0.000000000000e+00
7.920000000000e-01,1.878128022458e+00,0.000000000000e+00,1.878128022458e+00,0.000000000000e+00,0.000000000000e+00
7.924000000000e-01,1.871365055230e+00,0.000000000000e+00,1.871365055230e+00,0.000000000000e+00,0.000000000000e+00
7.928000000000e-01,1.864617232841e+00,0.000000000000e+00,1.864617232841e+00,0.000000000000e+00,0.000000000000e+00
7.932000000000e-01,1.857884567162e+00,0.000000000000e+00,1.857884567162e+00,0.000000000000e+00,0.000000000000e+00
7.936000000000e-01,1.851167069888e+00,0.000000000000e+00,1.851167069888e+00,0.000000000000e+00,0.000000000000e+00
7.940000000000e-01,1.844464752350e+00,0.000000000000e+00,1.844464752350e+00,0.000000000000e+00,0.000000000000e+00
7.944000000000e-01,1.837777625717e+00,0.000000000000e+00,1.837777625717e+00,0.000000000000e+00,0.000000000000e+00
7.948000000000e-01,1.831105700787e+00,0.000000000000e+00,1.831105700787e+00,0.000000000000e+00,0.000000000000e+00
7.952000000000e-01,1.824448988199e+00,0.000000000000e+00,1.824448988199e+00,0.000000000000e+00,0.000000000000e+00
7.956000000000e-01,1.817807498227e+00,0.000000000000e+00,1.817807498227e+00,0.000000000000e+00,0.000000000000e+00
7.960000000000e-01,1.811181240978e+00,0.000000000000e+00,1.811181240978e+00,0.000000000000e+00,0.000000000000e+00
7.964000000000e-01,1.804570226208e+00,0.000000000000e+00,1.804570226208e+00,0.000000000000e+00,0.000000000000e+00
7.968000000000e-01,1.797974463495e+00,0.000000000000e+00,1.797974463495e+00,0.000000000000e+00,0.000000000000e+00
7.972000000000e-01,1.791393962080e+00,0.000000000000e+00,1.791393962080e+00,0.000000000000e+00,0.000000000000e+00
7.976000000000e-01,1.784828731011e+00,0.000000000000e+00,1.784828731011e+00,0.000000000000e+00,0.000000000000e+00
7.980000000000e-01,1.778278779023e+00,0.000000000000e+00,1.778278779023e+00,0.000000000000e+00,0.000000000000e+00
7.984000000000e-01,1.771744114636e+00,0.000000000000e+00,1.771744114636e+00,0.000000000000e+00,0.000000000000e+00
7.988000000000e-01,1.765224746080e+00,0.000000000000e+00,1.765224746080e+00,0.000000000000e+00,0.000000000000e+00
7.992000000000e-01,1.758720681350e+00,0.000000000000e+00,1.758720681350e+00,0.000000000000e+00,0.000000000000e+00
7.996000000000e-01,1.752231928176e+00,0.000000000000e+00,1.752231928176e+00,0.000000000000e+00,0.000000000000e+00
8.000000000000e-01,1.745758494028e+00,0.000000000000e+00,1.745758494028e+00,0.000000000000e+00,0.000000000000e+00
8.004000000000e-01,1.739300386142e+00,0.000000000000e+00,1.739300386142e+00,0.000000000000e+00,0.000000000000e+00
8.008000000000e-01,1.732857611468e+00,0.000000000000e+00,1.732857611468e+00,0.000000000000e+00,0.000000000000e+00
8.012000000000e-01,1.726430176746e+00,0.000000000000e+00,1.726430176746e+00,0.000000000000e+00,0.000000000000e+00
8.016000000000e-01,1.720018088413e+00,0.000000000000e+00,1.720018088413e+00,0.000000000000e+00,0.000000000000e+00
8.020000000000e-01,1.713621352716e+00,0.000000000000e+00,1.713621352716e+00,0.000000000000e+00,0.000000000000e+00
8.024000000000e-01,1.707239975580e+00,0.000000000000e+00,1.707239975580e+00,0.000000000000e+00,0.000000000000e+00
8.028000000000e-01,1.700873962762e+00,0.000000000000e+00,1.700873962762e+00,0.000000000000e+00,0.000000000000e+00
8.032000000000e-01,1.694523319683e+00,0.000000000000e+00,1.694523319683e+00,0.000000000000e+00,0.000000000000e+00
8.036000000000e-01,1.688188051608e+00,0.000000000000e+00,1.688188051608e+00,0.000000000000e+00,0.000000000000e+00
8.040000000000e-01,1.681868163460e+00,0.000000000000e+00,1.681868163460e+00,0.000000000000e+00,0.000000000000e+00
8.044000000000e-01,1.675563660014e+00,0.000000000000e+00,1.675563660014e+00,0.000000000000e+00,0.000000000000e+00
8.048000000000e-01,1.669274545701e+00,0.000000000000e+00,1.669274545701e+00,0.000000000000e+00,0.000000000000e+00
8.052000000000e-01,1.663000824804e+00,0.000000000000e+00,1.663000824804e+00,0.000000000000e+00,0.000000000000e+00
8.056000000000e-01,1.656742501270e+00,0.000000000000e+00,1.656742501270e+00,0.000000000000e+00,0.000000000000e+00
8.060000000000e-01,1.650499578892e+00,0.000000000000e+00,1.650499578892e+00,0.000000000000e+00,0.000000000000e+00
8.064000000000e-01,1.644272061138e+00,0.000000000000e+00,1.644272061138e+00,0.000000000000e+00,0.000000000000e+00
8.068000000000e-01,1.638059951309e+00,0.000000000000e+00,1.638059951309e+00,0.000000000000e+00,0.000000000000e+00
8.072000000000e-01,1.631863252403e+00,0.000000000000e+00,1.631863252403e+00,0.000000000000e+00,0.000000000000e+00
8.076000000000e-01,1.625681967231e+00,0.000000000000e+00,1.625681967231e+00,0.000000000000e+00,0.000000000000e+00
8.080000000000e-01,1.619516098323e+00,0.000000000000e+00,1.619516098323e+00,0.000000000000e+00,0.000000000000e+00
8.084000000000e-01,1.613365648003e+00,0.000000000000e+00,1.613365648003e+00,0.000000000000e+00,0.000000000000e+00
8.088000000000e-01,1.607230618338e+00,0.000000000000e+00,1.607230618338e+00,0.000000000000e+00,0.000000000000e+00
8.092000000000e-01,1.601111011169e+00,0.000000000000e+00,1.601111011169e+00,0.000000000000e+00,0.000000000000e+00
8.096000000000e-01,1.595006828103e+00,0.000000000000e+00,1.595006828103e+00,0.000000000000e+00,0.000000000000e+00
8.100000000000e-01,1.588918070499e+00,0.000000000000e+00,1.588918070499e+00,0.000000000000e+00,0.000000000000e+00
8.104000000000e-01,1.582844739509e+00,0.000000000000e+00,1.582844739509e+00,0.000000000000e+00,0.000000000000e+00
8.108000000000e-01,1.576786836016e+00,0.000000000000e+00,1.576786836016e+00,0.000000000000e+00,0.000000000000e+00
8.112000000000e-01,1.570744360717e+00,0.000000000000e+00,1.570744360717e+00,0.000000000000e+00,0.000000000000e+00
8.116000000000e-01,1.564717314024e+00,0.000000000000e+00,1.564717314024e+00,0.000000000000e+00,0.000000000000e+00
8.120000000000e-01,1.558705696181e+00,0.000000000000e+00,1.558705696181e+00,0.000000000000e+00,0.000000000000e+00
8.124000000000e-01,1.552709507134e+00,0.000000000000e+00,1.552709507134e+00,0.000000000000e+00,0.000000000000e+00
8.128000000000e-01,1.546728746678e+00,0.000000000000e+00,1.546728746678e+00,0.000000000000e+00,0.000000000000e+00
8.132000000000e-01,1.540763414297e+00,0.000000000000e+00,1.540763414297e+00,0.000000000000e+00,0.000000000000e+00
8.136000000000e-01,1.534813509337e+00,0.000000000000e+00,1.534813509337e+00,0.000000000000e+00,0.000000000000e+00
8.140000000000e-01,1.528879030828e+00,0.000000000000e+00,1.528879030828e+00,0.000000000000e+00,0.000000000000e+00
8.144000000000e-01,1.522959977665e+00,0.000000000000e+00,1.522959977665e+00,0.000000000000e+00,0.000000000000e+00
8.148000000000e-01,1.517056348433e+00,0.000000000000e+00,1.517056348433e+00,0.000000000000e+00,0.000000000000e+00
8.152000000000e-01,1.511168141577e+00,0.000000000000e+00,1.511168141577e+00,0.000000000000e+00,0.000000000000e+00
8.156000000000e-01,1.505295355242e+00,0.000000000000e+00,1.505295355242e+00,0.000000000000e+00,0.000000000000e+00
8.160000000000e-01,1.499437987426e+00,0.000000000000e+00,1.499437987426e+00,0.000000000000e+00,0.000000000000e+00
8.164000000000e-01,1.493596035836e+00,0.000000000000e+00,1.493596035836e+00,0.000000000000e+00,0.000000000000e+00
8.168000000000e-01,1.487769498026e+00,0.000000000000e+00,1.487769498026e+00,0.000000000000e+00,0.000000000000e+00
8.172000000000e-01,1.481958371274e+00,0.000000000000e+00,1.481958371274e+00,0.000000000000e+00,0.000000000000e+00
8.176000000000e-01,1.476162652687e+00,0.000000000000e+00,1.476162652687e+00,0.000000000000e+00,0.000000000000e+00
8.180000000000e-01,1.470382339122e+00,0.000000000000e+00,1.470382339122e+00,0.000000000000e+00,0.000000000000e+00
8.184000000000e-01,1.464617427243e+00,0.000000000000e+00,1.464617427243e+00,0.000000000000e+00,0.000000000000e+00
8.188000000000e-01,1.458867913485e+00,0.000000000000e+00,1.458867913485e+00,0.000000000000e+00,0.000000000000e+00
8.192000000000e-01,1.453133794076e+00,0.000000000000e+00,1.453133794076e+00,0.000000000000e+00,0.000000000000e+00
8.196000000000e-01,1.447415065034e+00,0.000000000000e+00,1.447415065034e+00,0.000000000000e+00,0.000000000000e+00
8.200000000000e-01,1.441711722152e+00,0.000000000000e+00,1.441711722152e+00,0.000000000000e+00,0.000000000000e+00
8.204000000000e-01,1.436023761035e+00,0.000000000000e+00,1.436023761035e+00,0.000000000000e+00,0.000000000000e+00
8.208000000000e-01,1.430351177044e+00,0.000000000000e+00,1.430351177044e+00,0.000000000000e+00,0.000000000000e+00
8.212000000000e-01,1.424693965377e+00,0.000000000000e+00,1.424693965377e+00,0.000000000000e+00,0.000000000000e+00
8.216000000000e-01,1.419052120968e+00,0.000000000000e+00,1.419052120968e+00,0.000000000000e+00,0.000000000000e+00
8.220000000000e-01,1.413425638605e+00,0.000000000000e+00,1.413425638605e+00,0.000000000000e+00,0.000000000000e+00
8.224000000000e-01,1.407814512804e+00,0.000000000000e+00,1.407814512804e+00,0.000000000000e+00,0.000000000000e+00
8.228000000000e-01,1.402218737947e+00,0.000000000000e+00,1.402218737947e+00,0.000000000000e+00,0.000000000000e+00
8.232000000000e-01,1.396638308135e+00,0.000000000000e+00,1.396638308135e+00,0.000000000000e+00,0.000000000000e+00
8.236000000000e-01,1.391073217344e+00,0.000000000000e+00,1.391073217344e+00,0.000000000000e+00,0.000000000000e+00
8.240000000000e-01,1.385523459268e+00,0.000000000000e+00,1.385523459268e+00,0.000000000000e+00,0.000000000000e+00
8.244000000000e-01,1.379989027480e+00,0.000000000000e+00,1.379989027480e+00,0.000000000000e+00,0.000000000000e+00
8.248000000000e-01,1.374469915272e+00,0.000000000000e+00,1.374469915272e+00,0.000000000000e+00,0.000000000000e+00
8.252000000000e-01,1.368966115812e+00,0.000000000000e+00,1.368966115812e+00,0.000000000000e+00,0.000000000000e+00
8.256000000000e-01,1.363477621998e+00,0.000000000000e+00,1.363477621998e+00,0.000000000000e+00,0.000000000000e+00
8.260000000000e-01,1.358004426598e+00,0.000000000000e+00,1.358004426598e+00,0.000000000000e+00,0.000000000000e+00
8.264000000000e-01,1.352546522119e+00,0.000000000000e+00,1.352546522119e+00,0.000000000000e+00,0.000000000000e+00
8.268000000000e-01,1.347103900929e+00,0.000000000000e+00,1.347103900929e+00,0.000000000000e+00,0.000000000000e+00
8.272000000000e-01,1.341676555154e+00,0.000000000000e+00,1.341676555154e+00,0.000000000000e+00,0.000000000000e+00
8.276000000000e-01,1.336264476760e+00,0.000000000000e+00,1.336264476760e+00,0.000000000000e+00,0.000000000000e+00
8.280000000000e-01,1.330867657497e+00,0.000000000000e+00,1.330867657497e+00,0.000000000000e+00,0.000000000000e+00
8.284000000000e-01,1.325486088937e+00,0.000000000000e+00,1.325486088937e+00,0.000000000000e+00,0.000000000000e+00
8.288000000000e-01,1.320119762453e+00,0.000000000000e+00,1.320119762453e+00,0.000000000000e+00,0.000000000000e+00
8.292000000000e-01,1.314768669228e+00,0.000000000000e+00,1.314768669228e+00,0.000000000000e+00,0.000000000000e+00
8.296000000000e-01,1.309432800263e+00,0.000000000000e+00,1.309432800263e+00,0.000000000000e+00,0.000000000000e+00
8.300000000000e-01,1.304112146354e+00,0.000000000000e+00,1.304112146354e+00,0.000000000000e+00,0.000000000000e+00
8.304000000000e-01,1.298806698135e+00,0.000000000000e+00,1.298806698135e+00,0.000000000000e+00,0.000000000000e+00
8.308000000000e-01,1.293516446020e+00,0.000000000000e+00,1.293516446020e+00,0.000000000000e+00,0.000000000000e+00
8.312000000000e-01,1.288241380277e+00,0.000000000000e+00,1.288241380277e+00,0.000000000000e+00,0.000000000000e+00
8.316000000000e-01,1.282981490943e+00,0.000000000000e+00,1.282981490943e+00,0.000000000000e+00,0.000000000000e+00
8.320000000000e-01,1.277736767925e+00,0.000000000000e+00,1.277736767925e+00,0.000000000000e+00,0.000000000000e+00
8.324000000000e-01,1.272507200886e+00,0.000000000000e+00,1.272507200886e+00,0.000000000000e+00,0.000000000000e+00
8.328000000000e-01,1.267292779373e+00,0.000000000000e+00,1.267292779373e+00,0.000000000000e+00,0.000000000000e+00
8.332000000000e-01,1.262093492683e+00,0.000000000000e+00,1.262093492683e+00,0.000000000000e+00,0.000000000000e+00
8.336000000000e-01,1.256909330004e+00,0.000000000000e+00,1.256909330004e+00,0.000000000000e+00,0.000000000000e+00
8.340000000000e-01,1.251740280275e+00,0.000000000000e+00,1.251740280275e+00,0.000000000000e+00,0.000000000000e+00
8.344000000000e-01,1.246586332323e+00,0.000000000000e+00,1.246586332323e+00,0.000000000000e+00,0.000000000000e+00
8.348000000000e-01,1.241447474735e+00,0.000000000000e+00,1.241447474735e+00,0.000000000000e+00,0.000000000000e+00
8.352000000000e-01,1.236323695983e+00,0.000000000000e+00,1.236323695983e+00,0.000000000000e+00,0.000000000000e+00
8.356000000000e-01,1.231214984304e+00,0.000000000000e+00,1.231214984304e+00,0.000000000000e+00,0.000000000000e+00
8.360000000000e-01,1.226121327818e+00,0.000000000000e+00,1.226121327818e+00,0.000000000000e+00,0.000000000000e+00
8.364000000000e-01,1.221042714419e+00,0.000000000000e+00,1.221042714419e+00,0.000000000000e+00,0.000000000000e+00
8.368000000000e-01,1.215979131873e+00,0.000000000000e+00,1.215979131873e+00,0.000000000000e+00,0.000000000000e+00
8.372000000000e-01,1.210930567741e+00,0.000000000000e+00,1.210930567741e+00,0.000000000000e+00,0.000000000000e+00
8.376000000000e-01,1.205897009437e+00,0.000000000000e+00,1.205897009437e+00,0.000000000000e+00,0.000000000000e+00
8.380000000000e-01,1.200878444190e+00,0.000000000000e+00,1.200878444190e+00,0.000000000000e+00,0.000000000000e+00
8.384000000000e-01,1.195874859069e+00,0.000000000000e+00,1.195874859069e+00,0.000000000000e+00,0.000000000000e+00
8.388000000000e-01,1.190886240973e+00,0.000000000000e+00,1.190886240973e+00,0.000000000000e+00,0.000000000000e+00
8.392000000000e-01,1.185912576631e+00,0.000000000000e+00,1.185912576631e+00,0.000000000000e+00,0.000000000000e+00
8.396000000000e-01,1.180953852617e+00,0.000000000000e+00,1.180953852617e+00,0.000000000000e+00,0.000000000000e+00
8.400000000000e-01,1.176010055321e+00,0.000000000000e+00,1.176010055321e+00,0.000000000000e+00,0.000000000000e+00
8.404000000000e-01,1.171081170996e+00,0.000000000000e+00,1.171081170996e+00,0.000000000000e+00,0.000000000000e+00
8.408000000000e-01,1.166167185698e+00,0.000000000000e+00,1.166167185698e+00,0.000000000000e+00,0.000000000000e+00
8.412000000000e-01,1.161268085363e+00,0.000000000000e+00,1.161268085363e+00,0.000000000000e+00,0.000000000000e+00
8.416000000000e-01,1.156383855718e+00,0.000000000000e+00,1.156383855718e+00,0.000000000000e+00,0.000000000000e+00
8.420000000000e-01,1.151514482383e+00,0.000000000000e+00,1.151514482383e+00,0.000000000000e+00,0.000000000000e+00
8.424000000000e-01,1.146659950763e+00,0.000000000000e+00,1.146659950763e+00,0.000000000000e+00,0.000000000000e+00
8.428000000000e-01,1.141820246161e+00,0.000000000000e+00,1.141820246161e+00,0.000000000000e+00,0.000000000000e+00
8.432000000000e-01,1.136995353668e+00,0.000000000000e+00,1.136995353668e+00,0.000000000000e+00,0.000000000000e+00
8.436000000000e-01,1.132185258274e+00,0.000000000000e+00,1.132185258274e+00,0.000000000000e+00,0.000000000000e+00
8.440000000000e-01,1.127389944757e+00,0.000000000000e+00,1.127389944757e+00,0.000000000000e+00,0.000000000000e+00
8.444000000000e-01,1.122609397799e+00,0.000000000000e+00,1.122609397799e+00,0.000000000000e+00,0.000000000000e+00
8.448000000000e-01,1.117843601871e+00,0.000000000000e+00,1.117843601871e+00,0.000000000000e+00,0.000000000000e+00
8.452000000000e-01,1.113092541347e+00,0.000000000000e+00,1.113092541347e+00,0.000000000000e+00,0.000000000000e+00
8.456000000000e-01,1.108356200399e+00,0.000000000000e+00,1.108356200399e+00,0.000000000000e+00,0.000000000000e+00
8.460000000000e-01,1.103634563094e+00,0.000000000000e+00,1.103634563094e+00,0.000000000000e+00,0.000000000000e+00
8.464000000000e-01,1.098927613308e+00,0.000000000000e+00,1.098927613308e+00,0.000000000000e+00,0.000000000000e+00
8.468000000000e-01,1.094235334805e+00,0.000000000000e+00,1.094235334805e+00,0.000000000000e+00,0.000000000000e+00
8.472000000000e-01,1.089557711173e+00,0.000000000000e+00,1.089557711173e+00,0.000000000000e+00,0.000000000000e+00
8.476000000000e-01,1.084894725874e+00,0.000000000000e+00,1.084894725874e+00,0.000000000000e+00,0.000000000000e+00
8.480000000000e-01,1.080246362210e+00,0.000000000000e+00,1.080246362210e+00,0.000000000000e+00,0.000000000000e+00
8.484000000000e-01,1.075612603346e+00,0.000000000000e+00,1.075612603346e+00,0.000000000000e+00,0.000000000000e+00
8.488000000000e-01,1.070993432304e+00,0.000000000000e+00,1.070993432304e+00,0.000000000000e+00,0.000000000000e+00
8.492000000000e-01,1.066388831955e+00,0.000000000000e+00,1.066388831955e+00,0.000000000000e+00,0.000000000000e+00
8.496000000000e-01,1.061798785042e+00,0.000000000000e+00,1.061798785042e+00,0.000000000000e+00,0.000000000000e+00
8.500000000000e-01,1.057223274147e+00,0.000000000000e+00,1.057223274147e+00,0.000000000000e+00,0.000000000000e+00
8.504000000000e-01,1.052662281740e+00,0.000000000000e+00,1.052662281740e+00,0.000000000000e+00,0.000000000000e+00
8.508000000000e-01,1.048115790117e+00,0.000000000000e+00,1.048115790117e+00,0.000000000000e+00,0.000000000000e+00
8.512000000000e-01,1.043583781476e+00,0.000000000000e+00,1.043583781476e+00,0.000000000000e+00,0.000000000000e+00
8.516000000000e-01,1.039066237834e+00,0.000000000000e+00,1.039066237834e+00,0.000000000000e+00,0.000000000000e+00
8.520000000000e-01,1.034563141119e+00,0.000000000000e+00,1.034563141119e+00,0.000000000000e+00,0.000000000000e+00
8.524000000000e-01,1.030074473076e+00,0.000000000000e+00,1.030074473076e+00,0.000000000000e+00,0.000000000000e+00
8.528000000000e-01,1.025600215363e+00,0.000000000000e+00,1.025600215363e+00,0.000000000000e+00,0.000000000000e+00
8.532000000000e-01,1.021140349456e+00,0.000000000000e+00,1.021140349456e+00,0.000000000000e+00,0.000000000000e+00
8.536000000000e-01,1.016694856749e+00,0.000000000000e+00,1.016694856749e+00,0.000000000000e+00,0.000000000000e+00
8.540000000000e-01,1.012263718455e+00,0.000000000000e+00,1.012263718455e+00,0.000000000000e+00,0.000000000000e+00
8.544000000000e-01,1.007846915705e+00,0.000000000000e+00,1.007846915705e+00,0.000000000000e+00,0.000000000000e+00
8.548000000000e-01,1.003444429453e+00,0.000000000000e+00,1.003444429453e+00,0.000000000000e+00,0.000000000000e+00
8.552000000000e-01,9.990562405695e-01,0.000000000000e+00,9.990562405695e-01,0.000000000000e+00,0.000000000000e+00
8.556000000000e-01,9.946823297559e-01,0.000000000000e+00,9.946823297559e-01,0.000000000000e+00,0.000000000000e+00
8.560000000000e-01,9.903226776235e-01,0.000000000000e+00,9.903226776235e-01,0.000000000000e+00,0.000000000000e+00
8.564000000000e-01,9.859772646269e-01,0.000000000000e+00,9.859772646269e-01,0.000000000000e+00,0.000000000000e+00
8.568000000000e-01,9.816460711214e-01,0.000000000000e+00,9.816460711214e-01,0.000000000000e+00,0.000000000000e+00
8.572000000000e-01,9.773290773180e-01,0.000000000000e+00,9.773290773180e-01,0.000000000000e+00,0.000000000000e+00
8.576000000000e-01,9.730262633198e-01,0.000000000000e+00,9.730262633198e-01,0.000000000000e+00,0.000000000000e+00
8.580000000000e-01,9.687376090985e-01,0.000000000000e+00,9.687376090985e-01,0.000000000000e+00,0.000000000000e+00
8.584000000000e-01,9.644630945081e-01,0.000000000000e+00,9.644630945081e-01,0.000000000000e+00,0.000000000000e+00
8.588000000000e-01,9.602026992849e-01,0.000000000000e+00,9.602026992849e-01,0.000000000000e+00,0.000000000000e+00
8.592000000000e-01,9.559564030379e-01,0.000000000000e+00,9.559564030379e-01,0.000000000000e+00,0.000000000000e+00
8.596000000000e-01,9.517241852714e-01,0.000000000000e+00,9.517241852714e-01,0.000000000000e+00,0.000000000000e+00
8.600000000000e-01,9.475060253533e-01,0.000000000000e+00,9.475060253533e-01,0.000000000000e+00,0.000000000000e+00
8.604000000000e-01,9.433019025590e-01,0.000000000000e+00,9.433019025590e-01,0.000000000000e+00,0.000000000000e+00
8.608000000000e-01,9.391117960200e-01,0.000000000000e+00,9.391117960200e-01,0.000000000000e+00,0.000000000000e+00
8.612000000000e-01,9.349356847854e-01,0.000000000000e+00,9.349356847854e-01,0.000000000000e+00,0.000000000000e+00
8.616000000000e-01,9.307735477552e-01,0.000000000000e+00,9.307735477552e-01,0.000000000000e+00,0.000000000000e+00
8.620000000000e-01,9.266253637547e-01,0.000000000000e+00,9.266253637547e-01,0.000000000000e+00,0.000000000000e+00
8.624000000000e-01,9.224911114571e-01,0.000000000000e+00,9.224911114571e-01,0.000000000000e+00,0.000000000000e+00
8.628000000000e-01,9.183707694666e-01,0.000000000000e+00,9.183707694666e-01,0.000000000000e+00,0.000000000000e+00
8.632000000000e-01,9.142643162345e-01,0.000000000000e+00,9.142643162345e-01,0.000000000000e+00,0.000000000000e+00
8.636000000000e-01,9.101717301460e-01,0.000000000000e+00,9.101717301460e-01,0.000000000000e+00,0.000000000000e+00
8.640000000000e-01,9.060929894359e-01,0.000000000000e+00,9.060929894359e-01,0.000000000000e+00,0.000000000000e+00
8.644000000000e-01,9.020280722723e-01,0.000000000000e+00,9.020280722723e-01,0.000000000000e+00,0.000000000000e+00
8.648000000000e-01,8.979769566788e-01,0.000000000000e+00,8.979769566788e-01,0.000000000000e+00,0.000000000000e+00
8.652000000000e-01,8.939396206086e-01,0.000000000000e+00,8.939396206086e-01,0.000000000000e+00,0.000000000000e+00
8.656000000000e-01,8.899160418789e-01,0.000000000000e+00,8.899160418789e-01,0.000000000000e+00,0.000000000000e+00
8.660000000000e-01,8.859061982310e-01,0.000000000000e+00,8.859061982310e-01,0.000000000000e+00,0.000000000000e+00
8.664000000000e-01,8.819100672797e-01,0.000000000000e+00,8.819100672797e-01,0.000000000000e+00,0.000000000000e+00
8.668000000000e-01,8.779276265572e-01,0.000000000000e+00,8.779276265572e-01,0.000000000000e+00,0.000000000000e+00
8.672000000000e-01,8.739588534805e-01,0.000000000000e+00,8.739588534805e-01,0.000000000000e+00,0.000000000000e+00
8.676000000000e-01,8.700037253761e-01,0.000000000000e+00,8.700037253761e-01,0.000000000000e+00,0.000000000000e+00
8.680000000000e-01,8.660622194665e-01,0.000000000000e+00,8.660622194665e-01,0.000000000000e+00,0.000000000000e+00
8.684000000000e-01,8.621343128760e-01,0.000000000000e+00,8.621343128760e-01,0.000000000000e+00,0.000000000000e+00
8.688000000000e-01,8.582199826364e-01,0.000000000000e+00,8.582199826364e-01,0.000000000000e+00,0.000000000000e+00
8.692000000000e-01,8.543192056738e-01,0.000000000000e+00,8.543192056738e-01,0.000000000000e+00,0.000000000000e+00
8.696000000000e-01,8.504319588322e-01,0.000000000000e+00,8.504319588322e-01,0.000000000000e+00,0.000000000000e+00
8.700000000000e-01,8.465582188435e-01,0.000000000000e+00,8.465582188435e-01,0.000000000000e+00,0.000000000000e+00
8.704000000000e-01,8.426979623669e-01,0.000000000000e+00,8.426979623669e-01,0.000000000000e+00,0.000000000000e+00
8.708000000000e-01,8.388511659445e-01,0.000000000000e+00,8.388511659445e-01,0.000000000000e+00,0.000000000000e+00
8.712000000000e-01,8.350178060535e-01,0.000000000000e+00,8.350178060535e-01,0.000000000000e+00,0.000000000000e+00
8.716000000000e-01,8.311978590505e-01,0.000000000000e+00,8.311978590505e-01,0.000000000000e+00,0.000000000000e+00
8.720000000000e-01,8.273913012332e-01,0.000000000000e+00,8.273913012332e-01,0.000000000000e+00,0.000000000000e+00
8.724000000000e-01,8.235981087772e-01,0.000000000000e+00,8.235981087772e-01,0.000000000000e+00,0.000000000000e+00
8.728000000000e-01,8.198182578035e-01,0.000000000000e+00,8.198182578035e-01,0.000000000000e+00,0.000000000000e+00
8.732000000000e-01,8.160517243112e-01,0.000000000000e+00,8.160517243112e-01,0.000000000000e+00,0.000000000000e+00
8.736000000000e-01,8.122984842466e-01,0.000000000000e+00,8.122984842466e-01,0.000000000000e+00,0.000000000000e+00
8.740000000000e-01,8.085585134374e-01,0.000000000000e+00,8.085585134374e-01,0.000000000000e+00,0.000000000000e+00
8.744000000000e-01,8.048317876574e-01,0.000000000000e+00,8.048317876574e-01,0.000000000000e+00,0.000000000000e+00
8.748000000000e-01,8.011182825673e-01,0.000000000000e+00,8.011182825673e-01,0.000000000000e+00,0.000000000000e+00
8.752000000000e-01,7.974179737711e-01,0.000000000000e+00,7.974179737711e-01,0.000000000000e+00,0.000000000000e+00
8.756000000000e-01,7.937308367668e-01,0.000000000000e+00,7.937308367668e-01,0.000000000000e+00,0.000000000000e+00
8.760000000000e-01,7.900568469913e-01,0.000000000000e+00,7.900568469913e-01,0.000000000000e+00,0.000000000000e+00
8.764000000000e-01,7.863959797839e-01,0.000000000000e+00,7.863959797839e-01,0.000000000000e+00,0.000000000000e+00
8.768000000000e-01,7.827482104175e-01,0.000000000000e+00,7.827482104175e-01,0.000000000000e+00,0.000000000000e+00
8.772000000000e-01,7.791135140764e-01,0.000000000000e+00,7.791135140764e-01,0.000000000000e+00,0.000000000000e+00
8.776000000000e-01,7.754918658726e-01,0.000000000000e+00,7.754918658726e-01,0.000000000000e+00,0.000000000000e+00
8.780000000000e-01,7.718832408391e-01,0.000000000000e+00,7.718832408391e-01,0.000000000000e+00,0.000000000000e+00
8.784000000000e-01,7.682876139305e-01,0.000000000000e+00,7.682876139305e-01,0.000000000000e+00,0.000000000000e+00
8.788000000000e-01,7.647049600315e-01,0.000000000000e+00,7.647049600315e-01,0.000000000000e+00,0.000000000000e+00
8.792000000000e-01,7.611352539431e-01,0.000000000000e+00,7.611352539431e-01,0.000000000000e+00,0.000000000000e+00
8.796000000000e-01,7.575784704046e-01,0.000000000000e+00,7.575784704046e-01,0.000000000000e+00,0.000000000000e+00
8.800000000000e-01,7.540345840673e-01,0.000000000000e+00,7.540345840673e-01,0.000000000000e+00,0.000000000000e+00
8.804000000000e-01,7.505035695282e-01,0.000000000000e+00,7.505035695282e-01,0.000000000000e+00,0.000000000000e+00
8.808000000000e-01,7.469854012927e-01,0.000000000000e+00,7.469854012927e-01,0.000000000000e+00,0.000000000000e+00
8.812000000000e-01,7.434800538180e-01,0.000000000000e+00,7.434800538180e-01,0.000000000000e+00,0.000000000000e+00
8.816000000000e-01,7.399875014677e-01,0.000000000000e+00,7.399875014677e-01,0.000000000000e+00,0.000000000000e+00
8.820000000000e-01,7.365077185618e-01,0.000000000000e+00,7.365077185618e-01,0.000000000000e+00,0.000000000000e+00
8.824000000000e-01,7.330406793265e-01,0.000000000000e+00,7.330406793265e-01,0.000000000000e+00,0.000000000000e+00
8.828000000000e-01,7.295863579469e-01,0.000000000000e+00,7.295863579469e-01,0.000000000000e+00,0.000000000000e+00
8.832000000000e-01,7.261447285158e-01,0.000000000000e+00,7.261447285158e-01,0.000000000000e+00,0.000000000000e+00
8.836000000000e-01,7.227157650859e-01,0.000000000000e+00,7.227157650859e-01,0.000000000000e+00,0.000000000000e+00
8.840000000000e-01,7.192994416210e-01,0.000000000000e+00,7.192994416210e-01,0.000000000000e+00,0.000000000000e+00
8.844000000000e-01,7.158957320436e-01,0.000000000000e+00,7.158957320436e-01,0.000000000000e+00,0.000000000000e+00
8.848000000000e-01,7.125046101925e-01,0.000000000000e+00,7.125046101925e-01,0.000000000000e+00,0.000000000000e+00
8.852000000000e-01,7.091260498630e-01,0.000000000000e+00,7.091260498630e-01,0.000000000000e+00,0.000000000000e+00
8.856000000000e-01,7.057600247724e-01,0.000000000000e+00,7.057600247724e-01,0.000000000000e+00,0.000000000000e+00
8.860000000000e-01,7.024065085913e-01,0.000000000000e+00,7.024065085913e-01,0.000000000000e+00,0.000000000000e+00
8.864000000000e-01,6.990654749195e-01,0.000000000000e+00,6.990654749195e-01,0.000000000000e+00,0.000000000000e+00
8.868000000000e-01,6.957368973060e-01,0.000000000000e+00,6.957368973060e-01,0.000000000000e+00,0.000000000000e+00
8.872000000000e-01,6.924207492362e-01,0.000000000000e+00,6.924207492362e-01,0.000000000000e+00,0.000000000000e+00
8.876000000000e-01,6.891170041406e-01,0.000000000000e+00,6.891170041406e-01,0.000000000000e+00,0.000000000000e+00
8.880000000000e-01,6.858256353935e-01,0.000000000000e+00,6.858256353935e-01,0.000000000000e+00,0.000000000000e+00
8.884000000000e-01,6.825466163102e-01,0.000000000000e+00,6.825466163102e-01,0.000000000000e+00,0.000000000000e+00
8.888000000000e-01,6.792799201567e-01,0.000000000000e+00,6.792799201567e-01,0.000000000000e+00,0.000000000000e+00
8.892000000000e-01,6.760255201369e-01,0.000000000000e+00,6.760255201369e-01,0.000000000000e+00,0.000000000000e+00
8.896000000000e-01,6.727833894111e-01,0.000000000000e+00,6.727833894111e-01,0.000000000000e+00,0.000000000000e+00
8.900000000000e-01,6.695535010752e-01,0.000000000000e+00,6.695535010752e-01,0.000000000000e+00,0.000000000000e+00
8.904000000000e-01,6.663358281868e-01,0.000000000000e+00,6.663358281868e-01,0.000000000000e+00,0.000000000000e+00
8.908000000000e-01,6.631303437373e-01,0.000000000000e+00,6.631303437373e-01,0.000000000000e+00,0.000000000000e+00
8.912000000000e-01,6.599370206842e-01,0.000000000000e+00,6.599370206842e-01,0.000000000000e+00,0.000000000000e+00
8.916000000000e-01,6.567558319180e-01,0.000000000000e+00,6.567558319180e-01,0.000000000000e+00,0.000000000000e+00
8.920000000000e-01,6.535867502985e-01,0.000000000000e+00,6.535867502985e-01,0.000000000000e+00,0.000000000000e+00
8.924000000000e-01,6.504297486192e-01,0.000000000000e+00,6.504297486192e-01,0.000000000000e+00,0.000000000000e+00
8.928000000000e-01,6.472847996447e-01,0.000000000000e+00,6.472847996447e-01,0.000000000000e+00,0.000000000000e+00
8.932000000000e-01,6.441518760751e-01,0.000000000000e+00,6.441518760751e-01,0.000000000000e+00,0.000000000000e+00
8.936000000000e-01,6.410309505822e-01,0.000000000000e+00,6.410309505822e-01,0.000000000000e+00,0.000000000000e+00
8.940000000000e-01,6.379219957765e-01,0.000000000000e+00,6.379219957765e-01,0.000000000000e+00,0.000000000000e+00
8.944000000000e-01,6.348249842393e-01,0.000000000000e+00,6.348249842393e-01,0.000000000000e+00,0.000000000000e+00
8.948000000000e-01,6.317398884950e-01,0.000000000000e+00,6.317398884950e-01,0.000000000000e+00,0.000000000000e+00
8.952000000000e-01,6.286666810373e-01,0.000000000000e+00,6.286666810373e-01,0.000000000000e+00,0.000000000000e+00
8.956000000000e-01,6.256053343075e-01,0.000000000000e+00,6.256053343075e-01,0.000000000000e+00,0.000000000000e+00
8.960000000000e-01,6.225558207145e-01,0.000000000000e+00,6.225558207145e-01,0.000000000000e+00,0.000000000000e+00
8.964000000000e-01,6.195181126201e-01,0.000000000000e+00,6.195181126201e-01,0.000000000000e+00,0.000000000000e+00
8.968000000000e-01,6.164921823508e-01,0.000000000000e+00,6.164921823508e-01,0.000000000000e+00,0.000000000000e+00
8.972000000000e-01,6.134780021917e-01,0.000000000000e+00,6.134780021917e-01,0.000000000000e+00,0.000000000000e+00
8.976000000000e-01,6.104755443905e-01,0.000000000000e+00,6.104755443905e-01,0.000000000000e+00,0.000000000000e+00
8.980000000000e-01,6.074847811582e-01,0.000000000000e+00,6.074847811582e-01,0.000000000000e+00,0.000000000000e+00
8.984000000000e-01,6.045056846667e-01,0.000000000000e+00,6.045056846667e-01,0.000000000000e+00,0.000000000000e+00
8.988000000000e-01,6.015382270557e-01,0.000000000000e+00,6.015382270557e-01,0.000000000000e+00,0.000000000000e+00
8.992000000000e-01,5.985823804243e-01,0.000000000000e+00,5.985823804243e-01,0.000000000000e+00,0.000000000000e+00
8.996000000000e-01,5.956381168439e-01,0.000000000000e+00,5.956381168439e-01,0.000000000000e+00,0.000000000000e+00
9.000000000000e-01,5.927054083436e-01,0.000000000000e+00,5.927054083436e-01,0.000000000000e+00,0.000000000000e+00
9.004000000000e-01,5.897842269291e-01,0.000000000000e+00,5.897842269291e-01,0.000000000000e+00,0.000000000000e+00
9.008000000000e-01,5.868745445631e-01,0.000000000000e+00,5.868745445631e-01,0.000000000000e+00,0.000000000000e+00
9.012000000000e-01,5.839763331876e-01,0.000000000000e+00,5.839763331876e-01,0.000000000000e+00,0.000000000000e+00
9.016000000000e-01,5.810895647023e-01,0.000000000000e+00,5.810895647023e-01,0.000000000000e+00,0.000000000000e+00
9.020000000000e-01,5.782142109882e-01,0.000000000000e+00,5.782142109882e-01,0.000000000000e+00,0.000000000000e+00
9.024000000000e-01,5.753502438851e-01,0.000000000000e+00,5.753502438851e-01,0.000000000000e+00,0.000000000000e+00
9.028000000000e-01,5.724976352151e-01,0.000000000000e+00,5.724976352151e-01,0.000000000000e+00,0.000000000000e+00
9.032000000000e-01,5.696563567615e-01,0.000000000000e+00,5.696563567615e-01,0.000000000000e+00,0.000000000000e+00
9.036000000000e-01,5.668263802902e-01,0.000000000000e+00,5.668263802902e-01,0.000000000000e+00,0.000000000000e+00
9.040000000000e-01,5.640076775307e-01,0.000000000000e+00,5.640076775307e-01,0.000000000000e+00,0.000000000000e+00
9.044000000000e-01,5.612002201953e-01,0.000000000000e+00,5.612002201953e-01,0.000000000000e+00,0.000000000000e+00
9.048000000000e-01,5.584039799629e-01,0.000000000000e+00,5.584039799629e-01,0.000000000000e+00,0.000000000000e+00
9.052000000000e-01,5.556189284946e-01,0.000000000000e+00,5.556189284946e-01,0.000000000000e+00,0.000000000000e+00
9.056000000000e-01,5.528450374216e-01,0.000000000000e+00,5.528450374216e-01,0.000000000000e+00,0.000000000000e+00
9.060000000000e-01,5.500822783563e-01,0.000000000000e+00,5.500822783563e-01,0.000000000000e+00,0.000000000000e+00
9.064000000000e-01,5.473306228852e-01,0.000000000000e+00,5.473306228852e-01,0.000000000000e+00,0.000000000000e+00
9.068000000000e-01,5.445900425747e-01,0.000000000000e+00,5.445900425747e-01,0.000000000000e+00,0.000000000000e+00
9.072000000000e-01,5.418605089690e-01,0.000000000000e+00,5.418605089690e-01,0.000000000000e+00,0.000000000000e+00
9.076000000000e-01,5.391419935914e-01,0.000000000000e+00,5.391419935914e-01,0.000000000000e+00,0.000000000000e+00
9.080000000000e-01,5.364344679463e-01,0.000000000000e+00,5.364344679463e-01,0.000000000000e+00,0.000000000000e+00
9.084000000000e-01,5.337379035168e-01,0.000000000000e+00,5.337379035168e-01,0.000000000000e+00,0.000000000000e+00
9.088000000000e-01,5.310522717702e-01,0.000000000000e+00,5.310522717702e-01,0.000000000000e+00,0.000000000000e+00
9.092000000000e-01,5.283775441519e-01,0.000000000000e+00,5.283775441519e-01,0.000000000000e+00,0.000000000000e+00
9.096000000000e-01,5.257136920942e-01,0.000000000000e+00,5.257136920942e-01,0.000000000000e+00,0.000000000000e+00
9.100000000000e-01,5.230606870083e-01,0.000000000000e+00,5.230606870083e-01,0.000000000000e+00,0.000000000000e+00
9.104000000000e-01,5.204185002938e-01,0.000000000000e+00,5.204185002938e-01,0.000000000000e+00,0.000000000000e+00
9.108000000000e-01,5.177871033300e-01,0.000000000000e+00,5.177871033300e-01,0.000000000000e+00,0.000000000000e+00
9.112000000000e-01,5.151664674866e-01,0.000000000000e+00,5.151664674866e-01,0.000000000000e+00,0.000000000000e+00
9.116000000000e-01,5.125565641137e-01,0.000000000000e+00,5.125565641137e-01,0.000000000000e+00,0.000000000000e+00
9.120000000000e-01,5.099573645533e-01,0.000000000000e+00,5.099573645533e-01,0.000000000000e+00,0.000000000000e+00
9.124000000000e-01,5.073688401292e-01,0.000000000000e+00,5.073688401292e-01,0.000000000000e+00,0.000000000000e+00
9.128000000000e-01,5.047909621579e-01,0.000000000000e+00,5.047909621579e-01,0.000000000000e+00,0.000000000000e+00
9.132000000000e-01,5.022237019398e-01,0.000000000000e+00,5.022237019398e-01,0.000000000000e+00,0.000000000000e+00
9.136000000000e-01,4.996670307682e-01,0.000000000000e+00,4.996670307682e-01,0.000000000000e+00,0.000000000000e+00
9.140000000000e-01,4.971209199226e-01,0.000000000000e+00,4.971209199226e-01,0.000000000000e+00,0.000000000000e+00
9.144000000000e-01,4.945853406756e-01,0.000000000000e+00,4.945853406756e-01,0.000000000000e+00,0.000000000000e+00
9.148000000000e-01,4.920602642882e-01,0.000000000000e+00,4.920602642882e-01,0.000000000000e+00,0.000000000000e+00
9.152000000000e-01,4.895456620148e-01,0.000000000000e+00,4.895456620148e-01,0.000000000000e+00,0.000000000000e+00
9.156000000000e-01,4.870415051004e-01,0.000000000000e+00,4.870415051004e-01,0.000000000000e+00,0.000000000000e+00
9.160000000000e-01,4.845477647838e-01,0.000000000000e+00,4.845477647838e-01,0.000000000000e+00,0.000000000000e+00
9.164000000000e-01,4.820644122963e-01,0.000000000000e+00,4.820644122963e-01,0.000000000000e+00,0.000000000000e+00
9.168000000000e-01,4.795914188634e-01,0.000000000000e+00,4.795914188634e-01,0.000000000000e+00,0.000000000000e+00
9.172000000000e-01,4.771287557050e-01,0.000000000000e+00,4.771287557050e-01,0.000000000000e+00,0.000000000000e+00
9.176000000000e-01,4.746763940359e-01,0.000000000000e+00,4.746763940359e-01,0.000000000000e+00,0.000000000000e+00
9.180000000000e-01,4.722343050671e-01,0.000000000000e+00,4.722343050671e-01,0.000000000000e+00,0.000000000000e+00
9.184000000000e-01,4.698024600051e-01,0.000000000000e+00,4.698024600051e-01,0.000000000000e+00,0.000000000000e+00
9.188000000000e-01,4.673808300539e-01,0.000000000000e+00,4.673808300539e-01,0.000000000000e+00,0.000000000000e+00
9.192000000000e-01,4.649693864143e-01,0.000000000000e+00,4.649693864143e-01,0.000000000000e+00,0.000000000000e+00
9.196000000000e-01,4.625681002857e-01,0.000000000000e+00,4.625681002857e-01,0.000000000000e+00,0.000000000000e+00
9.200000000000e-01,4.601769428657e-01,0.000000000000e+00,4.601769428657e-01,0.000000000000e+00,0.000000000000e+00
9.204000000000e-01,4.577958853511e-01,0.000000000000e+00,4.577958853511e-01,0.000000000000e+00,0.000000000000e+00
9.208000000000e-01,4.554248989386e-01,0.000000000000e+00,4.554248989386e-01,0.000000000000e+00,0.000000000000e+00
9.212000000000e-01,4.530639548249e-01,0.000000000000e+00,4.530639548249e-01,0.000000000000e+00,0.000000000000e+00
9.216000000000e-01,4.507130242079e-01,0.000000000000e+00,4.507130242079e-01,0.000000000000e+00,0.000000000000e+00
9.220000000000e-01,4.483720782864e-01,0.000000000000e+00,4.483720782864e-01,0.000000000000e+00,0.000000000000e+00
9.224000000000e-01,4.460410882620e-01,0.000000000000e+00,4.460410882620e-01,0.000000000000e+00,0.000000000000e+00
9.228000000000e-01,4.437200253379e-01,0.000000000000e+00,4.437200253379e-01,0.000000000000e+00,0.000000000000e+00
9.232000000000e-01,4.414088607213e-01,0.000000000000e+00,4.414088607213e-01,0.000000000000e+00,0.000000000000e+00
9.236000000000e-01,4.391075656220e-01,0.000000000000e+00,4.391075656220e-01,0.000000000000e+00,0.000000000000e+00
9.240000000000e-01,4.368161112553e-01,0.000000000000e+00,4.368161112553e-01,0.000000000000e+00,0.000000000000e+00
9.244000000000e-01,4.345344688398e-01,0.000000000000e+00,4.345344688398e-01,0.000000000000e+00,0.000000000000e+00
9.248000000000e-01,4.322626096008e-01,0.000000000000e+00,4.322626096008e-01,0.000000000000e+00,0.000000000000e+00
9.252000000000e-01,4.300005047680e-01,0.000000000000e+00,4.300005047680e-01,0.000000000000e+00,0.000000000000e+00
9.256000000000e-01,4.277481255789e-01,0.000000000000e+00,4.277481255789e-01,0.000000000000e+00,0.000000000000e+00
9.260000000000e-01,4.255054432765e-01,0.000000000000e+00,4.255054432765e-01,0.000000000000e+00,0.000000000000e+00
9.264000000000e-01,4.232724291123e-01,0.000000000000e+00,4.232724291123e-01,0.000000000000e+00,0.000000000000e+00
9.268000000000e-01,4.210490543451e-01,0.000000000000e+00,4.210490543451e-01,0.000000000000e+00,0.000000000000e+00
9.272000000000e-01,4.188352902425e-01,0.000000000000e+00,4.188352902425e-01,0.000000000000e+00,0.000000000000e+00
9.276000000000e-01,4.166311080810e-01,0.000000000000e+00,4.166311080810e-01,0.000000000000e+00,0.000000000000e+00
9.280000000000e-01,4.144364791464e-01,0.000000000000e+00,4.144364791464e-01,0.000000000000e+00,0.000000000000e+00
9.284000000000e-01,4.122513747352e-01,0.000000000000e+00,4.122513747352e-01,0.000000000000e+00,0.000000000000e+00
9.288000000000e-01,4.100757661531e-01,0.000000000000e+00,4.100757661531e-01,0.000000000000e+00,0.000000000000e+00
9.292000000000e-01,4.079096247189e-01,0.000000000000e+00,4.079096247189e-01,0.000000000000e+00,0.000000000000e+00
9.296000000000e-01,4.057529217603e-01,0.000000000000e+00,4.057529217603e-01,0.000000000000e+00,0.000000000000e+00
9.300000000000e-01,4.036056286202e-01,0.000000000000e+00,4.036056286202e-01,0.000000000000e+00,0.000000000000e+00
9.304000000000e-01,4.014677166505e-01,0.000000000000e+00,4.014677166505e-01,0.000000000000e+00,0.000000000000e+00
9.308000000000e-01,3.993391572202e-01,0.000000000000e+00,3.993391572202e-01,0.000000000000e+00,0.000000000000e+00
9.312000000000e-01,3.972199217071e-01,0.000000000000e+00,3.972199217071e-01,0.000000000000e+00,0.000000000000e+00
9.316000000000e-01,3.951099815086e-01,0.000000000000e+00,3.951099815086e-01,0.000000000000e+00,0.000000000000e+00
9.320000000000e-01,3.930093080306e-01,0.000000000000e+00,3.930093080306e-01,0.000000000000e+00,0.000000000000e+00
9.324000000000e-01,3.909178727001e-01,0.000000000000e+00,3.909178727001e-01,0.000000000000e+00,0.000000000000e+00
9.328000000000e-01,3.888356469536e-01,0.000000000000e+00,3.888356469536e-01,0.000000000000e+00,0.000000000000e+00
9.332000000000e-01,3.867626022496e-01,0.000000000000e+00,3.867626022496e-01,0.000000000000e+00,0.000000000000e+00
9.336000000000e-01,3.846987100571e-01,0.000000000000e+00,3.846987100571e-01,0.000000000000e+00,0.000000000000e+00
9.340000000000e-01,3.826439418677e-01,0.000000000000e+00,3.826439418677e-01,0.000000000000e+00,0.000000000000e+00
9.344000000000e-01,3.805982691851e-01,0.000000000000e+00,3.805982691851e-01,0.000000000000e+00,0.000000000000e+00
9.348000000000e-01,3.785616635358e-01,0.000000000000e+00,3.785616635358e-01,0.000000000000e+00,0.000000000000e+00
9.352000000000e-01,3.765340964603e-01,0.000000000000e+00,3.765340964603e-01,0.000000000000e+00,0.000000000000e+00
9.356000000000e-01,3.745155395215e-01,0.000000000000e+00,3.745155395215e-01,0.000000000000e+00,0.000000000000e+00
9.360000000000e-01,3.725059642988e-01,0.000000000000e+00,3.725059642988e-01,0.000000000000e+00,0.000000000000e+00
9.364000000000e-01,3.705053423931e-01,0.000000000000e+00,3.705053423931e-01,0.000000000000e+00,0.000000000000e+00
9.368000000000e-01,3.685136454246e-01,0.000000000000e+00,3.685136454246e-01,0.000000000000e+00,0.000000000000e+00
9.372000000000e-01,3.665308450342e-01,0.000000000000e+00,3.665308450342e-01,0.000000000000e+00,0.000000000000e+00
9.376000000000e-01,3.645569128848e-01,0.000000000000e+00,3.645569128848e-01,0.000000000000e+00,0.000000000000e+00
9.380000000000e-01,3.625918206587e-01,0.000000000000e+00,3.625918206587e-01,0.000000000000e+00,0.000000000000e+00
9.384000000000e-01,3.606355400634e-01,0.000000000000e+00,3.606355400634e-01,0.000000000000e+00,0.000000000000e+00
9.388000000000e-01,3.586880428244e-01,0.000000000000e+00,3.586880428244e-01,0.000000000000e+00,0.000000000000e+00
9.392000000000e-01,3.567493006956e-01,0.000000000000e+00,3.567493006956e-01,0.000000000000e+00,0.000000000000e+00
9.396000000000e-01,3.548192854476e-01,0.000000000000e+00,3.548192854476e-01,0.000000000000e+00,0.000000000000e+00
9.400000000000e-01,3.528979688821e-01,0.000000000000e+00,3.528979688821e-01,0.000000000000e+00,0.000000000000e+00
9.404000000000e-01,3.509853228167e-01,0.000000000000e+00,3.509853228167e-01,0.000000000000e+00,0.000000000000e+00
9.408000000000e-01,3.490813191025e-01,0.000000000000e+00,3.490813191025e-01,0.000000000000e+00,0.000000000000e+00
9.412000000000e-01,3.471859296062e-01,0.000000000000e+00,3.471859296062e-01,0.000000000000e+00,0.000000000000e+00
9.416000000000e-01,3.452991262294e-01,0.000000000000e+00,3.452991262294e-01,0.000000000000e+00,0.000000000000e+00
9.420000000000e-01,3.434208808898e-01,0.000000000000e+00,3.434208808898e-01,0.000000000000e+00,0.000000000000e+00
9.424000000000e-01,3.415511655413e-01,0.000000000000e+00,3.415511655413e-01,0.000000000000e+00,0.000000000000e+00
9.428000000000e-01,3.396899521544e-01,0.000000000000e+00,3.396899521544e-01,0.000000000000e+00,0.000000000000e+00
9.432000000000e-01,3.378372127363e-01,0.000000000000e+00,3.378372127363e-01,0.000000000000e+00,0.000000000000e+00
9.436000000000e-01,3.359929193126e-01,0.000000000000e+00,3.359929193126e-01,0.000000000000e+00,0.000000000000e+00
9.440000000000e-01,3.341570439451e-01,0.000000000000e+00,3.341570439451e-01,0.000000000000e+00,0.000000000000e+00
9.444000000000e-01,3.323295587162e-01,0.000000000000e+00,3.323295587162e-01,0.000000000000e+00,0.000000000000e+00
9.448000000000e-01,3.305104357437e-01,0.000000000000e+00,3.305104357437e-01,0.000000000000e+00,0.000000000000e+00
9.452000000000e-01,3.286996471686e-01,0.000000000000e+00,3.286996471686e-01,0.000000000000e+00,0.000000000000e+00
9.456000000000e-01,3.268971651661e-01,0.000000000000e+00,3.268971651661e-01,0.000000000000e+00,0.000000000000e+00
9.460000000000e-01,3.251029619377e-01,0.000000000000e+00,3.251029619377e-01,0.000000000000e+00,0.000000000000e+00
9.464000000000e-01,3.233170097172e-01,0.000000000000e+00,3.233170097172e-01,0.000000000000e+00,0.000000000000e+00
9.468000000000e-01,3.215392807682e-01,0.000000000000e+00,3.215392807682e-01,0.000000000000e+00,0.000000000000e+00
9.472000000000e-01,3.197697473846e-01,0.000000000000e+00,3.197697473846e-01,0.000000000000e+00,0.000000000000e+00
9.476000000000e-01,3.180083818939e-01,0.000000000000e+00,3.180083818939e-01,0.000000000000e+00,0.000000000000e+00
9.480000000000e-01,3.162551566513e-01,0.000000000000e+00,3.162551566513e-01,0.000000000000e+00,0.000000000000e+00
9.484000000000e-01,3.145100440496e-01,0.000000000000e+00,3.145100440496e-01,0.000000000000e+00,0.000000000000e+00
9.488000000000e-01,3.127730165071e-01,0.000000000000e+00,3.127730165071e-01,0.000000000000e+00,0.000000000000e+00
9.492000000000e-01,3.110440464832e-01,0.000000000000e+00,3.110440464832e-01,0.000000000000e+00,0.000000000000e+00
9.496000000000e-01,3.093231064609e-01,0.000000000000e+00,3.093231064609e-01,0.000000000000e+00,0.000000000000e+00
9.500000000000e-01,3.076101689674e-01,0.000000000000e+00,3.076101689674e-01,0.000000000000e+00,0.000000000000e+00
9.504000000000e-01,3.059052065520e-01,0.000000000000e+00,3.059052065520e-01,0.000000000000e+00,0.000000000000e+00
9.508000000000e-01,3.042081918109e-01,0.000000000000e+00,3.042081918109e-01,0.000000000000e+00,0.000000000000e+00
9.512000000000e-01,3.025190973617e-01,0.000000000000e+00,3.025190973617e-01,0.000000000000e+00,0.000000000000e+00
9.516000000000e-01,3.008378958703e-01,0.000000000000e+00,3.008378958703e-01,0.000000000000e+00,0.000000000000e+00
9.520000000000e-01,2.991645600244e-01,0.000000000000e+00,2.991645600244e-01,0.000000000000e+00,0.000000000000e+00
9.524000000000e-01,2.974990625607e-01,0.000000000000e+00,2.974990625607e-01,0.000000000000e+00,0.000000000000e+00
9.528000000000e-01,2.958413762388e-01,0.000000000000e+00,2.958413762388e-01,0.000000000000e+00,0.000000000000e+00
9.532000000000e-01,2.941914738671e-01,0.000000000000e+00,2.941914738671e-01,0.000000000000e+00,0.000000000000e+00
9.536000000000e-01,2.925493282788e-01,0.000000000000e+00,2.925493282788e-01,0.000000000000e+00,0.000000000000e+00
9.540000000000e-01,2.909149123550e-01,0.000000000000e+00,2.909149123550e-01,0.000000000000e+00,0.000000000000e+00
9.544000000000e-01,2.892881990042e-01,0.000000000000e+00,2.892881990042e-01,0.000000000000e+00,0.000000000000e+00
9.548000000000e-01,2.876691611810e-01,0.000000000000e+00,2.876691611810e-01,0.000000000000e+00,0.000000000000e+00
9.552000000000e-01,2.860577718710e-01,0.000000000000e+00,2.860577718710e-01,0.000000000000e+00,0.000000000000e+00
9.556000000000e-01,2.844540041033e-01,0.000000000000e+00,2.844540041033e-01,0.000000000000e+00,0.000000000000e+00
9.560000000000e-01,2.828578309422e-01,0.000000000000e+00,2.828578309422e-01,0.000000000000e+00,0.000000000000e+00
9.564000000000e-01,2.812692254923e-01,0.000000000000e+00,2.812692254923e-01,0.000000000000e+00,0.000000000000e+00
9.568000000000e-01,2.796881608977e-01,0.000000000000e+00,2.796881608977e-01,0.000000000000e+00,0.000000000000e+00
9.572000000000e-01,2.781146103399e-01,0.000000000000e+00,2.781146103399e-01,0.000000000000e+00,0.000000000000e+00
9.576000000000e-01,2.765485470444e-01,0.000000000000e+00,2.765485470444e-01,0.000000000000e+00,0.000000000000e+00
9.580000000000e-01,2.749899442704e-01,0.000000000000e+00,2.749899442704e-01,0.000000000000e+00,0.000000000000e+00
9.584000000000e-01,2.734387753259e-01,0.000000000000e+00,2.734387753259e-01,0.000000000000e+00,0.000000000000e+00
9.588000000000e-01,2.718950135496e-01,0.000000000000e+00,2.718950135496e-01,0.000000000000e+00,0.000000000000e+00
9.592000000000e-01,2.703586323325e-01,0.000000000000e+00,2.703586323325e-01,0.000000000000e+00,0.000000000000e+00
9.596000000000e-01,2.688296050943e-01,0.000000000000e+00,2.688296050943e-01,0.000000000000e+00,0.000000000000e+00
9.600000000000e-01,2.673079053103e-01,0.000000000000e+00,2.673079053103e-01,0.000000000000e+00,0.000000000000e+00
9.604000000000e-01,2.657935064825e-01,0.000000000000e+00,2.657935064825e-01,0.000000000000e+00,0.000000000000e+00
9.608000000000e-01,2.642863821709e-01,0.000000000000e+00,2.642863821709e-01,0.000000000000e+00,0.000000000000e+00
9.612000000000e-01,2.627865059616e-01,0.000000000000e+00,2.627865059616e-01,0.000000000000e+00,0.000000000000e+00
9.616000000000e-01,2.612938515002e-01,0.000000000000e+00,2.612938515002e-01,0.000000000000e+00,0.000000000000e+00
9.620000000000e-01,2.598083924585e-01,0.000000000000e+00,2.598083924585e-01,0.000000000000e+00,0.000000000000e+00
9.624000000000e-01,2.583301025678e-01,0.000000000000e+00,2.583301025678e-01,0.000000000000e+00,0.000000000000e+00
9.628000000000e-01,2.568589555875e-01,0.000000000000e+00,2.568589555875e-01,0.000000000000e+00,0.000000000000e+00
9.632000000000e-01,2.553949253354e-01,0.000000000000e+00,2.553949253354e-01,0.000000000000e+00,0.000000000000e+00
9.636000000000e-01,2.539379856598e-01,0.000000000000e+00,2.539379856598e-01,0.000000000000e+00,0.000000000000e+00
9.640000000000e-01,2.524881104656e-01,0.000000000000e+00,2.524881104656e-01,0.000000000000e+00,0.000000000000e+00
9.644000000000e-01,2.510452736917e-01,0.000000000000e+00,2.510452736917e-01,0.000000000000e+00,0.000000000000e+00
9.648000000000e-01,2.496094493307e-01,0.000000000000e+00,2.496094493307e-01,0.000000000000e+00,0.000000000000e+00
9.652000000000e-01,2.481806114132e-01,0.000000000000e+00,2.481806114132e-01,0.000000000000e+00,0.000000000000e+00
9.656000000000e-01,2.467587340204e-01,0.000000000000e+00,2.467587340204e-01,0.000000000000e+00,0.000000000000e+00
9.660000000000e-01,2.453437912760e-01,0.000000000000e+00,2.453437912760e-01,0.000000000000e+00,0.000000000000e+00
9.664000000000e-01,2.439357573504e-01,0.000000000000e+00,2.439357573504e-01,0.000000000000e+00,0.000000000000e+00
9.668000000000e-01,2.425346064617e-01,0.000000000000e+00,2.425346064617e-01,0.000000000000e+00,0.000000000000e+00
9.672000000000e-01,2.411403128704e-01,0.000000000000e+00,2.411403128704e-01,0.000000000000e+00,0.000000000000e+00
9.676000000000e-01,2.397528508897e-01,0.000000000000e+00,2.397528508897e-01,0.000000000000e+00,0.000000000000e+00
9.680000000000e-01,2.383721948715e-01,0.000000000000e+00,2.383721948715e-01,0.000000000000e+00,0.000000000000e+00
9.684000000000e-01,2.369983192249e-01,0.000000000000e+00,2.369983192249e-01,0.000000000000e+00,0.000000000000e+00
9.688000000000e-01,2.356311983943e-01,0.000000000000e+00,2.356311983943e-01,0.000000000000e+00,0.000000000000e+00
9.692000000000e-01,2.342708068854e-01,0.000000000000e+00,2.342708068854e-01,0.000000000000e+00,0.000000000000e+00
9.696000000000e-01,2.329171192363e-01,0.000000000000e+00,2.329171192363e-01,0.000000000000e+00,0.000000000000e+00
9.700000000000e-01,2.315701100497e-01,0.000000000000e+00,2.315701100497e-01,0.000000000000e+00,0.000000000000e+00
9.704000000000e-01,2.302297539590e-01,0.000000000000e+00,2.302297539590e-01,0.000000000000e+00,0.000000000000e+00
9.708000000000e-01,2.288960256643e-01,0.000000000000e+00,2.288960256643e-01,0.000000000000e+00,0.000000000000e+00
9.712000000000e-01,2.275688998955e-01,0.000000000000e+00,2.275688998955e-01,0.000000000000e+00,0.000000000000e+00
9.716000000000e-01,2.262483514504e-01,0.000000000000e+00,2.262483514504e-01,0.000000000000e+00,0.000000000000e+00
9.720000000000e-01,2.249343551571e-01,0.000000000000e+00,2.249343551571e-01,0.000000000000e+00,0.000000000000e+00
9.724000000000e-01,2.236268859112e-01,0.000000000000e+00,2.236268859112e-01,0.000000000000e+00,0.000000000000e+00
9.728000000000e-01,2.223259186404e-01,0.000000000000e+00,2.223259186404e-01,0.000000000000e+00,0.000000000000e+00
9.732000000000e-01,2.210314283384e-01,0.000000000000e+00,2.210314283384e-01,0.000000000000e+00,0.000000000000e+00
9.736000000000e-01,2.197433900340e-01,0.000000000000e+00,2.197433900340e-01,0.000000000000e+00,0.000000000000e+00
9.740000000000e-01,2.184617788190e-01,0.000000000000e+00,2.184617788190e-01,0.000000000000e+00,0.000000000000e+00
9.744000000000e-01,2.171865698248e-01,0.000000000000e+00,2.171865698248e-01,0.000000000000e+00,0.000000000000e+00
9.748000000000e-01,2.159177382418e-01,0.000000000000e+00,2.159177382418e-01,0.000000000000e+00,0.000000000000e+00
9.752000000000e-01,2.146552593048e-01,0.000000000000e+00,2.146552593048e-01,0.000000000000e+00,0.000000000000e+00
9.756000000000e-01,2.133991083036e-01,0.000000000000e+00,2.133991083036e-01,0.000000000000e+00,0.000000000000e+00
9.760000000000e-01,2.121492605771e-01,0.000000000000e+00,2.121492605771e-01,0.000000000000e+00,0.000000000000e+00
9.764000000000e-01,2.109056915152e-01,0.000000000000e+00,2.109056915152e-01,0.000000000000e+00,0.000000000000e+00
9.768000000000e-01,2.096683765621e-01,0.000000000000e+00,2.096683765621e-01,0.000000000000e+00,0.000000000000e+00
9.772000000000e-01,2.084372912080e-01,0.000000000000e+00,2.084372912080e-01,0.000000000000e+00,0.000000000000e+00
9.776000000000e-01,2.072124110031e-01,0.000000000000e+00,2.072124110031e-01,0.000000000000e+00,0.000000000000e+00
9.780000000000e-01,2.059937115392e-01,0.000000000000e+00,2.059937115392e-01,0.000000000000e+00,0.000000000000e+00
9.784000000000e-01,2.047811684727e-01,0.000000000000e+00,2.047811684727e-01,0.000000000000e+00,0.000000000000e+00
9.788000000000e-01,2.035747574979e-01,0.000000000000e+00,2.035747574979e-01,0.000000000000e+00,0.000000000000e+00
9.792000000000e-01,2.023744543778e-01,0.000000000000e+00,2.023744543778e-01,0.000000000000e+00,0.000000000000e+00
9.796000000000e-01,2.011802349105e-01,0.000000000000e+00,2.011802349105e-01,0.000000000000e+00,0.000000000000e+00
9.800000000000e-01,1.999920749657e-01,0.000000000000e+00,1.999920749657e-01,0.000000000000e+00,0.000000000000e+00
9.804000000000e-01,1.988099504463e-01,0.000000000000e+00,1.988099504463e-01,0.000000000000e+00,0.000000000000e+00
9.808000000000e-01,1.976338373288e-01,0.000000000000e+00,1.976338373288e-01,0.000000000000e+00,0.000000000000e+00
9.812000000000e-01,1.964637116225e-01,0.000000000000e+00,1.964637116225e-01,0.000000000000e+00,0.000000000000e+00
9.816000000000e-01,1.952995494105e-01,0.000000000000e+00,1.952995494105e-01,0.000000000000e+00,0.000000000000e+00
9.820000000000e-01,1.941413268096e-01,0.000000000000e+00,1.941413268096e-01,0.000000000000e+00,0.000000000000e+00
9.824000000000e-01,1.929890200097e-01,0.000000000000e+00,1.929890200097e-01,0.000000000000e+00,0.000000000000e+00
9.828000000000e-01,1.918426052364e-01,0.000000000000e+00,1.918426052364e-01,0.000000000000e+00,0.000000000000e+00
9.832000000000e-01,1.907020587860e-01,0.000000000000e+00,1.907020587860e-01,0.000000000000e+00,0.000000000000e+00
9.836000000000e-01,1.895673569943e-01,0.000000000000e+00,1.895673569943e-01,0.000000000000e+00,0.000000000000e+00
9.840000000000e-01,1.884384762643e-01,0.000000000000e+00,1.884384762643e-01,0.000000000000e+00,0.000000000000e+00
9.844000000000e-01,1.873153930428e-01,0.000000000000e+00,1.873153930428e-01,0.000000000000e+00,0.000000000000e+00
9.848000000000e-01,1.861980838396e-01,0.000000000000e+00,1.861980838396e-01,0.000000000000e+00,0.000000000000e+00
9.852000000000e-01,1.850865252134e-01,0.000000000000e+00,1.850865252134e-01,0.000000000000e+00,0.000000000000e+00
9.856000000000e-01,1.839806937813e-01,0.000000000000e+00,1.839806937813e-01,0.000000000000e+00,0.000000000000e+00
9.860000000000e-01,1.828805662145e-01,0.000000000000e+00,1.828805662145e-01,0.000000000000e+00,0.000000000000e+00
9.864000000000e-01,1.817861192377e-01,0.000000000000e+00,1.817861192377e-01,0.000000000000e+00,0.000000000000e+00
9.868000000000e-01,1.806973296352e-01,0.000000000000e+00,1.806973296352e-01,0.000000000000e+00,0.000000000000e+00
9.872000000000e-01,1.796141742400e-01,0.000000000000e+00,1.796141742400e-01,0.000000000000e+00,0.000000000000e+00
9.876000000000e-01,1.785366299500e-01,0.000000000000e+00,1.785366299500e-01,0.000000000000e+00,0.000000000000e+00
9.880000000000e-01,1.774646737068e-01,0.000000000000e+00,1.774646737068e-01,0.000000000000e+00,0.000000000000e+00
9.884000000000e-01,1.763982825222e-01,0.000000000000e+00,1.763982825222e-01,0.000000000000e+00,0.000000000000e+00
9.888000000000e-01,1.753374334475e-01,0.000000000000e+00,1.753374334475e-01,0.000000000000e+00,0.000000000000e+00
9.892000000000e-01,1.742821036082e-01,0.000000000000e+00,1.742821036082e-01,0.000000000000e+00,0.000000000000e+00
9.896000000000e-01,1.732322701663e-01,0.000000000000e+00,1.732322701663e-01,0.000000000000e+00,0.000000000000e+00
9.900000000000e-01,1.721879103611e-01,0.000000000000e+00,1.721879103611e-01,0.000000000000e+00,0.000000000000e+00
9.904000000000e-01,1.711490014663e-01,0.000000000000e+00,1.711490014663e-01,0.000000000000e+00,0.000000000000e+00
9.908000000000e-01,1.701155208344e-01,0.000000000000e+00,1.701155208344e-01,0.000000000000e+00,0.000000000000e+00
9.912000000000e-01,1.690874458522e-01,0.000000000000e+00,1.690874458522e-01,0.000000000000e+00,0.000000000000e+00
9.916000000000e-01,1.680647539852e-01,0.000000000000e+00,1.680647539852e-01,0.000000000000e+00,0.000000000000e+00
9.920000000000e-01,1.670474227346e-01,0.000000000000e+00,1.670474227346e-01,0.000000000000e+00,0.000000000000e+00
9.924000000000e-01,1.660354296781e-01,0.000000000000e+00,1.660354296781e-01,0.000000000000e+00,0.000000000000e+00
9.928000000000e-01,1.650287524323e-01,0.000000000000e+00,1.650287524323e-01,0.000000000000e+00,0.000000000000e+00
9.932000000000e-01,1.640273686876e-01,0.000000000000e+00,1.640273686876e-01,0.000000000000e+00,0.000000000000e+00
9.936000000000e-01,1.630312561766e-01,0.000000000000e+00,1.630312561766e-01,0.000000000000e+00,0.000000000000e+00
9.940000000000e-01,1.620403927019e-01,0.000000000000e+00,1.620403927019e-01,0.000000000000e+00,0.000000000000e+00
9.944000000000e-01,1.610547561133e-01,0.000000000000e+00,1.610547561133e-01,0.000000000000e+00,0.000000000000e+00
9.948000000000e-01,1.600743243256e-01,0.000000000000e+00,1.600743243256e-01,0.000000000000e+00,0.000000000000e+00
9.952000000000e-01,1.590990753061e-01,0.000000000000e+00,1.590990753061e-01,0.000000000000e+00,0.000000000000e+00
9.956000000000e-01,1.581289870822e-01,0.000000000000e+00,1.581289870822e-01,0.000000000000e+00,0.000000000000e+00
9.960000000000e-01,1.571640377395e-01,0.000000000000e+00,1.571640377395e-01,0.000000000000e+00,0.000000000000e+00
9.964000000000e-01,1.562042054177e-01,0.000000000000e+00,1.562042054177e-01,0.000000000000e+00,0.000000000000e+00
9.968000000000e-01,1.552494683204e-01,0.000000000000e+00,1.552494683204e-01,0.000000000000e+00,0.000000000000e+00
9.972000000000e-01,1.542998047009e-01,0.000000000000e+00,1.542998047009e-01,0.000000000000e+00,0.000000000000e+00
9.976000000000e-01,1.533551928834e-01,0.000000000000e+00,1.533551928834e-01,0.000000000000e+00,0.000000000000e+00
9.980000000000e-01,1.524156112337e-01,0.000000000000e+00,1.524156112337e-01,0.000000000000e+00,0.000000000000e+00
9.984000000000e-01,1.514810381864e-01,0.000000000000e+00,1.514810381864e-01,0.000000000000e+00,0.000000000000e+00
9.988000000000e-01,1.505514522244e-01,0.000000000000e+00,1.505514522244e-01,0.000000000000e+00,0.000000000000e+00
9.992000000000e-01,1.496268319292e-01,0.000000000000e+00,1.496268319292e-01,0.000000000000e+00,0.000000000000e+00
9.996000000000e-01,1.487071558972e-01,0.000000000000e+00,1.487071558972e-01,0.000000000000e+00,0.000000000000e+00
1.000000000000e+00,1.477924027247e-01,0.000000000000e+00,1.477924027247e-01,0.000000000000e+00,0.000000000000e+00
