time_over_Tg,Tg_omega_x,Tg_omega_y,Tg_omega_envelope,phase_rad,Tg_delta
0.000000000000e+00,0.000000000000e+00,0.000000000000e+00,0.000000000000e+00,0.000000000000e+00,0.000000000000e+00
4.000000000000e-04,1.240234746248e-03,0.000000000000e+00,1.240234746248e-03,0.000000000000e+00,0.000000000000e+00
8.000000000000e-04,4.960743137549e-03,0.000000000000e+00,4.960743137549e-03,0.000000000000e+00,0.000000000000e+00
1.200000000000e-03,1.116093766250e-02,0.000000000000e+00,1.116093766250e-02,0.000000000000e+00,0.000000000000e+00
1.600000000000e-03,1.983983923850e-02,0.000000000000e+00,1.983983923850e-02,0.000000000000e+00,0.000000000000e+00
2.000000000000e-03,3.099607736640e-02,0.000000000000e+00,3.099607736640e-02,0.000000000000e+00,0.000000000000e+00
2.400000000000e-03,4.462789034686e-02,0.000000000000e+00,4.462789034686e-02,0.000000000000e+00,0.000000000000e+00
2.800000000000e-03,6.073312555858e-02,0.000000000000e+00,6.073312555858e-02,0.000000000000e+00,0.000000000000e+00
3.200000000000e-03,7.930923979824e-02,0.000000000000e+00,7.930923979824e-02,0.000000000000e+00,0.000000000000e+00
3.600000000000e-03,1.003532996820e-01,0.000000000000e+00,1.003532996820e-01,0.000000000000e+00,0.000000000000e+00
4.000000000000e-03,1.238619821090e-01,0.000000000000e+00,1.238619821090e-01,0.000000000000e+00,0.000000000000e+00
4.400000000000e-03,1.498315747856e-01,0.000000000000e+00,1.498315747856e-01,0.000000000000e+00,0.000000000000e+00
4.800000000000e-03,1.782579768122e-01,0.000000000000e+00,1.782579768122e-01,0.000000000000e+00,0.000000000000e+00
5.200000000000e-03,2.091366993302e-01,0.000000000000e+00,2.091366993302e-01,0.000000000000e+00,0.000000000000e+00
5.600000000000e-03,2.424628662316e-01,0.000000000000e+00,2.424628662316e-01,0.000000000000e+00,0.000000000000e+00
6.000000000000e-03,2.782312149281e-01,0.000000000000e+00,2.782312149281e-01,0.000000000000e+00,0.000000000000e+00
6.400000000000e-03,3.164360971830e-01,0.000000000000e+00,3.164360971830e-01,0.000000000000e+00,0.000000000000e+00
6.800000000000e-03,3.570714800024e-01,0.000000000000e+00,3.570714800024e-01,0.000000000000e+00,0.000000000000e+00
7.200000000000e-03,4.001309465882e-01,0.000000000000e+00,4.001309465882e-01,0.000000000000e+00,0.000000000000e+00
7.600000000000e-03,4.456076973517e-01,0.000000000000e+00,4.456076973517e-01,0.000000000000e+00,0.000000000000e+00
8.000000000000e-03,4.934945509865e-01,0.000000000000e+00,4.934945509865e-01,0.000000000000e+00,0.000000000000e+00
8.400000000000e-03,5.437839456035e-01,0.000000000000e+00,5.437839456035e-01,0.000000000000e+00,0.000000000000e+00
8.800000000000e-03,5.964679399243e-01,0.000000000000e+00,5.964679399243e-01,0.000000000000e+00,0.000000000000e+00
9.200000000000e-03,6.515382145353e-01,0.000000000000e+00,6.515382145353e-01,0.000000000000e+00,0.000000000000e+00
9.600000000000e-03,7.089860732019e-01,0.000000000000e+00,7.089860732019e-01,0.000000000000e+00,0.000000000000e+00
1.000000000000e-02,7.688024442412e-01,0.000000000000e+00,7.688024442412e-01,0.000000000000e+00,0.000000000000e+00
1.040000000000e-02,8.309778819548e-01,0.000000000000e+00,8.309778819548e-01,0.000000000000e+00,0.000000000000e+00
1.080000000000e-02,8.955025681203e-01,0.000000000000e+00,8.955025681203e-01,0.000000000000e+00,0.000000000000e+00
1.120000000000e-02,9.623663135419e-01,0.000000000000e+00,9.623663135419e-01,0.000000000000e+00,0.000000000000e+00
1.160000000000e-02,1.031558559659e+00,0.000000000000e+00,1.031558559659e+00,0.000000000000e+00,0.000000000000e+00
1.200000000000e-02,1.103068380214e+00,0.000000000000e+00,1.103068380214e+00,0.000000000000e+00,0.000000000000e+00
1.240000000000e-02,1.176884482976e+00,0.000000000000e+00,1.176884482976e+00,0.000000000000e+00,0.000000000000e+00
1.280000000000e-02,1.252995211529e+00,0.000000000000e+00,1.252995211529e+00,0.000000000000e+00,0.000000000000e+00
1.320000000000e-02,1.331388547105e+00,0.000000000000e+00,1.331388547105e+00,0.000000000000e+00,0.000000000000e+00
1.360000000000e-02,1.412052110488e+00,0.000000000000e+00,1.412052110488e+00,0.000000000000e+00,0.000000000000e+00
1.400000000000e-02,1.494973163966e+00,0.000000000000e+00,1.494973163966e+00,0.000000000000e+00,0.000000000000e+00
1.440000000000e-02,1.580138613344e+00,0.000000000000e+00,1.580138613344e+00,0.000000000000e+00,0.000000000000e+00
1.480000000000e-02,1.667535010010e+00,0.000000000000e+00,1.667535010010e+00,0.000000000000e+00,0.000000000000e+00
1.520000000000e-02,1.757148553059e+00,0.000000000000e+00,1.757148553059e+00,0.000000000000e+00,0.000000000000e+00
1.560000000000e-02,1.848965091475e+00,0.000000000000e+00,1.848965091475e+00,0.000000000000e+00,0.000000000000e+00
1.600000000000e-02,1.942970126362e+00,0.000000000000e+00,1.942970126362e+00,0.000000000000e+00,0.000000000000e+00
1.640000000000e-02,2.039148813234e+00,0.000000000000e+00,2.039148813234e+00,0.000000000000e+00,0.000000000000e+00
1.680000000000e-02,2.137485964363e+00,0.000000000000e+00,2.137485964363e+00,0.000000000000e+00,0.000000000000e+00
1.720000000000e-02,2.237966051172e+00,0.000000000000e+00,2.237966051172e+00,0.000000000000e+00,0.000000000000e+00
1.760000000000e-02,2.340573206691e+00,0.000000000000e+00,2.340573206691e+00,0.000000000000e+00,0.000000000000e+00
1.800000000000e-02,2.445291228060e+00,0.000000000000e+00,2.445291228060e+00,0.000000000000e+00,0.000000000000e+00
1.840000000000e-02,2.552103579090e+00,0.000000000000e+00,2.552103579090e+00,0.000000000000e+00,0.000000000000e+00
1.880000000000e-02,2.660993392872e+00,0.000000000000e+00,2.660993392872e+00,0.000000000000e+00,0.000000000000e+00
1.920000000000e-02,2.771943474443e+00,0.000000000000e+00,2.771943474443e+00,0.000000000000e+00,0.000000000000e+00
1.960000000000e-02,2.884936303498e+00,0.000000000000e+00,2.884936303498e+00,0.000000000000e+00,0.000000000000e+00
2.000000000000e-02,2.999954037161e+00,0.000000000000e+00,2.999954037161e+00,0.000000000000e+00,0.000000000000e+00
2.040000000000e-02,3.116978512797e+00,0.000000000000e+00,3.116978512797e+00,0.000000000000e+00,0.000000000000e+00
2.080000000000e-02,3.235991250885e+00,0.000000000000e+00,3.235991250885e+00,0.000000000000e+00,0.000000000000e+00
2.120000000000e-02,3.356973457934e+00,0.000000000000e+00,3.356973457934e+00,0.000000000000e+00,0.000000000000e+00
2.160000000000e-02,3.479906029451e+00,0.000000000000e+00,3.479906029451e+00,0.000000000000e+00,0.000000000000e+00
2.200000000000e-02,3.604769552959e+00,0.000000000000e+00,3.604769552959e+00,0.000000000000e+00,0.000000000000e+00
2.240000000000e-02,3.731544311058e+00,0.000000000000e+00,3.731544311058e+00,0.000000000000e+00,0.000000000000e+00
2.280000000000e-02,3.860210284546e+00,0.000000000000e+00,3.860210284546e+00,0.000000000000e+00,0.000000000000e+00
2.320000000000e-02,3.990747155574e+00,0.000000000000e+00,3.990747155574e+00,0.000000000000e+00,0.000000000000e+00
2.360000000000e-02,4.123134310856e+00,0.000000000000e+00,4.123134310856e+00,0.000000000000e+00,0.000000000000e+00
2.400000000000e-02,4.257350844926e+00,0.000000000000e+00,4.257350844926e+00,0.000000000000e+00,0.000000000000e+00
2.440000000000e-02,4.393375563438e+00,0.000000000000e+00,4.393375563438e+00,0.000000000000e+00,0.000000000000e+00
2.480000000000e-02,4.531186986510e+00,0.000000000000e+00,4.531186986510e+00,0.000000000000e+00,0.000000000000e+00
2.520000000000e-02,4.670763352123e+00,0.000000000000e+00,4.670763352123e+00,0.000000000000e+00,0.000000000000e+00
2.560000000000e-02,4.812082619550e+00,0.000000000000e+00,4.812082619550e+00,0.000000000000e+00,0.000000000000e+00
2.600000000000e-02,4.955122472840e+00,0.000000000000e+00,4.955122472840e+00,0.000000000000e+00,0.000000000000e+00
2.640000000000e-02,5.099860324343e+00,0.000000000000e+00,5.099860324343e+00,0.000000000000e+00,0.000000000000e+00
2.680000000000e-02,5.246273318274e+00,0.000000000000e+00,5.246273318274e+00,0.000000000000e+00,0.000000000000e+00
2.720000000000e-02,5.394338334323e+00,0.000000000000e+00,5.394338334323e+00,0.000000000000e+00,0.000000000000e+00
2.760000000000e-02,5.544031991309e+00,0.000000000000e+00,5.544031991309e+00,0.000000000000e+00,0.000000000000e+00
2.800000000000e-02,5.695330650867e+00,0.000000000000e+00,5.695330650867e+00,0.000000000000e+00,0.000000000000e+00
2.840000000000e-02,5.848210421186e+00,0.000000000000e+00,5.848210421186e+00,0.000000000000e+00,0.000000000000e+00
2.880000000000e-02,6.002647160777e+00,0.000000000000e+00,6.002647160777e+00,0.000000000000e+00,0.000000000000e+00
2.920000000000e-02,6.158616482289e+00,0.000000000000e+00,6.158616482289e+00,0.000000000000e+00,0.000000000000e+00
2.960000000000e-02,6.316093756358e+00,0.000000000000e+00,6.316093756358e+00,0.000000000000e+00,0.000000000000e+00
3.000000000000e-02,6.475054115497e+00,0.000000000000e+00,6.475054115497e+00,0.000000000000e+00,0.000000000000e+00
3.040000000000e-02,6.635472458022e+00,0.000000000000e+00,6.635472458022e+00,0.000000000000e+00,0.000000000000e+00
3.080000000000e-02,6.797323452018e+00,0.000000000000e+00,6.797323452018e+00,0.000000000000e+00,0.000000000000e+00
3.120000000000e-02,6.960581539336e+00,0.000000000000e+00,6.960581539336e+00,0.000000000000e+00,0.000000000000e+00
3.160000000000e-02,7.125220939632e+00,0.000000000000e+00,7.125220939632e+00,0.000000000000e+00,0.000000000000e+00
3.200000000000e-02,7.291215654436e+00,0.000000000000e+00,7.291215654436e+00,0.000000000000e+00,0.000000000000e+00
3.240000000000e-02,7.458539471258e+00,0.000000000000e+00,7.458539471258e+00,0.000000000000e+00,0.000000000000e+00
3.280000000000e-02,7.627165967728e+00,0.000000000000e+00,7.627165967728e+00,0.000000000000e+00,0.000000000000e+00
3.320000000000e-02,7.797068515768e+00,0.000000000000e+00,7.797068515768e+00,0.000000000000e+00,0.000000000000e+00
3.360000000000e-02,7.968220285794e+00,0.000000000000e+00,7.968220285794e+00,0.000000000000e+00,0.000000000000e+00
3.400000000000e-02,8.140594250960e+00,0.000000000000e+00,8.140594250960e+00,0.000000000000e+00,0.000000000000e+00
3.440000000000e-02,8.314163191417e+00,0.000000000000e+00,8.314163191417e+00,0.000000000000e+00,0.000000000000e+00
3.480000000000e-02,8.488899698618e+00,0.000000000000e+00,8.488899698618e+00,0.000000000000e+00,0.000000000000e+00
3.520000000000e-02,8.664776179642e+00,0.000000000000e+00,8.664776179642e+00,0.000000000000e+00,0.000000000000e+00
3.560000000000e-02,8.841764861555e+00,0.000000000000e+00,8.841764861555e+00,0.000000000000e+00,0.000000000000e+00
3.600000000000e-02,9.019837795791e+00,0.000000000000e+00,9.019837795791e+00,0.000000000000e+00,0.000000000000e+00
3.640000000000e-02,9.198966862571e+00,0.000000000000e+00,9.198966862571e+00,0.000000000000e+00,0.000000000000e+00
3.680000000000e-02,9.379123775339e+00,0.000000000000e+00,9.379123775339e+00,0.000000000000e+00,0.000000000000e+00
3.720000000000e-02,9.560280085228e+00,0.000000000000e+00,9.560280085228e+00,0.000000000000e+00,0.000000000000e+00
3.760000000000e-02,9.742407185558e+00,0.000000000000e+00,9.742407185558e+00,0.000000000000e+00,0.000000000000e+00
3.800000000000e-02,9.925476316348e+00,0.000000000000e+00,9.925476316348e+00,0.000000000000e+00,0.000000000000e+00
3.840000000000e-02,1.010945856886e+01,0.000000000000e+00,1.010945856886e+01,0.000000000000e+00,0.000000000000e+00
3.880000000000e-02,1.029432489017e+01,0.000000000000e+00,1.029432489017e+01,0.000000000000e+00,0.000000000000e+00
3.920000000000e-02,1.048004608773e+01,0.000000000000e+00,1.048004608773e+01,0.000000000000e+00,0.000000000000e+00
3.960000000000e-02,1.066659283401e+01,0.000000000000e+00,1.066659283401e+01,0.000000000000e+00,0.000000000000e+00
4.000000000000e-02,1.085393567114e+01,0.000000000000e+00,1.085393567114e+01,0.000000000000e+00,0.000000000000e+00
4.040000000000e-02,1.104204501548e+01,0.000000000000e+00,1.104204501548e+01,0.000000000000e+00,0.000000000000e+00
4.080000000000e-02,1.123089116241e+01,0.000000000000e+00,1.123089116241e+01,0.000000000000e+00,0.000000000000e+00
4.120000000000e-02,1.142044429093e+01,0.000000000000e+00,1.142044429093e+01,0.000000000000e+00,0.000000000000e+00
4.160000000000e-02,1.161067446839e+01,0.000000000000e+00,1.161067446839e+01,0.000000000000e+00,0.000000000000e+00
4.200000000000e-02,1.180155165525e+01,0.000000000000e+00,1.180155165525e+01,0.000000000000e+00,0.000000000000e+00
4.240000000000e-02,1.199304570979e+01,0.000000000000e+00,1.199304570979e+01,0.000000000000e+00,0.000000000000e+00
4.280000000000e-02,1.218512639288e+01,0.000000000000e+00,1.218512639288e+01,0.000000000000e+00,0.000000000000e+00
4.320000000000e-02,1.237776337275e+01,0.000000000000e+00,1.237776337275e+01,0.000000000000e+00,0.000000000000e+00
4.360000000000e-02,1.257092622979e+01,0.000000000000e+00,1.257092622979e+01,0.000000000000e+00,0.000000000000e+00
4.400000000000e-02,1.276458446134e+01,0.000000000000e+00,1.276458446134e+01,0.000000000000e+00,0.000000000000e+00
4.440000000000e-02,1.295870748652e+01,0.000000000000e+00,1.295870748652e+01,0.000000000000e+00,0.000000000000e+00
4.480000000000e-02,1.315326465106e+01,0.000000000000e+00,1.315326465106e+01,0.000000000000e+00,0.000000000000e+00
4.520000000000e-02,1.334822523213e+01,0.000000000000e+00,1.334822523213e+01,0.000000000000e+00,0.000000000000e+00
4.560000000000e-02,1.354355844319e+01,0.000000000000e+00,1.354355844319e+01,0.000000000000e+00,0.000000000000e+00
4.600000000000e-02,1.373923343887e+01,0.000000000000e+00,1.373923343887e+01,0.000000000000e+00,0.000000000000e+00
4.640000000000e-02,1.393521931980e+01,0.000000000000e+00,1.393521931980e+01,0.000000000000e+00,0.000000000000e+00
4.680000000000e-02,1.413148513756e+01,0.000000000000e+00,1.413148513756e+01,0.000000000000e+00,0.000000000000e+00
4.720000000000e-02,1.432799989948e+01,0.000000000000e+00,1.432799989948e+01,0.000000000000e+00,0.000000000000e+00
4.760000000000e-02,1.452473257362e+01,0.000000000000e+00,1.452473257362e+01,0.000000000000e+00,0.000000000000e+00
4.800000000000e-02,1.472165209361e+01,0.000000000000e+00,1.472165209361e+01,0.000000000000e+00,0.000000000000e+00
4.840000000000e-02,1.491872736356e+01,0.000000000000e+00,1.491872736356e+01,0.000000000000e+00,0.000000000000e+00
4.880000000000e-02,1.511592726301e+01,0.000000000000e+00,1.511592726301e+01,0.000000000000e+00,0.000000000000e+00
4.920000000000e-02,1.531322065180e+01,0.000000000000e+00,1.531322065180e+01,0.000000000000e+00,0.000000000000e+00
4.960000000000e-02,1.551057637504e+01,0.000000000000e+00,1.551057637504e+01,0.000000000000e+00,0.000000000000e+00
5.000000000000e-02,1.570796326795e+01,0.000000000000e+00,1.570796326795e+01,0.000000000000e+00,0.000000000000e+00
5.040000000000e-02,1.590535016086e+01,0.000000000000e+00,1.590535016086e+01,0.000000000000e+00,0.000000000000e+00
5.080000000000e-02,1.610270588409e+01,0.000000000000e+00,1.610270588409e+01,0.000000000000e+00,0.000000000000e+00
5.120000000000e-02,1.629999927289e+01,0.000000000000e+00,1.629999927289e+01,0.000000000000e+00,0.000000000000e+00
5.160000000000e-02,1.649719917234e+01,0.000000000000e+00,1.649719917234e+01,0.000000000000e+00,0.000000000000e+00
5.200000000000e-02,1.669427444229e+01,0.000000000000e+00,1.669427444229e+01,0.000000000000e+00,0.000000000000e+00
5.240000000000e-02,1.689119396227e+01,0.000000000000e+00,1.689119396227e+01,0.000000000000e+00,0.000000000000e+00
5.280000000000e-02,1.708792663641e+01,0.000000000000e+00,1.708792663641e+01,0.000000000000e+00,0.000000000000e+00
5.320000000000e-02,1.728444139834e+01,0.000000000000e+00,1.728444139834e+01,0.000000000000e+00,0.000000000000e+00
5.360000000000e-02,1.748070721610e+01,0.000000000000e+00,1.748070721610e+01,0.000000000000e+00,0.000000000000e+00
5.400000000000e-02,1.767669309703e+01,0.000000000000e+00,1.767669309703e+01,0.000000000000e+00,0.000000000000e+00
5.440000000000e-02,1.787236809270e+01,0.000000000000e+00,1.787236809270e+01,0.000000000000e+00,0.000000000000e+00
5.480000000000e-02,1.806770130376e+01,0.000000000000e+00,1.806770130376e+01,0.000000000000e+00,0.000000000000e+00
5.520000000000e-02,1.826266188483e+01,0.000000000000e+00,1.826266188483e+01,0.000000000000e+00,0.000000000000e+00
5.560000000000e-02,1.845721904938e+01,0.000000000000e+00,1.845721904938e+01,0.000000000000e+00,0.000000000000e+00
5.600000000000e-02,1.865134207456e+01,0.000000000000e+00,1.865134207456e+01,0.000000000000e+00,0.000000000000e+00
5.640000000000e-02,1.884500030611e+01,0.000000000000e+00,1.884500030611e+01,0.000000000000e+00,0.000000000000e+00
5.680000000000e-02,1.903816316315e+01,0.000000000000e+00,1.903816316315e+01,0.000000000000e+00,0.000000000000e+00
5.720000000000e-02,1.923080014302e+01,0.000000000000e+00,1.923080014302e+01,0.000000000000e+00,0.000000000000e+00
5.760000000000e-02,1.942288082610e+01,0.000000000000e+00,1.942288082610e+01,0.000000000000e+00,0.000000000000e+00
5.800000000000e-02,1.961437488064e+01,0.000000000000e+00,1.961437488064e+01,0.000000000000e+00,0.000000000000e+00
5.840000000000e-02,1.980525206751e+01,0.000000000000e+00,1.980525206751e+01,0.000000000000e+00,0.000000000000e+00
5.880000000000e-02,1.999548224497e+01,0.000000000000e+00,1.999548224497e+01,0.000000000000e+00,0.000000000000e+00
5.920000000000e-02,2.018503537349e+01,0.000000000000e+00,2.018503537349e+01,0.000000000000e+00,0.000000000000e+00
5.960000000000e-02,2.037388152041e+01,0.000000000000e+00,2.037388152041e+01,0.000000000000e+00,0.000000000000e+00
6.000000000000e-02,2.056199086476e+01,0.000000000000e+00,2.056199086476e+01,0.000000000000e+00,0.000000000000e+00
6.040000000000e-02,2.074933370188e+01,0.000000000000e+00,2.074933370188e+01,0.000000000000e+00,0.000000000000e+00
6.080000000000e-02,2.093588044817e+01,0.000000000000e+00,2.093588044817e+01,0.000000000000e+00,0.000000000000e+00
6.120000000000e-02,2.112160164573e+01,0.000000000000e+00,2.112160164573e+01,0.000000000000e+00,0.000000000000e+00
6.160000000000e-02,2.130646796704e+01,0.000000000000e+00,2.130646796704e+01,0.000000000000e+00,0.000000000000e+00
6.200000000000e-02,2.149045021955e+01,0.000000000000e+00,2.149045021955e+01,0.000000000000e+00,0.000000000000e+00
6.240000000000e-02,2.167351935034e+01,0.000000000000e+00,2.167351935034e+01,0.000000000000e+00,0.000000000000e+00
6.280000000000e-02,2.185564645067e+01,0.000000000000e+00,2.185564645067e+01,0.000000000000e+00,0.000000000000e+00
6.320000000000e-02,2.203680276056e+01,0.000000000000e+00,2.203680276056e+01,0.000000000000e+00,0.000000000000e+00
6.360000000000e-02,2.221695967333e+01,0.000000000000e+00,2.221695967333e+01,0.000000000000e+00,0.000000000000e+00
6.400000000000e-02,2.239608874011e+01,0.000000000000e+00,2.239608874011e+01,0.000000000000e+00,0.000000000000e+00
6.440000000000e-02,2.257416167434e+01,0.000000000000e+00,2.257416167434e+01,0.000000000000e+00,0.000000000000e+00
6.480000000000e-02,2.275115035626e+01,0.000000000000e+00,2.275115035626e+01,0.000000000000e+00,0.000000000000e+00
6.520000000000e-02,2.292702683728e+01,0.000000000000e+00,2.292702683728e+01,0.000000000000e+00,0.000000000000e+00
6.560000000000e-02,2.310176334448e+01,0.000000000000e+00,2.310176334448e+01,0.000000000000e+00,0.000000000000e+00
6.600000000000e-02,2.327533228494e+01,0.000000000000e+00,2.327533228494e+01,0.000000000000e+00,0.000000000000e+00
6.640000000000e-02,2.344770625010e+01,0.000000000000e+00,2.344770625010e+01,0.000000000000e+00,0.000000000000e+00
6.680000000000e-02,2.361885802013e+01,0.000000000000e+00,2.361885802013e+01,0.000000000000e+00,0.000000000000e+00
6.720000000000e-02,2.378876056817e+01,0.000000000000e+00,2.378876056817e+01,0.000000000000e+00,0.000000000000e+00
6.760000000000e-02,2.395738706464e+01,0.000000000000e+00,2.395738706464e+01,0.000000000000e+00,0.000000000000e+00
6.800000000000e-02,2.412471088146e+01,0.000000000000e+00,2.412471088146e+01,0.000000000000e+00,0.000000000000e+00
6.840000000000e-02,2.429070559627e+01,0.000000000000e+00,2.429070559627e+01,0.000000000000e+00,0.000000000000e+00
6.880000000000e-02,2.445534499656e+01,0.000000000000e+00,2.445534499656e+01,0.000000000000e+00,0.000000000000e+00
6.920000000000e-02,2.461860308388e+01,0.000000000000e+00,2.461860308388e+01,0.000000000000e+00,0.000000000000e+00
6.960000000000e-02,2.478045407788e+01,0.000000000000e+00,2.478045407788e+01,0.000000000000e+00,0.000000000000e+00
7.000000000000e-02,2.494087242040e+01,0.000000000000e+00,2.494087242040e+01,0.000000000000e+00,0.000000000000e+00
7.040000000000e-02,2.509983277954e+01,0.000000000000e+00,2.509983277954e+01,0.000000000000e+00,0.000000000000e+00
7.080000000000e-02,2.525731005361e+01,0.000000000000e+00,2.525731005361e+01,0.000000000000e+00,0.000000000000e+00
7.120000000000e-02,2.541327937512e+01,0.000000000000e+00,2.541327937512e+01,0.000000000000e+00,0.000000000000e+00
7.160000000000e-02,2.556771611471e+01,0.000000000000e+00,2.556771611471e+01,0.000000000000e+00,0.000000000000e+00
7.200000000000e-02,2.572059588503e+01,0.000000000000e+00,2.572059588503e+01,0.000000000000e+00,0.000000000000e+00
7.240000000000e-02,2.587189454459e+01,0.000000000000e+00,2.587189454459e+01,0.000000000000e+00,0.000000000000e+00
7.280000000000e-02,2.602158820157e+01,0.000000000000e+00,2.602158820157e+01,0.000000000000e+00,0.000000000000e+00
7.320000000000e-02,2.616965321762e+01,0.000000000000e+00,2.616965321762e+01,0.000000000000e+00,0.000000000000e+00
7.360000000000e-02,2.631606621155e+01,0.000000000000e+00,2.631606621155e+01,0.000000000000e+00,0.000000000000e+00
7.400000000000e-02,2.646080406306e+01,0.000000000000e+00,2.646080406306e+01,0.000000000000e+00,0.000000000000e+00
7.440000000000e-02,2.660384391635e+01,0.000000000000e+00,2.660384391635e+01,0.000000000000e+00,0.000000000000e+00
7.480000000000e-02,2.674516318377e+01,0.000000000000e+00,2.674516318377e+01,0.000000000000e+00,0.000000000000e+00
7.520000000000e-02,2.688473954939e+01,0.000000000000e+00,2.688473954939e+01,0.000000000000e+00,0.000000000000e+00
7.560000000000e-02,2.702255097246e+01,0.000000000000e+00,2.702255097246e+01,0.000000000000e+00,0.000000000000e+00
7.600000000000e-02,2.715857569097e+01,0.000000000000e+00,2.715857569097e+01,0.000000000000e+00,0.000000000000e+00
7.640000000000e-02,2.729279222504e+01,0.000000000000e+00,2.729279222504e+01,0.000000000000e+00,0.000000000000e+00
7.680000000000e-02,2.742517938032e+01,0.000000000000e+00,2.742517938032e+01,0.000000000000e+00,0.000000000000e+00
7.720000000000e-02,2.755571625135e+01,0.000000000000e+00,2.755571625135e+01,0.000000000000e+00,0.000000000000e+00
7.760000000000e-02,2.768438222484e+01,0.000000000000e+00,2.768438222484e+01,0.000000000000e+00,0.000000000000e+00
7.800000000000e-02,2.781115698294e+01,0.000000000000e+00,2.781115698294e+01,0.000000000000e+00,0.000000000000e+00
7.840000000000e-02,2.793602050645e+01,0.000000000000e+00,2.793602050645e+01,0.000000000000e+00,0.000000000000e+00
7.880000000000e-02,2.805895307796e+01,0.000000000000e+00,2.805895307796e+01,0.000000000000e+00,0.000000000000e+00
7.920000000000e-02,2.817993528501e+01,0.000000000000e+00,2.817993528501e+01,0.000000000000e+00,0.000000000000e+00
7.960000000000e-02,2.829894802310e+01,0.000000000000e+00,2.829894802310e+01,0.000000000000e+00,0.000000000000e+00
8.000000000000e-02,2.841597249874e+01,0.000000000000e+00,2.841597249874e+01,0.000000000000e+00,0.000000000000e+00
8.040000000000e-02,2.853099023240e+01,0.000000000000e+00,2.853099023240e+01,0.000000000000e+00,0.000000000000e+00
8.080000000000e-02,2.864398306145e+01,0.000000000000e+00,2.864398306145e+01,0.000000000000e+00,0.000000000000e+00
8.120000000000e-02,2.875493314303e+01,0.000000000000e+00,2.875493314303e+01,0.000000000000e+00,0.000000000000e+00
8.160000000000e-02,2.886382295681e+01,0.000000000000e+00,2.886382295681e+01,0.000000000000e+00,0.000000000000e+00
8.200000000000e-02,2.897063530784e+01,0.000000000000e+00,2.897063530784e+01,0.000000000000e+00,0.000000000000e+00
8.240000000000e-02,2.907535332921e+01,0.000000000000e+00,2.907535332921e+01,0.000000000000e+00,0.000000000000e+00
8.280000000000e-02,2.917796048473e+01,0.000000000000e+00,2.917796048473e+01,0.000000000000e+00,0.000000000000e+00
8.320000000000e-02,2.927844057153e+01,0.000000000000e+00,2.927844057153e+01,0.000000000000e+00,0.000000000000e+00
8.360000000000e-02,2.937677772266e+01,0.000000000000e+00,2.937677772266e+01,0.000000000000e+00,0.000000000000e+00
8.400000000000e-02,2.947295640954e+01,0.000000000000e+00,2.947295640954e+01,0.000000000000e+00,0.000000000000e+00
8.440000000000e-02,2.956696144442e+01,0.000000000000e+00,2.956696144442e+01,0.000000000000e+00,0.000000000000e+00
8.480000000000e-02,2.965877798284e+01,0.000000000000e+00,2.965877798284e+01,0.000000000000e+00,0.000000000000e+00
8.520000000000e-02,2.974839152589e+01,0.000000000000e+00,2.974839152589e+01,0.000000000000e+00,0.000000000000e+00
8.560000000000e-02,2.983578792255e+01,0.000000000000e+00,2.983578792255e+01,0.000000000000e+00,0.000000000000e+00
8.600000000000e-02,2.992095337193e+01,0.000000000000e+00,2.992095337193e+01,0.000000000000e+00,0.000000000000e+00
8.640000000000e-02,3.000387442541e+01,0.000000000000e+00,3.000387442541e+01,0.000000000000e+00,0.000000000000e+00
8.680000000000e-02,3.008453798879e+01,0.000000000000e+00,3.008453798879e+01,0.000000000000e+00,0.000000000000e+00
8.720000000000e-02,3.016293132437e+01,0.000000000000e+00,3.016293132437e+01,0.000000000000e+00,0.000000000000e+00
8.760000000000e-02,3.023904205292e+01,0.000000000000e+00,3.023904205292e+01,0.000000000000e+00,0.000000000000e+00
8.800000000000e-02,3.031285815568e+01,0.000000000000e+00,3.031285815568e+01,0.000000000000e+00,0.000000000000e+00
8.840000000000e-02,3.038436797624e+01,0.000000000000e+00,3.038436797624e+01,0.000000000000e+00,0.000000000000e+00
8.880000000000e-02,3.045356022236e+01,0.000000000000e+00,3.045356022236e+01,0.000000000000e+00,0.000000000000e+00
8.920000000000e-02,3.052042396778e+01,0.000000000000e+00,3.052042396778e+01,0.000000000000e+00,0.000000000000e+00
8.960000000000e-02,3.058494865394e+01,0.000000000000e+00,3.058494865394e+01,0.000000000000e+00,0.000000000000e+00
9.000000000000e-02,3.064712409166e+01,0.000000000000e+00,3.064712409166e+01,0.000000000000e+00,0.000000000000e+00
9.040000000000e-02,3.070694046270e+01,0.000000000000e+00,3.070694046270e+01,0.000000000000e+00,0.000000000000e+00
9.080000000000e-02,3.076438832136e+01,0.000000000000e+00,3.076438832136e+01,0.000000000000e+00,0.000000000000e+00
9.120000000000e-02,3.081945859597e+01,0.000000000000e+00,3.081945859597e+01,0.000000000000e+00,0.000000000000e+00
9.160000000000e-02,3.087214259029e+01,0.000000000000e+00,3.087214259029e+01,0.000000000000e+00,0.000000000000e+00
9.200000000000e-02,3.092243198491e+01,0.000000000000e+00,3.092243198491e+01,0.000000000000e+00,0.000000000000e+00
9.240000000000e-02,3.097031883855e+01,0.000000000000e+00,3.097031883855e+01,0.000000000000e+00,0.000000000000e+00
9.280000000000e-02,3.101579558931e+01,0.000000000000e+00,3.101579558931e+01,0.000000000000e+00,0.000000000000e+00
9.320000000000e-02,3.105885505590e+01,0.000000000000e+00,3.105885505590e+01,0.000000000000e+00,0.000000000000e+00
9.360000000000e-02,3.109949043871e+01,0.000000000000e+00,3.109949043871e+01,0.000000000000e+00,0.000000000000e+00
9.400000000000e-02,3.113769532097e+01,0.000000000000e+00,3.113769532097e+01,0.000000000000e+00,0.000000000000e+00
9.440000000000e-02,3.117346366967e+01,0.000000000000e+00,3.117346366967e+01,0.000000000000e+00,0.000000000000e+00
9.480000000000e-02,3.120678983657e+01,0.000000000000e+00,3.120678983657e+01,0.000000000000e+00,0.000000000000e+00
9.520000000000e-02,3.123766855909e+01,0.000000000000e+00,3.123766855909e+01,0.000000000000e+00,0.000000000000e+00
9.560000000000e-02,3.126609496111e+01,0.000000000000e+00,3.126609496111e+01,0.000000000000e+00,0.000000000000e+00
9.600000000000e-02,3.129206455379e+01,0.000000000000e+00,3.129206455379e+01,0.000000000000e+00,0.000000000000e+00
9.640000000000e-02,3.131557323622e+01,0.000000000000e+00,3.131557323622e+01,0.000000000000e+00,0.000000000000e+00
9.680000000000e-02,3.133661729610e+01,0.000000000000e+00,3.133661729610e+01,0.000000000000e+00,0.000000000000e+00
9.720000000000e-02,3.135519341034e+01,0.000000000000e+00,3.135519341034e+01,0.000000000000e+00,0.000000000000e+00
9.760000000000e-02,3.137129864555e+01,0.000000000000e+00,3.137129864555e+01,0.000000000000e+00,0.000000000000e+00
9.800000000000e-02,3.138493045853e+01,0.000000000000e+00,3.138493045853e+01,0.000000000000e+00,0.000000000000e+00
9.840000000000e-02,3.139608669666e+01,0.000000000000e+00,3.139608669666e+01,0.000000000000e+00,0.000000000000e+00
9.880000000000e-02,3.140476559824e+01,0.000000000000e+00,3.140476559824e+01,0.000000000000e+00,0.000000000000e+00
9.920000000000e-02,3.141096579276e+01,0.000000000000e+00,3.141096579276e+01,0.000000000000e+00,0.000000000000e+00
9.960000000000e-02,3.141468630115e+01,0.000000000000e+00,3.141468630115e+01,0.000000000000e+00,0.000000000000e+00
1.000000000000e-01,3.141592653590e+01,0.000000000000e+00,3.141592653590e+01,0.000000000000e+00,0.000000000000e+00
1.004000000000e-01,3.141468630115e+01,0.000000000000e+00,3.141468630115e+01,0.000000000000e+00,0.000000000000e+00
1.008000000000e-01,3.141096579276e+01,0.000000000000e+00,3.141096579276e+01,0.000000000000e+00,0.000000000000e+00
1.012000000000e-01,3.140476559824e+01,0.000000000000e+00,3.140476559824e+01,0.000000000000e+00,0.000000000000e+00
1.016000000000e-01,3.139608669666e+01,0.000000000000e+00,3.139608669666e+01,0.000000000000e+00,0.000000000000e+00
1.020000000000e-01,3.138493045853e+01,0.000000000000e+00,3.138493045853e+01,0.000000000000e+00,0.000000000000e+00
1.024000000000e-01,3.137129864555e+01,0.000000000000e+00,3.137129864555e+01,0.000000000000e+00,0.000000000000e+00
1.028000000000e-01,3.135519341034e+01,0.000000000000e+00,3.135519341034e+01,0.000000000000e+00,0.000000000000e+00
1.032000000000e-01,3.133661729610e+01,0.000000000000e+00,3.133661729610e+01,0.000000000000e+00,0.000000000000e+00
1.036000000000e-01,3.131557323622e+01,0.000000000000e+00,3.131557323622e+01,0.000000000000e+00,0.000000000000e+00
1.040000000000e-01,3.129206455379e+01,0.000000000000e+00,3.129206455379e+01,0.000000000000e+00,0.000000000000e+00
1.044000000000e-01,3.126609496111e+01,0.000000000000e+00,3.126609496111e+01,0.000000000000e+00,0.000000000000e+00
1.048000000000e-01,3.123766855909e+01,0.000000000000e+00,3.123766855909e+01,0.000000000000e+00,0.000000000000e+00
1.052000000000e-01,3.120678983657e+01,0.000000000000e+00,3.120678983657e+01,0.000000000000e+00,0.000000000000e+00
1.056000000000e-01,3.117346366967e+01,0.000000000000e+00,3.117346366967e+01,0.000000000000e+00,0.000000000000e+00
1.060000000000e-01,3.113769532097e+01,0.000000000000e+00,3.113769532097e+01,0.000000000000e+00,0.000000000000e+00
1.064000000000e-01,3.109949043871e+01,0.000000000000e+00,3.109949043871e+01,0.000000000000e+00,0.000000000000e+00
1.068000000000e-01,3.105885505590e+01,0.000000000000e+00,3.105885505590e+01,0.000000000000e+00,0.000000000000e+00
1.072000000000e-01,3.101579558931e+01,0.000000000000e+00,3.101579558931e+01,0.000000000000e+00,0.000000000000e+00
1.076000000000e-01,3.097031883855e+01,0.000000000000e+00,3.097031883855e+01,0.000000000000e+00,0.000000000000e+00
1.080000000000e-01,3.092243198491e+01,0.000000000000e+00,3.092243198491e+01,0.000000000000e+00,0.000000000000e+00
1.084000000000e-01,3.087214259029e+01,0.000000000000e+00,3.087214259029e+01,0.000000000000e+00,0.000000000000e+00
1.088000000000e-01,3.081945859597e+01,0.000000000000e+00,3.081945859597e+01,0.000000000000e+00,0.000000000000e+00
1.092000000000e-01,3.076438832136e+01,0.000000000000e+00,3.076438832136e+01,0.000000000000e+00,0.000000000000e+00
1.096000000000e-01,3.070694046270e+01,0.000000000000e+00,3.070694046270e+01,0.000000000000e+00,0.000000000000e+00
1.100000000000e-01,3.064712409166e+01,0.000000000000e+00,3.064712409166e+01,0.000000000000e+00,0.000000000000e+00
1.104000000000e-01,3.058494865394e+01,0.000000000000e+00,3.058494865394e+01,0.000000000000e+00,0.000000000000e+00
1.108000000000e-01,3.052042396778e+01,0.000000000000e+00,3.052042396778e+01,0.000000000000e+00,0.000000000000e+00
1.112000000000e-01,3.045356022236e+01,0.000000000000e+00,3.045356022236e+01,0.000000000000e+00,0.000000000000e+00
1.116000000000e-01,3.038436797624e+01,0.000000000000e+00,3.038436797624e+01,0.000000000000e+00,0.000000000000e+00
1.120000000000e-01,3.031285815568e+01,0.000000000000e+00,3.031285815568e+01,0.000000000000e+00,0.000000000000e+00
1.124000000000e-01,3.023904205292e+01,0.000000000000e+00,3.023904205292e+01,0.000000000000e+00,0.000000000000e+00
1.128000000000e-01,3.016293132437e+01,0.000000000000e+00,3.016293132437e+01,0.000000000000e+00,0.000000000000e+00
1.132000000000e-01,3.008453798879e+01,0.000000000000e+00,3.008453798879e+01,0.000000000000e+00,0.000000000000e+00
1.136000000000e-01,3.000387442541e+01,0.000000000000e+00,3.000387442541e+01,0.000000000000e+00,0.000000000000e+00
1.140000000000e-01,2.992095337193e+01,0.000000000000e+00,2.992095337193e+01,0.000000000000e+00,0.000000000000e+00
1.144000000000e-01,2.983578792255e+01,0.000000000000e+00,2.983578792255e+01,0.000000000000e+00,0.000000000000e+00
1.148000000000e-01,2.974839152589e+01,0.000000000000e+00,2.974839152589e+01,0.000000000000e+00,0.000000000000e+00
1.152000000000e-01,2.965877798284e+01,0.000000000000e+00,2.965877798284e+01,0.000000000000e+00,0.000000000000e+00
1.156000000000e-01,2.956696144442e+01,0.000000000000e+00,2.956696144442e+01,0.000000000000e+00,0.000000000000e+00
1.160000000000e-01,2.947295640954e+01,0.000000000000e+00,2.947295640954e+01,0.000000000000e+00,0.000000000000e+00
1.164000000000e-01,2.937677772266e+01,0.000000000000e+00,2.937677772266e+01,0.000000000000e+00,0.000000000000e+00
1.168000000000e-01,2.927844057153e+01,0.000000000000e+00,2.927844057153e+01,0.000000000000e+00,0.000000000000e+00
1.172000000000e-01,2.917796048473e+01,0.000000000000e+00,2.917796048473e+01,0.000000000000e+00,0.000000000000e+00
1.176000000000e-01,2.907535332921e+01,0.000000000000e+00,2.907535332921e+01,0.000000000000e+00,0.000000000000e+00
1.180000000000e-01,2.897063530784e+01,0.000000000000e+00,2.897063530784e+01,0.000000000000e+00,0.000000000000e+00
1.184000000000e-01,2.886382295681e+01,0.000000000000e+00,2.886382295681e+01,0.000000000000e+00,0.000000000000e+00
1.188000000000e-01,2.875493314303e+01,0.000000000000e+00,2.875493314303e+01,0.000000000000e+00,0.000000000000e+00
1.192000000000e-01,2.864398306145e+01,0.000000000000e+00,2.864398306145e+01,0.000000000000e+00,0.000000000000e+00
1.196000000000e-01,2.853099023240e+01,0.000000000000e+00,2.853099023240e+01,0.000000000000e+00,0.000000000000e+00
1.200000000000e-01,2.841597249874e+01,0.000000000000e+00,2.841597249874e+01,0.000000000000e+00,0.000000000000e+00
1.204000000000e-01,2.829894802310e+01,0.000000000000e+00,2.829894802310e+01,0.000000000000e+00,0.000000000000e+00
1.208000000000e-01,2.817993528501e+01,0.000000000000e+00,2.817993528501e+01,0.000000000000e+00,0.000000000000e+00
1.212000000000e-01,2.805895307796e+01,0.000000000000e+00,2.805895307796e+01,0.000000000000e+00,0.000000000000e+00
1.216000000000e-01,2.793602050645e+01,0.000000000000e+00,2.793602050645e+01,0.000000000000e+00,0.000000000000e+00
1.220000000000e-01,2.781115698294e+01,0.000000000000e+00,2.781115698294e+01,0.000000000000e+00,0.000000000000e+00
1.224000000000e-01,2.768438222484e+01,0.000000000000e+00,2.768438222484e+01,0.000000000000e+00,0.000000000000e+00
1.228000000000e-01,2.755571625135e+01,0.000000000000e+00,2.755571625135e+01,0.000000000000e+00,0.000000000000e+00
1.232000000000e-01,2.742517938032e+01,0.000000000000e+00,2.742517938032e+01,0.000000000000e+00,0.000000000000e+00
1.236000000000e-01,2.729279222504e+01,0.000000000000e+00,2.729279222504e+01,0.000000000000e+00,0.000000000000e+00
1.240000000000e-01,2.715857569097e+01,0.000000000000e+00,2.715857569097e+01,0.000000000000e+00,0.000000000000e+00
1.244000000000e-01,2.702255097246e+01,0.000000000000e+00,2.702255097246e+01,0.000000000000e+00,0.000000000000e+00
1.248000000000e-01,2.688473954939e+01,0.000000000000e+00,2.688473954939e+01,0.000000000000e+00,0.000000000000e+00
1.252000000000e-01,2.674516318377e+01,0.000000000000e+00,2.674516318377e+01,0.000000000000e+00,0.000000000000e+00
1.256000000000e-01,2.660384391635e+01,0.000000000000e+00,2.660384391635e+01,0.000000000000e+00,0.000000000000e+00
1.260000000000e-01,2.646080406306e+01,0.000000000000e+00,2.646080406306e+01,0.000000000000e+00,0.000000000000e+00
1.264000000000e-01,2.631606621155e+01,0.000000000000e+00,2.631606621155e+01,0.000000000000e+00,0.000000000000e+00
1.268000000000e-01,2.616965321762e+01,0.000000000000e+00,2.616965321762e+01,0.000000000000e+00,0.000000000000e+00
1.272000000000e-01,2.602158820157e+01,0.000000000000e+00,2.602158820157e+01,0.000000000000e+00,0.000000000000e+00
1.276000000000e-01,2.587189454459e+01,0.000000000000e+00,2.587189454459e+01,0.000000000000e+00,0.000000000000e+00
1.280000000000e-01,2.572059588503e+01,0.000000000000e+00,2.572059588503e+01,0.000000000000e+00,0.000000000000e+00
1.284000000000e-01,2.556771611471e+01,0.000000000000e+00,2.556771611471e+01,0.000000000000e+00,0.000000000000e+00
1.288000000000e-01,2.541327937512e+01,0.000000000000e+00,2.541327937512e+01,0.000000000000e+00,0.000000000000e+00
1.292000000000e-01,2.525731005361e+01,0.000000000000e+00,2.525731005361e+01,0.000000000000e+00,0.000000000000e+00
1.296000000000e-01,2.509983277954e+01,0.000000000000e+00,2.509983277954e+01,0.000000000000e+00,0.000000000000e+00
1.300000000000e-01,2.494087242040e+01,0.000000000000e+00,2.494087242040e+01,0.000000000000e+00,0.000000000000e+00
1.304000000000e-01,2.478045407788e+01,0.000000000000e+00,2.478045407788e+01,0.000000000000e+00,0.000000000000e+00
1.308000000000e-01,2.461860308388e+01,0.000000000000e+00,2.461860308388e+01,0.000000000000e+00,0.000000000000e+00
1.312000000000e-01,2.445534499656e+01,0.000000000000e+00,2.445534499656e+01,0.000000000000e+00,0.000000000000e+00
1.316000000000e-01,2.429070559627e+01,0.000000000000e+00,2.429070559627e+01,0.000000000000e+00,0.000000000000e+00
1.320000000000e-01,2.412471088146e+01,0.000000000000e+00,2.412471088146e+01,0.000000000000e+00,0.000000000000e+00
1.324000000000e-01,2.395738706464e+01,0.000000000000e+00,2.395738706464e+01,0.000000000000e+00,0.000000000000e+00
1.328000000000e-01,2.378876056817e+01,0.000000000000e+00,2.378876056817e+01,0.000000000000e+00,0.000000000000e+00
1.332000000000e-01,2.361885802013e+01,0.000000000000e+00,2.361885802013e+01,0.000000000000e+00,0.000000000000e+00
1.336000000000e-01,2.344770625010e+01,0.000000000000e+00,2.344770625010e+01,0.000000000000e+00,0.000000000000e+00
1.340000000000e-01,2.327533228494e+01,0.000000000000e+00,2.327533228494e+01,0.000000000000e+00,0.000000000000e+00
1.344000000000e-01,2.310176334448e+01,0.000000000000e+00,2.310176334448e+01,0.000000000000e+00,0.000000000000e+00
1.348000000000e-01,2.292702683728e+01,0.000000000000e+00,2.292702683728e+01,0.000000000000e+00,0.000000000000e+00
1.352000000000e-01,2.275115035626e+01,0.000000000000e+00,2.275115035626e+01,0.000000000000e+00,0.000000000000e+00
1.356000000000e-01,2.257416167434e+01,0.000000000000e+00,2.257416167434e+01,0.000000000000e+00,0.000000000000e+00
1.360000000000e-01,2.239608874011e+01,0.000000000000e+00,2.239608874011e+01,0.000000000000e+00,0.000000000000e+00
1.364000000000e-01,2.221695967333e+01,0.000000000000e+00,2.221695967333e+01,0.000000000000e+00,0.000000000000e+00
1.368000000000e-01,2.203680276056e+01,0.000000000000e+00,2.203680276056e+01,0.000000000000e+00,0.000000000000e+00
1.372000000000e-01,2.185564645067e+01,0.000000000000e+00,2.185564645067e+01,0.000000000000e+00,0.000000000000e+00
1.376000000000e-01,2.167351935034e+01,0.000000000000e+00,2.167351935034e+01,0.000000000000e+00,0.000000000000e+00
1.380000000000e-01,2.149045021955e+01,0.000000000000e+00,2.149045021955e+01,0.000000000000e+00,0.000000000000e+00
1.384000000000e-01,2.130646796704e+01,0.000000000000e+00,2.130646796704e+01,0.000000000000e+00,0.000000000000e+00
1.388000000000e-01,2.112160164573e+01,0.000000000000e+00,2.112160164573e+01,0.000000000000e+00,0.000000000000e+00
1.392000000000e-01,2.093588044817e+01,0.000000000000e+00,2.093588044817e+01,0.000000000000e+00,0.000000000000e+00
1.396000000000e-01,2.074933370188e+01,0.000000000000e+00,2.074933370188e+01,0.000000000000e+00,0.000000000000e+00
1.400000000000e-01,2.056199086476e+01,0.000000000000e+00,2.056199086476e+01,0.000000000000e+00,0.000000000000e+00
1.404000000000e-01,2.037388152041e+01,0.000000000000e+00,2.037388152041e+01,0.000000000000e+00,0.000000000000e+00
1.408000000000e-01,2.018503537349e+01,0.000000000000e+00,2.018503537349e+01,0.000000000000e+00,0.000000000000e+00
1.412000000000e-01,1.999548224497e+01,0.000000000000e+00,1.999548224497e+01,0.000000000000e+00,0.000000000000e+00
1.416000000000e-01,1.980525206751e+01,0.000000000000e+00,1.980525206751e+01,0.000000000000e+00,0.000000000000e+00
1.420000000000e-01,1.961437488064e+01,0.000000000000e+00,1.961437488064e+01,0.000000000000e+00,0.000000000000e+00
1.424000000000e-01,1.942288082610e+01,0.000000000000e+00,1.942288082610e+01,0.000000000000e+00,0.000000000000e+00
1.428000000000e-01,1.923080014302e+01,0.000000000000e+00,1.923080014302e+01,0.000000000000e+00,0.000000000000e+00
1.432000000000e-01,1.903816316315e+01,0.000000000000e+00,1.903816316315e+01,0.000000000000e+00,0.000000000000e+00
1.436000000000e-01,1.884500030611e+01,0.000000000000e+00,1.884500030611e+01,0.000000000000e+00,0.000000000000e+00
1.440000000000e-01,1.865134207456e+01,0.000000000000e+00,1.865134207456e+01,0.000000000000e+00,0.000000000000e+00
1.444000000000e-01,1.845721904938e+01,0.000000000000e+00,1.845721904938e+01,0.000000000000e+00,0.000000000000e+00
1.448000000000e-01,1.826266188483e+01,0.000000000000e+00,1.826266188483e+01,0.000000000000e+00,0.000000000000e+00
1.452000000000e-01,1.806770130376e+01,0.000000000000e+00,1.806770130376e+01,0.000000000000e+00,0.000000000000e+00
1.456000000000e-01,1.787236809270e+01,0.000000000000e+00,1.787236809270e+01,0.000000000000e+00,0.000000000000e+00
1.460000000000e-01,1.767669309703e+01,0.000000000000e+00,1.767669309703e+01,0.000000000000e+00,0.000000000000e+00
1.464000000000e-01,1.748070721610e+01,0.000000000000e+00,1.748070721610e+01,0.000000000000e+00,0.000000000000e+00
1.468000000000e-01,1.728444139834e+01,0.000000000000e+00,1.728444139834e+01,0.000000000000e+00,0.000000000000e+00
1.472000000000e-01,1.708792663641e+01,0.000000000000e+00,1.708792663641e+01,0.000000000000e+00,0.000000000000e+00
1.476000000000e-01,1.689119396227e+01,0.000000000000e+00,1.689119396227e+01,0.000000000000e+00,0.000000000000e+00
1.480000000000e-01,1.669427444229e+01,0.000000000000e+00,1.669427444229e+01,0.000000000000e+00,0.000000000000e+00
1.484000000000e-01,1.649719917234e+01,0.000000000000e+00,1.649719917234e+01,0.000000000000e+00,0.000000000000e+00
1.488000000000e-01,1.629999927289e+01,0.000000000000e+00,1.629999927289e+01,0.000000000000e+00,0.000000000000e+00
1.492000000000e-01,1.610270588409e+01,0.000000000000e+00,1.610270588409e+01,0.000000000000e+00,0.000000000000e+00
1.496000000000e-01,1.590535016086e+01,0.000000000000e+00,1.590535016086e+01,0.000000000000e+00,0.000000000000e+00
1.500000000000e-01,1.570796326795e+01,0.000000000000e+00,1.570796326795e+01,0.000000000000e+00,0.000000000000e+00
1.504000000000e-01,1.551057637504e+01,0.000000000000e+00,1.551057637504e+01,0.000000000000e+00,0.000000000000e+00
1.508000000000e-01,1.531322065180e+01,0.000000000000e+00,1.531322065180e+01,0.000000000000e+00,0.000000000000e+00
1.512000000000e-01,1.511592726301e+01,0.000000000000e+00,1.511592726301e+01,0.000000000000e+00,0.000000000000e+00
1.516000000000e-01,1.491872736356e+01,0.000000000000e+00,1.491872736356e+01,0.000000000000e+00,0.000000000000e+00
1.520000000000e-01,1.472165209361e+01,0.000000000000e+00,1.472165209361e+01,0.000000000000e+00,0.000000000000e+00
1.524000000000e-01,1.452473257362e+01,0.000000000000e+00,1.452473257362e+01,0.000000000000e+00,0.000000000000e+00
1.528000000000e-01,1.432799989948e+01,0.000000000000e+00,1.432799989948e+01,0.000000000000e+00,0.000000000000e+00
1.532000000000e-01,1.413148513756e+01,0.000000000000e+00,1.413148513756e+01,0.000000000000e+00,0.000000000000e+00
1.536000000000e-01,1.393521931980e+01,0.000000000000e+00,1.393521931980e+01,0.000000000000e+00,0.000000000000e+00
1.540000000000e-01,1.373923343887e+01,0.000000000000e+00,1.373923343887e+01,0.000000000000e+00,0.000000000000e+00
1.544000000000e-01,1.354355844319e+01,0.000000000000e+00,1.354355844319e+01,0.000000000000e+00,0.000000000000e+00
1.548000000000e-01,1.334822523213e+01,0.000000000000e+00,1.334822523213e+01,0.000000000000e+00,0.000000000000e+00
1.552000000000e-01,1.315326465106e+01,0.000000000000e+00,1.315326465106e+01,0.000000000000e+00,0.000000000000e+00
1.556000000000e-01,1.295870748652e+01,0.000000000000e+00,1.295870748652e+01,0.000000000000e+00,0.000000000000e+00
1.560000000000e-01,1.276458446134e+01,0.000000000000e+00,1.276458446134e+01,0.000000000000e+00,0.000000000000e+00
1.564000000000e-01,1.257092622979e+01,0.000000000000e+00,1.257092622979e+01,0.000000000000e+00,0.000000000000e+00
1.568000000000e-01,1.237776337275e+01,0.000000000000e+00,1.237776337275e+01,0.000000000000e+00,0.000000000000e+00
1.572000000000e-01,1.218512639288e+01,0.000000000000e+00,1.218512639288e+01,0.000000000000e+00,0.000000000000e+00
1.576000000000e-01,1.199304570979e+01,0.000000000000e+00,1.199304570979e+01,0.000000000000e+00,0.000000000000e+00
1.580000000000e-01,1.180155165525e+01,0.000000000000e+00,1.180155165525e+01,0.000000000000e+00,0.000000000000e+00
1.584000000000e-01,1.161067446839e+01,0.000000000000e+00,1.161067446839e+01,0.000000000000e+00,0.000000000000e+00
1.588000000000e-01,1.142044429093e+01,0.000000000000e+00,1.142044429093e+01,0.000000000000e+00,0.000000000000e+00
1.592000000000e-01,1.123089116241e+01,0.000000000000e+00,1.123089116241e+01,0.000000000000e+00,0.000000000000e+00
1.596000000000e-01,1.104204501548e+01,0.000000000000e+00,1.104204501548e+01,0.000000000000e+00,0.000000000000e+00
1.600000000000e-01,1.085393567114e+01,0.000000000000e+00,1.085393567114e+01,0.000000000000e+00,0.000000000000e+00
1.604000000000e-01,1.066659283401e+01,0.000000000000e+00,1.066659283401e+01,0.000000000000e+00,0.000000000000e+00
1.608000000000e-01,1.048004608773e+01,0.000000000000e+00,1.048004608773e+01,0.000000000000e+00,0.000000000000e+00
1.612000000000e-01,1.029432489017e+01,0.000000000000e+00,1.029432489017e+01,0.000000000000e+00,0.000000000000e+00
1.616000000000e-01,1.010945856886e+01,0.000000000000e+00,1.010945856886e+01,0.000000000000e+00,0.000000000000e+00
1.620000000000e-01,9.925476316348e+00,0.000000000000e+00,9.925476316348e+00,0.000000000000e+00,0.000000000000e+00
1.624000000000e-01,9.742407185558e+00,0.000000000000e+00,9.742407185558e+00,0.000000000000e+00,0.000000000000e+00
1.628000000000e-01,9.560280085228e+00,0.000000000000e+00,9.560280085228e+00,0.000000000000e+00,0.000000000000e+00
1.632000000000e-01,9.379123775339e+00,0.000000000000e+00,9.379123775339e+00,0.000000000000e+00,0.000000000000e+00
1.636000000000e-01,9.198966862571e+00,0.000000000000e+00,9.198966862571e+00,0.000000000000e+00,0.000000000000e+00
1.640000000000e-01,9.019837795791e+00,0.000000000000e+00,9.019837795791e+00,0.000000000000e+00,0.000000000000e+00
1.644000000000e-01,8.841764861555e+00,0.000000000000e+00,8.841764861555e+00,0.000000000000e+00,0.000000000000e+00
1.648000000000e-01,8.664776179642e+00,0.000000000000e+00,8.664776179642e+00,0.000000000000e+00,0.000000000000e+00
1.652000000000e-01,8.488899698618e+00,0.000000000000e+00,8.488899698618e+00,0.000000000000e+00,0.000000000000e+00
1.656000000000e-01,8.314163191417e+00,0.000000000000e+00,8.314163191417e+00,0.000000000000e+00,0.000000000000e+00
1.660000000000e-01,8.140594250960e+00,0.000000000000e+00,8.140594250960e+00,0.000000000000e+00,0.000000000000e+00
1.664000000000e-01,7.968220285794e+00,0.000000000000e+00,7.968220285794e+00,0.000000000000e+00,0.000000000000e+00
1.668000000000e-01,7.797068515768e+00,0.000000000000e+00,7.797068515768e+00,0.000000000000e+00,0.000000000000e+00
1.672000000000e-01,7.627165967728e+00,0.000000000000e+00,7.627165967728e+00,0.000000000000e+00,0.000000000000e+00
1.676000000000e-01,7.458539471258e+00,0.000000000000e+00,7.458539471258e+00,0.000000000000e+00,0.000000000000e+00
1.680000000000e-01,7.291215654436e+00,0.000000000000e+00,7.291215654436e+00,0.000000000000e+00,0.000000000000e+00
1.684000000000e-01,7.125220939632e+00,0.000000000000e+00,7.125220939632e+00,0.000000000000e+00,0.000000000000e+00
1.688000000000e-01,6.960581539336e+00,0.000000000000e+00,6.960581539336e+00,0.000000000000e+00,0.000000000000e+00
1.692000000000e-01,6.797323452018e+00,0.000000000000e+00,6.797323452018e+00,0.000000000000e+00,0.000000000000e+00
1.696000000000e-01,6.635472458022e+00,0.000000000000e+00,6.635472458022e+00,0.000000000000e+00,0.000000000000e+00
1.700000000000e-01,6.475054115497e+00,0.000000000000e+00,6.475054115497e+00,0.000000000000e+00,0.000000000000e+00
1.704000000000e-01,6.316093756358e+00,0.000000000000e+00,6.316093756358e+00,0.000000000000e+00,0.000000000000e+00
1.708000000000e-01,6.158616482289e+00,0.000000000000e+00,6.158616482289e+00,0.000000000000e+00,0.000000000000e+00
1.712000000000e-01,6.002647160777e+00,0.000000000000e+00,6.002647160777e+00,0.000000000000e+00,0.000000000000e+00
1.716000000000e-01,5.848210421186e+00,0.000000000000e+00,5.848210421186e+00,0.000000000000e+00,0.000000000000e+00
1.720000000000e-01,5.695330650867e+00,0.000000000000e+00,5.695330650867e+00,0.000000000000e+00,0.000000000000e+00
1.724000000000e-01,5.544031991309e+00,0.000000000000e+00,5.544031991309e+00,0.000000000000e+00,0.000000000000e+00
1.728000000000e-01,5.394338334323e+00,0.000000000000e+00,5.394338334323e+00,0.000000000000e+00,0.000000000000e+00
1.732000000000e-01,5.246273318274e+00,0.000000000000e+00,5.246273318274e+00,0.000000000000e+00,0.000000000000e+00
1.736000000000e-01,5.099860324343e+00,0.000000000000e+00,5.099860324343e+00,0.000000000000e+00,0.000000000000e+00
1.740000000000e-01,4.955122472840e+00,0.000000000000e+00,4.955122472840e+00,0.000000000000e+00,0.000000000000e+00
1.744000000000e-01,4.812082619550e+00,0.000000000000e+00,4.812082619550e+00,0.000000000000e+00,0.000000000000e+00
1.748000000000e-01,4.670763352123e+00,0.000000000000e+00,4.670763352123e+00,0.000000000000e+00,0.000000000000e+00
1.752000000000e-01,4.531186986510e+00,0.000000000000e+00,4.531186986510e+00,0.000000000000e+00,0.000000000000e+00
1.756000000000e-01,4.393375563438e+00,0.000000000000e+00,4.393375563438e+00,0.000000000000e+00,0.000000000000e+00
1.760000000000e-01,4.257350844926e+00,0.000000000000e+00,4.257350844926e+00,0.000000000000e+00,0.000000000000e+00
1.764000000000e-01,4.123134310856e+00,0.000000000000e+00,4.123134310856e+00,0.000000000000e+00,0.000000000000e+00
1.768000000000e-01,3.990747155574e+00,0.000000000000e+00,3.990747155574e+00,0.000000000000e+00,0.000000000000e+00
1.772000000000e-01,3.860210284546e+00,0.000000000000e+00,3.860210284546e+00,0.000000000000e+00,0.000000000000e+00
1.776000000000e-01,3.731544311058e+00,0.000000000000e+00,3.731544311058e+00,0.000000000000e+00,0.000000000000e+00
1.780000000000e-01,3.604769552959e+00,0.000000000000e+00,3.604769552959e+00,0.000000000000e+00,0.000000000000e+00
1.784000000000e-01,3.479906029451e+00,0.000000000000e+00,3.479906029451e+00,0.000000000000e+00,0.000000000000e+00
1.788000000000e-01,3.356973457934e+00,0.000000000000e+00,3.356973457934e+00,0.000000000000e+00,0.000000000000e+00
1.792000000000e-01,3.235991250885e+00,0.000000000000e+00,3.235991250885e+00,0.000000000000e+00,0.000000000000e+00
1.796000000000e-01,3.116978512797e+00,0.000000000000e+00,3.116978512797e+00,0.000000000000e+00,0.000000000000e+00
1.800000000000e-01,2.999954037161e+00,0.000000000000e+00,2.999954037161e+00,0.000000000000e+00,0.000000000000e+00
1.804000000000e-01,2.884936303498e+00,0.000000000000e+00,2.884936303498e+00,0.000000000000e+00,0.000000000000e+00
1.808000000000e-01,2.771943474443e+00,0.000000000000e+00,2.771943474443e+00,0.000000000000e+00,0.000000000000e+00
1.812000000000e-01,2.660993392872e+00,0.000000000000e+00,2.660993392872e+00,0.000000000000e+00,0.000000000000e+00
1.816000000000e-01,2.552103579090e+00,0.000000000000e+00,2.552103579090e+00,0.000000000000e+00,0.000000000000e+00
1.820000000000e-01,2.445291228060e+00,0.000000000000e+00,2.445291228060e+00,0.000000000000e+00,0.000000000000e+00
1.824000000000e-01,2.340573206691e+00,0.000000000000e+00,2.340573206691e+00,0.000000000000e+00,0.000000000000e+00
1.828000000000e-01,2.237966051172e+00,0.000000000000e+00,2.237966051172e+00,0.000000000000e+00,0.000000000000e+00
1.832000000000e-01,2.137485964363e+00,0.000000000000e+00,2.137485964363e+00,0.000000000000e+00,0.000000000000e+00
1.836000000000e-01,2.039148813234e+00,0.000000000000e+00,2.039148813234e+00,0.000000000000e+00,0.000000000000e+00
1.840000000000e-01,1.942970126362e+00,0.000000000000e+00,1.942970126362e+00,0.000000000000e+00,0.000000000000e+00
1.844000000000e-01,1.848965091475e+00,0.000000000000e+00,1.848965091475e+00,0.000000000000e+00,0.000000000000e+00
1.848000000000e-01,1.757148553059e+00,0.000000000000e+00,1.757148553059e+00,0.000000000000e+00,0.000000000000e+00
1.852000000000e-01,1.667535010010e+00,0.000000000000e+00,1.667535010010e+00,0.000000000000e+00,0.000000000000e+00
1.856000000000e-01,1.580138613344e+00,0.000000000000e+00,1.580138613344e+00,0.000000000000e+00,0.000000000000e+00
1.860000000000e-01,1.494973163966e+00,0.000000000000e+00,1.494973163966e+00,0.000000000000e+00,0.000000000000e+00
1.864000000000e-01,1.412052110488e+00,0.000000000000e+00,1.412052110488e+00,0.000000000000e+00,0.000000000000e+00
1.868000000000e-01,1.331388547105e+00,0.000000000000e+00,1.331388547105e+00,0.000000000000e+00,0.000000000000e+00
1.872000000000e-01,1.252995211529e+00,0.000000000000e+00,1.252995211529e+00,0.000000000000e+00,0.000000000000e+00
1.876000000000e-01,1.176884482976e+00,0.000000000000e+00,1.176884482976e+00,0.000000000000e+00,0.000000000000e+00
1.880000000000e-01,1.103068380214e+00,0.000000000000e+00,1.103068380214e+00,0.000000000000e+00,0.000000000000e+00
1.884000000000e-01,1.031558559659e+00,0.000000000000e+00,1.031558559659e+00,0.000000000000e+00,0.000000000000e+00
1.888000000000e-01,9.623663135419e-01,0.000000000000e+00,9.623663135419e-01,0.000000000000e+00,0.000000000000e+00
1.892000000000e-01,8.955025681203e-01,0.000000000000e+00,8.955025681203e-01,0.000000000000e+00,0.000000000000e+00
1.896000000000e-01,8.309778819548e-01,0.000000000000e+00,8.309778819548e-01,0.000000000000e+00,0.000000000000e+00
1.900000000000e-01,7.688024442412e-01,0.000000000000e+00,7.688024442412e-01,0.000000000000e+00,0.000000000000e+00
1.904000000000e-01,7.089860732019e-01,0.000000000000e+00,7.089860732019e-01,0.000000000000e+00,0.000000000000e+00
1.908000000000e-01,6.515382145353e-01,0.000000000000e+00,6.515382145353e-01,0.000000000000e+00,0.000000000000e+00
1.912000000000e-01,5.964679399243e-01,0.000000000000e+00,5.964679399243e-01,0.000000000000e+00,0.000000000000e+00
1.916000000000e-01,5.437839456035e-01,0.000000000000e+00,5.437839456035e-01,0.000000000000e+00,0.000000000000e+00
1.920000000000e-01,4.934945509865e-01,0.000000000000e+00,4.934945509865e-01,0.000000000000e+00,0.000000000000e+00
1.924000000000e-01,4.456076973517e-01,0.000000000000e+00,4.456076973517e-01,0.000000000000e+00,0.000000000000e+00
1.928000000000e-01,4.001309465882e-01,0.000000000000e+00,4.001309465882e-01,0.000000000000e+00,0.000000000000e+00
1.932000000000e-01,3.570714800024e-01,0.000000000000e+00,3.570714800024e-01,0.000000000000e+00,0.000000000000e+00
1.936000000000e-01,3.164360971830e-01,0.000000000000e+00,3.164360971830e-01,0.000000000000e+00,0.000000000000e+00
1.940000000000e-01,2.782312149281e-01,0.000000000000e+00,2.782312149281e-01,0.000000000000e+00,0.000000000000e+00
1.944000000000e-01,2.424628662316e-01,0.000000000000e+00,2.424628662316e-01,0.000000000000e+00,0.000000000000e+00
1.948000000000e-01,2.091366993302e-01,0.000000000000e+00,2.091366993302e-01,0.000000000000e+00,0.000000000000e+00
1.952000000000e-01,1.782579768122e-01,0.000000000000e+00,1.782579768122e-01,0.000000000000e+00,0.000000000000e+00
1.956000000000e-01,1.498315747856e-01,0.000000000000e+00,1.498315747856e-01,0.000000000000e+00,0.000000000000e+00
1.960000000000e-01,1.238619821090e-01,0.000000000000e+00,1.238619821090e-01,0.000000000000e+00,0.000000000000e+00
1.964000000000e-01,1.003532996820e-01,0.000000000000e+00,1.003532996820e-01,0.000000000000e+00,0.000000000000e+00
1.968000000000e-01,7.930923979824e-02,0.000000000000e+00,7.930923979824e-02,0.000000000000e+00,0.000000000000e+00
1.972000000000e-01,6.073312555858e-02,0.000000000000e+00,6.073312555858e-02,0.000000000000e+00,0.000000000000e+00
1.976000000000e-01,4.462789034686e-02,0.000000000000e+00,4.462789034686e-02,0.000000000000e+00,0.000000000000e+00
1.980000000000e-01,3.099607736640e-02,0.000000000000e+00,3.099607736640e-02,0.000000000000e+00,0.000000000000e+00
1.984000000000e-01,1.983983923850e-02,0.000000000000e+00,1.983983923850e-02,0.000000000000e+00,0.000000000000e+00
1.988000000000e-01,1.116093766250e-02,0.000000000000e+00,1.116093766250e-02,0.000000000000e+00,0.000000000000e+00
1.992000000000e-01,4.960743137549e-03,0.000000000000e+00,4.960743137549e-03,0.000000000000e+00,0.000000000000e+00
1.996000000000e-01,1.240234746248e-03,0.000000000000e+00,1.240234746248e-03,0.000000000000e+00,0.000000000000e+00
2.000000000000e-01,-0.000000000000e+00,0.000000000000e+00,0.000000000000e+00,1.822672961883e+00,0.000000000000e+00
2.004000000000e-01,-3.090935576943e-04,1.201100910995e-03,1.240234746248e-03,1.822672961883e+00,0.000000000000e+00
2.008000000000e-01,-1.236325421321e-03,4.804213976222e-03,4.960743137548e-03,1.822672961883e+00,0.000000000000e+00
2.012000000000e-01,-2.781549170221e-03,1.080877022236e-02,1.116093766250e-02,1.822672961883e+00,0.000000000000e+00
2.016000000000e-01,-4.944520795650e-03,1.921382146037e-02,1.983983923850e-02,1.822672961883e+00,0.000000000000e+00
2.020000000000e-01,-7.724898739315e-03,3.001804043523e-02,3.099607736640e-02,1.822672961883e+00,0.000000000000e+00
2.024000000000e-01,-1.112224394731e-02,4.321972103551e-02,4.462789034686e-02,1.822672961883e+00,0.000000000000e+00
2.028000000000e-01,-1.513601993944e-02,5.881677856282e-02,6.073312555858e-02,1.822672961883e+00,0.000000000000e+00
2.032000000000e-01,-1.976559289394e-02,7.680675006095e-02,7.930923979824e-02,1.822672961883e+00,0.000000000000e+00
2.036000000000e-01,-2.501023174759e-02,9.718679470486e-02,1.003532996820e-01,1.822672961883e+00,0.000000000000e+00
2.040000000000e-01,-3.086910831111e-02,1.199536942493e-01,1.238619821090e-01,1.822672961883e+00,0.000000000000e+00
2.044000000000e-01,-3.734129739996e-02,1.451038535368e-01,1.498315747856e-01,1.822672961883e+00,0.000000000000e+00
2.048000000000e-01,-4.442577698047e-02,1.726333010657e-01,1.782579768122e-01,1.822672961883e+00,0.000000000000e+00
2.052000000000e-01,-5.212142833119e-02,2.025376896172e-01,2.091366993302e-01,1.822672961883e+00,0.000000000000e+00
2.056000000000e-01,-6.042703621955e-02,2.348122969415e-01,2.424628662316e-01,1.822672961883e+00,0.000000000000e+00
2.060000000000e-01,-6.934128909378e-02,2.694520265042e-01,2.782312149281e-01,1.822672961883e+00,0.000000000000e+00
2.064000000000e-01,-7.886277929003e-02,3.064514082902e-01,3.164360971830e-01,1.822672961883e+00,0.000000000000e+00
2.068000000000e-01,-8.899000325460e-02,3.458045996684e-01,3.570714800024e-01,1.822672961883e+00,0.000000000000e+00
2.072000000000e-01,-9.972136178145e-02,3.875053863136e-01,4.001309465882e-01,1.822672961883e+00,0.000000000000e+00
2.076000000000e-01,-1.110551602647e-01,4.315471831882e-01,4.456076973517e-01,1.822672961883e+00,0.000000000000e+00
2.080000000000e-01,-1.229896089661e-01,4.779230355819e-01,4.934945509865e-01,1.822672961883e+00,0.000000000000e+00
2.084000000000e-01,-1.355228232978e-01,5.266256202100e-01,5.437839456035e-01,1.822672961883e+00,0.000000000000e+00
2.088000000000e-01,-1.486528241202e-01,5.776472463698e-01,5.964679399243e-01,1.822672961883e+00,0.000000000000e+00
2.092000000000e-01,-1.623775380538e-01,6.309798571551e-01,6.515382145353e-01,1.822672961883e+00,0.000000000000e+00
2.096000000000e-01,-1.766947978071e-01,6.866150307284e-01,7.089860732019e-01,1.822672961883e+00,0.000000000000e+00
2.100000000000e-01,-1.916023425190e-01,7.445439816508e-01,7.688024442412e-01,1.822672961883e+00,0.000000000000e+00
2.104000000000e-01,-2.070978181152e-01,8.047575622695e-01,8.309778819548e-01,1.822672961883e+00,0.000000000000e+00
2.108000000000e-01,-2.231787776806e-01,8.672462641621e-01,8.955025681203e-01,1.822672961883e+00,0.000000000000e+00
2.112000000000e-01,-2.398426818452e-01,9.320002196381e-01,9.623663135419e-01,1.822672961883e+00,0.000000000000e+00
2.116000000000e-01,-2.570868991854e-01,9.990092032973e-01,1.031558559659e+00,1.822672961883e+00,0.000000000000e+00
2.120000000000e-01,-2.749087066394e-01,1.068262633644e+00,1.103068380214e+00,1.822672961883e+00,0.000000000000e+00
2.124000000000e-01,-2.933052899371e-01,1.139749574760e+00,1.176884482976e+00,1.822672961883e+00,0.000000000000e+00
2.128000000000e-01,-3.122737440448e-01,1.213458738027e+00,1.252995211529e+00,1.822672961883e+00,0.000000000000e+00
2.132000000000e-01,-3.318110736238e-01,1.289378483915e+00,1.331388547105e+00,1.822672961883e+00,0.000000000000e+00
2.136000000000e-01,-3.519141935031e-01,1.367496823815e+00,1.412052110488e+00,1.822672961883e+00,0.000000000000e+00
2.140000000000e-01,-3.725799291672e-01,1.447801421936e+00,1.494973163966e+00,1.822672961883e+00,0.000000000000e+00
2.144000000000e-01,-3.938050172567e-01,1.530279597251e+00,1.580138613344e+00,1.822672961883e+00,0.000000000000e+00
2.148000000000e-01,-4.155861060843e-01,1.614918325501e+00,1.667535010010e+00,1.822672961883e+00,0.000000000000e+00
2.152000000000e-01,-4.379197561634e-01,1.701704241247e+00,1.757148553059e+00,1.822672961883e+00,0.000000000000e+00
2.156000000000e-01,-4.608024407520e-01,1.790623639990e+00,1.848965091475e+00,1.822672961883e+00,0.000000000000e+00
2.160000000000e-01,-4.842305464087e-01,1.881662480324e+00,1.942970126362e+00,1.822672961883e+00,0.000000000000e+00
2.164000000000e-01,-5.082003735642e-01,1.974806386161e+00,2.039148813234e+00,1.822672961883e+00,0.000000000000e+00
2.168000000000e-01,-5.327081371048e-01,2.070040649000e+00,2.137485964363e+00,1.822672961883e+00,0.000000000000e+00
2.172000000000e-01,-5.577499669707e-01,2.167350230245e+00,2.237966051172e+00,1.822672961883e+00,0.000000000000e+00
2.176000000000e-01,-5.833219087664e-01,2.266719763586e+00,2.340573206691e+00,1.822672961883e+00,0.000000000000e+00
2.180000000000e-01,-6.094199243861e-01,2.368133557422e+00,2.445291228060e+00,1.822672961883e+00,0.000000000000e+00
2.184000000000e-01,-6.360398926506e-01,2.471575597339e+00,2.552103579090e+00,1.822672961883e+00,0.000000000000e+00
2.188000000000e-01,-6.631776099581e-01,2.577029548639e+00,2.660993392872e+00,1.822672961883e+00,0.000000000000e+00
2.192000000000e-01,-6.908287909486e-01,2.684478758922e+00,2.771943474443e+00,1.822672961883e+00,0.000000000000e+00
2.196000000000e-01,-7.189890691801e-01,2.793906260712e+00,2.884936303498e+00,1.822672961883e+00,0.000000000000e+00
2.200000000000e-01,-7.476539978181e-01,2.905294774136e+00,2.999954037161e+00,1.822672961883e+00,0.000000000000e+00
2.204000000000e-01,-7.768190503382e-01,3.018626709659e+00,3.116978512797e+00,1.822672961883e+00,0.000000000000e+00
2.208000000000e-01,-8.064796212405e-01,3.133884170853e+00,3.235991250885e+00,1.822672961883e+00,0.000000000000e+00
2.212000000000e-01,-8.366310267769e-01,3.251048957230e+00,3.356973457934e+00,1.822672961883e+00,0.000000000000e+00
2.216000000000e-01,-8.672685056911e-01,3.370102567111e+00,3.479906029451e+00,1.822672961883e+00,0.000000000000e+00
2.220000000000e-01,-8.983872199700e-01,3.491026200551e+00,3.604769552959e+00,1.822672961883e+00,0.000000000000e+00
2.224000000000e-01,-9.299822556077e-01,3.613800762306e+00,3.731544311058e+00,1.822672961883e+00,0.000000000000e+00
2.228000000000e-01,-9.620486233820e-01,3.738406864851e+00,3.860210284546e+00,1.822672961883e+00,0.000000000000e+00
2.232000000000e-01,-9.945812596416e-01,3.864824831437e+00,3.990747155574e+00,1.822672961883e+00,0.000000000000e+00
2.236000000000e-01,-1.027575027106e+00,3.993034699202e+00,4.123134310856e+00,1.822672961883e+00,0.000000000000e+00
2.240000000000e-01,-1.061024715677e+00,4.123016222320e+00,4.257350844926e+00,1.822672961883e+00,0.000000000000e+00
2.244000000000e-01,-1.094925043261e+00,4.254748875204e+00,4.393375563438e+00,1.822672961883e+00,0.000000000000e+00
2.248000000000e-01,-1.129270656604e+00,4.388211855740e+00,4.531186986510e+00,1.822672961883e+00,0.000000000000e+00
2.252000000000e-01,-1.164056132134e+00,4.523384088576e+00,4.670763352123e+00,1.822672961883e+00,0.000000000000e+00
2.256000000000e-01,-1.199275976822e+00,4.660244228449e+00,4.812082619550e+00,1.822672961883e+00,0.000000000000e+00
2.260000000000e-01,-1.234924629047e+00,4.798770663558e+00,4.955122472840e+00,1.822672961883e+00,0.000000000000e+00
2.264000000000e-01,-1.270996459472e+00,4.938941518971e+00,5.099860324343e+00,1.822672961883e+00,0.000000000000e+00
2.268000000000e-01,-1.307485771937e+00,5.080734660087e+00,5.246273318274e+00,1.822672961883e+00,0.000000000000e+00
2.272000000000e-01,-1.344386804358e+00,5.224127696124e+00,5.394338334323e+00,1.822672961883e+00,0.000000000000e+00
2.276000000000e-01,-1.381693729633e+00,5.369097983660e+00,5.544031991309e+00,1.822672961883e+00,0.000000000000e+00
2.280000000000e-01,-1.419400656567e+00,5.515622630206e+00,5.695330650867e+00,1.822672961883e+00,0.000000000000e+00
2.284000000000e-01,-1.457501630798e+00,5.663678497822e+00,5.848210421186e+00,1.822672961883e+00,0.000000000000e+00
2.288000000000e-01,-1.495990635741e+00,5.813242206769e+00,6.002647160777e+00,1.822672961883e+00,0.000000000000e+00
2.292000000000e-01,-1.534861593536e+00,5.964290139204e+00,6.158616482289e+00,1.822672961883e+00,0.000000000000e+00
2.296000000000e-01,-1.574108366008e+00,6.116798442908e+00,6.316093756358e+00,1.822672961883e+00,0.000000000000e+00
2.300000000000e-01,-1.613724755637e+00,6.270743035052e+00,6.475054115497e+00,1.822672961883e+00,0.000000000000e+00
2.304000000000e-01,-1.653704506535e+00,6.426099606000e+00,6.635472458022e+00,1.822672961883e+00,0.000000000000e+00
2.308000000000e-01,-1.694041305437e+00,6.582843623148e+00,6.797323452018e+00,1.822672961883e+00,0.000000000000e+00
2.312000000000e-01,-1.734728782695e+00,6.740950334800e+00,6.960581539336e+00,1.822672961883e+00,0.000000000000e+00
2.316000000000e-01,-1.775760513283e+00,6.900394774072e+00,7.125220939632e+00,1.822672961883e+00,0.000000000000e+00
2.320000000000e-01,-1.817130017816e+00,7.061151762839e+00,7.291215654436e+00,1.822672961883e+00,0.000000000000e+00
2.324000000000e-01,-1.858830763570e+00,7.223195915710e+00,7.458539471258e+00,1.822672961883e+00,0.000000000000e+00
2.328000000000e-01,-1.900856165514e+00,7.386501644033e+00,7.627165967728e+00,1.822672961883e+00,0.000000000000e+00
2.332000000000e-01,-1.943199587349e+00,7.551043159942e+00,7.797068515768e+00,1.822672961883e+00,0.000000000000e+00
2.336000000000e-01,-1.985854342558e+00,7.716794480423e+00,7.968220285794e+00,1.822672961883e+00,0.000000000000e+00
2.340000000000e-01,-2.028813695461e+00,7.883729431422e+00,8.140594250960e+00,1.822672961883e+00,0.000000000000e+00
2.344000000000e-01,-2.072070862278e+00,8.051821651975e+00,8.314163191417e+00,1.822672961883e+00,0.000000000000e+00
2.348000000000e-01,-2.115619012202e+00,8.221044598371e+00,8.488899698618e+00,1.822672961883e+00,0.000000000000e+00
2.352000000000e-01,-2.159451268473e+00,8.391371548345e+00,8.664776179642e+00,1.822672961883e+00,0.000000000000e+00
2.356000000000e-01,-2.203560709472e+00,8.562775605299e+00,8.841764861555e+00,1.822672961883e+00,0.000000000000e+00
2.360000000000e-01,-2.247940369805e+00,8.735229702543e+00,9.019837795791e+00,1.822672961883e+00,0.000000000000e+00
2.364000000000e-01,-2.292583241411e+00,8.908706607577e+00,9.198966862571e+00,1.822672961883e+00,0.000000000000e+00
2.368000000000e-01,-2.337482274662e+00,9.083178926387e+00,9.379123775339e+00,1.822672961883e+00,0.000000000000e+00
2.372000000000e-01,-2.382630379479e+00,9.258619107771e+00,9.560280085228e+00,1.822672961883e+00,0.000000000000e+00
2.376000000000e-01,-2.428020426456e+00,9.434999447690e+00,9.742407185558e+00,1.822672961883e+00,0.000000000000e+00
2.380000000000e-01,-2.473645247975e+00,9.612292093645e+00,9.925476316348e+00,1.822672961883e+00,0.000000000000e+00
2.384000000000e-01,-2.519497639350e+00,9.790469049071e+00,1.010945856886e+01,1.822672961883e+00,0.000000000000e+00
2.388000000000e-01,-2.565570359956e+00,9.969502177761e+00,1.029432489017e+01,1.822672961883e+00,0.000000000000e+00
2.392000000000e-01,-2.611856134377e+00,1.014936320831e+01,1.048004608773e+01,1.822672961883e+00,0.000000000000e+00
2.396000000000e-01,-2.658347653552e+00,1.033002373857e+01,1.066659283401e+01,1.822672961883e+00,0.000000000000e+00
2.400000000000e-01,-2.705037575931e+00,1.051145524016e+01,1.085393567114e+01,1.822672961883e+00,0.000000000000e+00
2.404000000000e-01,-2.751918528634e+00,1.069362906294e+01,1.104204501548e+01,1.822672961883e+00,0.000000000000e+00
2.408000000000e-01,-2.798983108616e+00,1.087651643954e+01,1.123089116241e+01,1.822672961883e+00,0.000000000000e+00
2.412000000000e-01,-2.846223883834e+00,1.106008848994e+01,1.142044429093e+01,1.822672961883e+00,0.000000000000e+00
2.416000000000e-01,-2.893633394421e+00,1.124431622597e+01,1.161067446839e+01,1.822672961883e+00,0.000000000000e+00
2.420000000000e-01,-2.941204153867e+00,1.142917055595e+01,1.180155165525e+01,1.822672961883e+00,0.000000000000e+00
2.424000000000e-01,-2.988928650196e+00,1.161462228922e+01,1.199304570979e+01,1.822672961883e+00,0.000000000000e+00
2.428000000000e-01,-3.036799347159e+00,1.180064214082e+01,1.218512639288e+01,1.822672961883e+00,0.000000000000e+00
2.432000000000e-01,-3.084808685416e+00,1.198720073604e+01,1.237776337275e+01,1.822672961883e+00,0.000000000000e+00
2.436000000000e-01,-3.132949083737e+00,1.217426861513e+01,1.257092622979e+01,1.822672961883e+00,0.000000000000e+00
2.440000000000e-01,-3.181212940195e+00,1.236181623790e+01,1.276458446134e+01,1.822672961883e+00,0.000000000000e+00
2.444000000000e-01,-3.229592633367e+00,1.254981398841e+01,1.295870748652e+01,1.822672961883e+00,0.000000000000e+00
2.448000000000e-01,-3.278080523539e+00,1.273823217963e+01,1.315326465106e+01,1.822672961883e+00,0.000000000000e+00
2.452000000000e-01,-3.326668953911e+00,1.292704105814e+01,1.334822523213e+01,1.822672961883e+00,0.000000000000e+00
2.456000000000e-01,-3.375350251806e+00,1.311621080884e+01,1.354355844319e+01,1.822672961883e+00,0.000000000000e+00
2.460000000000e-01,-3.424116729884e+00,1.330571155962e+01,1.373923343887e+01,1.822672961883e+00,0.000000000000e+00
2.464000000000e-01,-3.472960687352e+00,1.349551338613e+01,1.393521931980e+01,1.822672961883e+00,0.000000000000e+00
2.468000000000e-01,-3.521874411183e+00,1.368558631645e+01,1.413148513756e+01,1.822672961883e+00,0.000000000000e+00
2.472000000000e-01,-3.570850177333e+00,1.387590033586e+01,1.432799989948e+01,1.822672961883e+00,0.000000000000e+00
2.476000000000e-01,-3.619880251961e+00,1.406642539158e+01,1.452473257362e+01,1.822672961883e+00,0.000000000000e+00
2.480000000000e-01,-3.668956892649e+00,1.425713139748e+01,1.472165209361e+01,1.822672961883e+00,0.000000000000e+00
2.484000000000e-01,-3.718072349628e+00,1.444798823889e+01,1.491872736356e+01,1.822672961883e+00,0.000000000000e+00
2.488000000000e-01,-3.767218866997e+00,1.463896577729e+01,1.511592726301e+01,1.822672961883e+00,0.000000000000e+00
2.492000000000e-01,-3.816388683951e+00,1.483003385512e+01,1.531322065180e+01,1.822672961883e+00,0.000000000000e+00
2.496000000000e-01,-3.865574036006e+00,1.502116230050e+01,1.551057637504e+01,1.822672961883e+00,0.000000000000e+00
2.500000000000e-01,-3.914767156225e+00,1.521232093205e+01,1.570796326795e+01,1.822672961883e+00,0.000000000000e+00
2.504000000000e-01,-3.963960276444e+00,1.540347956360e+01,1.590535016086e+01,1.822672961883e+00,0.000000000000e+00
2.508000000000e-01,-4.013145628500e+00,1.559460800899e+01,1.610270588409e+01,1.822672961883e+00,0.000000000000e+00
2.512000000000e-01,-4.062315445454e+00,1.578567608682e+01,1.629999927289e+01,1.822672961883e+00,0.000000000000e+00
2.516000000000e-01,-4.111461962822e+00,1.597665362522e+01,1.649719917234e+01,1.822672961883e+00,0.000000000000e+00
2.520000000000e-01,-4.160577419801e+00,1.616751046662e+01,1.669427444229e+01,1.822672961883e+00,0.000000000000e+00
2.524000000000e-01,-4.209654060489e+00,1.635821647253e+01,1.689119396227e+01,1.822672961883e+00,0.000000000000e+00
2.528000000000e-01,-4.258684135117e+00,1.654874152825e+01,1.708792663641e+01,1.822672961883e+00,0.000000000000e+00
2.532000000000e-01,-4.307659901267e+00,1.673905554766e+01,1.728444139834e+01,1.822672961883e+00,0.000000000000e+00
2.536000000000e-01,-4.356573625098e+00,1.692912847798e+01,1.748070721610e+01,1.822672961883e+00,0.000000000000e+00
2.540000000000e-01,-4.405417582566e+00,1.711893030449e+01,1.767669309703e+01,1.822672961883e+00,0.000000000000e+00
2.544000000000e-01,-4.454184060644e+00,1.730843105527e+01,1.787236809270e+01,1.822672961883e+00,0.000000000000e+00
2.548000000000e-01,-4.502865358540e+00,1.749760080596e+01,1.806770130376e+01,1.822672961883e+00,0.000000000000e+00
2.552000000000e-01,-4.551453788912e+00,1.768640968448e+01,1.826266188483e+01,1.822672961883e+00,0.000000000000e+00
2.556000000000e-01,-4.599941679084e+00,1.787482787569e+01,1.845721904938e+01,1.822672961883e+00,0.000000000000e+00
2.560000000000e-01,-4.648321372256e+00,1.806282562620e+01,1.865134207456e+01,1.822672961883e+00,0.000000000000e+00
2.564000000000e-01,-4.696585228713e+00,1.825037324897e+01,1.884500030611e+01,1.822672961883e+00,0.000000000000e+00
2.568000000000e-01,-4.744725627034e+00,1.843744112806e+01,1.903816316315e+01,1.822672961883e+00,0.000000000000e+00
2.572000000000e-01,-4.792734965291e+00,1.862399972329e+01,1.923080014302e+01,1.822672961883e+00,0.000000000000e+00
2.576000000000e-01,-4.840605662254e+00,1.881001957489e+01,1.942288082610e+01,1.822672961883e+00,0.000000000000e+00
2.580000000000e-01,-4.888330158583e+00,1.899547130816e+01,1.961437488064e+01,1.822672961883e+00,0.000000000000e+00
2.584000000000e-01,-4.935900918029e+00,1.918032563813e+01,1.980525206751e+01,1.822672961883e+00,0.000000000000e+00
2.588000000000e-01,-4.983310428616e+00,1.936455337417e+01,1.999548224497e+01,1.822672961883e+00,0.000000000000e+00
2.592000000000e-01,-5.030551203834e+00,1.954812542456e+01,2.018503537349e+01,1.822672961883e+00,0.000000000000e+00
2.596000000000e-01,-5.077615783816e+00,1.973101280117e+01,2.037388152041e+01,1.822672961883e+00,0.000000000000e+00
2.600000000000e-01,-5.124496736520e+00,1.991318662394e+01,2.056199086476e+01,1.822672961883e+00,0.000000000000e+00
2.604000000000e-01,-5.171186658899e+00,2.009461812553e+01,2.074933370188e+01,1.822672961883e+00,0.000000000000e+00
2.608000000000e-01,-5.217678178074e+00,2.027527865580e+01,2.093588044817e+01,1.822672961883e+00,0.000000000000e+00
2.612000000000e-01,-5.263963952494e+00,2.045513968634e+01,2.112160164573e+01,1.822672961883e+00,0.000000000000e+00
2.616000000000e-01,-5.310036673100e+00,2.063417281503e+01,2.130646796704e+01,1.822672961883e+00,0.000000000000e+00
2.620000000000e-01,-5.355889064475e+00,2.081234977046e+01,2.149045021955e+01,1.822672961883e+00,0.000000000000e+00
2.624000000000e-01,-5.401513885995e+00,2.098964241642e+01,2.167351935034e+01,1.822672961883e+00,0.000000000000e+00
2.628000000000e-01,-5.446903932971e+00,2.116602275633e+01,2.185564645067e+01,1.822672961883e+00,0.000000000000e+00
2.632000000000e-01,-5.492052037789e+00,2.134146293772e+01,2.203680276056e+01,1.822672961883e+00,0.000000000000e+00
2.636000000000e-01,-5.536951071039e+00,2.151593525653e+01,2.221695967333e+01,1.822672961883e+00,0.000000000000e+00
2.640000000000e-01,-5.581593942645e+00,2.168941216156e+01,2.239608874011e+01,1.822672961883e+00,0.000000000000e+00
2.644000000000e-01,-5.625973602978e+00,2.186186625881e+01,2.257416167434e+01,1.822672961883e+00,0.000000000000e+00
2.648000000000e-01,-5.670083043977e+00,2.203327031576e+01,2.275115035626e+01,1.822672961883e+00,0.000000000000e+00
2.652000000000e-01,-5.713915300249e+00,2.220359726574e+01,2.292702683728e+01,1.822672961883e+00,0.000000000000e+00
2.656000000000e-01,-5.757463450172e+00,2.237282021213e+01,2.310176334448e+01,1.822672961883e+00,0.000000000000e+00
2.660000000000e-01,-5.800720616989e+00,2.254091243268e+01,2.327533228494e+01,1.822672961883e+00,0.000000000000e+00
2.664000000000e-01,-5.843679969893e+00,2.270784738368e+01,2.344770625010e+01,1.822672961883e+00,0.000000000000e+00
2.668000000000e-01,-5.886334725102e+00,2.287359870416e+01,2.361885802013e+01,1.822672961883e+00,0.000000000000e+00
2.672000000000e-01,-5.928678146937e+00,2.303814022007e+01,2.378876056817e+01,1.822672961883e+00,0.000000000000e+00
2.676000000000e-01,-5.970703548880e+00,2.320144594840e+01,2.395738706464e+01,1.822672961883e+00,0.000000000000e+00
2.680000000000e-01,-6.012404294634e+00,2.336349010127e+01,2.412471088146e+01,1.822672961883e+00,0.000000000000e+00
2.684000000000e-01,-6.053773799168e+00,2.352424709003e+01,2.429070559627e+01,1.822672961883e+00,0.000000000000e+00
2.688000000000e-01,-6.094805529756e+00,2.368369152931e+01,2.445534499656e+01,1.822672961883e+00,0.000000000000e+00
2.692000000000e-01,-6.135493007013e+00,2.384179824096e+01,2.461860308388e+01,1.822672961883e+00,0.000000000000e+00
2.696000000000e-01,-6.175829805915e+00,2.399854225811e+01,2.478045407788e+01,1.822672961883e+00,0.000000000000e+00
2.700000000000e-01,-6.215809556813e+00,2.415389882905e+01,2.494087242040e+01,1.822672961883e+00,0.000000000000e+00
2.704000000000e-01,-6.255425946442e+00,2.430784342120e+01,2.509983277954e+01,1.822672961883e+00,0.000000000000e+00
2.708000000000e-01,-6.294672718914e+00,2.446035172490e+01,2.525731005361e+01,1.822672961883e+00,0.000000000000e+00
2.712000000000e-01,-6.333543676709e+00,2.461139965734e+01,2.541327937512e+01,1.822672961883e+00,0.000000000000e+00
2.716000000000e-01,-6.372032681652e+00,2.476096336628e+01,2.556771611471e+01,1.822672961883e+00,0.000000000000e+00
2.720000000000e-01,-6.410133655883e+00,2.490901923390e+01,2.572059588503e+01,1.822672961883e+00,0.000000000000e+00
2.724000000000e-01,-6.447840582817e+00,2.505554388045e+01,2.587189454459e+01,1.822672961883e+00,0.000000000000e+00
2.728000000000e-01,-6.485147508092e+00,2.520051416798e+01,2.602158820157e+01,1.822672961883e+00,0.000000000000e+00
2.732000000000e-01,-6.522048540513e+00,2.534390720402e+01,2.616965321762e+01,1.822672961883e+00,0.000000000000e+00
2.736000000000e-01,-6.558537852979e+00,2.548570034513e+01,2.631606621155e+01,1.822672961883e+00,0.000000000000e+00
2.740000000000e-01,-6.594609683404e+00,2.562587120055e+01,2.646080406306e+01,1.822672961883e+00,0.000000000000e+00
2.744000000000e-01,-6.630258335628e+00,2.576439763566e+01,2.660384391635e+01,1.822672961883e+00,0.000000000000e+00
2.748000000000e-01,-6.665478180316e+00,2.590125777553e+01,2.674516318377e+01,1.822672961883e+00,0.000000000000e+00
2.752000000000e-01,-6.700263655846e+00,2.603643000837e+01,2.688473954939e+01,1.822672961883e+00,0.000000000000e+00
2.756000000000e-01,-6.734609269189e+00,2.616989298890e+01,2.702255097246e+01,1.822672961883e+00,0.000000000000e+00
2.760000000000e-01,-6.768509596773e+00,2.630162564179e+01,2.715857569097e+01,1.822672961883e+00,0.000000000000e+00
2.764000000000e-01,-6.801959285344e+00,2.643160716490e+01,2.729279222504e+01,1.822672961883e+00,0.000000000000e+00
2.768000000000e-01,-6.834953052809e+00,2.655981703267e+01,2.742517938032e+01,1.822672961883e+00,0.000000000000e+00
2.772000000000e-01,-6.867485689068e+00,2.668623499925e+01,2.755571625135e+01,1.822672961883e+00,0.000000000000e+00
2.776000000000e-01,-6.899552056843e+00,2.681084110180e+01,2.768438222484e+01,1.822672961883e+00,0.000000000000e+00
2.780000000000e-01,-6.931147092480e+00,2.693361566355e+01,2.781115698294e+01,1.822672961883e+00,0.000000000000e+00
2.784000000000e-01,-6.962265806759e+00,2.705453929700e+01,2.793602050645e+01,1.822672961883e+00,0.000000000000e+00
2.788000000000e-01,-6.992903285673e+00,2.717359290688e+01,2.805895307796e+01,1.822672961883e+00,0.000000000000e+00
2.792000000000e-01,-7.023054691210e+00,2.729075769325e+01,2.817993528501e+01,1.822672961883e+00,0.000000000000e+00
2.796000000000e-01,-7.052715262112e+00,2.740601515445e+01,2.829894802310e+01,1.822672961883e+00,0.000000000000e+00
2.800000000000e-01,-7.081880314632e+00,2.751934708997e+01,2.841597249874e+01,1.822672961883e+00,0.000000000000e+00
2.804000000000e-01,-7.110545243270e+00,2.763073560339e+01,2.853099023240e+01,1.822672961883e+00,0.000000000000e+00
2.808000000000e-01,-7.138705521502e+00,2.774016310518e+01,2.864398306145e+01,1.822672961883e+00,0.000000000000e+00
2.812000000000e-01,-7.166356702492e+00,2.784761231547e+01,2.875493314303e+01,1.822672961883e+00,0.000000000000e+00
2.816000000000e-01,-7.193494419800e+00,2.795306626677e+01,2.886382295681e+01,1.822672961883e+00,0.000000000000e+00
2.820000000000e-01,-7.220114388064e+00,2.805650830668e+01,2.897063530784e+01,1.822672961883e+00,0.000000000000e+00
2.824000000000e-01,-7.246212403684e+00,2.815792210052e+01,2.907535332921e+01,1.822672961883e+00,0.000000000000e+00
2.828000000000e-01,-7.271784345480e+00,2.825729163386e+01,2.917796048473e+01,1.822672961883e+00,0.000000000000e+00
2.832000000000e-01,-7.296826175345e+00,2.835460121511e+01,2.927844057153e+01,1.822672961883e+00,0.000000000000e+00
2.836000000000e-01,-7.321333938886e+00,2.844983547794e+01,2.937677772266e+01,1.822672961883e+00,0.000000000000e+00
2.840000000000e-01,-7.345303766042e+00,2.854297938378e+01,2.947295640954e+01,1.822672961883e+00,0.000000000000e+00
2.844000000000e-01,-7.368731871698e+00,2.863401822412e+01,2.956696144442e+01,1.822672961883e+00,0.000000000000e+00
2.848000000000e-01,-7.391614556287e+00,2.872293762286e+01,2.965877798284e+01,1.822672961883e+00,0.000000000000e+00
2.852000000000e-01,-7.413948206366e+00,2.880972353861e+01,2.974839152589e+01,1.822672961883e+00,0.000000000000e+00
2.856000000000e-01,-7.435729295194e+00,2.889436226685e+01,2.983578792255e+01,1.822672961883e+00,0.000000000000e+00
2.860000000000e-01,-7.456954383283e+00,2.897684044217e+01,2.992095337193e+01,1.822672961883e+00,0.000000000000e+00
2.864000000000e-01,-7.477620118947e+00,2.905714504029e+01,3.000387442541e+01,1.822672961883e+00,0.000000000000e+00
2.868000000000e-01,-7.497723238827e+00,2.913526338019e+01,3.008453798879e+01,1.822672961883e+00,0.000000000000e+00
2.872000000000e-01,-7.517260568405e+00,2.921118312608e+01,3.016293132437e+01,1.822672961883e+00,0.000000000000e+00
2.876000000000e-01,-7.536229022513e+00,2.928489228935e+01,3.023904205292e+01,1.822672961883e+00,0.000000000000e+00
2.880000000000e-01,-7.554625605811e+00,2.935637923046e+01,3.031285815568e+01,1.822672961883e+00,0.000000000000e+00
2.884000000000e-01,-7.572447413265e+00,2.942563266081e+01,3.038436797624e+01,1.822672961883e+00,0.000000000000e+00
2.888000000000e-01,-7.589691630605e+00,2.949264164447e+01,3.045356022236e+01,1.822672961883e+00,0.000000000000e+00
2.892000000000e-01,-7.606355534770e+00,2.955739559994e+01,3.052042396778e+01,1.822672961883e+00,0.000000000000e+00
2.896000000000e-01,-7.622436494335e+00,2.961988430184e+01,3.058494865394e+01,1.822672961883e+00,0.000000000000e+00
2.900000000000e-01,-7.637931969931e+00,2.968009788245e+01,3.064712409166e+01,1.822672961883e+00,0.000000000000e+00
2.904000000000e-01,-7.652839514643e+00,2.973802683338e+01,3.070694046270e+01,1.822672961883e+00,0.000000000000e+00
2.908000000000e-01,-7.667156774397e+00,2.979366200695e+01,3.076438832136e+01,1.822672961883e+00,0.000000000000e+00
2.912000000000e-01,-7.680881488330e+00,2.984699461774e+01,3.081945859597e+01,1.822672961883e+00,0.000000000000e+00
2.916000000000e-01,-7.694011489152e+00,2.989801624390e+01,3.087214259029e+01,1.822672961883e+00,0.000000000000e+00
2.920000000000e-01,-7.706544703484e+00,2.994671882852e+01,3.092243198491e+01,1.822672961883e+00,0.000000000000e+00
2.924000000000e-01,-7.718479152186e+00,2.999309468092e+01,3.097031883855e+01,1.822672961883e+00,0.000000000000e+00
2.928000000000e-01,-7.729812950669e+00,3.003713647779e+01,3.101579558931e+01,1.822672961883e+00,0.000000000000e+00
2.932000000000e-01,-7.740544309196e+00,3.007883726444e+01,3.105885505590e+01,1.822672961883e+00,0.000000000000e+00
2.936000000000e-01,-7.750671533160e+00,3.011819045582e+01,3.109949043871e+01,1.822672961883e+00,0.000000000000e+00
2.940000000000e-01,-7.760193023357e+00,3.015518983760e+01,3.113769532097e+01,1.822672961883e+00,0.000000000000e+00
2.944000000000e-01,-7.769107276231e+00,3.018982956716e+01,3.117346366967e+01,1.822672961883e+00,0.000000000000e+00
2.948000000000e-01,-7.777412884119e+00,3.022210417449e+01,3.120678983657e+01,1.822672961883e+00,0.000000000000e+00
2.952000000000e-01,-7.785108535470e+00,3.025200856304e+01,3.123766855909e+01,1.822672961883e+00,0.000000000000e+00
2.956000000000e-01,-7.792193015050e+00,3.027953801057e+01,3.126609496111e+01,1.822672961883e+00,0.000000000000e+00
2.960000000000e-01,-7.798665204139e+00,3.030468816986e+01,3.129206455379e+01,1.822672961883e+00,0.000000000000e+00
2.964000000000e-01,-7.804524080703e+00,3.032745506940e+01,3.131557323622e+01,1.822672961883e+00,0.000000000000e+00
2.968000000000e-01,-7.809768719556e+00,3.034783511404e+01,3.133661729610e+01,1.822672961883e+00,0.000000000000e+00
2.972000000000e-01,-7.814398292511e+00,3.036582508554e+01,3.135519341034e+01,1.822672961883e+00,0.000000000000e+00
2.976000000000e-01,-7.818412068503e+00,3.038142214307e+01,3.137129864555e+01,1.822672961883e+00,0.000000000000e+00
2.980000000000e-01,-7.821809413711e+00,3.039462382367e+01,3.138493045853e+01,1.822672961883e+00,0.000000000000e+00
2.984000000000e-01,-7.824589791655e+00,3.040542804265e+01,3.139608669666e+01,1.822672961883e+00,0.000000000000e+00
2.988000000000e-01,-7.826752763280e+00,3.041383309388e+01,3.140476559824e+01,1.822672961883e+00,0.000000000000e+00
2.992000000000e-01,-7.828297987029e+00,3.041983765013e+01,3.141096579276e+01,1.822672961883e+00,0.000000000000e+00
2.996000000000e-01,-7.829225218893e+00,3.042344076319e+01,3.141468630115e+01,1.822672961883e+00,0.000000000000e+00
3.000000000000e-01,-7.829534312450e+00,3.042464186411e+01,3.141592653590e+01,1.822672961883e+00,0.000000000000e+00
3.004000000000e-01,-7.829225218893e+00,3.042344076319e+01,3.141468630115e+01,1.822672961883e+00,0.000000000000e+00
3.008000000000e-01,-7.828297987029e+00,3.041983765013e+01,3.141096579276e+01,1.822672961883e+00,0.000000000000e+00
3.012000000000e-01,-7.826752763280e+00,3.041383309388e+01,3.140476559824e+01,1.822672961883e+00,0.000000000000e+00
3.016000000000e-01,-7.824589791655e+00,3.040542804265e+01,3.139608669666e+01,1.822672961883e+00,0.000000000000e+00
3.020000000000e-01,-7.821809413711e+00,3.039462382367e+01,3.138493045853e+01,1.822672961883e+00,0.000000000000e+00
3.024000000000e-01,-7.818412068503e+00,3.038142214307e+01,3.137129864555e+01,1.822672961883e+00,0.000000000000e+00
3.028000000000e-01,-7.814398292511e+00,3.036582508554e+01,3.135519341034e+01,1.822672961883e+00,0.000000000000e+00
3.032000000000e-01,-7.809768719556e+00,3.034783511404e+01,3.133661729610e+01,1.822672961883e+00,0.000000000000e+00
3.036000000000e-01,-7.804524080703e+00,3.032745506940e+01,3.131557323622e+01,1.822672961883e+00,0.000000000000e+00
3.040000000000e-01,-7.798665204139e+00,3.030468816986e+01,3.129206455379e+01,1.822672961883e+00,0.000000000000e+00
3.044000000000e-01,-7.792193015050e+00,3.027953801057e+01,3.126609496111e+01,1.822672961883e+00,0.000000000000e+00
3.048000000000e-01,-7.785108535470e+00,3.025200856304e+01,3.123766855909e+01,1.822672961883e+00,0.000000000000e+00
3.052000000000e-01,-7.777412884119e+00,3.022210417449e+01,3.120678983657e+01,1.822672961883e+00,0.000000000000e+00
3.056000000000e-01,-7.769107276231e+00,3.018982956716e+01,3.117346366967e+01,1.822672961883e+00,0.000000000000e+00
3.060000000000e-01,-7.760193023357e+00,3.015518983760e+01,3.113769532097e+01,1.822672961883e+00,0.000000000000e+00
3.064000000000e-01,-7.750671533160e+00,3.011819045582e+01,3.109949043871e+01,1.822672961883e+00,0.000000000000e+00
3.068000000000e-01,-7.740544309196e+00,3.007883726444e+01,3.105885505590e+01,1.822672961883e+00,0.000000000000e+00
3.072000000000e-01,-7.729812950669e+00,3.003713647779e+01,3.101579558931e+01,1.822672961883e+00,0.000000000000e+00
3.076000000000e-01,-7.718479152186e+00,2.999309468092e+01,3.097031883855e+01,1.822672961883e+00,0.000000000000e+00
3.080000000000e-01,-7.706544703484e+00,2.994671882852e+01,3.092243198491e+01,1.822672961883e+00,0.000000000000e+00
3.084000000000e-01,-7.694011489152e+00,2.989801624390e+01,3.087214259029e+01,1.822672961883e+00,0.000000000000e+00
3.088000000000e-01,-7.680881488330e+00,2.984699461774e+01,3.081945859597e+01,1.822672961883e+00,0.000000000000e+00
3.092000000000e-01,-7.667156774397e+00,2.979366200695e+01,3.076438832136e+01,1.822672961883e+00,0.000000000000e+00
3.096000000000e-01,-7.652839514643e+00,2.973802683338e+01,3.070694046270e+01,1.822672961883e+00,0.000000000000e+00
3.100000000000e-01,-7.637931969931e+00,2.968009788245e+01,3.064712409166e+01,1.822672961883e+00,0.000000000000e+00
3.104000000000e-01,-7.622436494335e+00,2.961988430184e+01,3.058494865394e+01,1.822672961883e+00,0.000000000000e+00
3.108000000000e-01,-7.606355534770e+00,2.955739559994e+01,3.052042396778e+01,1.822672961883e+00,0.000000000000e+00
3.112000000000e-01,-7.589691630605e+00,2.949264164447e+01,3.045356022236e+01,1.822672961883e+00,0.000000000000e+00
3.116000000000e-01,-7.572447413265e+00,2.942563266081e+01,3.038436797624e+01,1.822672961883e+00,0.000000000000e+00
3.120000000000e-01,-7.554625605811e+00,2.935637923046e+01,3.031285815568e+01,1.822672961883e+00,0.000000000000e+00
3.124000000000e-01,-7.536229022513e+00,2.928489228935e+01,3.023904205292e+01,1.822672961883e+00,0.000000000000e+00
3.128000000000e-01,-7.517260568405e+00,2.921118312608e+01,3.016293132437e+01,1.822672961883e+00,0.000000000000e+00
3.132000000000e-01,-7.497723238827e+00,2.913526338019e+01,3.008453798879e+01,1.822672961883e+00,0.000000000000e+00
3.136000000000e-01,-7.477620118947e+00,2.905714504029e+01,3.000387442541e+01,1.822672961883e+00,0.000000000000e+00
3.140000000000e-01,-7.456954383283e+00,2.897684044217e+01,2.992095337193e+01,1.822672961883e+00,0.000000000000e+00
3.144000000000e-01,-7.435729295194e+00,2.889436226685e+01,2.983578792255e+01,1.822672961883e+00,0.000000000000e+00
3.148000000000e-01,-7.413948206366e+00,2.880972353861e+01,2.974839152589e+01,1.822672961883e+00,0.000000000000e+00
3.152000000000e-01,-7.391614556287e+00,2.872293762286e+01,2.965877798284e+01,1.822672961883e+00,0.000000000000e+00
3.156000000000e-01,-7.368731871698e+00,2.863401822412e+01,2.956696144442e+01,1.822672961883e+00,0.000000000000e+00
3.160000000000e-01,-7.345303766042e+00,2.854297938378e+01,2.947295640954e+01,1.822672961883e+00,0.000000000000e+00
3.164000000000e-01,-7.321333938886e+00,2.844983547794e+01,2.937677772266e+01,1.822672961883e+00,0.000000000000e+00
3.168000000000e-01,-7.296826175345e+00,2.835460121511e+01,2.927844057153e+01,1.822672961883e+00,0.000000000000e+00
3.172000000000e-01,-7.271784345480e+00,2.825729163386e+01,2.917796048473e+01,1.822672961883e+00,0.000000000000e+00
3.176000000000e-01,-7.246212403684e+00,2.815792210052e+01,2.907535332921e+01,1.822672961883e+00,0.000000000000e+00
3.180000000000e-01,-7.220114388064e+00,2.805650830668e+01,2.897063530784e+01,1.822672961883e+00,0.000000000000e+00
3.184000000000e-01,-7.193494419800e+00,2.795306626677e+01,2.886382295681e+01,1.822672961883e+00,0.000000000000e+00
3.188000000000e-01,-7.166356702492e+00,2.784761231547e+01,2.875493314303e+01,1.822672961883e+00,0.000000000000e+00
3.192000000000e-01,-7.138705521502e+00,2.774016310518e+01,2.864398306145e+01,1.822672961883e+00,0.000000000000e+00
3.196000000000e-01,-7.110545243270e+00,2.763073560339e+01,2.853099023240e+01,1.822672961883e+00,0.000000000000e+00
3.200000000000e-01,-7.081880314632e+00,2.751934708997e+01,2.841597249874e+01,1.822672961883e+00,0.000000000000e+00
3.204000000000e-01,-7.052715262112e+00,2.740601515445e+01,2.829894802310e+01,1.822672961883e+00,0.000000000000e+00
3.208000000000e-01,-7.023054691210e+00,2.729075769325e+01,2.817993528501e+01,1.822672961883e+00,0.000000000000e+00
3.212000000000e-01,-6.992903285673e+00,2.717359290688e+01,2.805895307796e+01,1.822672961883e+00,0.000000000000e+00
3.216000000000e-01,-6.962265806759e+00,2.705453929700e+01,2.793602050645e+01,1.822672961883e+00,0.000000000000e+00
3.220000000000e-01,-6.931147092480e+00,2.693361566355e+01,2.781115698294e+01,1.822672961883e+00,0.000000000000e+00
3.224000000000e-01,-6.899552056843e+00,2.681084110180e+01,2.768438222484e+01,1.822672961883e+00,0.000000000000e+00
3.228000000000e-01,-6.867485689068e+00,2.668623499925e+01,2.755571625135e+01,1.822672961883e+00,0.000000000000e+00
3.232000000000e-01,-6.834953052809e+00,2.655981703267e+01,2.742517938032e+01,1.822672961883e+00,0.000000000000e+00
3.236000000000e-01,-6.801959285344e+00,2.643160716490e+01,2.729279222504e+01,1.822672961883e+00,0.000000000000e+00
3.240000000000e-01,-6.768509596773e+00,2.630162564179e+01,2.715857569097e+01,1.822672961883e+00,0.000000000000e+00
3.244000000000e-01,-6.734609269189e+00,2.616989298890e+01,2.702255097246e+01,1.822672961883e+00,0.000000000000e+00
3.248000000000e-01,-6.700263655846e+00,2.603643000837e+01,2.688473954939e+01,1.822672961883e+00,0.000000000000e+00
3.252000000000e-01,-6.665478180316e+00,2.590125777553e+01,2.674516318377e+01,1.822672961883e+00,0.000000000000e+00
3.256000000000e-01,-6.630258335628e+00,2.576439763566e+01,2.660384391635e+01,1.822672961883e+00,0.000000000000e+00
3.260000000000e-01,-6.594609683404e+00,2.562587120055e+01,2.646080406306e+01,1.822672961883e+00,0.000000000000e+00
3.264000000000e-01,-6.558537852979e+00,2.548570034513e+01,2.631606621155e+01,1.822672961883e+00,0.000000000000e+00
3.268000000000e-01,-6.522048540513e+00,2.534390720402e+01,2.616965321762e+01,1.822672961883e+00,0.000000000000e+00
3.272000000000e-01,-6.485147508092e+00,2.520051416798e+01,2.602158820157e+01,1.822672961883e+00,0.000000000000e+00
3.276000000000e-01,-6.447840582817e+00,2.505554388045e+01,2.587189454459e+01,1.822672961883e+00,0.000000000000e+00
3.280000000000e-01,-6.410133655883e+00,2.490901923390e+01,2.572059588503e+01,1.822672961883e+00,0.000000000000e+00
3.284000000000e-01,-6.372032681652e+00,2.476096336628e+01,2.556771611471e+01,1.822672961883e+00,0.000000000000e+00
3.288000000000e-01,-6.333543676709e+00,2.461139965734e+01,2.541327937512e+01,1.822672961883e+00,0.000000000000e+00
3.292000000000e-01,-6.294672718914e+00,2.446035172490e+01,2.525731005361e+01,1.822672961883e+00,0.000000000000e+00
3.296000000000e-01,-6.255425946442e+00,2.430784342120e+01,2.509983277954e+01,1.822672961883e+00,0.000000000000e+00
3.300000000000e-01,-6.215809556813e+00,2.415389882905e+01,2.494087242040e+01,1.822672961883e+00,0.000000000000e+00
3.304000000000e-01,-6.175829805915e+00,2.399854225811e+01,2.478045407788e+01,1.822672961883e+00,0.000000000000e+00
3.308000000000e-01,-6.135493007013e+00,2.384179824096e+01,2.461860308388e+01,1.822672961883e+00,0.000000000000e+00
3.312000000000e-01,-6.094805529756e+00,2.368369152931e+01,2.445534499656e+01,1.822672961883e+00,0.000000000000e+00
3.316000000000e-01,-6.053773799168e+00,2.352424709003e+01,2.429070559627e+01,1.822672961883e+00,0.000000000000e+00
3.320000000000e-01,-6.012404294634e+00,2.336349010127e+01,2.412471088146e+01,1.822672961883e+00,0.000000000000e+00
3.324000000000e-01,-5.970703548880e+00,2.320144594840e+01,2.395738706464e+01,1.822672961883e+00,0.000000000000e+00
3.328000000000e-01,-5.928678146937e+00,2.303814022007e+01,2.378876056817e+01,1.822672961883e+00,0.000000000000e+00
3.332000000000e-01,-5.886334725102e+00,2.287359870416e+01,2.361885802013e+01,1.822672961883e+00,0.000000000000e+00
3.336000000000e-01,-5.843679969893e+00,2.270784738368e+01,2.344770625010e+01,1.822672961883e+00,0.000000000000e+00
3.340000000000e-01,-5.800720616989e+00,2.254091243268e+01,2.327533228494e+01,1.822672961883e+00,0.000000000000e+00
3.344000000000e-01,-5.757463450172e+00,2.237282021213e+01,2.310176334448e+01,1.822672961883e+00,0.000000000000e+00
3.348000000000e-01,-5.713915300249e+00,2.220359726574e+01,2.292702683728e+01,1.822672961883e+00,0.000000000000e+00
3.352000000000e-01,-5.670083043977e+00,2.203327031576e+01,2.275115035626e+01,1.822672961883e+00,0.000000000000e+00
3.356000000000e-01,-5.625973602978e+00,2.186186625881e+01,2.257416167434e+01,1.822672961883e+00,0.000000000000e+00
3.360000000000e-01,-5.581593942645e+00,2.168941216156e+01,2.239608874011e+01,1.822672961883e+00,0.000000000000e+00
3.364000000000e-01,-5.536951071039e+00,2.151593525653e+01,2.221695967333e+01,1.822672961883e+00,0.000000000000e+00
3.368000000000e-01,-5.492052037789e+00,2.134146293772e+01,2.203680276056e+01,1.822672961883e+00,0.000000000000e+00
3.372000000000e-01,-5.446903932971e+00,2.116602275633e+01,2.185564645067e+01,1.822672961883e+00,0.000000000000e+00
3.376000000000e-01,-5.401513885995e+00,2.098964241642e+01,2.167351935034e+01,1.822672961883e+00,0.000000000000e+00
3.380000000000e-01,-5.355889064475e+00,2.081234977046e+01,2.149045021955e+01,1.822672961883e+00,0.000000000000e+00
3.384000000000e-01,-5.310036673100e+00,2.063417281503e+01,2.130646796704e+01,1.822672961883e+00,0.000000000000e+00
3.388000000000e-01,-5.263963952494e+00,2.045513968634e+01,2.112160164573e+01,1.822672961883e+00,0.000000000000e+00
3.392000000000e-01,-5.217678178074e+00,2.027527865580e+01,2.093588044817e+01,1.822672961883e+00,0.000000000000e+00
3.396000000000e-01,-5.171186658899e+00,2.009461812553e+01,2.074933370188e+01,1.822672961883e+00,0.000000000000e+00
3.400000000000e-01,-5.124496736520e+00,1.991318662394e+01,2.056199086476e+01,1.822672961883e+00,0.000000000000e+00
3.404000000000e-01,-5.077615783816e+00,1.973101280117e+01,2.037388152041e+01,1.822672961883e+00,0.000000000000e+00
3.408000000000e-01,-5.030551203834e+00,1.954812542456e+01,2.018503537349e+01,1.822672961883e+00,0.000000000000e+00
3.412000000000e-01,-4.983310428616e+00,1.936455337417e+01,1.999548224497e+01,1.822672961883e+00,0.000000000000e+00
3.416000000000e-01,-4.935900918029e+00,1.918032563813e+01,1.980525206751e+01,1.822672961883e+00,0.000000000000e+00
3.420000000000e-01,-4.888330158583e+00,1.899547130816e+01,1.961437488064e+01,1.822672961883e+00,0.000000000000e+00
3.424000000000e-01,-4.840605662254e+00,1.881001957489e+01,1.942288082610e+01,1.822672961883e+00,0.000000000000e+00
3.428000000000e-01,-4.792734965291e+00,1.862399972329e+01,1.923080014302e+01,1.822672961883e+00,0.000000000000e+00
3.432000000000e-01,-4.744725627034e+00,1.843744112806e+01,1.903816316315e+01,1.822672961883e+00,0.000000000000e+00
3.436000000000e-01,-4.696585228713e+00,1.825037324897e+01,1.884500030611e+01,1.822672961883e+00,0.000000000000e+00
3.440000000000e-01,-4.648321372256e+00,1.806282562620e+01,1.865134207456e+01,1.822672961883e+00,0.000000000000e+00
3.444000000000e-01,-4.599941679084e+00,1.787482787569e+01,1.845721904938e+01,1.822672961883e+00,0.000000000000e+00
3.448000000000e-01,-4.551453788912e+00,1.768640968448e+01,1.826266188483e+01,1.822672961883e+00,0.000000000000e+00
3.452000000000e-01,-4.502865358540e+00,1.749760080596e+01,1.806770130376e+01,1.822672961883e+00,0.000000000000e+00
3.456000000000e-01,-4.454184060644e+00,1.730843105527e+01,1.787236809270e+01,1.822672961883e+00,0.000000000000e+00
3.460000000000e-01,-4.405417582566e+00,1.711893030449e+01,1.767669309703e+01,1.822672961883e+00,0.000000000000e+00
3.464000000000e-01,-4.356573625098e+00,1.692912847798e+01,1.748070721610e+01,1.822672961883e+00,0.000000000000e+00
3.468000000000e-01,-4.307659901267e+00,1.673905554766e+01,1.728444139834e+01,1.822672961883e+00,0.000000000000e+00
3.472000000000e-01,-4.258684135117e+00,1.654874152825e+01,1.708792663641e+01,1.822672961883e+00,0.000000000000e+00
3.476000000000e-01,-4.209654060489e+00,1.635821647253e+01,1.689119396227e+01,1.822672961883e+00,0.000000000000e+00
3.480000000000e-01,-4.160577419801e+00,1.616751046662e+01,1.669427444229e+01,1.822672961883e+00,0.000000000000e+00
3.484000000000e-01,-4.111461962822e+00,1.597665362522e+01,1.649719917234e+01,1.822672961883e+00,0.000000000000e+00
3.488000000000e-01,-4.062315445454e+00,1.578567608682e+01,1.629999927289e+01,1.822672961883e+00,0.000000000000e+00
3.492000000000e-01,-4.013145628500e+00,1.559460800899e+01,1.610270588409e+01,1.822672961883e+00,0.000000000000e+00
3.496000000000e-01,-3.963960276444e+00,1.540347956360e+01,1.590535016086e+01,1.822672961883e+00,0.000000000000e+00
3.500000000000e-01,-3.914767156225e+00,1.521232093205e+01,1.570796326795e+01,1.822672961883e+00,0.000000000000e+00
3.504000000000e-01,-3.865574036006e+00,1.502116230050e+01,1.551057637504e+01,1.822672961883e+00,0.000000000000e+00
3.508000000000e-01,-3.816388683951e+00,1.483003385512e+01,1.531322065180e+01,1.822672961883e+00,0.000000000000e+00
3.512000000000e-01,-3.767218866997e+00,1.463896577729e+01,1.511592726301e+01,1.822672961883e+00,0.000000000000e+00
3.516000000000e-01,-3.718072349628e+00,1.444798823889e+01,1.491872736356e+01,1.822672961883e+00,0.000000000000e+00
3.520000000000e-01,-3.668956892649e+00,1.425713139748e+01,1.472165209361e+01,1.822672961883e+00,0.000000000000e+00
3.524000000000e-01,-3.619880251961e+00,1.406642539158e+01,1.452473257362e+01,1.822672961883e+00,0.000000000000e+00
3.528000000000e-01,-3.570850177333e+00,1.387590033586e+01,1.432799989948e+01,1.822672961883e+00,0.000000000000e+00
3.532000000000e-01,-3.521874411183e+00,1.368558631645e+01,1.413148513756e+01,1.822672961883e+00,0.000000000000e+00
3.536000000000e-01,-3.472960687352e+00,1.349551338613e+01,1.393521931980e+01,1.822672961883e+00,0.000000000000e+00
3.540000000000e-01,-3.424116729884e+00,1.330571155962e+01,1.373923343887e+01,1.822672961883e+00,0.000000000000e+00
3.544000000000e-01,-3.375350251806e+00,1.311621080884e+01,1.354355844319e+01,1.822672961883e+00,0.000000000000e+00
3.548000000000e-01,-3.326668953911e+00,1.292704105814e+01,1.334822523213e+01,1.822672961883e+00,0.000000000000e+00
3.552000000000e-01,-3.278080523539e+00,1.273823217963e+01,1.315326465106e+01,1.822672961883e+00,0.000000000000e+00
3.556000000000e-01,-3.229592633367e+00,1.254981398841e+01,1.295870748652e+01,1.822672961883e+00,0.000000000000e+00
3.560000000000e-01,-3.181212940195e+00,1.236181623790e+01,1.276458446134e+01,1.822672961883e+00,0.000000000000e+00
3.564000000000e-01,-3.132949083737e+00,1.217426861513e+01,1.257092622979e+01,1.822672961883e+00,0.000000000000e+00
3.568000000000e-01,-3.084808685416e+00,1.198720073604e+01,1.237776337275e+01,1.822672961883e+00,0.000000000000e+00
3.572000000000e-01,-3.036799347159e+00,1.180064214082e+01,1.218512639288e+01,1.822672961883e+00,0.000000000000e+00
3.576000000000e-01,-2.988928650196e+00,1.161462228922e+01,1.199304570979e+01,1.822672961883e+00,0.000000000000e+00
3.580000000000e-01,-2.941204153867e+00,1.142917055595e+01,1.180155165525e+01,1.822672961883e+00,0.000000000000e+00
3.584000000000e-01,-2.893633394421e+00,1.124431622597e+01,1.161067446839e+01,1.822672961883e+00,0.000000000000e+00
3.588000000000e-01,-2.846223883834e+00,1.106008848994e+01,1.142044429093e+01,1.822672961883e+00,0.000000000000e+00
3.592000000000e-01,-2.798983108616e+00,1.087651643954e+01,1.123089116241e+01,1.822672961883e+00,0.000000000000e+00
3.596000000000e-01,-2.751918528634e+00,1.069362906294e+01,1.104204501548e+01,1.822672961883e+00,0.000000000000e+00
3.600000000000e-01,-2.705037575931e+00,1.051145524016e+01,1.085393567114e+01,1.822672961883e+00,0.000000000000e+00
3.604000000000e-01,-2.658347653552e+00,1.033002373857e+01,1.066659283401e+01,1.822672961883e+00,0.000000000000e+00
3.608000000000e-01,-2.611856134377e+00,1.014936320831e+01,1.048004608773e+01,1.822672961883e+00,0.000000000000e+00
3.612000000000e-01,-2.565570359956e+00,9.969502177761e+00,1.029432489017e+01,1.822672961883e+00,0.000000000000e+00
3.616000000000e-01,-2.519497639350e+00,9.790469049071e+00,1.010945856886e+01,1.822672961883e+00,0.000000000000e+00
3.620000000000e-01,-2.473645247975e+00,9.612292093645e+00,9.925476316348e+00,1.822672961883e+00,0.000000000000e+00
3.624000000000e-01,-2.428020426456e+00,9.434999447690e+00,9.742407185558e+00,1.822672961883e+00,0.000000000000e+00
3.628000000000e-01,-2.382630379479e+00,9.258619107771e+00,9.560280085228e+00,1.822672961883e+00,0.000000000000e+00
3.632000000000e-01,-2.337482274662e+00,9.083178926387e+00,9.379123775339e+00,1.822672961883e+00,0.000000000000e+00
3.636000000000e-01,-2.292583241411e+00,8.908706607577e+00,9.198966862571e+00,1.822672961883e+00,0.000000000000e+00
3.640000000000e-01,-2.247940369805e+00,8.735229702543e+00,9.019837795791e+00,1.822672961883e+00,0.000000000000e+00
3.644000000000e-01,-2.203560709472e+00,8.562775605299e+00,8.841764861555e+00,1.822672961883e+00,0.000000000000e+00
3.648000000000e-01,-2.159451268473e+00,8.391371548345e+00,8.664776179642e+00,1.822672961883e+00,0.000000000000e+00
3.652000000000e-01,-2.115619012202e+00,8.221044598371e+00,8.488899698618e+00,1.822672961883e+00,0.000000000000e+00
3.656000000000e-01,-2.072070862278e+00,8.051821651975e+00,8.314163191417e+00,1.822672961883e+00,0.000000000000e+00
3.660000000000e-01,-2.028813695461e+00,7.883729431422e+00,8.140594250960e+00,1.822672961883e+00,0.000000000000e+00
3.664000000000e-01,-1.985854342558e+00,7.716794480423e+00,7.968220285794e+00,1.822672961883e+00,0.000000000000e+00
3.668000000000e-01,-1.943199587349e+00,7.551043159942e+00,7.797068515768e+00,1.822672961883e+00,0.000000000000e+00
3.672000000000e-01,-1.900856165514e+00,7.386501644033e+00,7.627165967728e+00,1.822672961883e+00,0.000000000000e+00
3.676000000000e-01,-1.858830763570e+00,7.223195915710e+00,7.458539471258e+00,1.822672961883e+00,0.000000000000e+00
3.680000000000e-01,-1.817130017816e+00,7.061151762839e+00,7.291215654436e+00,1.822672961883e+00,0.000000000000e+00
3.684000000000e-01,-1.775760513283e+00,6.900394774072e+00,7.125220939632e+00,1.822672961883e+00,0.000000000000e+00
3.688000000000e-01,-1.734728782695e+00,6.740950334800e+00,6.960581539336e+00,1.822672961883e+00,0.000000000000e+00
3.692000000000e-01,-1.694041305437e+00,6.582843623148e+00,6.797323452018e+00,1.822672961883e+00,0.000000000000e+00
3.696000000000e-01,-1.653704506535e+00,6.426099606000e+00,6.635472458022e+00,1.822672961883e+00,0.000000000000e+00
3.700000000000e-01,-1.613724755637e+00,6.270743035052e+00,6.475054115497e+00,1.822672961883e+00,0.000000000000e+00
3.704000000000e-01,-1.574108366008e+00,6.116798442908e+00,6.316093756358e+00,1.822672961883e+00,0.000000000000e+00
3.708000000000e-01,-1.534861593536e+00,5.964290139204e+00,6.158616482289e+00,1.822672961883e+00,0.000000000000e+00
3.712000000000e-01,-1.495990635741e+00,5.813242206769e+00,6.002647160777e+00,1.822672961883e+00,0.000000000000e+00
3.716000000000e-01,-1.457501630798e+00,5.663678497822e+00,5.848210421186e+00,1.822672961883e+00,0.000000000000e+00
3.720000000000e-01,-1.419400656567e+00,5.515622630206e+00,5.695330650867e+00,1.822672961883e+00,0.000000000000e+00
3.724000000000e-01,-1.381693729633e+00,5.369097983660e+00,5.544031991309e+00,1.822672961883e+00,0.000000000000e+00
3.728000000000e-01,-1.344386804358e+00,5.224127696124e+00,5.394338334323e+00,1.822672961883e+00,0.000000000000e+00
3.732000000000e-01,-1.307485771937e+00,5.080734660087e+00,5.246273318274e+00,1.822672961883e+00,0.000000000000e+00
3.736000000000e-01,-1.270996459472e+00,4.938941518971e+00,5.099860324343e+00,1.822672961883e+00,0.000000000000e+00
3.740000000000e-01,-1.234924629047e+00,4.798770663558e+00,4.955122472840e+00,1.822672961883e+00,0.000000000000e+00
3.744000000000e-01,-1.199275976822e+00,4.660244228449e+00,4.812082619550e+00,1.822672961883e+00,0.000000000000e+00
3.748000000000e-01,-1.164056132134e+00,4.523384088576e+00,4.670763352123e+00,1.822672961883e+00,0.000000000000e+00
3.752000000000e-01,-1.129270656604e+00,4.388211855740e+00,4.531186986510e+00,1.822672961883e+00,0.000000000000e+00
3.756000000000e-01,-1.094925043261e+00,4.254748875204e+00,4.393375563438e+00,1.822672961883e+00,0.000000000000e+00
3.760000000000e-01,-1.061024715677e+00,4.123016222320e+00,4.257350844926e+00,1.822672961883e+00,0.000000000000e+00
3.764000000000e-01,-1.027575027106e+00,3.993034699202e+00,4.123134310856e+00,1.822672961883e+00,0.000000000000e+00
3.768000000000e-01,-9.945812596416e-01,3.864824831437e+00,3.990747155574e+00,1.822672961883e+00,0.000000000000e+00
3.772000000000e-01,-9.620486233820e-01,3.738406864851e+00,3.860210284546e+00,1.822672961883e+00,0.000000000000e+00
3.776000000000e-01,-9.299822556077e-01,3.613800762306e+00,3.731544311058e+00,1.822672961883e+00,0.000000000000e+00
3.780000000000e-01,-8.983872199700e-01,3.491026200551e+00,3.604769552959e+00,1.822672961883e+00,0.000000000000e+00
3.784000000000e-01,-8.672685056911e-01,3.370102567111e+00,3.479906029451e+00,1.822672961883e+00,0.000000000000e+00
3.788000000000e-01,-8.366310267769e-01,3.251048957230e+00,3.356973457934e+00,1.822672961883e+00,0.000000000000e+00
3.792000000000e-01,-8.064796212405e-01,3.133884170853e+00,3.235991250885e+00,1.822672961883e+00,0.000000000000e+00
3.796000000000e-01,-7.768190503382e-01,3.018626709659e+00,3.116978512797e+00,1.822672961883e+00,0.000000000000e+00
3.800000000000e-01,-7.476539978181e-01,2.905294774136e+00,2.999954037161e+00,1.822672961883e+00,0.000000000000e+00
3.804000000000e-01,-7.189890691801e-01,2.793906260712e+00,2.884936303498e+00,1.822672961883e+00,0.000000000000e+00
3.808000000000e-01,-6.908287909486e-01,2.684478758922e+00,2.771943474443e+00,1.822672961883e+00,0.000000000000e+00
3.812000000000e-01,-6.631776099581e-01,2.577029548639e+00,2.660993392872e+00,1.822672961883e+00,0.000000000000e+00
3.816000000000e-01,-6.360398926506e-01,2.471575597339e+00,2.552103579090e+00,1.822672961883e+00,0.000000000000e+00
3.820000000000e-01,-6.094199243861e-01,2.368133557422e+00,2.445291228060e+00,1.822672961883e+00,0.000000000000e+00
3.824000000000e-01,-5.833219087664e-01,2.266719763586e+00,2.340573206691e+00,1.822672961883e+00,0.000000000000e+00
3.828000000000e-01,-5.577499669707e-01,2.167350230245e+00,2.237966051172e+00,1.822672961883e+00,0.000000000000e+00
3.832000000000e-01,-5.327081371048e-01,2.070040649000e+00,2.137485964363e+00,1.822672961883e+00,0.000000000000e+00
3.836000000000e-01,-5.082003735642e-01,1.974806386161e+00,2.039148813234e+00,1.822672961883e+00,0.000000000000e+00
3.840000000000e-01,-4.842305464087e-01,1.881662480324e+00,1.942970126362e+00,1.822672961883e+00,0.000000000000e+00
3.844000000000e-01,-4.608024407520e-01,1.790623639990e+00,1.848965091475e+00,1.822672961883e+00,0.000000000000e+00
3.848000000000e-01,-4.379197561634e-01,1.701704241247e+00,1.757148553059e+00,1.822672961883e+00,0.000000000000e+00
3.852000000000e-01,-4.155861060843e-01,1.614918325501e+00,1.667535010010e+00,1.822672961883e+00,0.000000000000e+00
3.856000000000e-01,-3.938050172567e-01,1.530279597251e+00,1.580138613344e+00,1.822672961883e+00,0.000000000000e+00
3.860000000000e-01,-3.725799291672e-01,1.447801421936e+00,1.494973163966e+00,1.822672961883e+00,0.000000000000e+00
3.864000000000e-01,-3.519141935031e-01,1.367496823815e+00,1.412052110488e+00,1.822672961883e+00,0.000000000000e+00
3.868000000000e-01,-3.318110736238e-01,1.289378483915e+00,1.331388547105e+00,1.822672961883e+00,0.000000000000e+00
3.872000000000e-01,-3.122737440448e-01,1.213458738027e+00,1.252995211529e+00,1.822672961883e+00,0.000000000000e+00
3.876000000000e-01,-2.933052899371e-01,1.139749574760e+00,1.176884482976e+00,1.822672961883e+00,0.000000000000e+00
3.880000000000e-01,-2.749087066394e-01,1.068262633644e+00,1.103068380214e+00,1.822672961883e+00,0.000000000000e+00
3.884000000000e-01,-2.570868991854e-01,9.990092032973e-01,1.031558559659e+00,1.822672961883e+00,0.000000000000e+00
3.888000000000e-01,-2.398426818452e-01,9.320002196381e-01,9.623663135419e-01,1.822672961883e+00,0.000000000000e+00
3.892000000000e-01,-2.231787776806e-01,8.672462641621e-01,8.955025681203e-01,1.822672961883e+00,0.000000000000e+00
3.896000000000e-01,-2.070978181152e-01,8.047575622695e-01,8.309778819548e-01,1.822672961883e+00,0.000000000000e+00
3.900000000000e-01,-1.916023425190e-01,7.445439816508e-01,7.688024442412e-01,1.822672961883e+00,0.000000000000e+00
3.904000000000e-01,-1.766947978071e-01,6.866150307284e-01,7.089860732019e-01,1.822672961883e+00,0.000000000000e+00
3.908000000000e-01,-1.623775380538e-01,6.309798571551e-01,6.515382145353e-01,1.822672961883e+00,0.000000000000e+00
3.912000000000e-01,-1.486528241202e-01,5.776472463698e-01,5.964679399243e-01,1.822672961883e+00,0.000000000000e+00
3.916000000000e-01,-1.355228232978e-01,5.266256202100e-01,5.437839456035e-01,1.822672961883e+00,0.000000000000e+00
3.920000000000e-01,-1.229896089661e-01,4.779230355819e-01,4.934945509865e-01,1.822672961883e+00,0.000000000000e+00
3.924000000000e-01,-1.110551602647e-01,4.315471831882e-01,4.456076973517e-01,1.822672961883e+00,0.000000000000e+00
3.928000000000e-01,-9.972136178145e-02,3.875053863136e-01,4.001309465882e-01,1.822672961883e+00,0.000000000000e+00
3.932000000000e-01,-8.899000325461e-02,3.458045996684e-01,3.570714800024e-01,1.822672961883e+00,0.000000000000e+00
3.936000000000e-01,-7.886277929003e-02,3.064514082902e-01,3.164360971830e-01,1.822672961883e+00,0.000000000000e+00
3.940000000000e-01,-6.934128909378e-02,2.694520265042e-01,2.782312149281e-01,1.822672961883e+00,0.000000000000e+00
3.944000000000e-01,-6.042703621955e-02,2.348122969415e-01,2.424628662316e-01,1.822672961883e+00,0.000000000000e+00
3.948000000000e-01,-5.212142833119e-02,2.025376896172e-01,2.091366993302e-01,1.822672961883e+00,0.000000000000e+00
3.952000000000e-01,-4.442577698047e-02,1.726333010657e-01,1.782579768122e-01,1.822672961883e+00,0.000000000000e+00
3.956000000000e-01,-3.734129739996e-02,1.451038535368e-01,1.498315747856e-01,1.822672961883e+00,0.000000000000e+00
3.960000000000e-01,-3.086910831111e-02,1.199536942493e-01,1.238619821090e-01,1.822672961883e+00,0.000000000000e+00
3.964000000000e-01,-2.501023174759e-02,9.718679470486e-02,1.003532996820e-01,1.822672961883e+00,0.000000000000e+00
3.968000000000e-01,-1.976559289394e-02,7.680675006095e-02,7.930923979823e-02,1.822672961883e+00,0.000000000000e+00
3.972000000000e-01,-1.513601993944e-02,5.881677856282e-02,6.073312555858e-02,1.822672961883e+00,0.000000000000e+00
3.976000000000e-01,-1.112224394731e-02,4.321972103551e-02,4.462789034686e-02,1.822672961883e+00,0.000000000000e+00
3.980000000000e-01,-7.724898739315e-03,3.001804043523e-02,3.099607736640e-02,1.822672961883e+00,0.000000000000e+00
3.984000000000e-01,-4.944520795650e-03,1.921382146037e-02,1.983983923850e-02,1.822672961883e+00,0.000000000000e+00
3.988000000000e-01,-2.781549170221e-03,1.080877022236e-02,1.116093766250e-02,1.822672961883e+00,0.000000000000e+00
3.992000000000e-01,-1.236325421321e-03,4.804213976223e-03,4.960743137549e-03,1.822672961883e+00,0.000000000000e+00
3.996000000000e-01,-3.090935576943e-04,1.201100910995e-03,1.240234746248e-03,1.822672961883e+00,0.000000000000e+00
4.000000000000e-01,0.000000000000e+00,-0.000000000000e+00,0.000000000000e+00,-8.130211812132e-01,0.000000000000e+00
4.004000000000e-01,2.131076358692e-04,-2.252186100768e-04,3.100617467387e-04,-8.130211812132e-01,0.000000000000e+00
4.008000000000e-01,8.524221303522e-04,-9.008655490621e-04,1.240234746248e-03,-8.130211812132e-01,0.000000000000e+00
4.012000000000e-01,1.917918244407e-03,-2.026914143571e-03,2.790482276891e-03,-8.130211812132e-01,0.000000000000e+00
4.016000000000e-01,3.409553914073e-03,-3.603319939135e-03,4.960743137548e-03,-8.130211812132e-01,0.000000000000e+00
4.020000000000e-01,5.327270252126e-03,-5.630020701950e-03,7.750931650039e-03,-8.130211812132e-01,0.000000000000e+00
4.024000000000e-01,7.670991550410e-03,-8.106936421343e-03,1.116093766250e-02,-8.130211812132e-01,0.000000000000e+00
4.028000000000e-01,1.044062528282e-02,-1.103396931292e-02,1.519062655372e-02,-8.130211812132e-01,0.000000000000e+00
4.032000000000e-01,1.363606210896e-02,-1.441100382243e-02,1.983983923850e-02,-8.130211812132e-01,0.000000000000e+00
4.036000000000e-01,1.725717587845e-02,-1.823790663035e-02,2.510839217388e-02,-8.130211812132e-01,0.000000000000e+00
4.040000000000e-01,2.130382363593e-02,-2.251452665709e-02,3.099607736640e-02,-8.130211812132e-01,0.000000000000e+00
4.044000000000e-01,2.577584562667e-02,-2.724069506902e-02,3.750266238034e-02,-8.130211812132e-01,0.000000000000e+00
4.048000000000e-01,3.067306530290e-02,-3.241622528511e-02,4.462789034686e-02,-8.130211812132e-01,0.000000000000e+00
4.052000000000e-01,3.599528933076e-02,-3.804091298429e-02,5.237147997416e-02,-8.130211812132e-01,0.000000000000e+00
4.056000000000e-01,4.174230759798e-02,-4.411453611351e-02,6.073312555858e-02,-8.130211812132e-01,0.000000000000e+00
4.060000000000e-01,4.791389322211e-02,-5.063685489653e-02,6.971249699668e-02,-8.130211812132e-01,0.000000000000e+00
4.064000000000e-01,5.450980255951e-02,-5.760761184338e-02,7.930923979824e-02,-8.130211812132e-01,0.000000000000e+00
4.068000000000e-01,6.152977521498e-02,-6.502653176051e-02,8.952297510028e-02,-8.130211812132e-01,0.000000000000e+00
4.072000000000e-01,6.897353405201e-02,-7.289332176166e-02,1.003532996820e-01,-8.130211812132e-01,0.000000000000e+00
4.076000000000e-01,7.684078520377e-02,-8.120767127944e-02,1.117997859808e-01,-8.130211812132e-01,0.000000000000e+00
4.080000000000e-01,8.513121808463e-02,-8.996925207755e-02,1.238619821090e-01,-8.130211812132e-01,0.000000000000e+00
4.084000000000e-01,9.384450540251e-02,-9.917771826380e-02,1.365394118717e-01,-8.130211812132e-01,0.000000000000e+00
4.088000000000e-01,1.029803031717e-01,-1.088327063037e-01,1.498315747856e-01,-8.130211812132e-01,0.000000000000e+00
4.092000000000e-01,1.125382507267e-01,-1.189338350349e-01,1.637379460990e-01,-8.130211812132e-01,0.000000000000e+00
4.096000000000e-01,1.225179707359e-01,-1.294807056820e-01,1.782579768122e-01,-8.130211812132e-01,0.000000000000e+00
4.100000000000e-01,1.329190692172e-01,-1.404729018728e-01,1.933910936991e-01,-8.130211812132e-01,0.000000000000e+00
4.104000000000e-01,1.437411355529e-01,-1.519099896541e-01,2.091366993302e-01,-8.130211812132e-01,0.000000000000e+00
4.108000000000e-01,1.549837425065e-01,-1.637915175092e-01,2.254941720961e-01,-8.130211812132e-01,0.000000000000e+00
4.112000000000e-01,1.666464462390e-01,-1.761170163759e-01,2.424628662316e-01,-8.130211812132e-01,0.000000000000e+00
4.116000000000e-01,1.787287863270e-01,-1.888859996644e-01,2.600421118418e-01,-8.130211812132e-01,0.000000000000e+00
4.120000000000e-01,1.912302857802e-01,-2.020979632773e-01,2.782312149281e-01,-8.130211812132e-01,0.000000000000e+00
4.124000000000e-01,2.041504510609e-01,-2.157523856288e-01,2.970294574160e-01,-8.130211812132e-01,0.000000000000e+00
4.128000000000e-01,2.174887721031e-01,-2.298487276656e-01,3.164360971830e-01,-8.130211812132e-01,0.000000000000e+00
4.132000000000e-01,2.312447223327e-01,-2.443864328885e-01,3.364503680882e-01,-8.130211812132e-01,0.000000000000e+00
4.136000000000e-01,2.454177586884e-01,-2.593649273735e-01,3.570714800024e-01,-8.130211812132e-01,0.000000000000e+00
4.140000000000e-01,2.600073216429e-01,-2.747836197955e-01,3.782986188394e-01,-8.130211812132e-01,0.000000000000e+00
4.144000000000e-01,2.750128352253e-01,-2.906419014508e-01,4.001309465882e-01,-8.130211812132e-01,0.000000000000e+00
4.148000000000e-01,2.904337070436e-01,-3.069391462817e-01,4.225676013459e-01,-8.130211812132e-01,0.000000000000e+00
4.152000000000e-01,3.062693283081e-01,-3.236747109008e-01,4.456076973517e-01,-8.130211812132e-01,0.000000000000e+00
4.156000000000e-01,3.225190738558e-01,-3.408479346167e-01,4.692503250220e-01,-8.130211812132e-01,0.000000000000e+00
4.160000000000e-01,3.391823021744e-01,-3.584581394599e-01,4.934945509865e-01,-8.130211812132e-01,0.000000000000e+00
4.164000000000e-01,3.562583554282e-01,-3.765046302097e-01,5.183394181246e-01,-8.130211812132e-01,0.000000000000e+00
4.168000000000e-01,3.737465594839e-01,-3.949866944215e-01,5.437839456035e-01,-8.130211812132e-01,0.000000000000e+00
4.172000000000e-01,3.916462239372e-01,-4.139036024551e-01,5.698271289168e-01,-8.130211812132e-01,0.000000000000e+00
4.176000000000e-01,4.099566421398e-01,-4.332546075034e-01,5.964679399243e-01,-8.130211812132e-01,0.000000000000e+00
4.180000000000e-01,4.286770912279e-01,-4.530389456218e-01,6.237053268922e-01,-8.130211812132e-01,0.000000000000e+00
4.184000000000e-01,4.478068321502e-01,-4.732558357584e-01,6.515382145353e-01,-8.130211812132e-01,0.000000000000e+00
4.188000000000e-01,4.673451096973e-01,-4.939044797852e-01,6.799655040588e-01,-8.130211812132e-01,0.000000000000e+00
4.192000000000e-01,4.872911525314e-01,-5.149840625289e-01,7.089860732019e-01,-8.130211812132e-01,0.000000000000e+00
4.196000000000e-01,5.076441732170e-01,-5.364937518039e-01,7.385987762823e-01,-8.130211812132e-01,0.000000000000e+00
4.200000000000e-01,5.284033682515e-01,-5.584326984442e-01,7.688024442412e-01,-8.130211812132e-01,0.000000000000e+00
4.204000000000e-01,5.495679180975e-01,-5.808000363380e-01,7.995958846895e-01,-8.130211812132e-01,0.000000000000e+00
4.208000000000e-01,5.711369872150e-01,-6.035948824610e-01,8.309778819548e-01,-8.130211812132e-01,0.000000000000e+00
4.212000000000e-01,5.931097240938e-01,-6.268163369117e-01,8.629471971297e-01,-8.130211812132e-01,0.000000000000e+00
4.216000000000e-01,6.154852612880e-01,-6.504634829469e-01,8.955025681203e-01,-8.130211812132e-01,0.000000000000e+00
4.220000000000e-01,6.382627154497e-01,-6.745353870176e-01,9.286427096964e-01,-8.130211812132e-01,0.000000000000e+00
4.224000000000e-01,6.614411873641e-01,-6.990310988065e-01,9.623663135419e-01,-8.130211812132e-01,0.000000000000e+00
4.228000000000e-01,6.850197619847e-01,-7.239496512646e-01,9.966720483066e-01,-8.130211812132e-01,0.000000000000e+00
4.232000000000e-01,7.089975084697e-01,-7.492900606503e-01,1.031558559659e+00,-8.130211812132e-01,0.000000000000e+00
4.236000000000e-01,7.333734802189e-01,-7.750513265675e-01,1.067024470339e+00,-8.130211812132e-01,0.000000000000e+00
4.240000000000e-01,7.581467149105e-01,-8.012324320056e-01,1.103068380214e+00,-8.130211812132e-01,0.000000000000e+00
4.244000000000e-01,7.833162345397e-01,-8.278323433794e-01,1.139688866331e+00,-8.130211812132e-01,0.000000000000e+00
4.248000000000e-01,8.088810454570e-01,-8.548500105698e-01,1.176884482976e+00,-8.130211812132e-01,0.000000000000e+00
4.252000000000e-01,8.348401384073e-01,-8.822843669658e-01,1.214653761731e+00,-8.130211812132e-01,0.000000000000e+00
4.256000000000e-01,8.611924885702e-01,-9.101343295058e-01,1.252995211529e+00,-8.130211812132e-01,0.000000000000e+00
4.260000000000e-01,8.879370556000e-01,-9.383987987210e-01,1.291907318715e+00,-8.130211812132e-01,0.000000000000e+00
4.264000000000e-01,9.150727836670e-01,-9.670766587786e-01,1.331388547105e+00,-8.130211812132e-01,0.000000000000e+00
4.268000000000e-01,9.425986014991e-01,-9.961667775258e-01,1.371437338049e+00,-8.130211812132e-01,0.000000000000e+00
4.272000000000e-01,9.705134224241e-01,-1.025668006534e+00,1.412052110488e+00,-8.130211812132e-01,0.000000000000e+00
4.276000000000e-01,9.988161444127e-01,-1.055579181147e+00,1.453231261021e+00,-8.130211812132e-01,0.000000000000e+00
4.280000000000e-01,1.027505650122e+00,-1.085899120520e+00,1.494973163966e+00,-8.130211812132e-01,0.000000000000e+00
4.284000000000e-01,1.056580806939e+00,-1.116626627676e+00,1.537276171424e+00,-8.130211812132e-01,0.000000000000e+00
4.288000000000e-01,1.086040467027e+00,-1.147760489545e+00,1.580138613344e+00,-8.130211812132e-01,0.000000000000e+00
4.292000000000e-01,1.115883467369e+00,-1.179299477015e+00,1.623558797591e+00,-8.130211812132e-01,0.000000000000e+00
4.296000000000e-01,1.146108629813e+00,-1.211242344981e+00,1.667535010010e+00,-8.130211812132e-01,0.000000000000e+00
4.300000000000e-01,1.176714761124e+00,-1.243587832394e+00,1.712065514495e+00,-8.130211812132e-01,0.000000000000e+00
4.304000000000e-01,1.207700653022e+00,-1.276334662308e+00,1.757148553059e+00,-8.130211812132e-01,0.000000000000e+00
4.308000000000e-01,1.239065082238e+00,-1.309481541936e+00,1.802782345900e+00,-8.130211812132e-01,0.000000000000e+00
4.312000000000e-01,1.270806810557e+00,-1.343027162694e+00,1.848965091475e+00,-8.130211812132e-01,0.000000000000e+00
4.316000000000e-01,1.302924584872e+00,-1.376970200260e+00,1.895694966567e+00,-8.130211812132e-01,0.000000000000e+00
4.320000000000e-01,1.335417137227e+00,-1.411309314621e+00,1.942970126362e+00,-8.130211812132e-01,0.000000000000e+00
4.324000000000e-01,1.368283184871e+00,-1.446043150126e+00,1.990788704516e+00,-8.130211812132e-01,0.000000000000e+00
4.328000000000e-01,1.401521430310e+00,-1.481170335544e+00,2.039148813234e+00,-8.130211812132e-01,0.000000000000e+00
4.332000000000e-01,1.435130561355e+00,-1.516689484113e+00,2.088048543342e+00,-8.130211812132e-01,0.000000000000e+00
4.336000000000e-01,1.469109251174e+00,-1.552599193599e+00,2.137485964363e+00,-8.130211812132e-01,0.000000000000e+00
4.340000000000e-01,1.503456158347e+00,-1.588898046347e+00,2.187459124591e+00,-8.130211812132e-01,0.000000000000e+00
4.344000000000e-01,1.538169926917e+00,-1.625584609341e+00,2.237966051172e+00,-8.130211812132e-01,0.000000000000e+00
4.348000000000e-01,1.573249186443e+00,-1.662657434259e+00,2.289004750179e+00,-8.130211812132e-01,0.000000000000e+00
4.352000000000e-01,1.608692552058e+00,-1.700115057528e+00,2.340573206691e+00,-8.130211812132e-01,0.000000000000e+00
4.356000000000e-01,1.644498624516e+00,-1.737956000385e+00,2.392669384874e+00,-8.130211812132e-01,0.000000000000e+00
4.360000000000e-01,1.680665990257e+00,-1.776178768936e+00,2.445291228060e+00,-8.130211812132e-01,0.000000000000e+00
4.364000000000e-01,1.717193221454e+00,-1.814781854211e+00,2.498436658829e+00,-8.130211812132e-01,0.000000000000e+00
4.368000000000e-01,1.754078876074e+00,-1.853763732225e+00,2.552103579090e+00,-8.130211812132e-01,0.000000000000e+00
4.372000000000e-01,1.791321497936e+00,-1.893122864042e+00,2.606289870165e+00,-8.130211812132e-01,0.000000000000e+00
4.376000000000e-01,1.828919616764e+00,-1.932857695829e+00,2.660993392872e+00,-8.130211812132e-01,0.000000000000e+00
4.380000000000e-01,1.866871748248e+00,-1.972966658925e+00,2.716211987610e+00,-8.130211812132e-01,0.000000000000e+00
4.384000000000e-01,1.905176394105e+00,-2.013448169895e+00,2.771943474443e+00,-8.130211812132e-01,0.000000000000e+00
4.388000000000e-01,1.943832042131e+00,-2.054300630599e+00,2.828185653187e+00,-8.130211812132e-01,0.000000000000e+00
4.392000000000e-01,1.982837166269e+00,-2.095522428252e+00,2.884936303498e+00,-8.130211812132e-01,0.000000000000e+00
4.396000000000e-01,2.022190226662e+00,-2.137111935488e+00,2.942193184957e+00,-8.130211812132e-01,0.000000000000e+00
4.400000000000e-01,2.061889669719e+00,-2.179067510424e+00,2.999954037161e+00,-8.130211812132e-01,0.000000000000e+00
4.404000000000e-01,2.101933928174e+00,-2.221387496726e+00,3.058216579809e+00,-8.130211812132e-01,0.000000000000e+00
4.408000000000e-01,2.142321421149e+00,-2.264070223673e+00,3.116978512797e+00,-8.130211812132e-01,0.000000000000e+00
4.412000000000e-01,2.183050554213e+00,-2.307114006225e+00,3.176237516303e+00,-8.130211812132e-01,0.000000000000e+00
4.416000000000e-01,2.224119719452e+00,-2.350517145087e+00,3.235991250885e+00,-8.130211812132e-01,0.000000000000e+00
4.420000000000e-01,2.265527295524e+00,-2.394277926776e+00,3.296237357566e+00,-8.130211812132e-01,0.000000000000e+00
4.424000000000e-01,2.307271647730e+00,-2.438394623693e+00,3.356973457934e+00,-8.130211812132e-01,0.000000000000e+00
4.428000000000e-01,2.349351128073e+00,-2.482865494185e+00,3.418197154231e+00,-8.130211812132e-01,0.000000000000e+00
4.432000000000e-01,2.391764075328e+00,-2.527688782619e+00,3.479906029451e+00,-8.130211812132e-01,0.000000000000e+00
4.436000000000e-01,2.434508815105e+00,-2.572862719449e+00,3.542097647433e+00,-8.130211812132e-01,0.000000000000e+00
4.440000000000e-01,2.477583659914e+00,-2.618385521283e+00,3.604769552959e+00,-8.130211812132e-01,0.000000000000e+00
4.444000000000e-01,2.520986909234e+00,-2.664255390961e+00,3.667919271848e+00,-8.130211812132e-01,0.000000000000e+00
4.448000000000e-01,2.564716849579e+00,-2.710470517618e+00,3.731544311058e+00,-8.130211812132e-01,0.000000000000e+00
4.452000000000e-01,2.608771754566e+00,-2.757029076760e+00,3.795642158782e+00,-8.130211812132e-01,0.000000000000e+00
4.456000000000e-01,2.653149884983e+00,-2.803929230336e+00,3.860210284546e+00,-8.130211812132e-01,0.000000000000e+00
4.460000000000e-01,2.697849488858e+00,-2.851169126806e+00,3.925246139312e+00,-8.130211812132e-01,0.000000000000e+00
4.464000000000e-01,2.742868801525e+00,-2.898746901222e+00,3.990747155574e+00,-8.130211812132e-01,0.000000000000e+00
4.468000000000e-01,2.788206045701e+00,-2.946660675293e+00,4.056710747466e+00,-8.130211812132e-01,0.000000000000e+00
4.472000000000e-01,2.833859431548e+00,-2.994908557467e+00,4.123134310856e+00,-8.130211812132e-01,0.000000000000e+00
4.476000000000e-01,2.879827156748e+00,-3.043488642999e+00,4.190015223458e+00,-8.130211812132e-01,0.000000000000e+00
4.480000000000e-01,2.926107406575e+00,-3.092399014031e+00,4.257350844926e+00,-8.130211812132e-01,0.000000000000e+00
4.484000000000e-01,2.972698353964e+00,-3.141637739665e+00,4.325138516967e+00,-8.130211812132e-01,0.000000000000e+00
4.488000000000e-01,3.019598159584e+00,-3.191202876040e+00,4.393375563438e+00,-8.130211812132e-01,0.000000000000e+00
4.492000000000e-01,3.066804971910e+00,-3.241092466411e+00,4.462059290457e+00,-8.130211812132e-01,0.000000000000e+00
4.496000000000e-01,3.114316927299e+00,-3.291304541220e+00,4.531186986510e+00,-8.130211812132e-01,0.000000000000e+00
4.500000000000e-01,3.162132150060e+00,-3.341837118182e+00,4.600755922553e+00,-8.130211812132e-01,0.000000000000e+00
4.504000000000e-01,3.210248752530e+00,-3.392688202357e+00,4.670763352123e+00,-8.130211812132e-01,0.000000000000e+00
4.508000000000e-01,3.258664835148e+00,-3.443855786231e+00,4.741206511447e+00,-8.130211812132e-01,0.000000000000e+00
4.512000000000e-01,3.307378486530e+00,-3.495337849796e+00,4.812082619550e+00,-8.130211812132e-01,0.000000000000e+00
4.516000000000e-01,3.356387783543e+00,-3.547132360627e+00,4.883388878364e+00,-8.130211812132e-01,0.000000000000e+00
4.520000000000e-01,3.405690791386e+00,-3.599237273967e+00,4.955122472840e+00,-8.130211812132e-01,0.000000000000e+00
4.524000000000e-01,3.455285563660e+00,-3.651650532802e+00,5.027280571059e+00,-8.130211812132e-01,0.000000000000e+00
4.528000000000e-01,3.505170142448e+00,-3.704370067947e+00,5.099860324343e+00,-8.130211812132e-01,0.000000000000e+00
4.532000000000e-01,3.555342558392e+00,-3.757393798125e+00,5.172858867367e+00,-8.130211812132e-01,0.000000000000e+00
4.536000000000e-01,3.605800830771e+00,-3.810719630049e+00,5.246273318274e+00,-8.130211812132e-01,0.000000000000e+00
4.540000000000e-01,3.656542967579e+00,-3.864345458507e+00,5.320100778786e+00,-8.130211812132e-01,0.000000000000e+00
4.544000000000e-01,3.707566965604e+00,-3.918269166444e+00,5.394338334323e+00,-8.130211812132e-01,0.000000000000e+00
4.548000000000e-01,3.758870810505e+00,-3.972488625044e+00,5.468983054112e+00,-8.130211812132e-01,0.000000000000e+00
4.552000000000e-01,3.810452476895e+00,-4.027001693814e+00,5.544031991309e+00,-8.130211812132e-01,0.000000000000e+00
4.556000000000e-01,3.862309928417e+00,-4.081806220673e+00,5.619482183108e+00,-8.130211812132e-01,0.000000000000e+00
4.560000000000e-01,3.914441117828e+00,-4.136900042032e+00,5.695330650867e+00,-8.130211812132e-01,0.000000000000e+00
4.564000000000e-01,3.966843987078e+00,-4.192280982881e+00,5.771574400217e+00,-8.130211812132e-01,0.000000000000e+00
4.568000000000e-01,4.019516467391e+00,-4.247946856875e+00,5.848210421186e+00,-8.130211812132e-01,0.000000000000e+00
4.572000000000e-01,4.072456479349e+00,-4.303895466421e+00,5.925235688314e+00,-8.130211812132e-01,0.000000000000e+00
4.576000000000e-01,4.125661932969e+00,-4.360124602764e+00,6.002647160777e+00,-8.130211812132e-01,0.000000000000e+00
4.580000000000e-01,4.179130727793e+00,-4.416632046073e+00,6.080441782501e+00,-8.130211812132e-01,0.000000000000e+00
4.584000000000e-01,4.232860752963e+00,-4.473415565532e+00,6.158616482289e+00,-8.130211812132e-01,0.000000000000e+00
4.588000000000e-01,4.286849887310e+00,-4.530472919424e+00,6.237168173936e+00,-8.130211812132e-01,0.000000000000e+00
4.592000000000e-01,4.341095999436e+00,-4.587801855223e+00,6.316093756358e+00,-8.130211812132e-01,0.000000000000e+00
4.596000000000e-01,4.395596947796e+00,-4.645400109680e+00,6.395390113706e+00,-8.130211812132e-01,0.000000000000e+00
4.600000000000e-01,4.450350580787e+00,-4.703265408915e+00,6.475054115497e+00,-8.130211812132e-01,0.000000000000e+00
4.604000000000e-01,4.505354736829e+00,-4.761395468506e+00,6.555082616731e+00,-8.130211812132e-01,0.000000000000e+00
4.608000000000e-01,4.560607244452e+00,-4.819787993576e+00,6.635472458022e+00,-8.130211812132e-01,0.000000000000e+00
4.612000000000e-01,4.616105922382e+00,-4.878440678889e+00,6.716220465715e+00,-8.130211812132e-01,0.000000000000e+00
4.616000000000e-01,4.671848579626e+00,-4.937351208938e+00,6.797323452018e+00,-8.130211812132e-01,0.000000000000e+00
4.620000000000e-01,4.727833015559e+00,-4.996517258035e+00,6.878778215123e+00,-8.130211812132e-01,0.000000000000e+00
4.624000000000e-01,4.784057020012e+00,-5.055936490406e+00,6.960581539336e+00,-8.130211812132e-01,0.000000000000e+00
4.628000000000e-01,4.840518373357e+00,-5.115606560282e+00,7.042730195202e+00,-8.130211812132e-01,0.000000000000e+00
4.632000000000e-01,4.897214846597e+00,-5.175525111991e+00,7.125220939632e+00,-8.130211812132e-01,0.000000000000e+00
4.636000000000e-01,4.954144201451e+00,-5.235689780050e+00,7.208050516033e+00,-8.130211812132e-01,0.000000000000e+00
4.640000000000e-01,5.011304190447e+00,-5.296098189261e+00,7.291215654436e+00,-8.130211812132e-01,0.000000000000e+00
4.644000000000e-01,5.068692557007e+00,-5.356747954805e+00,7.374713071623e+00,-8.130211812132e-01,0.000000000000e+00
4.648000000000e-01,5.126307035534e+00,-5.417636682332e+00,7.458539471258e+00,-8.130211812132e-01,0.000000000000e+00
4.652000000000e-01,5.184145351510e+00,-5.478761968059e+00,7.542691544020e+00,-8.130211812132e-01,0.000000000000e+00
4.656000000000e-01,5.242205221575e+00,-5.540121398865e+00,7.627165967728e+00,-8.130211812132e-01,0.000000000000e+00
4.660000000000e-01,5.300484353626e+00,-5.601712552385e+00,7.711959407477e+00,-8.130211812132e-01,0.000000000000e+00
4.664000000000e-01,5.358980446902e+00,-5.663532997105e+00,7.797068515768e+00,-8.130211812132e-01,0.000000000000e+00
4.668000000000e-01,5.417691192078e+00,-5.725580292459e+00,7.882489932637e+00,-8.130211812132e-01,0.000000000000e+00
4.672000000000e-01,5.476614271355e+00,-5.787851988928e+00,7.968220285794e+00,-8.130211812132e-01,0.000000000000e+00
4.676000000000e-01,5.535747358548e+00,-5.850345628131e+00,8.054256190752e+00,-8.130211812132e-01,0.000000000000e+00
4.680000000000e-01,5.595088119187e+00,-5.913058742926e+00,8.140594250960e+00,-8.130211812132e-01,0.000000000000e+00
4.684000000000e-01,5.654634210599e+00,-5.975988857506e+00,8.227231057939e+00,-8.130211812132e-01,0.000000000000e+00
4.688000000000e-01,5.714383282006e+00,-6.039133487500e+00,8.314163191417e+00,-8.130211812132e-01,0.000000000000e+00
4.692000000000e-01,5.774332974617e+00,-6.102490140064e+00,8.401387219461e+00,-8.130211812132e-01,0.000000000000e+00
4.696000000000e-01,5.834480921722e+00,-6.166056313986e+00,8.488899698618e+00,-8.130211812132e-01,0.000000000000e+00
4.700000000000e-01,5.894824748782e+00,-6.229829499784e+00,8.576697174042e+00,-8.130211812132e-01,0.000000000000e+00
4.704000000000e-01,5.955362073526e+00,-6.293807179800e+00,8.664776179642e+00,-8.130211812132e-01,0.000000000000e+00
4.708000000000e-01,6.016090506044e+00,-6.357986828305e+00,8.753133238208e+00,-8.130211812132e-01,0.000000000000e+00
4.712000000000e-01,6.077007648882e+00,-6.422365911597e+00,8.841764861555e+00,-8.130211812132e-01,0.000000000000e+00
4.716000000000e-01,6.138111097136e+00,-6.486941888101e+00,8.930667550658e+00,-8.130211812132e-01,0.000000000000e+00
4.720000000000e-01,6.199398438545e+00,-6.551712208465e+00,9.019837795791e+00,-8.130211812132e-01,0.000000000000e+00
4.724000000000e-01,6.260867253590e+00,-6.616674315671e+00,9.109272076667e+00,-8.130211812132e-01,0.000000000000e+00
4.728000000000e-01,6.322515115589e+00,-6.681825645124e+00,9.198966862571e+00,-8.130211812132e-01,0.000000000000e+00
4.732000000000e-01,6.384339590788e+00,-6.747163624762e+00,9.288918612509e+00,-8.130211812132e-01,0.000000000000e+00
4.736000000000e-01,6.446338238464e+00,-6.812685675153e+00,9.379123775339e+00,-8.130211812132e-01,0.000000000000e+00
4.740000000000e-01,6.508508611016e+00,-6.878389209599e+00,9.469578789914e+00,-8.130211812132e-01,0.000000000000e+00
4.744000000000e-01,6.570848254064e+00,-6.944271634237e+00,9.560280085228e+00,-8.130211812132e-01,0.000000000000e+00
4.748000000000e-01,6.633354706545e+00,-7.010330348142e+00,9.651224080546e+00,-8.130211812132e-01,0.000000000000e+00
4.752000000000e-01,6.696025500813e+00,-7.076562743428e+00,9.742407185558e+00,-8.130211812132e-01,0.000000000000e+00
4.756000000000e-01,6.758858162731e+00,-7.142966205354e+00,9.833825800508e+00,-8.130211812132e-01,0.000000000000e+00
4.760000000000e-01,6.821850211773e+00,-7.209538112425e+00,9.925476316348e+00,-8.130211812132e-01,0.000000000000e+00
4.764000000000e-01,6.884999161122e+00,-7.276275836497e+00,1.001735511487e+01,-8.130211812132e-01,0.000000000000e+00
4.768000000000e-01,6.948302517765e+00,-7.343176742877e+00,1.010945856886e+01,-8.130211812132e-01,0.000000000000e+00
4.772000000000e-01,7.011757782593e+00,-7.410238190433e+00,1.020178304223e+01,-8.130211812132e-01,0.000000000000e+00
4.776000000000e-01,7.075362450502e+00,-7.477457531695e+00,1.029432489017e+01,-8.130211812132e-01,0.000000000000e+00
4.780000000000e-01,7.139114010488e+00,-7.544832112956e+00,1.038708045927e+01,-8.130211812132e-01,0.000000000000e+00
4.784000000000e-01,7.203009945749e+00,-7.612359274385e+00,1.048004608773e+01,-8.130211812132e-01,0.000000000000e+00
4.788000000000e-01,7.267047733783e+00,-7.680036350124e+00,1.057321810540e+01,-8.130211812132e-01,0.000000000000e+00
4.792000000000e-01,7.331224846486e+00,-7.747860668398e+00,1.066659283401e+01,-8.130211812132e-01,0.000000000000e+00
4.796000000000e-01,7.395538750258e+00,-7.815829551620e+00,1.076016658730e+01,-8.130211812132e-01,0.000000000000e+00
4.800000000000e-01,7.459986906095e+00,-7.883940316494e+00,1.085393567114e+01,-8.130211812132e-01,0.000000000000e+00
4.804000000000e-01,7.524566769694e+00,-7.952190274124e+00,1.094789638366e+01,-8.130211812132e-01,0.000000000000e+00
4.808000000000e-01,7.589275791552e+00,-8.020576730118e+00,1.104204501548e+01,-8.130211812132e-01,0.000000000000e+00
4.812000000000e-01,7.654111417070e+00,-8.089096984697e+00,1.113637784977e+01,-8.130211812132e-01,0.000000000000e+00
4.816000000000e-01,7.719071086646e+00,-8.157748332798e+00,1.123089116241e+01,-8.130211812132e-01,0.000000000000e+00
4.820000000000e-01,7.784152235784e+00,-8.226528064183e+00,1.132558122220e+01,-8.130211812132e-01,0.000000000000e+00
4.824000000000e-01,7.849352295193e+00,-8.295433463546e+00,1.142044429093e+01,-8.130211812132e-01,0.000000000000e+00
4.828000000000e-01,7.914668690885e+00,-8.364461810621e+00,1.151547662356e+01,-8.130211812132e-01,0.000000000000e+00
4.832000000000e-01,7.980098844281e+00,-8.433610380285e+00,1.161067446839e+01,-8.130211812132e-01,0.000000000000e+00
4.836000000000e-01,8.045640172310e+00,-8.502876442672e+00,1.170603406717e+01,-8.130211812132e-01,0.000000000000e+00
4.840000000000e-01,8.111290087513e+00,-8.572257263277e+00,1.180155165525e+01,-8.130211812132e-01,0.000000000000e+00
4.844000000000e-01,8.177045998145e+00,-8.641750103064e+00,1.189722346178e+01,-8.130211812132e-01,0.000000000000e+00
4.848000000000e-01,8.242905308273e+00,-8.711352218573e+00,1.199304570979e+01,-8.130211812132e-01,0.000000000000e+00
4.852000000000e-01,8.308865417886e+00,-8.781060862034e+00,1.208901461639e+01,-8.130211812132e-01,0.000000000000e+00
4.856000000000e-01,8.374923722990e+00,-8.850873281467e+00,1.218512639288e+01,-8.130211812132e-01,0.000000000000e+00
4.860000000000e-01,8.441077615718e+00,-8.920786720798e+00,1.228137724494e+01,-8.130211812132e-01,0.000000000000e+00
4.864000000000e-01,8.507324484427e+00,-8.990798419965e+00,1.237776337275e+01,-8.130211812132e-01,0.000000000000e+00
4.868000000000e-01,8.573661713804e+00,-9.060905615024e+00,1.247428097115e+01,-8.130211812132e-01,0.000000000000e+00
4.872000000000e-01,8.640086684969e+00,-9.131105538265e+00,1.257092622979e+01,-8.130211812132e-01,0.000000000000e+00
4.876000000000e-01,8.706596775577e+00,-9.201395418315e+00,1.266769533327e+01,-8.130211812132e-01,0.000000000000e+00
4.880000000000e-01,8.773189359925e+00,-9.271772480249e+00,1.276458446134e+01,-8.130211812132e-01,0.000000000000e+00
4.884000000000e-01,8.839861809050e+00,-9.342233945701e+00,1.286158978895e+01,-8.130211812132e-01,0.000000000000e+00
4.888000000000e-01,8.906611490839e+00,-9.412777032974e+00,1.295870748652e+01,-8.130211812132e-01,0.000000000000e+00
4.892000000000e-01,8.973435770129e+00,-9.483398957147e+00,1.305593372000e+01,-8.130211812132e-01,0.000000000000e+00
4.896000000000e-01,9.040332008811e+00,-9.554096930187e+00,1.315326465106e+01,-8.130211812132e-01,0.000000000000e+00
4.900000000000e-01,9.107297565937e+00,-9.624868161060e+00,1.325069643726e+01,-8.130211812132e-01,0.000000000000e+00
4.904000000000e-01,9.174329797821e+00,-9.695709855838e+00,1.334822523213e+01,-8.130211812132e-01,0.000000000000e+00
4.908000000000e-01,9.241426058145e+00,-9.766619217814e+00,1.344584718543e+01,-8.130211812132e-01,0.000000000000e+00
4.912000000000e-01,9.308583698064e+00,-9.837593447606e+00,1.354355844319e+01,-8.130211812132e-01,0.000000000000e+00
4.916000000000e-01,9.375800066309e+00,-9.908629743273e+00,1.364135514796e+01,-8.130211812132e-01,0.000000000000e+00
4.920000000000e-01,9.443072509293e+00,-9.979725300425e+00,1.373923343887e+01,-8.130211812132e-01,0.000000000000e+00
4.924000000000e-01,9.510398371215e+00,-1.005087731233e+01,1.383718945186e+01,-8.130211812132e-01,0.000000000000e+00
4.928000000000e-01,9.577774994166e+00,-1.012208297003e+01,1.393521931980e+01,-8.130211812132e-01,0.000000000000e+00
4.932000000000e-01,9.645199718232e+00,-1.019333946244e+01,1.403331917264e+01,-8.130211812132e-01,0.000000000000e+00
4.936000000000e-01,9.712669881599e+00,-1.026464397649e+01,1.413148513756e+01,-8.130211812132e-01,0.000000000000e+00
4.940000000000e-01,9.780182820663e+00,-1.033599369719e+01,1.422971333913e+01,-8.130211812132e-01,0.000000000000e+00
4.944000000000e-01,9.847735870126e+00,-1.040738580777e+01,1.432799989948e+01,-8.130211812132e-01,0.000000000000e+00
4.948000000000e-01,9.915326363111e+00,-1.047881748981e+01,1.442634093843e+01,-8.130211812132e-01,0.000000000000e+00
4.952000000000e-01,9.982951631261e+00,-1.055028592329e+01,1.452473257362e+01,-8.130211812132e-01,0.000000000000e+00
4.956000000000e-01,1.005060900485e+01,-1.062178828677e+01,1.462317092074e+01,-8.130211812132e-01,0.000000000000e+00
4.960000000000e-01,1.011829581287e+01,-1.069332175746e+01,1.472165209361e+01,-8.130211812132e-01,0.000000000000e+00
4.964000000000e-01,1.018600938317e+01,-1.076488351133e+01,1.482017220435e+01,-8.130211812132e-01,0.000000000000e+00
4.968000000000e-01,1.025374704253e+01,-1.083647072325e+01,1.491872736356e+01,-8.130211812132e-01,0.000000000000e+00
4.972000000000e-01,1.032150611679e+01,-1.090808056709e+01,1.501731368045e+01,-8.130211812132e-01,0.000000000000e+00
4.976000000000e-01,1.038928393093e+01,-1.097971021580e+01,1.511592726301e+01,-8.130211812132e-01,0.000000000000e+00
4.980000000000e-01,1.045707780921e+01,-1.105135684157e+01,1.521456421813e+01,-8.130211812132e-01,0.000000000000e+00
4.984000000000e-01,1.052488507523e+01,-1.112301761592e+01,1.531322065180e+01,-8.130211812132e-01,0.000000000000e+00
4.988000000000e-01,1.059270305208e+01,-1.119468970980e+01,1.541189266924e+01,-8.130211812132e-01,0.000000000000e+00
4.992000000000e-01,1.066052906242e+01,-1.126637029372e+01,1.551057637504e+01,-8.130211812132e-01,0.000000000000e+00
4.996000000000e-01,1.072836042860e+01,-1.133805653785e+01,1.560926787333e+01,-8.130211812132e-01,0.000000000000e+00
5.000000000000e-01,1.079619447275e+01,-1.140974561214e+01,1.570796326795e+01,-8.130211812132e-01,0.000000000000e+00
5.004000000000e-01,1.086402851690e+01,-1.148143468643e+01,1.580665866257e+01,-8.130211812132e-01,0.000000000000e+00
5.008000000000e-01,1.093185988309e+01,-1.155312093056e+01,1.590535016086e+01,-8.130211812132e-01,0.000000000000e+00
5.012000000000e-01,1.099968589343e+01,-1.162480151448e+01,1.600403386666e+01,-8.130211812132e-01,0.000000000000e+00
5.016000000000e-01,1.106750387028e+01,-1.169647360836e+01,1.610270588409e+01,-8.130211812132e-01,0.000000000000e+00
5.020000000000e-01,1.113531113630e+01,-1.176813438271e+01,1.620136231777e+01,-8.130211812132e-01,0.000000000000e+00
5.024000000000e-01,1.120310501457e+01,-1.183978100848e+01,1.629999927289e+01,-8.130211812132e-01,0.000000000000e+00
5.028000000000e-01,1.127088282871e+01,-1.191141065719e+01,1.639861285545e+01,-8.130211812132e-01,0.000000000000e+00
5.032000000000e-01,1.133864190297e+01,-1.198302050103e+01,1.649719917234e+01,-8.130211812132e-01,0.000000000000e+00
5.036000000000e-01,1.140637956233e+01,-1.205460771295e+01,1.659575433155e+01,-8.130211812132e-01,0.000000000000e+00
5.040000000000e-01,1.147409313264e+01,-1.212616946682e+01,1.669427444229e+01,-8.130211812132e-01,0.000000000000e+00
5.044000000000e-01,1.154177994066e+01,-1.219770293751e+01,1.679275561515e+01,-8.130211812132e-01,0.000000000000e+00
5.048000000000e-01,1.160943731424e+01,-1.226920530099e+01,1.689119396227e+01,-8.130211812132e-01,0.000000000000e+00
5.052000000000e-01,1.167706258239e+01,-1.234067373447e+01,1.698958559747e+01,-8.130211812132e-01,0.000000000000e+00
5.056000000000e-01,1.174465307538e+01,-1.241210541651e+01,1.708792663641e+01,-8.130211812132e-01,0.000000000000e+00
5.060000000000e-01,1.181220612484e+01,-1.248349752709e+01,1.718621319676e+01,-8.130211812132e-01,0.000000000000e+00
5.064000000000e-01,1.187971906390e+01,-1.255484724779e+01,1.728444139834e+01,-8.130211812132e-01,0.000000000000e+00
5.068000000000e-01,1.194718922727e+01,-1.262615176184e+01,1.738260736326e+01,-8.130211812132e-01,0.000000000000e+00
5.072000000000e-01,1.201461395134e+01,-1.269740825425e+01,1.748070721610e+01,-8.130211812132e-01,0.000000000000e+00
5.076000000000e-01,1.208199057429e+01,-1.276861391195e+01,1.757873708404e+01,-8.130211812132e-01,0.000000000000e+00
5.080000000000e-01,1.214931643621e+01,-1.283976592386e+01,1.767669309703e+01,-8.130211812132e-01,0.000000000000e+00
5.084000000000e-01,1.221658887920e+01,-1.291086148101e+01,1.777457138794e+01,-8.130211812132e-01,0.000000000000e+00
5.088000000000e-01,1.228380524744e+01,-1.298189777667e+01,1.787236809270e+01,-8.130211812132e-01,0.000000000000e+00
5.092000000000e-01,1.235096288736e+01,-1.305287200647e+01,1.797007935047e+01,-8.130211812132e-01,0.000000000000e+00
5.096000000000e-01,1.241805914768e+01,-1.312378136844e+01,1.806770130376e+01,-8.130211812132e-01,0.000000000000e+00
5.100000000000e-01,1.248509137957e+01,-1.319462306322e+01,1.816523009864e+01,-8.130211812132e-01,0.000000000000e+00
5.104000000000e-01,1.255205693669e+01,-1.326539429409e+01,1.826266188483e+01,-8.130211812132e-01,0.000000000000e+00
5.108000000000e-01,1.261895317538e+01,-1.333609226713e+01,1.835999281590e+01,-8.130211812132e-01,0.000000000000e+00
5.112000000000e-01,1.268577745466e+01,-1.340671419131e+01,1.845721904938e+01,-8.130211812132e-01,0.000000000000e+00
5.116000000000e-01,1.275252713645e+01,-1.347725727858e+01,1.855433674694e+01,-8.130211812132e-01,0.000000000000e+00
5.120000000000e-01,1.281919958558e+01,-1.354771874403e+01,1.865134207456e+01,-8.130211812132e-01,0.000000000000e+00
5.124000000000e-01,1.288579216993e+01,-1.361809580597e+01,1.874823120262e+01,-8.130211812132e-01,0.000000000000e+00
5.128000000000e-01,1.295230226054e+01,-1.368838568602e+01,1.884500030611e+01,-8.130211812132e-01,0.000000000000e+00
5.132000000000e-01,1.301872723170e+01,-1.375858560926e+01,1.894164556475e+01,-8.130211812132e-01,0.000000000000e+00
5.136000000000e-01,1.308506446108e+01,-1.382869280432e+01,1.903816316315e+01,-8.130211812132e-01,0.000000000000e+00
5.140000000000e-01,1.315131132979e+01,-1.389870450348e+01,1.913454929096e+01,-8.130211812132e-01,0.000000000000e+00
5.144000000000e-01,1.321746522251e+01,-1.396861794281e+01,1.923080014302e+01,-8.130211812132e-01,0.000000000000e+00
5.148000000000e-01,1.328352352762e+01,-1.403843036225e+01,1.932691191951e+01,-8.130211812132e-01,0.000000000000e+00
5.152000000000e-01,1.334948363723e+01,-1.410813900571e+01,1.942288082610e+01,-8.130211812132e-01,0.000000000000e+00
5.156000000000e-01,1.341534294736e+01,-1.417774112122e+01,1.951870307412e+01,-8.130211812132e-01,0.000000000000e+00
5.160000000000e-01,1.348109885799e+01,-1.424723396100e+01,1.961437488064e+01,-8.130211812132e-01,0.000000000000e+00
5.164000000000e-01,1.354674877319e+01,-1.431661478161e+01,1.970989246873e+01,-8.130211812132e-01,0.000000000000e+00
5.168000000000e-01,1.361229010122e+01,-1.438588084400e+01,1.980525206751e+01,-8.130211812132e-01,0.000000000000e+00
5.172000000000e-01,1.367772025462e+01,-1.445502941366e+01,1.990044991234e+01,-8.130211812132e-01,0.000000000000e+00
5.176000000000e-01,1.374303665031e+01,-1.452405776073e+01,1.999548224497e+01,-8.130211812132e-01,0.000000000000e+00
5.180000000000e-01,1.380823670972e+01,-1.459296316010e+01,2.009034531370e+01,-8.130211812132e-01,0.000000000000e+00
5.184000000000e-01,1.387331785886e+01,-1.466174289148e+01,2.018503537349e+01,-8.130211812132e-01,0.000000000000e+00
5.188000000000e-01,1.393827752843e+01,-1.473039423958e+01,2.027954868613e+01,-8.130211812132e-01,0.000000000000e+00
5.192000000000e-01,1.400311315395e+01,-1.479891449416e+01,2.037388152041e+01,-8.130211812132e-01,0.000000000000e+00
5.196000000000e-01,1.406782217581e+01,-1.486730095016e+01,2.046803015223e+01,-8.130211812132e-01,0.000000000000e+00
5.200000000000e-01,1.413240203941e+01,-1.493555090779e+01,2.056199086476e+01,-8.130211812132e-01,0.000000000000e+00
5.204000000000e-01,1.419685019525e+01,-1.500366167266e+01,2.065575994859e+01,-8.130211812132e-01,0.000000000000e+00
5.208000000000e-01,1.426116409902e+01,-1.507163055588e+01,2.074933370188e+01,-8.130211812132e-01,0.000000000000e+00
5.212000000000e-01,1.432534121172e+01,-1.513945487416e+01,2.084270843050e+01,-8.130211812132e-01,0.000000000000e+00
5.216000000000e-01,1.438937899975e+01,-1.520713194990e+01,2.093588044817e+01,-8.130211812132e-01,0.000000000000e+00
5.220000000000e-01,1.445327493502e+01,-1.527465911132e+01,2.102884607662e+01,-8.130211812132e-01,0.000000000000e+00
5.224000000000e-01,1.451702649500e+01,-1.534203369259e+01,2.112160164573e+01,-8.130211812132e-01,0.000000000000e+00
5.228000000000e-01,1.458063116291e+01,-1.540925303385e+01,2.121414349367e+01,-8.130211812132e-01,0.000000000000e+00
5.232000000000e-01,1.464408642774e+01,-1.547631448140e+01,2.130646796704e+01,-8.130211812132e-01,0.000000000000e+00
5.236000000000e-01,1.470738978438e+01,-1.554321538778e+01,2.139857142103e+01,-8.130211812132e-01,0.000000000000e+00
5.240000000000e-01,1.477053873373e+01,-1.560995311186e+01,2.149045021955e+01,-8.130211812132e-01,0.000000000000e+00
5.244000000000e-01,1.483353078277e+01,-1.567652501893e+01,2.158210073539e+01,-8.130211812132e-01,0.000000000000e+00
5.248000000000e-01,1.489636344469e+01,-1.574292848085e+01,2.167351935034e+01,-8.130211812132e-01,0.000000000000e+00
5.252000000000e-01,1.495903423896e+01,-1.580916087614e+01,2.176470245535e+01,-8.130211812132e-01,0.000000000000e+00
5.256000000000e-01,1.502154069144e+01,-1.587521959004e+01,2.185564645067e+01,-8.130211812132e-01,0.000000000000e+00
5.260000000000e-01,1.508388033449e+01,-1.594110201468e+01,2.194634774598e+01,-8.130211812132e-01,0.000000000000e+00
5.264000000000e-01,1.514605070704e+01,-1.600680554913e+01,2.203680276056e+01,-8.130211812132e-01,0.000000000000e+00
5.268000000000e-01,1.520804935472e+01,-1.607232759952e+01,2.212700792339e+01,-8.130211812132e-01,0.000000000000e+00
5.272000000000e-01,1.526987382992e+01,-1.613766557916e+01,2.221695967333e+01,-8.130211812132e-01,0.000000000000e+00
5.276000000000e-01,1.533152169191e+01,-1.620281690861e+01,2.230665445923e+01,-8.130211812132e-01,0.000000000000e+00
5.280000000000e-01,1.539299050696e+01,-1.626777901582e+01,2.239608874011e+01,-8.130211812132e-01,0.000000000000e+00
5.284000000000e-01,1.545427784837e+01,-1.633254933618e+01,2.248525898524e+01,-8.130211812132e-01,0.000000000000e+00
5.288000000000e-01,1.551538129662e+01,-1.639712531268e+01,2.257416167434e+01,-8.130211812132e-01,0.000000000000e+00
5.292000000000e-01,1.557629843946e+01,-1.646150439598e+01,2.266279329769e+01,-8.130211812132e-01,0.000000000000e+00
5.296000000000e-01,1.563702687198e+01,-1.652568404448e+01,2.275115035626e+01,-8.130211812132e-01,0.000000000000e+00
5.300000000000e-01,1.569756419672e+01,-1.658966172450e+01,2.283922936186e+01,-8.130211812132e-01,0.000000000000e+00
5.304000000000e-01,1.575790802378e+01,-1.665343491029e+01,2.292702683728e+01,-8.130211812132e-01,0.000000000000e+00
5.308000000000e-01,1.581805597089e+01,-1.671700108422e+01,2.301453931644e+01,-8.130211812132e-01,0.000000000000e+00
5.312000000000e-01,1.587800566350e+01,-1.678035773678e+01,2.310176334448e+01,-8.130211812132e-01,0.000000000000e+00
5.316000000000e-01,1.593775473491e+01,-1.684350236677e+01,2.318869547796e+01,-8.130211812132e-01,0.000000000000e+00
5.320000000000e-01,1.599730082632e+01,-1.690643248135e+01,2.327533228494e+01,-8.130211812132e-01,0.000000000000e+00
5.324000000000e-01,1.605664158696e+01,-1.696914559615e+01,2.336167034515e+01,-8.130211812132e-01,0.000000000000e+00
5.328000000000e-01,1.611577467415e+01,-1.703163923535e+01,2.344770625010e+01,-8.130211812132e-01,0.000000000000e+00
5.332000000000e-01,1.617469775343e+01,-1.709391093182e+01,2.353343660326e+01,-8.130211812132e-01,0.000000000000e+00
5.336000000000e-01,1.623340849860e+01,-1.715595822718e+01,2.361885802013e+01,-8.130211812132e-01,0.000000000000e+00
5.340000000000e-01,1.629190459188e+01,-1.721777867190e+01,2.370396712842e+01,-8.130211812132e-01,0.000000000000e+00
5.344000000000e-01,1.635018372393e+01,-1.727936982542e+01,2.378876056817e+01,-8.130211812132e-01,0.000000000000e+00
5.348000000000e-01,1.640824359399e+01,-1.734072925622e+01,2.387323499188e+01,-8.130211812132e-01,0.000000000000e+00
5.352000000000e-01,1.646608190997e+01,-1.740185454195e+01,2.395738706464e+01,-8.130211812132e-01,0.000000000000e+00
5.356000000000e-01,1.652369638850e+01,-1.746274326948e+01,2.404121346428e+01,-8.130211812132e-01,0.000000000000e+00
5.360000000000e-01,1.658108475506e+01,-1.752339303502e+01,2.412471088146e+01,-8.130211812132e-01,0.000000000000e+00
5.364000000000e-01,1.663824474405e+01,-1.758380144423e+01,2.420787601986e+01,-8.130211812132e-01,0.000000000000e+00
5.368000000000e-01,1.669517409891e+01,-1.764396611229e+01,2.429070559627e+01,-8.130211812132e-01,0.000000000000e+00
5.372000000000e-01,1.675187057215e+01,-1.770388466400e+01,2.437319634070e+01,-8.130211812132e-01,0.000000000000e+00
5.376000000000e-01,1.680833192549e+01,-1.776355473387e+01,2.445534499656e+01,-8.130211812132e-01,0.000000000000e+00
5.380000000000e-01,1.686455592994e+01,-1.782297396625e+01,2.453714832077e+01,-8.130211812132e-01,0.000000000000e+00
5.384000000000e-01,1.692054036588e+01,-1.788214001534e+01,2.461860308388e+01,-8.130211812132e-01,0.000000000000e+00
5.388000000000e-01,1.697628302312e+01,-1.794105054539e+01,2.469970607018e+01,-8.130211812132e-01,0.000000000000e+00
5.392000000000e-01,1.703178170105e+01,-1.799970323070e+01,2.478045407788e+01,-8.130211812132e-01,0.000000000000e+00
5.396000000000e-01,1.708703420868e+01,-1.805809575577e+01,2.486084391917e+01,-8.130211812132e-01,0.000000000000e+00
5.400000000000e-01,1.714203836472e+01,-1.811622581537e+01,2.494087242040e+01,-8.130211812132e-01,0.000000000000e+00
5.404000000000e-01,1.719679199771e+01,-1.817409111460e+01,2.502053642219e+01,-8.130211812132e-01,0.000000000000e+00
5.408000000000e-01,1.725129294607e+01,-1.823168936906e+01,2.509983277954e+01,-8.130211812132e-01,0.000000000000e+00
5.412000000000e-01,1.730553905819e+01,-1.828901830486e+01,2.517875836196e+01,-8.130211812132e-01,0.000000000000e+00
5.416000000000e-01,1.735952819254e+01,-1.834607565875e+01,2.525731005361e+01,-8.130211812132e-01,0.000000000000e+00
5.420000000000e-01,1.741325821771e+01,-1.840285917821e+01,2.533548475340e+01,-8.130211812132e-01,0.000000000000e+00
5.424000000000e-01,1.746672701253e+01,-1.845936662152e+01,2.541327937512e+01,-8.130211812132e-01,0.000000000000e+00
5.428000000000e-01,1.751993246616e+01,-1.851559575786e+01,2.549069084758e+01,-8.130211812132e-01,0.000000000000e+00
5.432000000000e-01,1.757287247811e+01,-1.857154436741e+01,2.556771611471e+01,-8.130211812132e-01,0.000000000000e+00
5.436000000000e-01,1.762554495843e+01,-1.862721024140e+01,2.564435213568e+01,-8.130211812132e-01,0.000000000000e+00
5.440000000000e-01,1.767794782768e+01,-1.868259118225e+01,2.572059588503e+01,-8.130211812132e-01,0.000000000000e+00
5.444000000000e-01,1.773007901709e+01,-1.873768500361e+01,2.579644435279e+01,-8.130211812132e-01,0.000000000000e+00
5.448000000000e-01,1.778193646861e+01,-1.879248953047e+01,2.587189454459e+01,-8.130211812132e-01,0.000000000000e+00
5.452000000000e-01,1.783351813500e+01,-1.884700259924e+01,2.594694348179e+01,-8.130211812132e-01,0.000000000000e+00
5.456000000000e-01,1.788482197990e+01,-1.890122205784e+01,2.602158820157e+01,-8.130211812132e-01,0.000000000000e+00
5.460000000000e-01,1.793584597792e+01,-1.895514576577e+01,2.609582575711e+01,-8.130211812132e-01,0.000000000000e+00
5.464000000000e-01,1.798658811473e+01,-1.900877159423e+01,2.616965321762e+01,-8.130211812132e-01,0.000000000000e+00
5.468000000000e-01,1.803704638711e+01,-1.906209742616e+01,2.624306766853e+01,-8.130211812132e-01,0.000000000000e+00
5.472000000000e-01,1.808721880306e+01,-1.911512115633e+01,2.631606621155e+01,-8.130211812132e-01,0.000000000000e+00
5.476000000000e-01,1.813710338184e+01,-1.916784069148e+01,2.638864596484e+01,-8.130211812132e-01,0.000000000000e+00
5.480000000000e-01,1.818669815412e+01,-1.922025395031e+01,2.646080406306e+01,-8.130211812132e-01,0.000000000000e+00
5.484000000000e-01,1.823600116196e+01,-1.927235886365e+01,2.653253765753e+01,-8.130211812132e-01,0.000000000000e+00
5.488000000000e-01,1.828501045897e+01,-1.932415337448e+01,2.660384391635e+01,-8.130211812132e-01,0.000000000000e+00
5.492000000000e-01,1.833372411036e+01,-1.937563543805e+01,2.667472002445e+01,-8.130211812132e-01,0.000000000000e+00
5.496000000000e-01,1.838214019297e+01,-1.942680302192e+01,2.674516318377e+01,-8.130211812132e-01,0.000000000000e+00
5.500000000000e-01,1.843025679544e+01,-1.947765410610e+01,2.681517061334e+01,-8.130211812132e-01,0.000000000000e+00
5.504000000000e-01,1.847807201820e+01,-1.952818668306e+01,2.688473954939e+01,-8.130211812132e-01,0.000000000000e+00
5.508000000000e-01,1.852558397359e+01,-1.957839875787e+01,2.695386724544e+01,-8.130211812132e-01,0.000000000000e+00
5.512000000000e-01,1.857279078592e+01,-1.962828834824e+01,2.702255097246e+01,-8.130211812132e-01,0.000000000000e+00
5.516000000000e-01,1.861969059154e+01,-1.967785348462e+01,2.709078801893e+01,-8.130211812132e-01,0.000000000000e+00
5.520000000000e-01,1.866628153893e+01,-1.972709221025e+01,2.715857569097e+01,-8.130211812132e-01,0.000000000000e+00
5.524000000000e-01,1.871256178876e+01,-1.977600258128e+01,2.722591131244e+01,-8.130211812132e-01,0.000000000000e+00
5.528000000000e-01,1.875852951396e+01,-1.982458266681e+01,2.729279222504e+01,-8.130211812132e-01,0.000000000000e+00
5.532000000000e-01,1.880418289980e+01,-1.987283054899e+01,2.735921578843e+01,-8.130211812132e-01,0.000000000000e+00
5.536000000000e-01,1.884952014398e+01,-1.992074432306e+01,2.742517938032e+01,-8.130211812132e-01,0.000000000000e+00
5.540000000000e-01,1.889453945665e+01,-1.996832209747e+01,2.749068039659e+01,-8.130211812132e-01,0.000000000000e+00
5.544000000000e-01,1.893923906052e+01,-2.001556199394e+01,2.755571625135e+01,-8.130211812132e-01,0.000000000000e+00
5.548000000000e-01,1.898361719094e+01,-2.006246214752e+01,2.762028437712e+01,-8.130211812132e-01,0.000000000000e+00
5.552000000000e-01,1.902767209592e+01,-2.010902070666e+01,2.768438222484e+01,-8.130211812132e-01,0.000000000000e+00
5.556000000000e-01,1.907140203627e+01,-2.015523583332e+01,2.774800726405e+01,-8.130211812132e-01,0.000000000000e+00
5.560000000000e-01,1.911480528559e+01,-2.020110570300e+01,2.781115698294e+01,-8.130211812132e-01,0.000000000000e+00
5.564000000000e-01,1.915788013040e+01,-2.024662850483e+01,2.787382888846e+01,-8.130211812132e-01,0.000000000000e+00
5.568000000000e-01,1.920062487018e+01,-2.029180244166e+01,2.793602050645e+01,-8.130211812132e-01,0.000000000000e+00
5.572000000000e-01,1.924303781743e+01,-2.033662573010e+01,2.799772938167e+01,-8.130211812132e-01,0.000000000000e+00
5.576000000000e-01,1.928511729777e+01,-2.038109660059e+01,2.805895307796e+01,-8.130211812132e-01,0.000000000000e+00
5.580000000000e-01,1.932686164998e+01,-2.042521329750e+01,2.811968917833e+01,-8.130211812132e-01,0.000000000000e+00
5.584000000000e-01,1.936826922605e+01,-2.046897407919e+01,2.817993528501e+01,-8.130211812132e-01,0.000000000000e+00
5.588000000000e-01,1.940933839129e+01,-2.051237721806e+01,2.823968901959e+01,-8.130211812132e-01,0.000000000000e+00
5.592000000000e-01,1.945006752436e+01,-2.055542100061e+01,2.829894802310e+01,-8.130211812132e-01,0.000000000000e+00
5.596000000000e-01,1.949045501733e+01,-2.059810372755e+01,2.835770995609e+01,-8.130211812132e-01,0.000000000000e+00
5.600000000000e-01,1.953049927579e+01,-2.064042371386e+01,2.841597249874e+01,-8.130211812132e-01,0.000000000000e+00
5.604000000000e-01,1.957019871884e+01,-2.068237928879e+01,2.847373335094e+01,-8.130211812132e-01,0.000000000000e+00
5.608000000000e-01,1.960955177924e+01,-2.072396879603e+01,2.853099023240e+01,-8.130211812132e-01,0.000000000000e+00
5.612000000000e-01,1.964855690337e+01,-2.076519059368e+01,2.858774088271e+01,-8.130211812132e-01,0.000000000000e+00
5.616000000000e-01,1.968721255140e+01,-2.080604305439e+01,2.864398306145e+01,-8.130211812132e-01,0.000000000000e+00
5.620000000000e-01,1.972551719726e+01,-2.084652456536e+01,2.869971454829e+01,-8.130211812132e-01,0.000000000000e+00
5.624000000000e-01,1.976346932874e+01,-2.088663352845e+01,2.875493314303e+01,-8.130211812132e-01,0.000000000000e+00
5.628000000000e-01,1.980106744757e+01,-2.092636836024e+01,2.880963666573e+01,-8.130211812132e-01,0.000000000000e+00
5.632000000000e-01,1.983831006943e+01,-2.096572749206e+01,2.886382295681e+01,-8.130211812132e-01,0.000000000000e+00
5.636000000000e-01,1.987519572405e+01,-2.100470937007e+01,2.891748987707e+01,-8.130211812132e-01,0.000000000000e+00
5.640000000000e-01,1.991172295525e+01,-2.104331245534e+01,2.897063530784e+01,-8.130211812132e-01,0.000000000000e+00
5.644000000000e-01,1.994789032099e+01,-2.108153522390e+01,2.902325715102e+01,-8.130211812132e-01,0.000000000000e+00
5.648000000000e-01,1.998369639345e+01,-2.111937616675e+01,2.907535332921e+01,-8.130211812132e-01,0.000000000000e+00
5.652000000000e-01,2.001913975906e+01,-2.115683379002e+01,2.912692178572e+01,-8.130211812132e-01,0.000000000000e+00
5.656000000000e-01,2.005421901859e+01,-2.119390661494e+01,2.917796048473e+01,-8.130211812132e-01,0.000000000000e+00
5.660000000000e-01,2.008893278716e+01,-2.123059317793e+01,2.922846741131e+01,-8.130211812132e-01,0.000000000000e+00
5.664000000000e-01,2.012327969433e+01,-2.126689203068e+01,2.927844057153e+01,-8.130211812132e-01,0.000000000000e+00
5.668000000000e-01,2.015725838415e+01,-2.130280174017e+01,2.932787799256e+01,-8.130211812132e-01,0.000000000000e+00
5.672000000000e-01,2.019086751519e+01,-2.133832088874e+01,2.937677772266e+01,-8.130211812132e-01,0.000000000000e+00
5.676000000000e-01,2.022410576063e+01,-2.137344807415e+01,2.942513783138e+01,-8.130211812132e-01,0.000000000000e+00
5.680000000000e-01,2.025697180828e+01,-2.140818190966e+01,2.947295640954e+01,-8.130211812132e-01,0.000000000000e+00
5.684000000000e-01,2.028946436063e+01,-2.144252102402e+01,2.952023156933e+01,-8.130211812132e-01,0.000000000000e+00
5.688000000000e-01,2.032158213495e+01,-2.147646406159e+01,2.956696144442e+01,-8.130211812132e-01,0.000000000000e+00
5.692000000000e-01,2.035332386327e+01,-2.151000968234e+01,2.961314419000e+01,-8.130211812132e-01,0.000000000000e+00
5.696000000000e-01,2.038468829248e+01,-2.154315656197e+01,2.965877798284e+01,-8.130211812132e-01,0.000000000000e+00
5.700000000000e-01,2.041567418438e+01,-2.157590339189e+01,2.970386102140e+01,-8.130211812132e-01,0.000000000000e+00
5.704000000000e-01,2.044628031569e+01,-2.160824887930e+01,2.974839152589e+01,-8.130211812132e-01,0.000000000000e+00
5.708000000000e-01,2.047650547814e+01,-2.164019174727e+01,2.979236773831e+01,-8.130211812132e-01,0.000000000000e+00
5.712000000000e-01,2.050634847848e+01,-2.167173073474e+01,2.983578792255e+01,-8.130211812132e-01,0.000000000000e+00
5.716000000000e-01,2.053580813856e+01,-2.170286459660e+01,2.987865036447e+01,-8.130211812132e-01,0.000000000000e+00
5.720000000000e-01,2.056488329538e+01,-2.173359210376e+01,2.992095337193e+01,-8.130211812132e-01,0.000000000000e+00
5.724000000000e-01,2.059357280109e+01,-2.176391204313e+01,2.996269527488e+01,-8.130211812132e-01,0.000000000000e+00
5.728000000000e-01,2.062187552308e+01,-2.179382321775e+01,3.000387442541e+01,-8.130211812132e-01,0.000000000000e+00
5.732000000000e-01,2.064979034400e+01,-2.182332444675e+01,3.004448919785e+01,-8.130211812132e-01,0.000000000000e+00
5.736000000000e-01,2.067731616184e+01,-2.185241456550e+01,3.008453798879e+01,-8.130211812132e-01,0.000000000000e+00
5.740000000000e-01,2.070445188990e+01,-2.188109242556e+01,3.012401921718e+01,-8.130211812132e-01,0.000000000000e+00
5.744000000000e-01,2.073119645693e+01,-2.190935689477e+01,3.016293132437e+01,-8.130211812132e-01,0.000000000000e+00
5.748000000000e-01,2.075754880710e+01,-2.193720685731e+01,3.020127277417e+01,-8.130211812132e-01,0.000000000000e+00
5.752000000000e-01,2.078350790005e+01,-2.196464121371e+01,3.023904205292e+01,-8.130211812132e-01,0.000000000000e+00
5.756000000000e-01,2.080907271096e+01,-2.199165888090e+01,3.027623766957e+01,-8.130211812132e-01,0.000000000000e+00
5.760000000000e-01,2.083424223059e+01,-2.201825879227e+01,3.031285815568e+01,-8.130211812132e-01,0.000000000000e+00
5.764000000000e-01,2.085901546529e+01,-2.204443989771e+01,3.034890206556e+01,-8.130211812132e-01,0.000000000000e+00
5.768000000000e-01,2.088339143703e+01,-2.207020116363e+01,3.038436797624e+01,-8.130211812132e-01,0.000000000000e+00
5.772000000000e-01,2.090736918352e+01,-2.209554157302e+01,3.041925448759e+01,-8.130211812132e-01,0.000000000000e+00
5.776000000000e-01,2.093094775814e+01,-2.212046012547e+01,3.045356022236e+01,-8.130211812132e-01,0.000000000000e+00
5.780000000000e-01,2.095412623005e+01,-2.214495583726e+01,3.048728382620e+01,-8.130211812132e-01,0.000000000000e+00
5.784000000000e-01,2.097690368422e+01,-2.216902774133e+01,3.052042396778e+01,-8.130211812132e-01,0.000000000000e+00
5.788000000000e-01,2.099927922141e+01,-2.219267488737e+01,3.055297933877e+01,-8.130211812132e-01,0.000000000000e+00
5.792000000000e-01,2.102125195829e+01,-2.221589634182e+01,3.058494865394e+01,-8.130211812132e-01,0.000000000000e+00
5.796000000000e-01,2.104282102741e+01,-2.223869118794e+01,3.061633065121e+01,-8.130211812132e-01,0.000000000000e+00
5.800000000000e-01,2.106398557725e+01,-2.226105852584e+01,3.064712409166e+01,-8.130211812132e-01,0.000000000000e+00
5.804000000000e-01,2.108474477229e+01,-2.228299747248e+01,3.067732775962e+01,-8.130211812132e-01,0.000000000000e+00
5.808000000000e-01,2.110509779297e+01,-2.230450716175e+01,3.070694046270e+01,-8.130211812132e-01,0.000000000000e+00
5.812000000000e-01,2.112504383581e+01,-2.232558674450e+01,3.073596103184e+01,-8.130211812132e-01,0.000000000000e+00
5.816000000000e-01,2.114458211335e+01,-2.234623538852e+01,3.076438832136e+01,-8.130211812132e-01,0.000000000000e+00
5.820000000000e-01,2.116371185428e+01,-2.236645227866e+01,3.079222120901e+01,-8.130211812132e-01,0.000000000000e+00
5.824000000000e-01,2.118243230336e+01,-2.238623661678e+01,3.081945859597e+01,-8.130211812132e-01,0.000000000000e+00
5.828000000000e-01,2.120074272157e+01,-2.240558762183e+01,3.084609940698e+01,-8.130211812132e-01,0.000000000000e+00
5.832000000000e-01,2.121864238602e+01,-2.242450452986e+01,3.087214259029e+01,-8.130211812132e-01,0.000000000000e+00
5.836000000000e-01,2.123613059008e+01,-2.244298659407e+01,3.089758711777e+01,-8.130211812132e-01,0.000000000000e+00
5.840000000000e-01,2.125320664333e+01,-2.246103308482e+01,3.092243198491e+01,-8.130211812132e-01,0.000000000000e+00
5.844000000000e-01,2.126986987165e+01,-2.247864328966e+01,3.094667621088e+01,-8.130211812132e-01,0.000000000000e+00
5.848000000000e-01,2.128611961720e+01,-2.249581651338e+01,3.097031883855e+01,-8.130211812132e-01,0.000000000000e+00
5.852000000000e-01,2.130195523846e+01,-2.251255207800e+01,3.099335893455e+01,-8.130211812132e-01,0.000000000000e+00
5.856000000000e-01,2.131737611028e+01,-2.252884932283e+01,3.101579558931e+01,-8.130211812132e-01,0.000000000000e+00
5.860000000000e-01,2.133238162386e+01,-2.254470760448e+01,3.103762791706e+01,-8.130211812132e-01,0.000000000000e+00
5.864000000000e-01,2.134697118682e+01,-2.256012629691e+01,3.105885505590e+01,-8.130211812132e-01,0.000000000000e+00
5.868000000000e-01,2.136114422317e+01,-2.257510479139e+01,3.107947616781e+01,-8.130211812132e-01,0.000000000000e+00
5.872000000000e-01,2.137490017340e+01,-2.258964249661e+01,3.109949043871e+01,-8.130211812132e-01,0.000000000000e+00
5.876000000000e-01,2.138823849444e+01,-2.260373883865e+01,3.111889707848e+01,-8.130211812132e-01,0.000000000000e+00
5.880000000000e-01,2.140115865972e+01,-2.261739326100e+01,3.113769532097e+01,-8.130211812132e-01,0.000000000000e+00
5.884000000000e-01,2.141366015918e+01,-2.263060522462e+01,3.115588442406e+01,-8.130211812132e-01,0.000000000000e+00
5.888000000000e-01,2.142574249926e+01,-2.264337420790e+01,3.117346366967e+01,-8.130211812132e-01,0.000000000000e+00
5.892000000000e-01,2.143740520300e+01,-2.265569970677e+01,3.119043236380e+01,-8.130211812132e-01,0.000000000000e+00
5.896000000000e-01,2.144864780995e+01,-2.266758123463e+01,3.120678983657e+01,-8.130211812132e-01,0.000000000000e+00
5.900000000000e-01,2.145946987629e+01,-2.267901832241e+01,3.122253544220e+01,-8.130211812132e-01,0.000000000000e+00
5.904000000000e-01,2.146987097477e+01,-2.269001051860e+01,3.123766855909e+01,-8.130211812132e-01,0.000000000000e+00
5.908000000000e-01,2.147985069478e+01,-2.270055738925e+01,3.125218858980e+01,-8.130211812132e-01,0.000000000000e+00
5.912000000000e-01,2.148940864233e+01,-2.271065851798e+01,3.126609496111e+01,-8.130211812132e-01,0.000000000000e+00
5.916000000000e-01,2.149854444010e+01,-2.272031350602e+01,3.127938712403e+01,-8.130211812132e-01,0.000000000000e+00
5.920000000000e-01,2.150725772742e+01,-2.272952197220e+01,3.129206455379e+01,-8.130211812132e-01,0.000000000000e+00
5.924000000000e-01,2.151554816030e+01,-2.273828355300e+01,3.130412674992e+01,-8.130211812132e-01,0.000000000000e+00
5.928000000000e-01,2.152341541145e+01,-2.274659790252e+01,3.131557323622e+01,-8.130211812132e-01,0.000000000000e+00
5.932000000000e-01,2.153085917029e+01,-2.275446469252e+01,3.132640356080e+01,-8.130211812132e-01,0.000000000000e+00
5.936000000000e-01,2.153787914294e+01,-2.276188361244e+01,3.133661729610e+01,-8.130211812132e-01,0.000000000000e+00
5.940000000000e-01,2.154447505228e+01,-2.276885436938e+01,3.134621403890e+01,-8.130211812132e-01,0.000000000000e+00
5.944000000000e-01,2.155064663791e+01,-2.277537668817e+01,3.135519341034e+01,-8.130211812132e-01,0.000000000000e+00
5.948000000000e-01,2.155639365617e+01,-2.278145031130e+01,3.136355505592e+01,-8.130211812132e-01,0.000000000000e+00
5.952000000000e-01,2.156171588020e+01,-2.278707499900e+01,3.137129864555e+01,-8.130211812132e-01,0.000000000000e+00
5.956000000000e-01,2.156661309988e+01,-2.279225052921e+01,3.137842387352e+01,-8.130211812132e-01,0.000000000000e+00
5.960000000000e-01,2.157108512187e+01,-2.279697669762e+01,3.138493045853e+01,-8.130211812132e-01,0.000000000000e+00
5.964000000000e-01,2.157513176963e+01,-2.280125331765e+01,3.139081814372e+01,-8.130211812132e-01,0.000000000000e+00
5.968000000000e-01,2.157875288340e+01,-2.280508022046e+01,3.139608669666e+01,-8.130211812132e-01,0.000000000000e+00
5.972000000000e-01,2.158194832022e+01,-2.280845725497e+01,3.140073590934e+01,-8.130211812132e-01,0.000000000000e+00
5.976000000000e-01,2.158471795395e+01,-2.281138428786e+01,3.140476559824e+01,-8.130211812132e-01,0.000000000000e+00
5.980000000000e-01,2.158706167525e+01,-2.281386120358e+01,3.140817560425e+01,-8.130211812132e-01,0.000000000000e+00
5.984000000000e-01,2.158897939159e+01,-2.281588790434e+01,3.141096579276e+01,-8.130211812132e-01,0.000000000000e+00
5.988000000000e-01,2.159047102726e+01,-2.281746431014e+01,3.141313605362e+01,-8.130211812132e-01,0.000000000000e+00
5.992000000000e-01,2.159153652337e+01,-2.281859035873e+01,3.141468630115e+01,-8.130211812132e-01,0.000000000000e+00
5.996000000000e-01,2.159217583787e+01,-2.281926600567e+01,3.141561647415e+01,-8.130211812132e-01,0.000000000000e+00
6.000000000000e-01,2.159238894550e+01,-2.281949122428e+01,3.141592653590e+01,-8.130211812132e-01,0.000000000000e+00
6.004000000000e-01,2.159217583787e+01,-2.281926600567e+01,3.141561647415e+01,-8.130211812132e-01,0.000000000000e+00
6.008000000000e-01,2.159153652337e+01,-2.281859035873e+01,3.141468630115e+01,-8.130211812132e-01,0.000000000000e+00
6.012000000000e-01,2.159047102726e+01,-2.281746431014e+01,3.141313605362e+01,-8.130211812132e-01,0.000000000000e+00
6.016000000000e-01,2.158897939159e+01,-2.281588790434e+01,3.141096579276e+01,-8.130211812132e-01,0.000000000000e+00
6.020000000000e-01,2.158706167525e+01,-2.281386120358e+01,3.140817560425e+01,-8.130211812132e-01,0.000000000000e+00
6.024000000000e-01,2.158471795395e+01,-2.281138428786e+01,3.140476559824e+01,-8.130211812132e-01,0.000000000000e+00
6.028000000000e-01,2.158194832022e+01,-2.280845725497e+01,3.140073590934e+01,-8.130211812132e-01,0.000000000000e+00
6.032000000000e-01,2.157875288340e+01,-2.280508022046e+01,3.139608669666e+01,-8.130211812132e-01,0.000000000000e+00
6.036000000000e-01,2.157513176963e+01,-2.280125331765e+01,3.139081814372e+01,-8.130211812132e-01,0.000000000000e+00
6.040000000000e-01,2.157108512187e+01,-2.279697669762e+01,3.138493045853e+01,-8.130211812132e-01,0.000000000000e+00
6.044000000000e-01,2.156661309988e+01,-2.279225052921e+01,3.137842387352e+01,-8.130211812132e-01,0.000000000000e+00
6.048000000000e-01,2.156171588020e+01,-2.278707499900e+01,3.137129864555e+01,-8.130211812132e-01,0.000000000000e+00
6.052000000000e-01,2.155639365617e+01,-2.278145031130e+01,3.136355505592e+01,-8.130211812132e-01,0.000000000000e+00
6.056000000000e-01,2.155064663791e+01,-2.277537668817e+01,3.135519341034e+01,-8.130211812132e-01,0.000000000000e+00
6.060000000000e-01,2.154447505228e+01,-2.276885436938e+01,3.134621403890e+01,-8.130211812132e-01,0.000000000000e+00
6.064000000000e-01,2.153787914294e+01,-2.276188361244e+01,3.133661729610e+01,-8.130211812132e-01,0.000000000000e+00
6.068000000000e-01,2.153085917029e+01,-2.275446469252e+01,3.132640356080e+01,-8.130211812132e-01,0.000000000000e+00
6.072000000000e-01,2.152341541145e+01,-2.274659790252e+01,3.131557323622e+01,-8.130211812132e-01,0.000000000000e+00
6.076000000000e-01,2.151554816030e+01,-2.273828355300e+01,3.130412674992e+01,-8.130211812132e-01,0.000000000000e+00
6.080000000000e-01,2.150725772742e+01,-2.272952197220e+01,3.129206455379e+01,-8.130211812132e-01,0.000000000000e+00
6.084000000000e-01,2.149854444010e+01,-2.272031350602e+01,3.127938712403e+01,-8.130211812132e-01,0.000000000000e+00
6.088000000000e-01,2.148940864233e+01,-2.271065851798e+01,3.126609496111e+01,-8.130211812132e-01,0.000000000000e+00
6.092000000000e-01,2.147985069478e+01,-2.270055738925e+01,3.125218858980e+01,-8.130211812132e-01,0.000000000000e+00
6.096000000000e-01,2.146987097477e+01,-2.269001051860e+01,3.123766855909e+01,-8.130211812132e-01,0.000000000000e+00
6.100000000000e-01,2.145946987629e+01,-2.267901832241e+01,3.122253544220e+01,-8.130211812132e-01,0.000000000000e+00
6.104000000000e-01,2.144864780995e+01,-2.266758123463e+01,3.120678983657e+01,-8.130211812132e-01,0.000000000000e+00
6.108000000000e-01,2.143740520300e+01,-2.265569970677e+01,3.119043236380e+01,-8.130211812132e-01,0.000000000000e+00
6.112000000000e-01,2.142574249926e+01,-2.264337420790e+01,3.117346366967e+01,-8.130211812132e-01,0.000000000000e+00
6.116000000000e-01,2.141366015918e+01,-2.263060522462e+01,3.115588442406e+01,-8.130211812132e-01,0.000000000000e+00
6.120000000000e-01,2.140115865972e+01,-2.261739326100e+01,3.113769532097e+01,-8.130211812132e-01,0.000000000000e+00
6.124000000000e-01,2.138823849444e+01,-2.260373883865e+01,3.111889707848e+01,-8.130211812132e-01,0.000000000000e+00
6.128000000000e-01,2.137490017340e+01,-2.258964249661e+01,3.109949043871e+01,-8.130211812132e-01,0.000000000000e+00
6.132000000000e-01,2.136114422317e+01,-2.257510479139e+01,3.107947616781e+01,-8.130211812132e-01,0.000000000000e+00
6.136000000000e-01,2.134697118682e+01,-2.256012629691e+01,3.105885505590e+01,-8.130211812132e-01,0.000000000000e+00
6.140000000000e-01,2.133238162386e+01,-2.254470760448e+01,3.103762791706e+01,-8.130211812132e-01,0.000000000000e+00
6.144000000000e-01,2.131737611028e+01,-2.252884932283e+01,3.101579558931e+01,-8.130211812132e-01,0.000000000000e+00
6.148000000000e-01,2.130195523846e+01,-2.251255207800e+01,3.099335893455e+01,-8.130211812132e-01,0.000000000000e+00
6.152000000000e-01,2.128611961720e+01,-2.249581651338e+01,3.097031883855e+01,-8.130211812132e-01,0.000000000000e+00
6.156000000000e-01,2.126986987165e+01,-2.247864328966e+01,3.094667621088e+01,-8.130211812132e-01,0.000000000000e+00
6.160000000000e-01,2.125320664333e+01,-2.246103308482e+01,3.092243198491e+01,-8.130211812132e-01,0.000000000000e+00
6.164000000000e-01,2.123613059008e+01,-2.244298659407e+01,3.089758711777e+01,-8.130211812132e-01,0.000000000000e+00
6.168000000000e-01,2.121864238602e+01,-2.242450452986e+01,3.087214259029e+01,-8.130211812132e-01,0.000000000000e+00
6.172000000000e-01,2.120074272157e+01,-2.240558762183e+01,3.084609940698e+01,-8.130211812132e-01,0.000000000000e+00
6.176000000000e-01,2.118243230336e+01,-2.238623661678e+01,3.081945859597e+01,-8.130211812132e-01,0.000000000000e+00
6.180000000000e-01,2.116371185428e+01,-2.236645227866e+01,3.079222120901e+01,-8.130211812132e-01,0.000000000000e+00
6.184000000000e-01,2.114458211335e+01,-2.234623538852e+01,3.076438832136e+01,-8.130211812132e-01,0.000000000000e+00
6.188000000000e-01,2.112504383581e+01,-2.232558674450e+01,3.073596103184e+01,-8.130211812132e-01,0.000000000000e+00
6.192000000000e-01,2.110509779297e+01,-2.230450716175e+01,3.070694046270e+01,-8.130211812132e-01,0.000000000000e+00
6.196000000000e-01,2.108474477229e+01,-2.228299747248e+01,3.067732775962e+01,-8.130211812132e-01,0.000000000000e+00
6.200000000000e-01,2.106398557725e+01,-2.226105852584e+01,3.064712409166e+01,-8.130211812132e-01,0.000000000000e+00
6.204000000000e-01,2.104282102741e+01,-2.223869118794e+01,3.061633065121e+01,-8.130211812132e-01,0.000000000000e+00
6.208000000000e-01,2.102125195829e+01,-2.221589634182e+01,3.058494865394e+01,-8.130211812132e-01,0.000000000000e+00
6.212000000000e-01,2.099927922141e+01,-2.219267488737e+01,3.055297933877e+01,-8.130211812132e-01,0.000000000000e+00
6.216000000000e-01,2.097690368422e+01,-2.216902774133e+01,3.052042396778e+01,-8.130211812132e-01,0.000000000000e+00
6.220000000000e-01,2.095412623005e+01,-2.214495583726e+01,3.048728382620e+01,-8.130211812132e-01,0.000000000000e+00
6.224000000000e-01,2.093094775814e+01,-2.212046012547e+01,3.045356022236e+01,-8.130211812132e-01,0.000000000000e+00
6.228000000000e-01,2.090736918352e+01,-2.209554157302e+01,3.041925448759e+01,-8.130211812132e-01,0.000000000000e+00
6.232000000000e-01,2.088339143703e+01,-2.207020116363e+01,3.038436797624e+01,-8.130211812132e-01,0.000000000000e+00
6.236000000000e-01,2.085901546529e+01,-2.204443989771e+01,3.034890206556e+01,-8.130211812132e-01,0.000000000000e+00
6.240000000000e-01,2.083424223059e+01,-2.201825879227e+01,3.031285815568e+01,-8.130211812132e-01,0.000000000000e+00
6.244000000000e-01,2.080907271096e+01,-2.199165888090e+01,3.027623766957e+01,-8.130211812132e-01,0.000000000000e+00
6.248000000000e-01,2.078350790005e+01,-2.196464121371e+01,3.023904205292e+01,-8.130211812132e-01,0.000000000000e+00
6.252000000000e-01,2.075754880710e+01,-2.193720685731e+01,3.020127277417e+01,-8.130211812132e-01,0.000000000000e+00
6.256000000000e-01,2.073119645693e+01,-2.190935689477e+01,3.016293132437e+01,-8.130211812132e-01,0.000000000000e+00
6.260000000000e-01,2.070445188990e+01,-2.188109242556e+01,3.012401921718e+01,-8.130211812132e-01,0.000000000000e+00
6.264000000000e-01,2.067731616184e+01,-2.185241456550e+01,3.008453798879e+01,-8.130211812132e-01,0.000000000000e+00
6.268000000000e-01,2.064979034400e+01,-2.182332444675e+01,3.004448919785e+01,-8.130211812132e-01,0.000000000000e+00
6.272000000000e-01,2.062187552308e+01,-2.179382321775e+01,3.000387442541e+01,-8.130211812132e-01,0.000000000000e+00
6.276000000000e-01,2.059357280109e+01,-2.176391204313e+01,2.996269527488e+01,-8.130211812132e-01,0.000000000000e+00
6.280000000000e-01,2.056488329538e+01,-2.173359210376e+01,2.992095337193e+01,-8.130211812132e-01,0.000000000000e+00
6.284000000000e-01,2.053580813856e+01,-2.170286459660e+01,2.987865036447e+01,-8.130211812132e-01,0.000000000000e+00
6.288000000000e-01,2.050634847848e+01,-2.167173073474e+01,2.983578792255e+01,-8.130211812132e-01,0.000000000000e+00
6.292000000000e-01,2.047650547814e+01,-2.164019174727e+01,2.979236773831e+01,-8.130211812132e-01,0.000000000000e+00
6.296000000000e-01,2.044628031569e+01,-2.160824887930e+01,2.974839152589e+01,-8.130211812132e-01,0.000000000000e+00
6.300000000000e-01,2.041567418438e+01,-2.157590339189e+01,2.970386102140e+01,-8.130211812132e-01,0.000000000000e+00
6.304000000000e-01,2.038468829248e+01,-2.154315656197e+01,2.965877798284e+01,-8.130211812132e-01,0.000000000000e+00
6.308000000000e-01,2.035332386327e+01,-2.151000968234e+01,2.961314419000e+01,-8.130211812132e-01,0.000000000000e+00
6.312000000000e-01,2.032158213495e+01,-2.147646406159e+01,2.956696144442e+01,-8.130211812132e-01,0.000000000000e+00
6.316000000000e-01,2.028946436063e+01,-2.144252102402e+01,2.952023156933e+01,-8.130211812132e-01,0.000000000000e+00
6.320000000000e-01,2.025697180828e+01,-2.140818190966e+01,2.947295640954e+01,-8.130211812132e-01,0.000000000000e+00
6.324000000000e-01,2.022410576063e+01,-2.137344807415e+01,2.942513783138e+01,-8.130211812132e-01,0.000000000000e+00
6.328000000000e-01,2.019086751519e+01,-2.133832088874e+01,2.937677772266e+01,-8.130211812132e-01,0.000000000000e+00
6.332000000000e-01,2.015725838415e+01,-2.130280174017e+01,2.932787799256e+01,-8.130211812132e-01,0.000000000000e+00
6.336000000000e-01,2.012327969433e+01,-2.126689203068e+01,2.927844057153e+01,-8.130211812132e-01,0.000000000000e+00
6.340000000000e-01,2.008893278716e+01,-2.123059317793e+01,2.922846741131e+01,-8.130211812132e-01,0.000000000000e+00
6.344000000000e-01,2.005421901859e+01,-2.119390661494e+01,2.917796048473e+01,-8.130211812132e-01,0.000000000000e+00
6.348000000000e-01,2.001913975906e+01,-2.115683379002e+01,2.912692178572e+01,-8.130211812132e-01,0.000000000000e+00
6.352000000000e-01,1.998369639345e+01,-2.111937616675e+01,2.907535332921e+01,-8.130211812132e-01,0.000000000000e+00
6.356000000000e-01,1.994789032099e+01,-2.108153522390e+01,2.902325715102e+01,-8.130211812132e-01,0.000000000000e+00
6.360000000000e-01,1.991172295525e+01,-2.104331245534e+01,2.897063530784e+01,-8.130211812132e-01,0.000000000000e+00
6.364000000000e-01,1.987519572405e+01,-2.100470937007e+01,2.891748987707e+01,-8.130211812132e-01,0.000000000000e+00
6.368000000000e-01,1.983831006943e+01,-2.096572749206e+01,2.886382295681e+01,-8.130211812132e-01,0.000000000000e+00
6.372000000000e-01,1.980106744757e+01,-2.092636836024e+01,2.880963666573e+01,-8.130211812132e-01,0.000000000000e+00
6.376000000000e-01,1.976346932874e+01,-2.088663352845e+01,2.875493314303e+01,-8.130211812132e-01,0.000000000000e+00
6.380000000000e-01,1.972551719726e+01,-2.084652456536e+01,2.869971454829e+01,-8.130211812132e-01,0.000000000000e+00
6.384000000000e-01,1.968721255140e+01,-2.080604305439e+01,2.864398306145e+01,-8.130211812132e-01,0.000000000000e+00
6.388000000000e-01,1.964855690337e+01,-2.076519059368e+01,2.858774088271e+01,-8.130211812132e-01,0.000000000000e+00
6.392000000000e-01,1.960955177924e+01,-2.072396879603e+01,2.853099023240e+01,-8.130211812132e-01,0.000000000000e+00
6.396000000000e-01,1.957019871884e+01,-2.068237928879e+01,2.847373335094e+01,-8.130211812132e-01,0.000000000000e+00
6.400000000000e-01,1.953049927579e+01,-2.064042371386e+01,2.841597249874e+01,-8.130211812132e-01,0.000000000000e+00
6.404000000000e-01,1.949045501733e+01,-2.059810372755e+01,2.835770995609e+01,-8.130211812132e-01,0.000000000000e+00
6.408000000000e-01,1.945006752436e+01,-2.055542100061e+01,2.829894802310e+01,-8.130211812132e-01,0.000000000000e+00
6.412000000000e-01,1.940933839129e+01,-2.051237721806e+01,2.823968901959e+01,-8.130211812132e-01,0.000000000000e+00
6.416000000000e-01,1.936826922605e+01,-2.046897407919e+01,2.817993528501e+01,-8.130211812132e-01,0.000000000000e+00
6.420000000000e-01,1.932686164998e+01,-2.042521329750e+01,2.811968917833e+01,-8.130211812132e-01,0.000000000000e+00
6.424000000000e-01,1.928511729777e+01,-2.038109660059e+01,2.805895307796e+01,-8.130211812132e-01,0.000000000000e+00
6.428000000000e-01,1.924303781743e+01,-2.033662573010e+01,2.799772938167e+01,-8.130211812132e-01,0.000000000000e+00
6.432000000000e-01,1.920062487018e+01,-2.029180244166e+01,2.793602050645e+01,-8.130211812132e-01,0.000000000000e+00
6.436000000000e-01,1.915788013040e+01,-2.024662850483e+01,2.787382888846e+01,-8.130211812132e-01,0.000000000000e+00
6.440000000000e-01,1.911480528559e+01,-2.020110570300e+01,2.781115698294e+01,-8.130211812132e-01,0.000000000000e+00
6.444000000000e-01,1.907140203627e+01,-2.015523583332e+01,2.774800726405e+01,-8.130211812132e-01,0.000000000000e+00
6.448000000000e-01,1.902767209592e+01,-2.010902070666e+01,2.768438222484e+01,-8.130211812132e-01,0.000000000000e+00
6.452000000000e-01,1.898361719094e+01,-2.006246214752e+01,2.762028437712e+01,-8.130211812132e-01,0.000000000000e+00
6.456000000000e-01,1.893923906052e+01,-2.001556199394e+01,2.755571625135e+01,-8.130211812132e-01,0.000000000000e+00
6.460000000000e-01,1.889453945665e+01,-1.996832209747e+01,2.749068039659e+01,-8.130211812132e-01,0.000000000000e+00
6.464000000000e-01,1.884952014398e+01,-1.992074432306e+01,2.742517938032e+01,-8.130211812132e-01,0.000000000000e+00
6.468000000000e-01,1.880418289980e+01,-1.987283054899e+01,2.735921578843e+01,-8.130211812132e-01,0.000000000000e+00
6.472000000000e-01,1.875852951396e+01,-1.982458266681e+01,2.729279222504e+01,-8.130211812132e-01,0.000000000000e+00
6.476000000000e-01,1.871256178876e+01,-1.977600258128e+01,2.722591131244e+01,-8.130211812132e-01,0.000000000000e+00
6.480000000000e-01,1.866628153893e+01,-1.972709221025e+01,2.715857569097e+01,-8.130211812132e-01,0.000000000000e+00
6.484000000000e-01,1.861969059154e+01,-1.967785348462e+01,2.709078801893e+01,-8.130211812132e-01,0.000000000000e+00
6.488000000000e-01,1.857279078592e+01,-1.962828834824e+01,2.702255097246e+01,-8.130211812132e-01,0.000000000000e+00
6.492000000000e-01,1.852558397359e+01,-1.957839875787e+01,2.695386724544e+01,-8.130211812132e-01,0.000000000000e+00
6.496000000000e-01,1.847807201820e+01,-1.952818668306e+01,2.688473954939e+01,-8.130211812132e-01,0.000000000000e+00
6.500000000000e-01,1.843025679544e+01,-1.947765410610e+01,2.681517061334e+01,-8.130211812132e-01,0.000000000000e+00
6.504000000000e-01,1.838214019297e+01,-1.942680302192e+01,2.674516318377e+01,-8.130211812132e-01,0.000000000000e+00
6.508000000000e-01,1.833372411036e+01,-1.937563543805e+01,2.667472002445e+01,-8.130211812132e-01,0.000000000000e+00
6.512000000000e-01,1.828501045897e+01,-1.932415337448e+01,2.660384391635e+01,-8.130211812132e-01,0.000000000000e+00
6.516000000000e-01,1.823600116196e+01,-1.927235886365e+01,2.653253765753e+01,-8.130211812132e-01,0.000000000000e+00
6.520000000000e-01,1.818669815412e+01,-1.922025395031e+01,2.646080406306e+01,-8.130211812132e-01,0.000000000000e+00
6.524000000000e-01,1.813710338184e+01,-1.916784069148e+01,2.638864596484e+01,-8.130211812132e-01,0.000000000000e+00
6.528000000000e-01,1.808721880306e+01,-1.911512115633e+01,2.631606621155e+01,-8.130211812132e-01,0.000000000000e+00
6.532000000000e-01,1.803704638711e+01,-1.906209742616e+01,2.624306766853e+01,-8.130211812132e-01,0.000000000000e+00
6.536000000000e-01,1.798658811473e+01,-1.900877159423e+01,2.616965321762e+01,-8.130211812132e-01,0.000000000000e+00
6.540000000000e-01,1.793584597792e+01,-1.895514576577e+01,2.609582575711e+01,-8.130211812132e-01,0.000000000000e+00
6.544000000000e-01,1.788482197990e+01,-1.890122205784e+01,2.602158820157e+01,-8.130211812132e-01,0.000000000000e+00
6.548000000000e-01,1.783351813500e+01,-1.884700259924e+01,2.594694348179e+01,-8.130211812132e-01,0.000000000000e+00
6.552000000000e-01,1.778193646861e+01,-1.879248953047e+01,2.587189454459e+01,-8.130211812132e-01,0.000000000000e+00
6.556000000000e-01,1.773007901709e+01,-1.873768500361e+01,2.579644435279e+01,-8.130211812132e-01,0.000000000000e+00
6.560000000000e-01,1.767794782768e+01,-1.868259118225e+01,2.572059588503e+01,-8.130211812132e-01,0.000000000000e+00
6.564000000000e-01,1.762554495843e+01,-1.862721024140e+01,2.564435213568e+01,-8.130211812132e-01,0.000000000000e+00
6.568000000000e-01,1.757287247811e+01,-1.857154436741e+01,2.556771611471e+01,-8.130211812132e-01,0.000000000000e+00
6.572000000000e-01,1.751993246616e+01,-1.851559575786e+01,2.549069084758e+01,-8.130211812132e-01,0.000000000000e+00
6.576000000000e-01,1.746672701253e+01,-1.845936662152e+01,2.541327937512e+01,-8.130211812132e-01,0.000000000000e+00
6.580000000000e-01,1.741325821771e+01,-1.840285917821e+01,2.533548475340e+01,-8.130211812132e-01,0.000000000000e+00
6.584000000000e-01,1.735952819254e+01,-1.834607565875e+01,2.525731005361e+01,-8.130211812132e-01,0.000000000000e+00
6.588000000000e-01,1.730553905819e+01,-1.828901830486e+01,2.517875836196e+01,-8.130211812132e-01,0.000000000000e+00
6.592000000000e-01,1.725129294607e+01,-1.823168936906e+01,2.509983277954e+01,-8.130211812132e-01,0.000000000000e+00
6.596000000000e-01,1.719679199771e+01,-1.817409111460e+01,2.502053642219e+01,-8.130211812132e-01,0.000000000000e+00
6.600000000000e-01,1.714203836472e+01,-1.811622581537e+01,2.494087242040e+01,-8.130211812132e-01,0.000000000000e+00
6.604000000000e-01,1.708703420868e+01,-1.805809575577e+01,2.486084391917e+01,-8.130211812132e-01,0.000000000000e+00
6.608000000000e-01,1.703178170105e+01,-1.799970323070e+01,2.478045407788e+01,-8.130211812132e-01,0.000000000000e+00
6.612000000000e-01,1.697628302312e+01,-1.794105054539e+01,2.469970607018e+01,-8.130211812132e-01,0.000000000000e+00
6.616000000000e-01,1.692054036588e+01,-1.788214001534e+01,2.461860308388e+01,-8.130211812132e-01,0.000000000000e+00
6.620000000000e-01,1.686455592994e+01,-1.782297396625e+01,2.453714832077e+01,-8.130211812132e-01,0.000000000000e+00
6.624000000000e-01,1.680833192549e+01,-1.776355473387e+01,2.445534499656e+01,-8.130211812132e-01,0.000000000000e+00
6.628000000000e-01,1.675187057215e+01,-1.770388466400e+01,2.437319634070e+01,-8.130211812132e-01,0.000000000000e+00
6.632000000000e-01,1.669517409891e+01,-1.764396611229e+01,2.429070559627e+01,-8.130211812132e-01,0.000000000000e+00
6.636000000000e-01,1.663824474405e+01,-1.758380144423e+01,2.420787601986e+01,-8.130211812132e-01,0.000000000000e+00
6.640000000000e-01,1.658108475506e+01,-1.752339303502e+01,2.412471088146e+01,-8.130211812132e-01,0.000000000000e+00
6.644000000000e-01,1.652369638850e+01,-1.746274326948e+01,2.404121346428e+01,-8.130211812132e-01,0.000000000000e+00
6.648000000000e-01,1.646608190997e+01,-1.740185454195e+01,2.395738706464e+01,-8.130211812132e-01,0.000000000000e+00
6.652000000000e-01,1.640824359399e+01,-1.734072925622e+01,2.387323499188e+01,-8.130211812132e-01,0.000000000000e+00
6.656000000000e-01,1.635018372393e+01,-1.727936982542e+01,2.378876056817e+01,-8.130211812132e-01,0.000000000000e+00
6.660000000000e-01,1.629190459188e+01,-1.721777867190e+01,2.370396712842e+01,-8.130211812132e-01,0.000000000000e+00
6.664000000000e-01,1.623340849860e+01,-1.715595822718e+01,2.361885802013e+01,-8.130211812132e-01,0.000000000000e+00
6.668000000000e-01,1.617469775343e+01,-1.709391093182e+01,2.353343660326e+01,-8.130211812132e-01,0.000000000000e+00
6.672000000000e-01,1.611577467415e+01,-1.703163923535e+01,2.344770625010e+01,-8.130211812132e-01,0.000000000000e+00
6.676000000000e-01,1.605664158696e+01,-1.696914559615e+01,2.336167034515e+01,-8.130211812132e-01,0.000000000000e+00
6.680000000000e-01,1.599730082632e+01,-1.690643248135e+01,2.327533228494e+01,-8.130211812132e-01,0.000000000000e+00
6.684000000000e-01,1.593775473491e+01,-1.684350236677e+01,2.318869547796e+01,-8.130211812132e-01,0.000000000000e+00
6.688000000000e-01,1.587800566350e+01,-1.678035773678e+01,2.310176334448e+01,-8.130211812132e-01,0.000000000000e+00
6.692000000000e-01,1.581805597089e+01,-1.671700108422e+01,2.301453931644e+01,-8.130211812132e-01,0.000000000000e+00
6.696000000000e-01,1.575790802378e+01,-1.665343491029e+01,2.292702683728e+01,-8.130211812132e-01,0.000000000000e+00
6.700000000000e-01,1.569756419672e+01,-1.658966172450e+01,2.283922936186e+01,-8.130211812132e-01,0.000000000000e+00
6.704000000000e-01,1.563702687198e+01,-1.652568404448e+01,2.275115035626e+01,-8.130211812132e-01,0.000000000000e+00
6.708000000000e-01,1.557629843946e+01,-1.646150439598e+01,2.266279329769e+01,-8.130211812132e-01,0.000000000000e+00
6.712000000000e-01,1.551538129662e+01,-1.639712531268e+01,2.257416167434e+01,-8.130211812132e-01,0.000000000000e+00
6.716000000000e-01,1.545427784837e+01,-1.633254933618e+01,2.248525898524e+01,-8.130211812132e-01,0.000000000000e+00
6.720000000000e-01,1.539299050696e+01,-1.626777901582e+01,2.239608874011e+01,-8.130211812132e-01,0.000000000000e+00
6.724000000000e-01,1.533152169191e+01,-1.620281690861e+01,2.230665445923e+01,-8.130211812132e-01,0.000000000000e+00
6.728000000000e-01,1.526987382992e+01,-1.613766557916e+01,2.221695967333e+01,-8.130211812132e-01,0.000000000000e+00
6.732000000000e-01,1.520804935472e+01,-1.607232759952e+01,2.212700792339e+01,-8.130211812132e-01,0.000000000000e+00
6.736000000000e-01,1.514605070704e+01,-1.600680554913e+01,2.203680276056e+01,-8.130211812132e-01,0.000000000000e+00
6.740000000000e-01,1.508388033449e+01,-1.594110201468e+01,2.194634774598e+01,-8.130211812132e-01,0.000000000000e+00
6.744000000000e-01,1.502154069144e+01,-1.587521959004e+01,2.185564645067e+01,-8.130211812132e-01,0.000000000000e+00
6.748000000000e-01,1.495903423896e+01,-1.580916087614e+01,2.176470245535e+01,-8.130211812132e-01,0.000000000000e+00
6.752000000000e-01,1.489636344469e+01,-1.574292848085e+01,2.167351935034e+01,-8.130211812132e-01,0.000000000000e+00
6.756000000000e-01,1.483353078277e+01,-1.567652501893e+01,2.158210073539e+01,-8.130211812132e-01,0.000000000000e+00
6.760000000000e-01,1.477053873373e+01,-1.560995311186e+01,2.149045021955e+01,-8.130211812132e-01,0.000000000000e+00
6.764000000000e-01,1.470738978438e+01,-1.554321538778e+01,2.139857142103e+01,-8.130211812132e-01,0.000000000000e+00
6.768000000000e-01,1.464408642774e+01,-1.547631448140e+01,2.130646796704e+01,-8.130211812132e-01,0.000000000000e+00
6.772000000000e-01,1.458063116291e+01,-1.540925303385e+01,2.121414349367e+01,-8.130211812132e-01,0.000000000000e+00
6.776000000000e-01,1.451702649500e+01,-1.534203369259e+01,2.112160164573e+01,-8.130211812132e-01,0.000000000000e+00
6.780000000000e-01,1.445327493502e+01,-1.527465911132e+01,2.102884607662e+01,-8.130211812132e-01,0.000000000000e+00
6.784000000000e-01,1.438937899975e+01,-1.520713194990e+01,2.093588044817e+01,-8.130211812132e-01,0.000000000000e+00
6.788000000000e-01,1.432534121172e+01,-1.513945487416e+01,2.084270843050e+01,-8.130211812132e-01,0.000000000000e+00
6.792000000000e-01,1.426116409902e+01,-1.507163055588e+01,2.074933370188e+01,-8.130211812132e-01,0.000000000000e+00
6.796000000000e-01,1.419685019525e+01,-1.500366167266e+01,2.065575994859e+01,-8.130211812132e-01,0.000000000000e+00
6.800000000000e-01,1.413240203941e+01,-1.493555090779e+01,2.056199086476e+01,-8.130211812132e-01,0.000000000000e+00
6.804000000000e-01,1.406782217581e+01,-1.486730095016e+01,2.046803015223e+01,-8.130211812132e-01,0.000000000000e+00
6.808000000000e-01,1.400311315395e+01,-1.479891449416e+01,2.037388152041e+01,-8.130211812132e-01,0.000000000000e+00
6.812000000000e-01,1.393827752843e+01,-1.473039423958e+01,2.027954868613e+01,-8.130211812132e-01,0.000000000000e+00
6.816000000000e-01,1.387331785886e+01,-1.466174289148e+01,2.018503537349e+01,-8.130211812132e-01,0.000000000000e+00
6.820000000000e-01,1.380823670972e+01,-1.459296316010e+01,2.009034531370e+01,-8.130211812132e-01,0.000000000000e+00
6.824000000000e-01,1.374303665031e+01,-1.452405776073e+01,1.999548224497e+01,-8.130211812132e-01,0.000000000000e+00
6.828000000000e-01,1.367772025462e+01,-1.445502941366e+01,1.990044991234e+01,-8.130211812132e-01,0.000000000000e+00
6.832000000000e-01,1.361229010122e+01,-1.438588084400e+01,1.980525206751e+01,-8.130211812132e-01,0.000000000000e+00
6.836000000000e-01,1.354674877319e+01,-1.431661478161e+01,1.970989246873e+01,-8.130211812132e-01,0.000000000000e+00
6.840000000000e-01,1.348109885799e+01,-1.424723396100e+01,1.961437488064e+01,-8.130211812132e-01,0.000000000000e+00
6.844000000000e-01,1.341534294736e+01,-1.417774112122e+01,1.951870307412e+01,-8.130211812132e-01,0.000000000000e+00
6.848000000000e-01,1.334948363723e+01,-1.410813900571e+01,1.942288082610e+01,-8.130211812132e-01,0.000000000000e+00
6.852000000000e-01,1.328352352762e+01,-1.403843036225e+01,1.932691191951e+01,-8.130211812132e-01,0.000000000000e+00
6.856000000000e-01,1.321746522251e+01,-1.396861794281e+01,1.923080014302e+01,-8.130211812132e-01,0.000000000000e+00
6.860000000000e-01,1.315131132979e+01,-1.389870450348e+01,1.913454929096e+01,-8.130211812132e-01,0.000000000000e+00
6.864000000000e-01,1.308506446108e+01,-1.382869280432e+01,1.903816316315e+01,-8.130211812132e-01,0.000000000000e+00
6.868000000000e-01,1.301872723170e+01,-1.375858560926e+01,1.894164556475e+01,-8.130211812132e-01,0.000000000000e+00
6.872000000000e-01,1.295230226054e+01,-1.368838568602e+01,1.884500030611e+01,-8.130211812132e-01,0.000000000000e+00
6.876000000000e-01,1.288579216993e+01,-1.361809580597e+01,1.874823120262e+01,-8.130211812132e-01,0.000000000000e+00
6.880000000000e-01,1.281919958558e+01,-1.354771874403e+01,1.865134207456e+01,-8.130211812132e-01,0.000000000000e+00
6.884000000000e-01,1.275252713645e+01,-1.347725727858e+01,1.855433674694e+01,-8.130211812132e-01,0.000000000000e+00
6.888000000000e-01,1.268577745467e+01,-1.340671419131e+01,1.845721904938e+01,-8.130211812132e-01,0.000000000000e+00
6.892000000000e-01,1.261895317538e+01,-1.333609226713e+01,1.835999281590e+01,-8.130211812132e-01,0.000000000000e+00
6.896000000000e-01,1.255205693669e+01,-1.326539429409e+01,1.826266188483e+01,-8.130211812132e-01,0.000000000000e+00
6.900000000000e-01,1.248509137957e+01,-1.319462306322e+01,1.816523009864e+01,-8.130211812132e-01,0.000000000000e+00
6.904000000000e-01,1.241805914768e+01,-1.312378136844e+01,1.806770130376e+01,-8.130211812132e-01,0.000000000000e+00
6.908000000000e-01,1.235096288736e+01,-1.305287200647e+01,1.797007935047e+01,-8.130211812132e-01,0.000000000000e+00
6.912000000000e-01,1.228380524744e+01,-1.298189777667e+01,1.787236809270e+01,-8.130211812132e-01,0.000000000000e+00
6.916000000000e-01,1.221658887920e+01,-1.291086148101e+01,1.777457138794e+01,-8.130211812132e-01,0.000000000000e+00
6.920000000000e-01,1.214931643621e+01,-1.283976592386e+01,1.767669309703e+01,-8.130211812132e-01,0.000000000000e+00
6.924000000000e-01,1.208199057429e+01,-1.276861391195e+01,1.757873708404e+01,-8.130211812132e-01,0.000000000000e+00
6.928000000000e-01,1.201461395134e+01,-1.269740825425e+01,1.748070721610e+01,-8.130211812132e-01,0.000000000000e+00
6.932000000000e-01,1.194718922727e+01,-1.262615176184e+01,1.738260736326e+01,-8.130211812132e-01,0.000000000000e+00
6.936000000000e-01,1.187971906390e+01,-1.255484724779e+01,1.728444139834e+01,-8.130211812132e-01,0.000000000000e+00
6.940000000000e-01,1.181220612484e+01,-1.248349752709e+01,1.718621319676e+01,-8.130211812132e-01,0.000000000000e+00
6.944000000000e-01,1.174465307538e+01,-1.241210541651e+01,1.708792663641e+01,-8.130211812132e-01,0.000000000000e+00
6.948000000000e-01,1.167706258239e+01,-1.234067373447e+01,1.698958559747e+01,-8.130211812132e-01,0.000000000000e+00
6.952000000000e-01,1.160943731424e+01,-1.226920530099e+01,1.689119396227e+01,-8.130211812132e-01,0.000000000000e+00
6.956000000000e-01,1.154177994066e+01,-1.219770293751e+01,1.679275561515e+01,-8.130211812132e-01,0.000000000000e+00
6.960000000000e-01,1.147409313264e+01,-1.212616946682e+01,1.669427444229e+01,-8.130211812132e-01,0.000000000000e+00
6.964000000000e-01,1.140637956233e+01,-1.205460771295e+01,1.659575433155e+01,-8.130211812132e-01,0.000000000000e+00
6.968000000000e-01,1.133864190297e+01,-1.198302050103e+01,1.649719917234e+01,-8.130211812132e-01,0.000000000000e+00
6.972000000000e-01,1.127088282871e+01,-1.191141065719e+01,1.639861285545e+01,-8.130211812132e-01,0.000000000000e+00
6.976000000000e-01,1.120310501457e+01,-1.183978100848e+01,1.629999927289e+01,-8.130211812132e-01,0.000000000000e+00
6.980000000000e-01,1.113531113630e+01,-1.176813438271e+01,1.620136231777e+01,-8.130211812132e-01,0.000000000000e+00
6.984000000000e-01,1.106750387028e+01,-1.169647360836e+01,1.610270588409e+01,-8.130211812132e-01,0.000000000000e+00
6.988000000000e-01,1.099968589343e+01,-1.162480151448e+01,1.600403386666e+01,-8.130211812132e-01,0.000000000000e+00
6.992000000000e-01,1.093185988309e+01,-1.155312093056e+01,1.590535016086e+01,-8.130211812132e-01,0.000000000000e+00
6.996000000000e-01,1.086402851690e+01,-1.148143468643e+01,1.580665866257e+01,-8.130211812132e-01,0.000000000000e+00
7.000000000000e-01,1.079619447275e+01,-1.140974561214e+01,1.570796326795e+01,-8.130211812132e-01,0.000000000000e+00
7.004000000000e-01,1.072836042860e+01,-1.133805653785e+01,1.560926787333e+01,-8.130211812132e-01,0.000000000000e+00
7.008000000000e-01,1.066052906242e+01,-1.126637029372e+01,1.551057637504e+01,-8.130211812132e-01,0.000000000000e+00
7.012000000000e-01,1.059270305208e+01,-1.119468970980e+01,1.541189266924e+01,-8.130211812132e-01,0.000000000000e+00
7.016000000000e-01,1.052488507523e+01,-1.112301761592e+01,1.531322065180e+01,-8.130211812132e-01,0.000000000000e+00
7.020000000000e-01,1.045707780921e+01,-1.105135684157e+01,1.521456421813e+01,-8.130211812132e-01,0.000000000000e+00
7.024000000000e-01,1.038928393093e+01,-1.097971021580e+01,1.511592726301e+01,-8.130211812132e-01,0.000000000000e+00
7.028000000000e-01,1.032150611679e+01,-1.090808056709e+01,1.501731368045e+01,-8.130211812132e-01,0.000000000000e+00
7.032000000000e-01,1.025374704253e+01,-1.083647072325e+01,1.491872736356e+01,-8.130211812132e-01,0.000000000000e+00
7.036000000000e-01,1.018600938317e+01,-1.076488351133e+01,1.482017220435e+01,-8.130211812132e-01,0.000000000000e+00
7.040000000000e-01,1.011829581287e+01,-1.069332175746e+01,1.472165209361e+01,-8.130211812132e-01,0.000000000000e+00
7.044000000000e-01,1.005060900485e+01,-1.062178828677e+01,1.462317092074e+01,-8.130211812132e-01,0.000000000000e+00
7.048000000000e-01,9.982951631261e+00,-1.055028592329e+01,1.452473257362e+01,-8.130211812132e-01,0.000000000000e+00
7.052000000000e-01,9.915326363111e+00,-1.047881748981e+01,1.442634093843e+01,-8.130211812132e-01,0.000000000000e+00
7.056000000000e-01,9.847735870126e+00,-1.040738580777e+01,1.432799989948e+01,-8.130211812132e-01,0.000000000000e+00
7.060000000000e-01,9.780182820663e+00,-1.033599369719e+01,1.422971333913e+01,-8.130211812132e-01,0.000000000000e+00
7.064000000000e-01,9.712669881599e+00,-1.026464397649e+01,1.413148513756e+01,-8.130211812132e-01,0.000000000000e+00
7.068000000000e-01,9.645199718232e+00,-1.019333946244e+01,1.403331917264e+01,-8.130211812132e-01,0.000000000000e+00
7.072000000000e-01,9.577774994166e+00,-1.012208297003e+01,1.393521931980e+01,-8.130211812132e-01,0.000000000000e+00
7.076000000000e-01,9.510398371215e+00,-1.005087731233e+01,1.383718945186e+01,-8.130211812132e-01,0.000000000000e+00
7.080000000000e-01,9.443072509293e+00,-9.979725300425e+00,1.373923343887e+01,-8.130211812132e-01,0.000000000000e+00
7.084000000000e-01,9.375800066309e+00,-9.908629743273e+00,1.364135514796e+01,-8.130211812132e-01,0.000000000000e+00
7.088000000000e-01,9.308583698064e+00,-9.837593447606e+00,1.354355844319e+01,-8.130211812132e-01,0.000000000000e+00
7.092000000000e-01,9.241426058145e+00,-9.766619217814e+00,1.344584718543e+01,-8.130211812132e-01,0.000000000000e+00
7.096000000000e-01,9.174329797821e+00,-9.695709855839e+00,1.334822523213e+01,-8.130211812132e-01,0.000000000000e+00
7.100000000000e-01,9.107297565937e+00,-9.624868161060e+00,1.325069643726e+01,-8.130211812132e-01,0.000000000000e+00
7.104000000000e-01,9.040332008811e+00,-9.554096930187e+00,1.315326465106e+01,-8.130211812132e-01,0.000000000000e+00
7.108000000000e-01,8.973435770129e+00,-9.483398957147e+00,1.305593372000e+01,-8.130211812132e-01,0.000000000000e+00
7.112000000000e-01,8.906611490839e+00,-9.412777032974e+00,1.295870748652e+01,-8.130211812132e-01,0.000000000000e+00
7.116000000000e-01,8.839861809050e+00,-9.342233945701e+00,1.286158978895e+01,-8.130211812132e-01,0.000000000000e+00
7.120000000000e-01,8.773189359925e+00,-9.271772480249e+00,1.276458446134e+01,-8.130211812132e-01,0.000000000000e+00
7.124000000000e-01,8.706596775577e+00,-9.201395418315e+00,1.266769533327e+01,-8.130211812132e-01,0.000000000000e+00
7.128000000000e-01,8.640086684969e+00,-9.131105538265e+00,1.257092622979e+01,-8.130211812132e-01,0.000000000000e+00
7.132000000000e-01,8.573661713804e+00,-9.060905615024e+00,1.247428097115e+01,-8.130211812132e-01,0.000000000000e+00
7.136000000000e-01,8.507324484427e+00,-8.990798419965e+00,1.237776337275e+01,-8.130211812132e-01,0.000000000000e+00
7.140000000000e-01,8.441077615718e+00,-8.920786720798e+00,1.228137724494e+01,-8.130211812132e-01,0.000000000000e+00
7.144000000000e-01,8.374923722990e+00,-8.850873281467e+00,1.218512639288e+01,-8.130211812132e-01,0.000000000000e+00
7.148000000000e-01,8.308865417886e+00,-8.781060862034e+00,1.208901461639e+01,-8.130211812132e-01,0.000000000000e+00
7.152000000000e-01,8.242905308273e+00,-8.711352218573e+00,1.199304570979e+01,-8.130211812132e-01,0.000000000000e+00
7.156000000000e-01,8.177045998145e+00,-8.641750103064e+00,1.189722346178e+01,-8.130211812132e-01,0.000000000000e+00
7.160000000000e-01,8.111290087513e+00,-8.572257263277e+00,1.180155165525e+01,-8.130211812132e-01,0.000000000000e+00
7.164000000000e-01,8.045640172310e+00,-8.502876442672e+00,1.170603406717e+01,-8.130211812132e-01,0.000000000000e+00
7.168000000000e-01,7.980098844281e+00,-8.433610380285e+00,1.161067446839e+01,-8.130211812132e-01,0.000000000000e+00
7.172000000000e-01,7.914668690885e+00,-8.364461810621e+00,1.151547662356e+01,-8.130211812132e-01,0.000000000000e+00
7.176000000000e-01,7.849352295193e+00,-8.295433463546e+00,1.142044429093e+01,-8.130211812132e-01,0.000000000000e+00
7.180000000000e-01,7.784152235784e+00,-8.226528064183e+00,1.132558122220e+01,-8.130211812132e-01,0.000000000000e+00
7.184000000000e-01,7.719071086646e+00,-8.157748332798e+00,1.123089116241e+01,-8.130211812132e-01,0.000000000000e+00
7.188000000000e-01,7.654111417070e+00,-8.089096984697e+00,1.113637784977e+01,-8.130211812132e-01,0.000000000000e+00
7.192000000000e-01,7.589275791552e+00,-8.020576730118e+00,1.104204501548e+01,-8.130211812132e-01,0.000000000000e+00
7.196000000000e-01,7.524566769694e+00,-7.952190274124e+00,1.094789638366e+01,-8.130211812132e-01,0.000000000000e+00
7.200000000000e-01,7.459986906095e+00,-7.883940316494e+00,1.085393567114e+01,-8.130211812132e-01,0.000000000000e+00
7.204000000000e-01,7.395538750258e+00,-7.815829551620e+00,1.076016658730e+01,-8.130211812132e-01,0.000000000000e+00
7.208000000000e-01,7.331224846486e+00,-7.747860668398e+00,1.066659283401e+01,-8.130211812132e-01,0.000000000000e+00
7.212000000000e-01,7.267047733783e+00,-7.680036350124e+00,1.057321810540e+01,-8.130211812132e-01,0.000000000000e+00
7.216000000000e-01,7.203009945749e+00,-7.612359274385e+00,1.048004608773e+01,-8.130211812132e-01,0.000000000000e+00
7.220000000000e-01,7.139114010488e+00,-7.544832112956e+00,1.038708045927e+01,-8.130211812132e-01,0.000000000000e+00
7.224000000000e-01,7.075362450502e+00,-7.477457531695e+00,1.029432489017e+01,-8.130211812132e-01,0.000000000000e+00
7.228000000000e-01,7.011757782593e+00,-7.410238190433e+00,1.020178304223e+01,-8.130211812132e-01,0.000000000000e+00
7.232000000000e-01,6.948302517765e+00,-7.343176742877e+00,1.010945856886e+01,-8.130211812132e-01,0.000000000000e+00
7.236000000000e-01,6.884999161122e+00,-7.276275836497e+00,1.001735511487e+01,-8.130211812132e-01,0.000000000000e+00
7.240000000000e-01,6.821850211773e+00,-7.209538112425e+00,9.925476316348e+00,-8.130211812132e-01,0.000000000000e+00
7.244000000000e-01,6.758858162731e+00,-7.142966205354e+00,9.833825800508e+00,-8.130211812132e-01,0.000000000000e+00
7.248000000000e-01,6.696025500813e+00,-7.076562743428e+00,9.742407185558e+00,-8.130211812132e-01,0.000000000000e+00
7.252000000000e-01,6.633354706545e+00,-7.010330348142e+00,9.651224080547e+00,-8.130211812132e-01,0.000000000000e+00
7.256000000000e-01,6.570848254064e+00,-6.944271634237e+00,9.560280085228e+00,-8.130211812132e-01,0.000000000000e+00
7.260000000000e-01,6.508508611016e+00,-6.878389209599e+00,9.469578789914e+00,-8.130211812132e-01,0.000000000000e+00
7.264000000000e-01,6.446338238464e+00,-6.812685675153e+00,9.379123775339e+00,-8.130211812132e-01,0.000000000000e+00
7.268000000000e-01,6.384339590788e+00,-6.747163624762e+00,9.288918612509e+00,-8.130211812132e-01,0.000000000000e+00
7.272000000000e-01,6.322515115589e+00,-6.681825645124e+00,9.198966862571e+00,-8.130211812132e-01,0.000000000000e+00
7.276000000000e-01,6.260867253590e+00,-6.616674315671e+00,9.109272076667e+00,-8.130211812132e-01,0.000000000000e+00
7.280000000000e-01,6.199398438545e+00,-6.551712208465e+00,9.019837795791e+00,-8.130211812132e-01,0.000000000000e+00
7.284000000000e-01,6.138111097136e+00,-6.486941888101e+00,8.930667550658e+00,-8.130211812132e-01,0.000000000000e+00
7.288000000000e-01,6.077007648882e+00,-6.422365911597e+00,8.841764861555e+00,-8.130211812132e-01,0.000000000000e+00
7.292000000000e-01,6.016090506044e+00,-6.357986828305e+00,8.753133238208e+00,-8.130211812132e-01,0.000000000000e+00
7.296000000000e-01,5.955362073526e+00,-6.293807179800e+00,8.664776179642e+00,-8.130211812132e-01,0.000000000000e+00
7.300000000000e-01,5.894824748782e+00,-6.229829499784e+00,8.576697174042e+00,-8.130211812132e-01,0.000000000000e+00
7.304000000000e-01,5.834480921722e+00,-6.166056313986e+00,8.488899698618e+00,-8.130211812132e-01,0.000000000000e+00
7.308000000000e-01,5.774332974618e+00,-6.102490140064e+00,8.401387219461e+00,-8.130211812132e-01,0.000000000000e+00
7.312000000000e-01,5.714383282006e+00,-6.039133487500e+00,8.314163191417e+00,-8.130211812132e-01,0.000000000000e+00
7.316000000000e-01,5.654634210599e+00,-5.975988857506e+00,8.227231057939e+00,-8.130211812132e-01,0.000000000000e+00
7.320000000000e-01,5.595088119187e+00,-5.913058742926e+00,8.140594250960e+00,-8.130211812132e-01,0.000000000000e+00
7.324000000000e-01,5.535747358548e+00,-5.850345628131e+00,8.054256190752e+00,-8.130211812132e-01,0.000000000000e+00
7.328000000000e-01,5.476614271355e+00,-5.787851988928e+00,7.968220285794e+00,-8.130211812132e-01,0.000000000000e+00
7.332000000000e-01,5.417691192078e+00,-5.725580292459e+00,7.882489932637e+00,-8.130211812132e-01,0.000000000000e+00
7.336000000000e-01,5.358980446902e+00,-5.663532997105e+00,7.797068515768e+00,-8.130211812132e-01,0.000000000000e+00
7.340000000000e-01,5.300484353626e+00,-5.601712552385e+00,7.711959407477e+00,-8.130211812132e-01,0.000000000000e+00
7.344000000000e-01,5.242205221575e+00,-5.540121398865e+00,7.627165967728e+00,-8.130211812132e-01,0.000000000000e+00
7.348000000000e-01,5.184145351510e+00,-5.478761968059e+00,7.542691544020e+00,-8.130211812132e-01,0.000000000000e+00
7.352000000000e-01,5.126307035534e+00,-5.417636682332e+00,7.458539471258e+00,-8.130211812132e-01,0.000000000000e+00
7.356000000000e-01,5.068692557007e+00,-5.356747954805e+00,7.374713071623e+00,-8.130211812132e-01,0.000000000000e+00
7.360000000000e-01,5.011304190447e+00,-5.296098189261e+00,7.291215654436e+00,-8.130211812132e-01,0.000000000000e+00
7.364000000000e-01,4.954144201451e+00,-5.235689780050e+00,7.208050516033e+00,-8.130211812132e-01,0.000000000000e+00
7.368000000000e-01,4.897214846597e+00,-5.175525111991e+00,7.125220939632e+00,-8.130211812132e-01,0.000000000000e+00
7.372000000000e-01,4.840518373357e+00,-5.115606560282e+00,7.042730195202e+00,-8.130211812132e-01,0.000000000000e+00
7.376000000000e-01,4.784057020012e+00,-5.055936490406e+00,6.960581539336e+00,-8.130211812132e-01,0.000000000000e+00
7.380000000000e-01,4.727833015559e+00,-4.996517258035e+00,6.878778215123e+00,-8.130211812132e-01,0.000000000000e+00
7.384000000000e-01,4.671848579626e+00,-4.937351208938e+00,6.797323452018e+00,-8.130211812132e-01,0.000000000000e+00
7.388000000000e-01,4.616105922382e+00,-4.878440678889e+00,6.716220465715e+00,-8.130211812132e-01,0.000000000000e+00
7.392000000000e-01,4.560607244452e+00,-4.819787993576e+00,6.635472458022e+00,-8.130211812132e-01,0.000000000000e+00
7.396000000000e-01,4.505354736829e+00,-4.761395468506e+00,6.555082616731e+00,-8.130211812132e-01,0.000000000000e+00
7.400000000000e-01,4.450350580787e+00,-4.703265408915e+00,6.475054115497e+00,-8.130211812132e-01,0.000000000000e+00
7.404000000000e-01,4.395596947796e+00,-4.645400109680e+00,6.395390113706e+00,-8.130211812132e-01,0.000000000000e+00
7.408000000000e-01,4.341095999436e+00,-4.587801855223e+00,6.316093756358e+00,-8.130211812132e-01,0.000000000000e+00
7.412000000000e-01,4.286849887310e+00,-4.530472919424e+00,6.237168173936e+00,-8.130211812132e-01,0.000000000000e+00
7.416000000000e-01,4.232860752963e+00,-4.473415565532e+00,6.158616482289e+00,-8.130211812132e-01,0.000000000000e+00
7.420000000000e-01,4.179130727793e+00,-4.416632046073e+00,6.080441782501e+00,-8.130211812132e-01,0.000000000000e+00
7.424000000000e-01,4.125661932969e+00,-4.360124602764e+00,6.002647160777e+00,-8.130211812132e-01,0.000000000000e+00
7.428000000000e-01,4.072456479349e+00,-4.303895466421e+00,5.925235688314e+00,-8.130211812132e-01,0.000000000000e+00
7.432000000000e-01,4.019516467391e+00,-4.247946856875e+00,5.848210421186e+00,-8.130211812132e-01,0.000000000000e+00
7.436000000000e-01,3.966843987078e+00,-4.192280982881e+00,5.771574400217e+00,-8.130211812132e-01,0.000000000000e+00
7.440000000000e-01,3.914441117828e+00,-4.136900042032e+00,5.695330650867e+00,-8.130211812132e-01,0.000000000000e+00
7.444000000000e-01,3.862309928417e+00,-4.081806220673e+00,5.619482183108e+00,-8.130211812132e-01,0.000000000000e+00
7.448000000000e-01,3.810452476895e+00,-4.027001693814e+00,5.544031991309e+00,-8.130211812132e-01,0.000000000000e+00
7.452000000000e-01,3.758870810505e+00,-3.972488625044e+00,5.468983054112e+00,-8.130211812132e-01,0.000000000000e+00
7.456000000000e-01,3.707566965604e+00,-3.918269166444e+00,5.394338334323e+00,-8.130211812132e-01,0.000000000000e+00
7.460000000000e-01,3.656542967579e+00,-3.864345458507e+00,5.320100778786e+00,-8.130211812132e-01,0.000000000000e+00
7.464000000000e-01,3.605800830771e+00,-3.810719630049e+00,5.246273318274e+00,-8.130211812132e-01,0.000000000000e+00
7.468000000000e-01,3.555342558392e+00,-3.757393798125e+00,5.172858867367e+00,-8.130211812132e-01,0.000000000000e+00
7.472000000000e-01,3.505170142448e+00,-3.704370067947e+00,5.099860324343e+00,-8.130211812132e-01,0.000000000000e+00
7.476000000000e-01,3.455285563660e+00,-3.651650532802e+00,5.027280571059e+00,-8.130211812132e-01,0.000000000000e+00
7.480000000000e-01,3.405690791386e+00,-3.599237273967e+00,4.955122472840e+00,-8.130211812132e-01,0.000000000000e+00
7.484000000000e-01,3.356387783543e+00,-3.547132360627e+00,4.883388878364e+00,-8.130211812132e-01,0.000000000000e+00
7.488000000000e-01,3.307378486530e+00,-3.495337849796e+00,4.812082619550e+00,-8.130211812132e-01,0.000000000000e+00
7.492000000000e-01,3.258664835148e+00,-3.443855786231e+00,4.741206511447e+00,-8.130211812132e-01,0.000000000000e+00
7.496000000000e-01,3.210248752530e+00,-3.392688202357e+00,4.670763352123e+00,-8.130211812132e-01,0.000000000000e+00
7.500000000000e-01,3.162132150060e+00,-3.341837118182e+00,4.600755922553e+00,-8.130211812132e-01,0.000000000000e+00
7.504000000000e-01,3.114316927299e+00,-3.291304541220e+00,4.531186986510e+00,-8.130211812132e-01,0.000000000000e+00
7.508000000000e-01,3.066804971910e+00,-3.241092466411e+00,4.462059290457e+00,-8.130211812132e-01,0.000000000000e+00
7.512000000000e-01,3.019598159584e+00,-3.191202876040e+00,4.393375563438e+00,-8.130211812132e-01,0.000000000000e+00
7.516000000000e-01,2.972698353964e+00,-3.141637739665e+00,4.325138516967e+00,-8.130211812132e-01,0.000000000000e+00
7.520000000000e-01,2.926107406575e+00,-3.092399014031e+00,4.257350844926e+00,-8.130211812132e-01,0.000000000000e+00
7.524000000000e-01,2.879827156748e+00,-3.043488642999e+00,4.190015223458e+00,-8.130211812132e-01,0.000000000000e+00
7.528000000000e-01,2.833859431548e+00,-2.994908557467e+00,4.123134310856e+00,-8.130211812132e-01,0.000000000000e+00
7.532000000000e-01,2.788206045701e+00,-2.946660675293e+00,4.056710747466e+00,-8.130211812132e-01,0.000000000000e+00
7.536000000000e-01,2.742868801525e+00,-2.898746901222e+00,3.990747155574e+00,-8.130211812132e-01,0.000000000000e+00
7.540000000000e-01,2.697849488858e+00,-2.851169126806e+00,3.925246139312e+00,-8.130211812132e-01,0.000000000000e+00
7.544000000000e-01,2.653149884983e+00,-2.803929230336e+00,3.860210284546e+00,-8.130211812132e-01,0.000000000000e+00
7.548000000000e-01,2.608771754566e+00,-2.757029076760e+00,3.795642158782e+00,-8.130211812132e-01,0.000000000000e+00
7.552000000000e-01,2.564716849579e+00,-2.710470517618e+00,3.731544311058e+00,-8.130211812132e-01,0.000000000000e+00
7.556000000000e-01,2.520986909234e+00,-2.664255390961e+00,3.667919271848e+00,-8.130211812132e-01,0.000000000000e+00
7.560000000000e-01,2.477583659914e+00,-2.618385521283e+00,3.604769552959e+00,-8.130211812132e-01,0.000000000000e+00
7.564000000000e-01,2.434508815105e+00,-2.572862719449e+00,3.542097647433e+00,-8.130211812132e-01,0.000000000000e+00
7.568000000000e-01,2.391764075328e+00,-2.527688782619e+00,3.479906029451e+00,-8.130211812132e-01,0.000000000000e+00
7.572000000000e-01,2.349351128073e+00,-2.482865494185e+00,3.418197154231e+00,-8.130211812132e-01,0.000000000000e+00
7.576000000000e-01,2.307271647730e+00,-2.438394623693e+00,3.356973457934e+00,-8.130211812132e-01,0.000000000000e+00
7.580000000000e-01,2.265527295524e+00,-2.394277926776e+00,3.296237357566e+00,-8.130211812132e-01,0.000000000000e+00
7.584000000000e-01,2.224119719452e+00,-2.350517145087e+00,3.235991250885e+00,-8.130211812132e-01,0.000000000000e+00
7.588000000000e-01,2.183050554213e+00,-2.307114006225e+00,3.176237516303e+00,-8.130211812132e-01,0.000000000000e+00
7.592000000000e-01,2.142321421149e+00,-2.264070223673e+00,3.116978512797e+00,-8.130211812132e-01,0.000000000000e+00
7.596000000000e-01,2.101933928174e+00,-2.221387496726e+00,3.058216579809e+00,-8.130211812132e-01,0.000000000000e+00
7.600000000000e-01,2.061889669719e+00,-2.179067510424e+00,2.999954037161e+00,-8.130211812132e-01,0.000000000000e+00
7.604000000000e-01,2.022190226662e+00,-2.137111935488e+00,2.942193184957e+00,-8.130211812132e-01,0.000000000000e+00
7.608000000000e-01,1.982837166269e+00,-2.095522428252e+00,2.884936303498e+00,-8.130211812132e-01,0.000000000000e+00
7.612000000000e-01,1.943832042131e+00,-2.054300630599e+00,2.828185653187e+00,-8.130211812132e-01,0.000000000000e+00
7.616000000000e-01,1.905176394105e+00,-2.013448169895e+00,2.771943474443e+00,-8.130211812132e-01,0.000000000000e+00
7.620000000000e-01,1.866871748248e+00,-1.972966658925e+00,2.716211987610e+00,-8.130211812132e-01,0.000000000000e+00
7.624000000000e-01,1.828919616764e+00,-1.932857695829e+00,2.660993392872e+00,-8.130211812132e-01,0.000000000000e+00
7.628000000000e-01,1.791321497936e+00,-1.893122864042e+00,2.606289870165e+00,-8.130211812132e-01,0.000000000000e+00
7.632000000000e-01,1.754078876074e+00,-1.853763732225e+00,2.552103579090e+00,-8.130211812132e-01,0.000000000000e+00
7.636000000000e-01,1.717193221454e+00,-1.814781854211e+00,2.498436658829e+00,-8.130211812132e-01,0.000000000000e+00
7.640000000000e-01,1.680665990257e+00,-1.776178768936e+00,2.445291228060e+00,-8.130211812132e-01,0.000000000000e+00
7.644000000000e-01,1.644498624516e+00,-1.737956000385e+00,2.392669384874e+00,-8.130211812132e-01,0.000000000000e+00
7.648000000000e-01,1.608692552058e+00,-1.700115057528e+00,2.340573206691e+00,-8.130211812132e-01,0.000000000000e+00
7.652000000000e-01,1.573249186443e+00,-1.662657434259e+00,2.289004750179e+00,-8.130211812132e-01,0.000000000000e+00
7.656000000000e-01,1.538169926917e+00,-1.625584609341e+00,2.237966051172e+00,-8.130211812132e-01,0.000000000000e+00
7.660000000000e-01,1.503456158347e+00,-1.588898046347e+00,2.187459124591e+00,-8.130211812132e-01,0.000000000000e+00
7.664000000000e-01,1.469109251174e+00,-1.552599193599e+00,2.137485964363e+00,-8.130211812132e-01,0.000000000000e+00
7.668000000000e-01,1.435130561355e+00,-1.516689484113e+00,2.088048543342e+00,-8.130211812132e-01,0.000000000000e+00
7.672000000000e-01,1.401521430310e+00,-1.481170335544e+00,2.039148813234e+00,-8.130211812132e-01,0.000000000000e+00
7.676000000000e-01,1.368283184871e+00,-1.446043150126e+00,1.990788704516e+00,-8.130211812132e-01,0.000000000000e+00
7.680000000000e-01,1.335417137227e+00,-1.411309314621e+00,1.942970126362e+00,-8.130211812132e-01,0.000000000000e+00
7.684000000000e-01,1.302924584872e+00,-1.376970200260e+00,1.895694966567e+00,-8.130211812132e-01,0.000000000000e+00
7.688000000000e-01,1.270806810557e+00,-1.343027162694e+00,1.848965091475e+00,-8.130211812132e-01,0.000000000000e+00
7.692000000000e-01,1.239065082238e+00,-1.309481541936e+00,1.802782345900e+00,-8.130211812132e-01,0.000000000000e+00
7.696000000000e-01,1.207700653022e+00,-1.276334662308e+00,1.757148553059e+00,-8.130211812132e-01,0.000000000000e+00
7.700000000000e-01,1.176714761124e+00,-1.243587832394e+00,1.712065514495e+00,-8.130211812132e-01,0.000000000000e+00
7.704000000000e-01,1.146108629813e+00,-1.211242344981e+00,1.667535010010e+00,-8.130211812132e-01,0.000000000000e+00
7.708000000000e-01,1.115883467369e+00,-1.179299477015e+00,1.623558797591e+00,-8.130211812132e-01,0.000000000000e+00
7.712000000000e-01,1.086040467027e+00,-1.147760489545e+00,1.580138613344e+00,-8.130211812132e-01,0.000000000000e+00
7.716000000000e-01,1.056580806939e+00,-1.116626627676e+00,1.537276171424e+00,-8.130211812132e-01,0.000000000000e+00
7.720000000000e-01,1.027505650122e+00,-1.085899120520e+00,1.494973163966e+00,-8.130211812132e-01,0.000000000000e+00
7.724000000000e-01,9.988161444127e-01,-1.055579181147e+00,1.453231261021e+00,-8.130211812132e-01,0.000000000000e+00
7.728000000000e-01,9.705134224241e-01,-1.025668006534e+00,1.412052110488e+00,-8.130211812132e-01,0.000000000000e+00
7.732000000000e-01,9.425986014991e-01,-9.961667775258e-01,1.371437338049e+00,-8.130211812132e-01,0.000000000000e+00
7.736000000000e-01,9.150727836670e-01,-9.670766587786e-01,1.331388547105e+00,-8.130211812132e-01,0.000000000000e+00
7.740000000000e-01,8.879370556000e-01,-9.383987987210e-01,1.291907318715e+00,-8.130211812132e-01,0.000000000000e+00
7.744000000000e-01,8.611924885702e-01,-9.101343295058e-01,1.252995211529e+00,-8.130211812132e-01,0.000000000000e+00
7.748000000000e-01,8.348401384073e-01,-8.822843669658e-01,1.214653761731e+00,-8.130211812132e-01,0.000000000000e+00
7.752000000000e-01,8.088810454570e-01,-8.548500105698e-01,1.176884482976e+00,-8.130211812132e-01,0.000000000000e+00
7.756000000000e-01,7.833162345397e-01,-8.278323433794e-01,1.139688866331e+00,-8.130211812132e-01,0.000000000000e+00
7.760000000000e-01,7.581467149105e-01,-8.012324320056e-01,1.103068380214e+00,-8.130211812132e-01,0.000000000000e+00
7.764000000000e-01,7.333734802189e-01,-7.750513265675e-01,1.067024470339e+00,-8.130211812132e-01,0.000000000000e+00
7.768000000000e-01,7.089975084697e-01,-7.492900606503e-01,1.031558559659e+00,-8.130211812132e-01,0.000000000000e+00
7.772000000000e-01,6.850197619847e-01,-7.239496512646e-01,9.966720483066e-01,-8.130211812132e-01,0.000000000000e+00
7.776000000000e-01,6.614411873641e-01,-6.990310988065e-01,9.623663135419e-01,-8.130211812132e-01,0.000000000000e+00
7.780000000000e-01,6.382627154497e-01,-6.745353870176e-01,9.286427096964e-01,-8.130211812132e-01,0.000000000000e+00
7.784000000000e-01,6.154852612880e-01,-6.504634829469e-01,8.955025681203e-01,-8.130211812132e-01,0.000000000000e+00
7.788000000000e-01,5.931097240938e-01,-6.268163369117e-01,8.629471971297e-01,-8.130211812132e-01,0.000000000000e+00
7.792000000000e-01,5.711369872150e-01,-6.035948824610e-01,8.309778819548e-01,-8.130211812132e-01,0.000000000000e+00
7.796000000000e-01,5.495679180975e-01,-5.808000363380e-01,7.995958846895e-01,-8.130211812132e-01,0.000000000000e+00
7.800000000000e-01,5.284033682515e-01,-5.584326984442e-01,7.688024442412e-01,-8.130211812132e-01,0.000000000000e+00
7.804000000000e-01,5.076441732170e-01,-5.364937518039e-01,7.385987762823e-01,-8.130211812132e-01,0.000000000000e+00
7.808000000000e-01,4.872911525314e-01,-5.149840625289e-01,7.089860732019e-01,-8.130211812132e-01,0.000000000000e+00
7.812000000000e-01,4.673451096973e-01,-4.939044797852e-01,6.799655040588e-01,-8.130211812132e-01,0.000000000000e+00
7.816000000000e-01,4.478068321502e-01,-4.732558357584e-01,6.515382145353e-01,-8.130211812132e-01,0.000000000000e+00
7.820000000000e-01,4.286770912279e-01,-4.530389456218e-01,6.237053268922e-01,-8.130211812132e-01,0.000000000000e+00
7.824000000000e-01,4.099566421398e-01,-4.332546075034e-01,5.964679399243e-01,-8.130211812132e-01,0.000000000000e+00
7.828000000000e-01,3.916462239372e-01,-4.139036024551e-01,5.698271289168e-01,-8.130211812132e-01,0.000000000000e+00
7.832000000000e-01,3.737465594839e-01,-3.949866944215e-01,5.437839456035e-01,-8.130211812132e-01,0.000000000000e+00
7.836000000000e-01,3.562583554282e-01,-3.765046302097e-01,5.183394181246e-01,-8.130211812132e-01,0.000000000000e+00
7.840000000000e-01,3.391823021744e-01,-3.584581394599e-01,4.934945509865e-01,-8.130211812132e-01,0.000000000000e+00
7.844000000000e-01,3.225190738558e-01,-3.408479346167e-01,4.692503250220e-01,-8.130211812132e-01,0.000000000000e+00
7.848000000000e-01,3.062693283081e-01,-3.236747109008e-01,4.456076973517e-01,-8.130211812132e-01,0.000000000000e+00
7.852000000000e-01,2.904337070436e-01,-3.069391462817e-01,4.225676013459e-01,-8.130211812132e-01,0.000000000000e+00
7.856000000000e-01,2.750128352253e-01,-2.906419014508e-01,4.001309465882e-01,-8.130211812132e-01,0.000000000000e+00
7.860000000000e-01,2.600073216429e-01,-2.747836197955e-01,3.782986188394e-01,-8.130211812132e-01,0.000000000000e+00
7.864000000000e-01,2.454177586884e-01,-2.593649273735e-01,3.570714800024e-01,-8.130211812132e-01,0.000000000000e+00
7.868000000000e-01,2.312447223327e-01,-2.443864328885e-01,3.364503680882e-01,-8.130211812132e-01,0.000000000000e+00
7.872000000000e-01,2.174887721031e-01,-2.298487276656e-01,3.164360971830e-01,-8.130211812132e-01,0.000000000000e+00
7.876000000000e-01,2.041504510609e-01,-2.157523856288e-01,2.970294574160e-01,-8.130211812132e-01,0.000000000000e+00
7.880000000000e-01,1.912302857802e-01,-2.020979632773e-01,2.782312149281e-01,-8.130211812132e-01,0.000000000000e+00
7.884000000000e-01,1.787287863270e-01,-1.888859996644e-01,2.600421118418e-01,-8.130211812132e-01,0.000000000000e+00
7.888000000000e-01,1.666464462390e-01,-1.761170163759e-01,2.424628662316e-01,-8.130211812132e-01,0.000000000000e+00
7.892000000000e-01,1.549837425065e-01,-1.637915175092e-01,2.254941720961e-01,-8.130211812132e-01,0.000000000000e+00
7.896000000000e-01,1.437411355529e-01,-1.519099896541e-01,2.091366993302e-01,-8.130211812132e-01,0.000000000000e+00
7.900000000000e-01,1.329190692172e-01,-1.404729018728e-01,1.933910936991e-01,-8.130211812132e-01,0.000000000000e+00
7.904000000000e-01,1.225179707359e-01,-1.294807056820e-01,1.782579768122e-01,-8.130211812132e-01,0.000000000000e+00
7.908000000000e-01,1.125382507267e-01,-1.189338350349e-01,1.637379460990e-01,-8.130211812132e-01,0.000000000000e+00
7.912000000000e-01,1.029803031717e-01,-1.088327063037e-01,1.498315747856e-01,-8.130211812132e-01,0.000000000000e+00
7.916000000000e-01,9.384450540251e-02,-9.917771826380e-02,1.365394118717e-01,-8.130211812132e-01,0.000000000000e+00
7.920000000000e-01,8.513121808463e-02,-8.996925207755e-02,1.238619821090e-01,-8.130211812132e-01,0.000000000000e+00
7.924000000000e-01,7.684078520377e-02,-8.120767127944e-02,1.117997859808e-01,-8.130211812132e-01,0.000000000000e+00
7.928000000000e-01,6.897353405201e-02,-7.289332176166e-02,1.003532996820e-01,-8.130211812132e-01,0.000000000000e+00
7.932000000000e-01,6.152977521498e-02,-6.502653176051e-02,8.952297510028e-02,-8.130211812132e-01,0.000000000000e+00
7.936000000000e-01,5.450980255951e-02,-5.760761184338e-02,7.930923979823e-02,-8.130211812132e-01,0.000000000000e+00
7.940000000000e-01,4.791389322211e-02,-5.063685489653e-02,6.971249699668e-02,-8.130211812132e-01,0.000000000000e+00
7.944000000000e-01,4.174230759798e-02,-4.411453611351e-02,6.073312555858e-02,-8.130211812132e-01,0.000000000000e+00
7.948000000000e-01,3.599528933076e-02,-3.804091298429e-02,5.237147997416e-02,-8.130211812132e-01,0.000000000000e+00
7.952000000000e-01,3.067306530290e-02,-3.241622528511e-02,4.462789034686e-02,-8.130211812132e-01,0.000000000000e+00
7.956000000000e-01,2.577584562667e-02,-2.724069506902e-02,3.750266238034e-02,-8.130211812132e-01,0.000000000000e+00
7.960000000000e-01,2.130382363593e-02,-2.251452665709e-02,3.099607736640e-02,-8.130211812132e-01,0.000000000000e+00
7.964000000000e-01,1.725717587846e-02,-1.823790663035e-02,2.510839217388e-02,-8.130211812132e-01,0.000000000000e+00
7.968000000000e-01,1.363606210896e-02,-1.441100382243e-02,1.983983923850e-02,-8.130211812132e-01,0.000000000000e+00
7.972000000000e-01,1.044062528282e-02,-1.103396931292e-02,1.519062655372e-02,-8.130211812132e-01,0.000000000000e+00
7.976000000000e-01,7.670991550409e-03,-8.106936421342e-03,1.116093766250e-02,-8.130211812132e-01,0.000000000000e+00
7.980000000000e-01,5.327270252126e-03,-5.630020701950e-03,7.750931650039e-03,-8.130211812132e-01,0.000000000000e+00
7.984000000000e-01,3.409553914073e-03,-3.603319939135e-03,4.960743137549e-03,-8.130211812132e-01,0.000000000000e+00
7.988000000000e-01,1.917918244407e-03,-2.026914143572e-03,2.790482276891e-03,-8.130211812132e-01,0.000000000000e+00
7.992000000000e-01,8.524221303522e-04,-9.008655490621e-04,1.240234746248e-03,-8.130211812132e-01,0.000000000000e+00
7.996000000000e-01,2.131076358692e-04,-2.252186100768e-04,3.100617467387e-04,-8.130211812132e-01,0.000000000000e+00
8.000000000000e-01,-0.000000000000e+00,0.000000000000e+00,0.000000000000e+00,1.822672961883e+00,0.000000000000e+00
8.004000000000e-01,-3.090935576942e-04,1.201100910995e-03,1.240234746248e-03,1.822672961883e+00,0.000000000000e+00
8.008000000000e-01,-1.236325421321e-03,4.804213976223e-03,4.960743137549e-03,1.822672961883e+00,0.000000000000e+00
8.012000000000e-01,-2.781549170220e-03,1.080877022236e-02,1.116093766250e-02,1.822672961883e+00,0.000000000000e+00
8.016000000000e-01,-4.944520795650e-03,1.921382146037e-02,1.983983923850e-02,1.822672961883e+00,0.000000000000e+00
8.020000000000e-01,-7.724898739315e-03,3.001804043523e-02,3.099607736640e-02,1.822672961883e+00,0.000000000000e+00
8.024000000000e-01,-1.112224394731e-02,4.321972103551e-02,4.462789034685e-02,1.822672961883e+00,0.000000000000e+00
8.028000000000e-01,-1.513601993944e-02,5.881677856282e-02,6.073312555858e-02,1.822672961883e+00,0.000000000000e+00
8.032000000000e-01,-1.976559289394e-02,7.680675006095e-02,7.930923979823e-02,1.822672961883e+00,0.000000000000e+00
8.036000000000e-01,-2.501023174759e-02,9.718679470486e-02,1.003532996820e-01,1.822672961883e+00,0.000000000000e+00
8.040000000000e-01,-3.086910831111e-02,1.199536942493e-01,1.238619821090e-01,1.822672961883e+00,0.000000000000e+00
8.044000000000e-01,-3.734129739996e-02,1.451038535368e-01,1.498315747856e-01,1.822672961883e+00,0.000000000000e+00
8.048000000000e-01,-4.442577698047e-02,1.726333010657e-01,1.782579768122e-01,1.822672961883e+00,0.000000000000e+00
8.052000000000e-01,-5.212142833119e-02,2.025376896172e-01,2.091366993302e-01,1.822672961883e+00,0.000000000000e+00
8.056000000000e-01,-6.042703621955e-02,2.348122969415e-01,2.424628662316e-01,1.822672961883e+00,0.000000000000e+00
8.060000000000e-01,-6.934128909378e-02,2.694520265042e-01,2.782312149281e-01,1.822672961883e+00,0.000000000000e+00
8.064000000000e-01,-7.886277929003e-02,3.064514082902e-01,3.164360971830e-01,1.822672961883e+00,0.000000000000e+00
8.068000000000e-01,-8.899000325461e-02,3.458045996684e-01,3.570714800024e-01,1.822672961883e+00,0.000000000000e+00
8.072000000000e-01,-9.972136178145e-02,3.875053863136e-01,4.001309465882e-01,1.822672961883e+00,0.000000000000e+00
8.076000000000e-01,-1.110551602647e-01,4.315471831882e-01,4.456076973517e-01,1.822672961883e+00,0.000000000000e+00
8.080000000000e-01,-1.229896089661e-01,4.779230355819e-01,4.934945509865e-01,1.822672961883e+00,0.000000000000e+00
8.084000000000e-01,-1.355228232978e-01,5.266256202100e-01,5.437839456035e-01,1.822672961883e+00,0.000000000000e+00
8.088000000000e-01,-1.486528241202e-01,5.776472463698e-01,5.964679399243e-01,1.822672961883e+00,0.000000000000e+00
8.092000000000e-01,-1.623775380538e-01,6.309798571551e-01,6.515382145353e-01,1.822672961883e+00,0.000000000000e+00
8.096000000000e-01,-1.766947978071e-01,6.866150307284e-01,7.089860732019e-01,1.822672961883e+00,0.000000000000e+00
8.100000000000e-01,-1.916023425190e-01,7.445439816508e-01,7.688024442412e-01,1.822672961883e+00,0.000000000000e+00
8.104000000000e-01,-2.070978181152e-01,8.047575622695e-01,8.309778819548e-01,1.822672961883e+00,0.000000000000e+00
8.108000000000e-01,-2.231787776806e-01,8.672462641621e-01,8.955025681203e-01,1.822672961883e+00,0.000000000000e+00
8.112000000000e-01,-2.398426818452e-01,9.320002196381e-01,9.623663135419e-01,1.822672961883e+00,0.000000000000e+00
8.116000000000e-01,-2.570868991854e-01,9.990092032973e-01,1.031558559659e+00,1.822672961883e+00,0.000000000000e+00
8.120000000000e-01,-2.749087066394e-01,1.068262633644e+00,1.103068380214e+00,1.822672961883e+00,0.000000000000e+00
8.124000000000e-01,-2.933052899371e-01,1.139749574760e+00,1.176884482976e+00,1.822672961883e+00,0.000000000000e+00
8.128000000000e-01,-3.122737440448e-01,1.213458738027e+00,1.252995211529e+00,1.822672961883e+00,0.000000000000e+00
8.132000000000e-01,-3.318110736238e-01,1.289378483915e+00,1.331388547105e+00,1.822672961883e+00,0.000000000000e+00
8.136000000000e-01,-3.519141935031e-01,1.367496823815e+00,1.412052110488e+00,1.822672961883e+00,0.000000000000e+00
8.140000000000e-01,-3.725799291672e-01,1.447801421936e+00,1.494973163966e+00,1.822672961883e+00,0.000000000000e+00
8.144000000000e-01,-3.938050172567e-01,1.530279597251e+00,1.580138613344e+00,1.822672961883e+00,0.000000000000e+00
8.148000000000e-01,-4.155861060843e-01,1.614918325501e+00,1.667535010010e+00,1.822672961883e+00,0.000000000000e+00
8.152000000000e-01,-4.379197561634e-01,1.701704241247e+00,1.757148553059e+00,1.822672961883e+00,0.000000000000e+00
8.156000000000e-01,-4.608024407520e-01,1.790623639990e+00,1.848965091475e+00,1.822672961883e+00,0.000000000000e+00
8.160000000000e-01,-4.842305464087e-01,1.881662480324e+00,1.942970126362e+00,1.822672961883e+00,0.000000000000e+00
8.164000000000e-01,-5.082003735642e-01,1.974806386161e+00,2.039148813234e+00,1.822672961883e+00,0.000000000000e+00
8.168000000000e-01,-5.327081371048e-01,2.070040649000e+00,2.137485964363e+00,1.822672961883e+00,0.000000000000e+00
8.172000000000e-01,-5.577499669707e-01,2.167350230245e+00,2.237966051172e+00,1.822672961883e+00,0.000000000000e+00
8.176000000000e-01,-5.833219087664e-01,2.266719763586e+00,2.340573206691e+00,1.822672961883e+00,0.000000000000e+00
8.180000000000e-01,-6.094199243861e-01,2.368133557422e+00,2.445291228060e+00,1.822672961883e+00,0.000000000000e+00
8.184000000000e-01,-6.360398926505e-01,2.471575597339e+00,2.552103579090e+00,1.822672961883e+00,0.000000000000e+00
8.188000000000e-01,-6.631776099581e-01,2.577029548639e+00,2.660993392872e+00,1.822672961883e+00,0.000000000000e+00
8.192000000000e-01,-6.908287909486e-01,2.684478758922e+00,2.771943474443e+00,1.822672961883e+00,0.000000000000e+00
8.196000000000e-01,-7.189890691801e-01,2.793906260711e+00,2.884936303498e+00,1.822672961883e+00,0.000000000000e+00
8.200000000000e-01,-7.476539978181e-01,2.905294774136e+00,2.999954037161e+00,1.822672961883e+00,0.000000000000e+00
8.204000000000e-01,-7.768190503382e-01,3.018626709659e+00,3.116978512797e+00,1.822672961883e+00,0.000000000000e+00
8.208000000000e-01,-8.064796212405e-01,3.133884170853e+00,3.235991250885e+00,1.822672961883e+00,0.000000000000e+00
8.212000000000e-01,-8.366310267769e-01,3.251048957230e+00,3.356973457934e+00,1.822672961883e+00,0.000000000000e+00
8.216000000000e-01,-8.672685056911e-01,3.370102567111e+00,3.479906029451e+00,1.822672961883e+00,0.000000000000e+00
8.220000000000e-01,-8.983872199700e-01,3.491026200551e+00,3.604769552959e+00,1.822672961883e+00,0.000000000000e+00
8.224000000000e-01,-9.299822556077e-01,3.613800762306e+00,3.731544311058e+00,1.822672961883e+00,0.000000000000e+00
8.228000000000e-01,-9.620486233820e-01,3.738406864851e+00,3.860210284546e+00,1.822672961883e+00,0.000000000000e+00
8.232000000000e-01,-9.945812596416e-01,3.864824831437e+00,3.990747155574e+00,1.822672961883e+00,0.000000000000e+00
8.236000000000e-01,-1.027575027106e+00,3.993034699202e+00,4.123134310856e+00,1.822672961883e+00,0.000000000000e+00
8.240000000000e-01,-1.061024715677e+00,4.123016222320e+00,4.257350844926e+00,1.822672961883e+00,0.000000000000e+00
8.244000000000e-01,-1.094925043261e+00,4.254748875204e+00,4.393375563438e+00,1.822672961883e+00,0.000000000000e+00
8.248000000000e-01,-1.129270656604e+00,4.388211855740e+00,4.531186986510e+00,1.822672961883e+00,0.000000000000e+00
8.252000000000e-01,-1.164056132134e+00,4.523384088576e+00,4.670763352123e+00,1.822672961883e+00,0.000000000000e+00
8.256000000000e-01,-1.199275976822e+00,4.660244228449e+00,4.812082619550e+00,1.822672961883e+00,0.000000000000e+00
8.260000000000e-01,-1.234924629047e+00,4.798770663558e+00,4.955122472840e+00,1.822672961883e+00,0.000000000000e+00
8.264000000000e-01,-1.270996459472e+00,4.938941518971e+00,5.099860324343e+00,1.822672961883e+00,0.000000000000e+00
8.268000000000e-01,-1.307485771937e+00,5.080734660087e+00,5.246273318274e+00,1.822672961883e+00,0.000000000000e+00
8.272000000000e-01,-1.344386804358e+00,5.224127696124e+00,5.394338334323e+00,1.822672961883e+00,0.000000000000e+00
8.276000000000e-01,-1.381693729633e+00,5.369097983660e+00,5.544031991309e+00,1.822672961883e+00,0.000000000000e+00
8.280000000000e-01,-1.419400656567e+00,5.515622630206e+00,5.695330650867e+00,1.822672961883e+00,0.000000000000e+00
8.284000000000e-01,-1.457501630798e+00,5.663678497822e+00,5.848210421186e+00,1.822672961883e+00,0.000000000000e+00
8.288000000000e-01,-1.495990635741e+00,5.813242206769e+00,6.002647160777e+00,1.822672961883e+00,0.000000000000e+00
8.292000000000e-01,-1.534861593536e+00,5.964290139204e+00,6.158616482289e+00,1.822672961883e+00,0.000000000000e+00
8.296000000000e-01,-1.574108366008e+00,6.116798442908e+00,6.316093756358e+00,1.822672961883e+00,0.000000000000e+00
8.300000000000e-01,-1.613724755637e+00,6.270743035052e+00,6.475054115497e+00,1.822672961883e+00,0.000000000000e+00
8.304000000000e-01,-1.653704506535e+00,6.426099606000e+00,6.635472458022e+00,1.822672961883e+00,0.000000000000e+00
8.308000000000e-01,-1.694041305437e+00,6.582843623148e+00,6.797323452018e+00,1.822672961883e+00,0.000000000000e+00
8.312000000000e-01,-1.734728782695e+00,6.740950334800e+00,6.960581539336e+00,1.822672961883e+00,0.000000000000e+00
8.316000000000e-01,-1.775760513283e+00,6.900394774072e+00,7.125220939632e+00,1.822672961883e+00,0.000000000000e+00
8.320000000000e-01,-1.817130017816e+00,7.061151762839e+00,7.291215654436e+00,1.822672961883e+00,0.000000000000e+00
8.324000000000e-01,-1.858830763570e+00,7.223195915710e+00,7.458539471258e+00,1.822672961883e+00,0.000000000000e+00
8.328000000000e-01,-1.900856165514e+00,7.386501644033e+00,7.627165967728e+00,1.822672961883e+00,0.000000000000e+00
8.332000000000e-01,-1.943199587349e+00,7.551043159942e+00,7.797068515768e+00,1.822672961883e+00,0.000000000000e+00
8.336000000000e-01,-1.985854342558e+00,7.716794480423e+00,7.968220285794e+00,1.822672961883e+00,0.000000000000e+00
8.340000000000e-01,-2.028813695461e+00,7.883729431422e+00,8.140594250960e+00,1.822672961883e+00,0.000000000000e+00
8.344000000000e-01,-2.072070862278e+00,8.051821651975e+00,8.314163191417e+00,1.822672961883e+00,0.000000000000e+00
8.348000000000e-01,-2.115619012202e+00,8.221044598371e+00,8.488899698618e+00,1.822672961883e+00,0.000000000000e+00
8.352000000000e-01,-2.159451268473e+00,8.391371548345e+00,8.664776179642e+00,1.822672961883e+00,0.000000000000e+00
8.356000000000e-01,-2.203560709472e+00,8.562775605299e+00,8.841764861555e+00,1.822672961883e+00,0.000000000000e+00
8.360000000000e-01,-2.247940369805e+00,8.735229702543e+00,9.019837795791e+00,1.822672961883e+00,0.000000000000e+00
8.364000000000e-01,-2.292583241411e+00,8.908706607577e+00,9.198966862571e+00,1.822672961883e+00,0.000000000000e+00
8.368000000000e-01,-2.337482274662e+00,9.083178926387e+00,9.379123775338e+00,1.822672961883e+00,0.000000000000e+00
8.372000000000e-01,-2.382630379479e+00,9.258619107771e+00,9.560280085228e+00,1.822672961883e+00,0.000000000000e+00
8.376000000000e-01,-2.428020426456e+00,9.434999447690e+00,9.742407185558e+00,1.822672961883e+00,0.000000000000e+00
8.380000000000e-01,-2.473645247975e+00,9.612292093645e+00,9.925476316348e+00,1.822672961883e+00,0.000000000000e+00
8.384000000000e-01,-2.519497639350e+00,9.790469049071e+00,1.010945856886e+01,1.822672961883e+00,0.000000000000e+00
8.388000000000e-01,-2.565570359956e+00,9.969502177761e+00,1.029432489017e+01,1.822672961883e+00,0.000000000000e+00
8.392000000000e-01,-2.611856134377e+00,1.014936320831e+01,1.048004608773e+01,1.822672961883e+00,0.000000000000e+00
8.396000000000e-01,-2.658347653552e+00,1.033002373857e+01,1.066659283401e+01,1.822672961883e+00,0.000000000000e+00
8.400000000000e-01,-2.705037575931e+00,1.051145524016e+01,1.085393567114e+01,1.822672961883e+00,0.000000000000e+00
8.404000000000e-01,-2.751918528634e+00,1.069362906294e+01,1.104204501548e+01,1.822672961883e+00,0.000000000000e+00
8.408000000000e-01,-2.798983108616e+00,1.087651643954e+01,1.123089116241e+01,1.822672961883e+00,0.000000000000e+00
8.412000000000e-01,-2.846223883834e+00,1.106008848994e+01,1.142044429093e+01,1.822672961883e+00,0.000000000000e+00
8.416000000000e-01,-2.893633394421e+00,1.124431622597e+01,1.161067446839e+01,1.822672961883e+00,0.000000000000e+00
8.420000000000e-01,-2.941204153867e+00,1.142917055595e+01,1.180155165525e+01,1.822672961883e+00,0.000000000000e+00
8.424000000000e-01,-2.988928650196e+00,1.161462228922e+01,1.199304570979e+01,1.822672961883e+00,0.000000000000e+00
8.428000000000e-01,-3.036799347159e+00,1.180064214082e+01,1.218512639288e+01,1.822672961883e+00,0.000000000000e+00
8.432000000000e-01,-3.084808685416e+00,1.198720073604e+01,1.237776337275e+01,1.822672961883e+00,0.000000000000e+00
8.436000000000e-01,-3.132949083737e+00,1.217426861513e+01,1.257092622979e+01,1.822672961883e+00,0.000000000000e+00
8.440000000000e-01,-3.181212940195e+00,1.236181623790e+01,1.276458446134e+01,1.822672961883e+00,0.000000000000e+00
8.444000000000e-01,-3.229592633367e+00,1.254981398841e+01,1.295870748652e+01,1.822672961883e+00,0.000000000000e+00
8.448000000000e-01,-3.278080523539e+00,1.273823217963e+01,1.315326465106e+01,1.822672961883e+00,0.000000000000e+00
8.452000000000e-01,-3.326668953911e+00,1.292704105814e+01,1.334822523213e+01,1.822672961883e+00,0.000000000000e+00
8.456000000000e-01,-3.375350251806e+00,1.311621080884e+01,1.354355844319e+01,1.822672961883e+00,0.000000000000e+00
8.460000000000e-01,-3.424116729884e+00,1.330571155962e+01,1.373923343887e+01,1.822672961883e+00,0.000000000000e+00
8.464000000000e-01,-3.472960687352e+00,1.349551338613e+01,1.393521931980e+01,1.822672961883e+00,0.000000000000e+00
8.468000000000e-01,-3.521874411183e+00,1.368558631645e+01,1.413148513756e+01,1.822672961883e+00,0.000000000000e+00
8.472000000000e-01,-3.570850177333e+00,1.387590033586e+01,1.432799989948e+01,1.822672961883e+00,0.000000000000e+00
8.476000000000e-01,-3.619880251961e+00,1.406642539158e+01,1.452473257362e+01,1.822672961883e+00,0.000000000000e+00
8.480000000000e-01,-3.668956892649e+00,1.425713139748e+01,1.472165209361e+01,1.822672961883e+00,0.000000000000e+00
8.484000000000e-01,-3.718072349628e+00,1.444798823889e+01,1.491872736356e+01,1.822672961883e+00,0.000000000000e+00
8.488000000000e-01,-3.767218866997e+00,1.463896577729e+01,1.511592726301e+01,1.822672961883e+00,0.000000000000e+00
8.492000000000e-01,-3.816388683951e+00,1.483003385512e+01,1.531322065180e+01,1.822672961883e+00,0.000000000000e+00
8.496000000000e-01,-3.865574036006e+00,1.502116230050e+01,1.551057637504e+01,1.822672961883e+00,0.000000000000e+00
8.500000000000e-01,-3.914767156225e+00,1.521232093205e+01,1.570796326795e+01,1.822672961883e+00,0.000000000000e+00
8.504000000000e-01,-3.963960276444e+00,1.540347956360e+01,1.590535016086e+01,1.822672961883e+00,0.000000000000e+00
8.508000000000e-01,-4.013145628500e+00,1.559460800899e+01,1.610270588409e+01,1.822672961883e+00,0.000000000000e+00
8.512000000000e-01,-4.062315445454e+00,1.578567608682e+01,1.629999927289e+01,1.822672961883e+00,0.000000000000e+00
8.516000000000e-01,-4.111461962822e+00,1.597665362522e+01,1.649719917234e+01,1.822672961883e+00,0.000000000000e+00
8.520000000000e-01,-4.160577419801e+00,1.616751046662e+01,1.669427444229e+01,1.822672961883e+00,0.000000000000e+00
8.524000000000e-01,-4.209654060489e+00,1.635821647253e+01,1.689119396227e+01,1.822672961883e+00,0.000000000000e+00
8.528000000000e-01,-4.258684135117e+00,1.654874152825e+01,1.708792663641e+01,1.822672961883e+00,0.000000000000e+00
8.532000000000e-01,-4.307659901267e+00,1.673905554766e+01,1.728444139834e+01,1.822672961883e+00,0.000000000000e+00
8.536000000000e-01,-4.356573625098e+00,1.692912847798e+01,1.748070721610e+01,1.822672961883e+00,0.000000000000e+00
8.540000000000e-01,-4.405417582566e+00,1.711893030449e+01,1.767669309703e+01,1.822672961883e+00,0.000000000000e+00
8.544000000000e-01,-4.454184060644e+00,1.730843105527e+01,1.787236809270e+01,1.822672961883e+00,0.000000000000e+00
8.548000000000e-01,-4.502865358540e+00,1.749760080596e+01,1.806770130376e+01,1.822672961883e+00,0.000000000000e+00
8.552000000000e-01,-4.551453788912e+00,1.768640968448e+01,1.826266188483e+01,1.822672961883e+00,0.000000000000e+00
8.556000000000e-01,-4.599941679084e+00,1.787482787569e+01,1.845721904938e+01,1.822672961883e+00,0.000000000000e+00
8.560000000000e-01,-4.648321372256e+00,1.806282562620e+01,1.865134207456e+01,1.822672961883e+00,0.000000000000e+00
8.564000000000e-01,-4.696585228713e+00,1.825037324897e+01,1.884500030611e+01,1.822672961883e+00,0.000000000000e+00
8.568000000000e-01,-4.744725627034e+00,1.843744112806e+01,1.903816316315e+01,1.822672961883e+00,0.000000000000e+00
8.572000000000e-01,-4.792734965291e+00,1.862399972329e+01,1.923080014302e+01,1.822672961883e+00,0.000000000000e+00
8.576000000000e-01,-4.840605662254e+00,1.881001957489e+01,1.942288082610e+01,1.822672961883e+00,0.000000000000e+00
8.580000000000e-01,-4.888330158583e+00,1.899547130816e+01,1.961437488064e+01,1.822672961883e+00,0.000000000000e+00
8.584000000000e-01,-4.935900918029e+00,1.918032563813e+01,1.980525206751e+01,1.822672961883e+00,0.000000000000e+00
8.588000000000e-01,-4.983310428616e+00,1.936455337417e+01,1.999548224497e+01,1.822672961883e+00,0.000000000000e+00
8.592000000000e-01,-5.030551203834e+00,1.954812542456e+01,2.018503537349e+01,1.822672961883e+00,0.000000000000e+00
8.596000000000e-01,-5.077615783816e+00,1.973101280117e+01,2.037388152041e+01,1.822672961883e+00,0.000000000000e+00
8.600000000000e-01,-5.124496736520e+00,1.991318662394e+01,2.056199086476e+01,1.822672961883e+00,0.000000000000e+00
8.604000000000e-01,-5.171186658899e+00,2.009461812553e+01,2.074933370188e+01,1.822672961883e+00,0.000000000000e+00
8.608000000000e-01,-5.217678178074e+00,2.027527865580e+01,2.093588044817e+01,1.822672961883e+00,0.000000000000e+00
8.612000000000e-01,-5.263963952494e+00,2.045513968634e+01,2.112160164573e+01,1.822672961883e+00,0.000000000000e+00
8.616000000000e-01,-5.310036673100e+00,2.063417281503e+01,2.130646796704e+01,1.822672961883e+00,0.000000000000e+00
8.620000000000e-01,-5.355889064475e+00,2.081234977046e+01,2.149045021955e+01,1.822672961883e+00,0.000000000000e+00
8.624000000000e-01,-5.401513885995e+00,2.098964241642e+01,2.167351935034e+01,1.822672961883e+00,0.000000000000e+00
8.628000000000e-01,-5.446903932971e+00,2.116602275633e+01,2.185564645067e+01,1.822672961883e+00,0.000000000000e+00
8.632000000000e-01,-5.492052037789e+00,2.134146293772e+01,2.203680276056e+01,1.822672961883e+00,0.000000000000e+00
8.636000000000e-01,-5.536951071039e+00,2.151593525653e+01,2.221695967333e+01,1.822672961883e+00,0.000000000000e+00
8.640000000000e-01,-5.581593942645e+00,2.168941216156e+01,2.239608874011e+01,1.822672961883e+00,0.000000000000e+00
8.644000000000e-01,-5.625973602978e+00,2.186186625881e+01,2.257416167434e+01,1.822672961883e+00,0.000000000000e+00
8.648000000000e-01,-5.670083043977e+00,2.203327031576e+01,2.275115035626e+01,1.822672961883e+00,0.000000000000e+00
8.652000000000e-01,-5.713915300249e+00,2.220359726574e+01,2.292702683728e+01,1.822672961883e+00,0.000000000000e+00
8.656000000000e-01,-5.757463450172e+00,2.237282021213e+01,2.310176334448e+01,1.822672961883e+00,0.000000000000e+00
8.660000000000e-01,-5.800720616989e+00,2.254091243268e+01,2.327533228494e+01,1.822672961883e+00,0.000000000000e+00
8.664000000000e-01,-5.843679969893e+00,2.270784738368e+01,2.344770625010e+01,1.822672961883e+00,0.000000000000e+00
8.668000000000e-01,-5.886334725102e+00,2.287359870416e+01,2.361885802013e+01,1.822672961883e+00,0.000000000000e+00
8.672000000000e-01,-5.928678146937e+00,2.303814022007e+01,2.378876056817e+01,1.822672961883e+00,0.000000000000e+00
8.676000000000e-01,-5.970703548880e+00,2.320144594840e+01,2.395738706464e+01,1.822672961883e+00,0.000000000000e+00
8.680000000000e-01,-6.012404294634e+00,2.336349010127e+01,2.412471088146e+01,1.822672961883e+00,0.000000000000e+00
8.684000000000e-01,-6.053773799168e+00,2.352424709003e+01,2.429070559627e+01,1.822672961883e+00,0.000000000000e+00
8.688000000000e-01,-6.094805529756e+00,2.368369152931e+01,2.445534499656e+01,1.822672961883e+00,0.000000000000e+00
8.692000000000e-01,-6.135493007013e+00,2.384179824096e+01,2.461860308388e+01,1.822672961883e+00,0.000000000000e+00
8.696000000000e-01,-6.175829805915e+00,2.399854225811e+01,2.478045407788e+01,1.822672961883e+00,0.000000000000e+00
8.700000000000e-01,-6.215809556813e+00,2.415389882905e+01,2.494087242040e+01,1.822672961883e+00,0.000000000000e+00
8.704000000000e-01,-6.255425946442e+00,2.430784342120e+01,2.509983277954e+01,1.822672961883e+00,0.000000000000e+00
8.708000000000e-01,-6.294672718914e+00,2.446035172490e+01,2.525731005361e+01,1.822672961883e+00,0.000000000000e+00
8.712000000000e-01,-6.333543676709e+00,2.461139965734e+01,2.541327937512e+01,1.822672961883e+00,0.000000000000e+00
8.716000000000e-01,-6.372032681652e+00,2.476096336628e+01,2.556771611471e+01,1.822672961883e+00,0.000000000000e+00
8.720000000000e-01,-6.410133655883e+00,2.490901923390e+01,2.572059588503e+01,1.822672961883e+00,0.000000000000e+00
8.724000000000e-01,-6.447840582817e+00,2.505554388045e+01,2.587189454459e+01,1.822672961883e+00,0.000000000000e+00
8.728000000000e-01,-6.485147508092e+00,2.520051416798e+01,2.602158820157e+01,1.822672961883e+00,0.000000000000e+00
8.732000000000e-01,-6.522048540513e+00,2.534390720402e+01,2.616965321762e+01,1.822672961883e+00,0.000000000000e+00
8.736000000000e-01,-6.558537852979e+00,2.548570034513e+01,2.631606621155e+01,1.822672961883e+00,0.000000000000e+00
8.740000000000e-01,-6.594609683404e+00,2.562587120055e+01,2.646080406306e+01,1.822672961883e+00,0.000000000000e+00
8.744000000000e-01,-6.630258335628e+00,2.576439763566e+01,2.660384391635e+01,1.822672961883e+00,0.000000000000e+00
8.748000000000e-01,-6.665478180316e+00,2.590125777553e+01,2.674516318377e+01,1.822672961883e+00,0.000000000000e+00
8.752000000000e-01,-6.700263655846e+00,2.603643000837e+01,2.688473954939e+01,1.822672961883e+00,0.000000000000e+00
8.756000000000e-01,-6.734609269189e+00,2.616989298890e+01,2.702255097246e+01,1.822672961883e+00,0.000000000000e+00
8.760000000000e-01,-6.768509596773e+00,2.630162564179e+01,2.715857569097e+01,1.822672961883e+00,0.000000000000e+00
8.764000000000e-01,-6.801959285344e+00,2.643160716490e+01,2.729279222504e+01,1.822672961883e+00,0.000000000000e+00
8.768000000000e-01,-6.834953052809e+00,2.655981703267e+01,2.742517938032e+01,1.822672961883e+00,0.000000000000e+00
8.772000000000e-01,-6.867485689068e+00,2.668623499925e+01,2.755571625135e+01,1.822672961883e+00,0.000000000000e+00
8.776000000000e-01,-6.899552056843e+00,2.681084110180e+01,2.768438222484e+01,1.822672961883e+00,0.000000000000e+00
8.780000000000e-01,-6.931147092480e+00,2.693361566355e+01,2.781115698294e+01,1.822672961883e+00,0.000000000000e+00
8.784000000000e-01,-6.962265806759e+00,2.705453929700e+01,2.793602050645e+01,1.822672961883e+00,0.000000000000e+00
8.788000000000e-01,-6.992903285673e+00,2.717359290688e+01,2.805895307796e+01,1.822672961883e+00,0.000000000000e+00
8.792000000000e-01,-7.023054691210e+00,2.729075769325e+01,2.817993528501e+01,1.822672961883e+00,0.000000000000e+00
8.796000000000e-01,-7.052715262112e+00,2.740601515445e+01,2.829894802310e+01,1.822672961883e+00,0.000000000000e+00
8.800000000000e-01,-7.081880314632e+00,2.751934708997e+01,2.841597249874e+01,1.822672961883e+00,0.000000000000e+00
8.804000000000e-01,-7.110545243270e+00,2.763073560339e+01,2.853099023240e+01,1.822672961883e+00,0.000000000000e+00
8.808000000000e-01,-7.138705521502e+00,2.774016310518e+01,2.864398306145e+01,1.822672961883e+00,0.000000000000e+00
8.812000000000e-01,-7.166356702492e+00,2.784761231547e+01,2.875493314303e+01,1.822672961883e+00,0.000000000000e+00
8.816000000000e-01,-7.193494419800e+00,2.795306626677e+01,2.886382295681e+01,1.822672961883e+00,0.000000000000e+00
8.820000000000e-01,-7.220114388064e+00,2.805650830668e+01,2.897063530784e+01,1.822672961883e+00,0.000000000000e+00
8.824000000000e-01,-7.246212403684e+00,2.815792210052e+01,2.907535332921e+01,1.822672961883e+00,0.000000000000e+00
8.828000000000e-01,-7.271784345480e+00,2.825729163386e+01,2.917796048473e+01,1.822672961883e+00,0.000000000000e+00
8.832000000000e-01,-7.296826175345e+00,2.835460121511e+01,2.927844057153e+01,1.822672961883e+00,0.000000000000e+00
8.836000000000e-01,-7.321333938886e+00,2.844983547794e+01,2.937677772266e+01,1.822672961883e+00,0.000000000000e+00
8.840000000000e-01,-7.345303766042e+00,2.854297938378e+01,2.947295640954e+01,1.822672961883e+00,0.000000000000e+00
8.844000000000e-01,-7.368731871698e+00,2.863401822412e+01,2.956696144442e+01,1.822672961883e+00,0.000000000000e+00
8.848000000000e-01,-7.391614556287e+00,2.872293762286e+01,2.965877798284e+01,1.822672961883e+00,0.000000000000e+00
8.852000000000e-01,-7.413948206366e+00,2.880972353861e+01,2.974839152589e+01,1.822672961883e+00,0.000000000000e+00
8.856000000000e-01,-7.435729295194e+00,2.889436226685e+01,2.983578792255e+01,1.822672961883e+00,0.000000000000e+00
8.860000000000e-01,-7.456954383283e+00,2.897684044217e+01,2.992095337193e+01,1.822672961883e+00,0.000000000000e+00
8.864000000000e-01,-7.477620118947e+00,2.905714504029e+01,3.000387442541e+01,1.822672961883e+00,0.000000000000e+00
8.868000000000e-01,-7.497723238827e+00,2.913526338019e+01,3.008453798879e+01,1.822672961883e+00,0.000000000000e+00
8.872000000000e-01,-7.517260568405e+00,2.921118312608e+01,3.016293132437e+01,1.822672961883e+00,0.000000000000e+00
8.876000000000e-01,-7.536229022513e+00,2.928489228935e+01,3.023904205292e+01,1.822672961883e+00,0.000000000000e+00
8.880000000000e-01,-7.554625605811e+00,2.935637923046e+01,3.031285815568e+01,1.822672961883e+00,0.000000000000e+00
8.884000000000e-01,-7.572447413265e+00,2.942563266081e+01,3.038436797624e+01,1.822672961883e+00,0.000000000000e+00
8.888000000000e-01,-7.589691630605e+00,2.949264164447e+01,3.045356022236e+01,1.822672961883e+00,0.000000000000e+00
8.892000000000e-01,-7.606355534770e+00,2.955739559994e+01,3.052042396778e+01,1.822672961883e+00,0.000000000000e+00
8.896000000000e-01,-7.622436494335e+00,2.961988430184e+01,3.058494865394e+01,1.822672961883e+00,0.000000000000e+00
8.900000000000e-01,-7.637931969931e+00,2.968009788245e+01,3.064712409166e+01,1.822672961883e+00,0.000000000000e+00
8.904000000000e-01,-7.652839514643e+00,2.973802683338e+01,3.070694046270e+01,1.822672961883e+00,0.000000000000e+00
8.908000000000e-01,-7.667156774397e+00,2.979366200695e+01,3.076438832136e+01,1.822672961883e+00,0.000000000000e+00
8.912000000000e-01,-7.680881488330e+00,2.984699461774e+01,3.081945859597e+01,1.822672961883e+00,0.000000000000e+00
8.916000000000e-01,-7.694011489152e+00,2.989801624390e+01,3.087214259029e+01,1.822672961883e+00,0.000000000000e+00
8.920000000000e-01,-7.706544703484e+00,2.994671882852e+01,3.092243198491e+01,1.822672961883e+00,0.000000000000e+00
8.924000000000e-01,-7.718479152186e+00,2.999309468092e+01,3.097031883855e+01,1.822672961883e+00,0.000000000000e+00
8.928000000000e-01,-7.729812950669e+00,3.003713647779e+01,3.101579558931e+01,1.822672961883e+00,0.000000000000e+00
8.932000000000e-01,-7.740544309196e+00,3.007883726444e+01,3.105885505590e+01,1.822672961883e+00,0.000000000000e+00
8.936000000000e-01,-7.750671533160e+00,3.011819045582e+01,3.109949043871e+01,1.822672961883e+00,0.000000000000e+00
8.940000000000e-01,-7.760193023357e+00,3.015518983760e+01,3.113769532097e+01,1.822672961883e+00,0.000000000000e+00
8.944000000000e-01,-7.769107276231e+00,3.018982956716e+01,3.117346366967e+01,1.822672961883e+00,0.000000000000e+00
8.948000000000e-01,-7.777412884119e+00,3.022210417449e+01,3.120678983657e+01,1.822672961883e+00,0.000000000000e+00
8.952000000000e-01,-7.785108535470e+00,3.025200856304e+01,3.123766855909e+01,1.822672961883e+00,0.000000000000e+00
8.956000000000e-01,-7.792193015050e+00,3.027953801057e+01,3.126609496111e+01,1.822672961883e+00,0.000000000000e+00
8.960000000000e-01,-7.798665204139e+00,3.030468816986e+01,3.129206455379e+01,1.822672961883e+00,0.000000000000e+00
8.964000000000e-01,-7.804524080703e+00,3.032745506940e+01,3.131557323622e+01,1.822672961883e+00,0.000000000000e+00
8.968000000000e-01,-7.809768719556e+00,3.034783511404e+01,3.133661729610e+01,1.822672961883e+00,0.000000000000e+00
8.972000000000e-01,-7.814398292511e+00,3.036582508554e+01,3.135519341034e+01,1.822672961883e+00,0.000000000000e+00
8.976000000000e-01,-7.818412068503e+00,3.038142214307e+01,3.137129864555e+01,1.822672961883e+00,0.000000000000e+00
8.980000000000e-01,-7.821809413711e+00,3.039462382367e+01,3.138493045853e+01,1.822672961883e+00,0.000000000000e+00
8.984000000000e-01,-7.824589791655e+00,3.040542804265e+01,3.139608669666e+01,1.822672961883e+00,0.000000000000e+00
8.988000000000e-01,-7.826752763280e+00,3.041383309388e+01,3.140476559824e+01,1.822672961883e+00,0.000000000000e+00
8.992000000000e-01,-7.828297987029e+00,3.041983765013e+01,3.141096579276e+01,1.822672961883e+00,0.000000000000e+00
8.996000000000e-01,-7.829225218893e+00,3.042344076319e+01,3.141468630115e+01,1.822672961883e+00,0.000000000000e+00
9.000000000000e-01,-7.829534312450e+00,3.042464186411e+01,3.141592653590e+01,1.822672961883e+00,0.000000000000e+00
9.004000000000e-01,-7.829225218893e+00,3.042344076319e+01,3.141468630115e+01,1.822672961883e+00,0.000000000000e+00
9.008000000000e-01,-7.828297987029e+00,3.041983765013e+01,3.141096579276e+01,1.822672961883e+00,0.000000000000e+00
9.012000000000e-01,-7.826752763280e+00,3.041383309388e+01,3.140476559824e+01,1.822672961883e+00,0.000000000000e+00
9.016000000000e-01,-7.824589791655e+00,3.040542804265e+01,3.139608669666e+01,1.822672961883e+00,0.000000000000e+00
9.020000000000e-01,-7.821809413711e+00,3.039462382367e+01,3.138493045853e+01,1.822672961883e+00,0.000000000000e+00
9.024000000000e-01,-7.818412068503e+00,3.038142214307e+01,3.137129864555e+01,1.822672961883e+00,0.000000000000e+00
9.028000000000e-01,-7.814398292511e+00,3.036582508554e+01,3.135519341034e+01,1.822672961883e+00,0.000000000000e+00
9.032000000000e-01,-7.809768719556e+00,3.034783511404e+01,3.133661729610e+01,1.822672961883e+00,0.000000000000e+00
9.036000000000e-01,-7.804524080703e+00,3.032745506940e+01,3.131557323622e+01,1.822672961883e+00,0.000000000000e+00
9.040000000000e-01,-7.798665204139e+00,3.030468816986e+01,3.129206455379e+01,1.822672961883e+00,0.000000000000e+00
9.044000000000e-01,-7.792193015050e+00,3.027953801057e+01,3.126609496111e+01,1.822672961883e+00,0.000000000000e+00
9.048000000000e-01,-7.785108535470e+00,3.025200856304e+01,3.123766855909e+01,1.822672961883e+00,0.000000000000e+00
9.052000000000e-01,-7.777412884119e+00,3.022210417449e+01,3.120678983657e+01,1.822672961883e+00,0.000000000000e+00
9.056000000000e-01,-7.769107276231e+00,3.018982956716e+01,3.117346366967e+01,1.822672961883e+00,0.000000000000e+00
9.060000000000e-01,-7.760193023357e+00,3.015518983760e+01,3.113769532097e+01,1.822672961883e+00,0.000000000000e+00
9.064000000000e-01,-7.750671533160e+00,3.011819045582e+01,3.109949043871e+01,1.822672961883e+00,0.000000000000e+00
9.068000000000e-01,-7.740544309196e+00,3.007883726444e+01,3.105885505590e+01,1.822672961883e+00,0.000000000000e+00
9.072000000000e-01,-7.729812950669e+00,3.003713647779e+01,3.101579558931e+01,1.822672961883e+00,0.000000000000e+00
9.076000000000e-01,-7.718479152186e+00,2.999309468092e+01,3.097031883855e+01,1.822672961883e+00,0.000000000000e+00
9.080000000000e-01,-7.706544703484e+00,2.994671882852e+01,3.092243198491e+01,1.822672961883e+00,0.000000000000e+00
9.084000000000e-01,-7.694011489152e+00,2.989801624390e+01,3.087214259029e+01,1.822672961883e+00,0.000000000000e+00
9.088000000000e-01,-7.680881488330e+00,2.984699461774e+01,3.081945859597e+01,1.822672961883e+00,0.000000000000e+00
9.092000000000e-01,-7.667156774397e+00,2.979366200695e+01,3.076438832136e+01,1.822672961883e+00,0.000000000000e+00
9.096000000000e-01,-7.652839514643e+00,2.973802683338e+01,3.070694046270e+01,1.822672961883e+00,0.000000000000e+00
9.100000000000e-01,-7.637931969931e+00,2.968009788245e+01,3.064712409166e+01,1.822672961883e+00,0.000000000000e+00
9.104000000000e-01,-7.622436494335e+00,2.961988430184e+01,3.058494865394e+01,1.822672961883e+00,0.000000000000e+00
9.108000000000e-01,-7.606355534770e+00,2.955739559994e+01,3.052042396778e+01,1.822672961883e+00,0.000000000000e+00
9.112000000000e-01,-7.589691630605e+00,2.949264164447e+01,3.045356022236e+01,1.822672961883e+00,0.000000000000e+00
9.116000000000e-01,-7.572447413265e+00,2.942563266081e+01,3.038436797624e+01,1.822672961883e+00,0.000000000000e+00
9.120000000000e-01,-7.554625605811e+00,2.935637923046e+01,3.031285815568e+01,1.822672961883e+00,0.000000000000e+00
9.124000000000e-01,-7.536229022513e+00,2.928489228935e+01,3.023904205292e+01,1.822672961883e+00,0.000000000000e+00
9.128000000000e-01,-7.517260568405e+00,2.921118312608e+01,3.016293132437e+01,1.822672961883e+00,0.000000000000e+00
9.132000000000e-01,-7.497723238827e+00,2.913526338019e+01,3.008453798879e+01,1.822672961883e+00,0.000000000000e+00
9.136000000000e-01,-7.477620118947e+00,2.905714504029e+01,3.000387442541e+01,1.822672961883e+00,0.000000000000e+00
9.140000000000e-01,-7.456954383283e+00,2.897684044217e+01,2.992095337193e+01,1.822672961883e+00,0.000000000000e+00
9.144000000000e-01,-7.435729295194e+00,2.889436226685e+01,2.983578792255e+01,1.822672961883e+00,0.000000000000e+00
9.148000000000e-01,-7.413948206366e+00,2.880972353861e+01,2.974839152589e+01,1.822672961883e+00,0.000000000000e+00
9.152000000000e-01,-7.391614556287e+00,2.872293762286e+01,2.965877798284e+01,1.822672961883e+00,0.000000000000e+00
9.156000000000e-01,-7.368731871698e+00,2.863401822412e+01,2.956696144442e+01,1.822672961883e+00,0.000000000000e+00
9.160000000000e-01,-7.345303766042e+00,2.854297938378e+01,2.947295640954e+01,1.822672961883e+00,0.000000000000e+00
9.164000000000e-01,-7.321333938886e+00,2.844983547794e+01,2.937677772266e+01,1.822672961883e+00,0.000000000000e+00
9.168000000000e-01,-7.296826175345e+00,2.835460121511e+01,2.927844057153e+01,1.822672961883e+00,0.000000000000e+00
9.172000000000e-01,-7.271784345480e+00,2.825729163386e+01,2.917796048473e+01,1.822672961883e+00,0.000000000000e+00
9.176000000000e-01,-7.246212403684e+00,2.815792210052e+01,2.907535332921e+01,1.822672961883e+00,0.000000000000e+00
9.180000000000e-01,-7.220114388064e+00,2.805650830668e+01,2.897063530784e+01,1.822672961883e+00,0.000000000000e+00
9.184000000000e-01,-7.193494419800e+00,2.795306626677e+01,2.886382295681e+01,1.822672961883e+00,0.000000000000e+00
9.188000000000e-01,-7.166356702492e+00,2.784761231547e+01,2.875493314303e+01,1.822672961883e+00,0.000000000000e+00
9.192000000000e-01,-7.138705521502e+00,2.774016310518e+01,2.864398306145e+01,1.822672961883e+00,0.000000000000e+00
9.196000000000e-01,-7.110545243270e+00,2.763073560339e+01,2.853099023240e+01,1.822672961883e+00,0.000000000000e+00
9.200000000000e-01,-7.081880314632e+00,2.751934708997e+01,2.841597249874e+01,1.822672961883e+00,0.000000000000e+00
9.204000000000e-01,-7.052715262112e+00,2.740601515445e+01,2.829894802310e+01,1.822672961883e+00,0.000000000000e+00
9.208000000000e-01,-7.023054691210e+00,2.729075769325e+01,2.817993528501e+01,1.822672961883e+00,0.000000000000e+00
9.212000000000e-01,-6.992903285673e+00,2.717359290688e+01,2.805895307796e+01,1.822672961883e+00,0.000000000000e+00
9.216000000000e-01,-6.962265806759e+00,2.705453929699e+01,2.793602050645e+01,1.822672961883e+00,0.000000000000e+00
9.220000000000e-01,-6.931147092480e+00,2.693361566355e+01,2.781115698294e+01,1.822672961883e+00,0.000000000000e+00
9.224000000000e-01,-6.899552056843e+00,2.681084110180e+01,2.768438222484e+01,1.822672961883e+00,0.000000000000e+00
9.228000000000e-01,-6.867485689068e+00,2.668623499925e+01,2.755571625135e+01,1.822672961883e+00,0.000000000000e+00
9.232000000000e-01,-6.834953052809e+00,2.655981703267e+01,2.742517938032e+01,1.822672961883e+00,0.000000000000e+00
9.236000000000e-01,-6.801959285344e+00,2.643160716490e+01,2.729279222504e+01,1.822672961883e+00,0.000000000000e+00
9.240000000000e-01,-6.768509596773e+00,2.630162564179e+01,2.715857569097e+01,1.822672961883e+00,0.000000000000e+00
9.244000000000e-01,-6.734609269189e+00,2.616989298890e+01,2.702255097246e+01,1.822672961883e+00,0.000000000000e+00
9.248000000000e-01,-6.700263655846e+00,2.603643000837e+01,2.688473954939e+01,1.822672961883e+00,0.000000000000e+00
9.252000000000e-01,-6.665478180316e+00,2.590125777553e+01,2.674516318377e+01,1.822672961883e+00,0.000000000000e+00
9.256000000000e-01,-6.630258335628e+00,2.576439763566e+01,2.660384391635e+01,1.822672961883e+00,0.000000000000e+00
9.260000000000e-01,-6.594609683404e+00,2.562587120055e+01,2.646080406306e+01,1.822672961883e+00,0.000000000000e+00
9.264000000000e-01,-6.558537852979e+00,2.548570034513e+01,2.631606621155e+01,1.822672961883e+00,0.000000000000e+00
9.268000000000e-01,-6.522048540513e+00,2.534390720402e+01,2.616965321762e+01,1.822672961883e+00,0.000000000000e+00
9.272000000000e-01,-6.485147508092e+00,2.520051416798e+01,2.602158820157e+01,1.822672961883e+00,0.000000000000e+00
9.276000000000e-01,-6.447840582817e+00,2.505554388045e+01,2.587189454459e+01,1.822672961883e+00,0.000000000000e+00
9.280000000000e-01,-6.410133655883e+00,2.490901923390e+01,2.572059588503e+01,1.822672961883e+00,0.000000000000e+00
9.284000000000e-01,-6.372032681652e+00,2.476096336628e+01,2.556771611471e+01,1.822672961883e+00,0.000000000000e+00
9.288000000000e-01,-6.333543676709e+00,2.461139965734e+01,2.541327937512e+01,1.822672961883e+00,0.000000000000e+00
9.292000000000e-01,-6.294672718914e+00,2.446035172490e+01,2.525731005361e+01,1.822672961883e+00,0.000000000000e+00
9.296000000000e-01,-6.255425946442e+00,2.430784342120e+01,2.509983277954e+01,1.822672961883e+00,0.000000000000e+00
9.300000000000e-01,-6.215809556813e+00,2.415389882905e+01,2.494087242040e+01,1.822672961883e+00,0.000000000000e+00
9.304000000000e-01,-6.175829805915e+00,2.399854225811e+01,2.478045407788e+01,1.822672961883e+00,0.000000000000e+00
9.308000000000e-01,-6.135493007013e+00,2.384179824096e+01,2.461860308388e+01,1.822672961883e+00,0.000000000000e+00
9.312000000000e-01,-6.094805529756e+00,2.368369152931e+01,2.445534499656e+01,1.822672961883e+00,0.000000000000e+00
9.316000000000e-01,-6.053773799168e+00,2.352424709003e+01,2.429070559627e+01,1.822672961883e+00,0.000000000000e+00
9.320000000000e-01,-6.012404294634e+00,2.336349010127e+01,2.412471088146e+01,1.822672961883e+00,0.000000000000e+00
9.324000000000e-01,-5.970703548880e+00,2.320144594840e+01,2.395738706464e+01,1.822672961883e+00,0.000000000000e+00
9.328000000000e-01,-5.928678146937e+00,2.303814022007e+01,2.378876056817e+01,1.822672961883e+00,0.000000000000e+00
9.332000000000e-01,-5.886334725102e+00,2.287359870416e+01,2.361885802013e+01,1.822672961883e+00,0.000000000000e+00
9.336000000000e-01,-5.843679969893e+00,2.270784738368e+01,2.344770625010e+01,1.822672961883e+00,0.000000000000e+00
9.340000000000e-01,-5.800720616989e+00,2.254091243268e+01,2.327533228494e+01,1.822672961883e+00,0.000000000000e+00
9.344000000000e-01,-5.757463450172e+00,2.237282021213e+01,2.310176334448e+01,1.822672961883e+00,0.000000000000e+00
9.348000000000e-01,-5.713915300249e+00,2.220359726574e+01,2.292702683728e+01,1.822672961883e+00,0.000000000000e+00
9.352000000000e-01,-5.670083043977e+00,2.203327031576e+01,2.275115035626e+01,1.822672961883e+00,0.000000000000e+00
9.356000000000e-01,-5.625973602978e+00,2.186186625881e+01,2.257416167434e+01,1.822672961883e+00,0.000000000000e+00
9.360000000000e-01,-5.581593942645e+00,2.168941216156e+01,2.239608874011e+01,1.822672961883e+00,0.000000000000e+00
9.364000000000e-01,-5.536951071039e+00,2.151593525653e+01,2.221695967333e+01,1.822672961883e+00,0.000000000000e+00
9.368000000000e-01,-5.492052037789e+00,2.134146293772e+01,2.203680276056e+01,1.822672961883e+00,0.000000000000e+00
9.372000000000e-01,-5.446903932971e+00,2.116602275633e+01,2.185564645067e+01,1.822672961883e+00,0.000000000000e+00
9.376000000000e-01,-5.401513885995e+00,2.098964241642e+01,2.167351935034e+01,1.822672961883e+00,0.000000000000e+00
9.380000000000e-01,-5.355889064475e+00,2.081234977046e+01,2.149045021955e+01,1.822672961883e+00,0.000000000000e+00
9.384000000000e-01,-5.310036673100e+00,2.063417281503e+01,2.130646796704e+01,1.822672961883e+00,0.000000000000e+00
9.388000000000e-01,-5.263963952494e+00,2.045513968634e+01,2.112160164573e+01,1.822672961883e+00,0.000000000000e+00
9.392000000000e-01,-5.217678178074e+00,2.027527865580e+01,2.093588044817e+01,1.822672961883e+00,0.000000000000e+00
9.396000000000e-01,-5.171186658899e+00,2.009461812553e+01,2.074933370188e+01,1.822672961883e+00,0.000000000000e+00
9.400000000000e-01,-5.124496736520e+00,1.991318662394e+01,2.056199086476e+01,1.822672961883e+00,0.000000000000e+00
9.404000000000e-01,-5.077615783816e+00,1.973101280117e+01,2.037388152041e+01,1.822672961883e+00,0.000000000000e+00
9.408000000000e-01,-5.030551203834e+00,1.954812542456e+01,2.018503537349e+01,1.822672961883e+00,0.000000000000e+00
9.412000000000e-01,-4.983310428616e+00,1.936455337417e+01,1.999548224497e+01,1.822672961883e+00,0.000000000000e+00
9.416000000000e-01,-4.935900918029e+00,1.918032563813e+01,1.980525206751e+01,1.822672961883e+00,0.000000000000e+00
9.420000000000e-01,-4.888330158583e+00,1.899547130816e+01,1.961437488064e+01,1.822672961883e+00,0.000000000000e+00
9.424000000000e-01,-4.840605662254e+00,1.881001957489e+01,1.942288082610e+01,1.822672961883e+00,0.000000000000e+00
9.428000000000e-01,-4.792734965291e+00,1.862399972329e+01,1.923080014302e+01,1.822672961883e+00,0.000000000000e+00
9.432000000000e-01,-4.744725627034e+00,1.843744112806e+01,1.903816316315e+01,1.822672961883e+00,0.000000000000e+00
9.436000000000e-01,-4.696585228713e+00,1.825037324897e+01,1.884500030611e+01,1.822672961883e+00,0.000000000000e+00
9.440000000000e-01,-4.648321372256e+00,1.806282562620e+01,1.865134207456e+01,1.822672961883e+00,0.000000000000e+00
9.444000000000e-01,-4.599941679084e+00,1.787482787569e+01,1.845721904938e+01,1.822672961883e+00,0.000000000000e+00
9.448000000000e-01,-4.551453788912e+00,1.768640968448e+01,1.826266188483e+01,1.822672961883e+00,0.000000000000e+00
9.452000000000e-01,-4.502865358540e+00,1.749760080596e+01,1.806770130376e+01,1.822672961883e+00,0.000000000000e+00
9.456000000000e-01,-4.454184060644e+00,1.730843105527e+01,1.787236809270e+01,1.822672961883e+00,0.000000000000e+00
9.460000000000e-01,-4.405417582566e+00,1.711893030449e+01,1.767669309703e+01,1.822672961883e+00,0.000000000000e+00
9.464000000000e-01,-4.356573625098e+00,1.692912847798e+01,1.748070721610e+01,1.822672961883e+00,0.000000000000e+00
9.468000000000e-01,-4.307659901267e+00,1.673905554766e+01,1.728444139834e+01,1.822672961883e+00,0.000000000000e+00
9.472000000000e-01,-4.258684135117e+00,1.654874152825e+01,1.708792663641e+01,1.822672961883e+00,0.000000000000e+00
9.476000000000e-01,-4.209654060489e+00,1.635821647253e+01,1.689119396227e+01,1.822672961883e+00,0.000000000000e+00
9.480000000000e-01,-4.160577419801e+00,1.616751046662e+01,1.669427444229e+01,1.822672961883e+00,0.000000000000e+00
9.484000000000e-01,-4.111461962822e+00,1.597665362522e+01,1.649719917234e+01,1.822672961883e+00,0.000000000000e+00
9.488000000000e-01,-4.062315445454e+00,1.578567608682e+01,1.629999927289e+01,1.822672961883e+00,0.000000000000e+00
9.492000000000e-01,-4.013145628500e+00,1.559460800899e+01,1.610270588409e+01,1.822672961883e+00,0.000000000000e+00
9.496000000000e-01,-3.963960276444e+00,1.540347956360e+01,1.590535016086e+01,1.822672961883e+00,0.000000000000e+00
9.500000000000e-01,-3.914767156225e+00,1.521232093205e+01,1.570796326795e+01,1.822672961883e+00,0.000000000000e+00
9.504000000000e-01,-3.865574036006e+00,1.502116230050e+01,1.551057637504e+01,1.822672961883e+00,0.000000000000e+00
9.508000000000e-01,-3.816388683951e+00,1.483003385512e+01,1.531322065180e+01,1.822672961883e+00,0.000000000000e+00
9.512000000000e-01,-3.767218866997e+00,1.463896577729e+01,1.511592726301e+01,1.822672961883e+00,0.000000000000e+00
9.516000000000e-01,-3.718072349628e+00,1.444798823889e+01,1.491872736356e+01,1.822672961883e+00,0.000000000000e+00
9.520000000000e-01,-3.668956892649e+00,1.425713139748e+01,1.472165209361e+01,1.822672961883e+00,0.000000000000e+00
9.524000000000e-01,-3.619880251961e+00,1.406642539158e+01,1.452473257362e+01,1.822672961883e+00,0.000000000000e+00
9.528000000000e-01,-3.570850177333e+00,1.387590033586e+01,1.432799989948e+01,1.822672961883e+00,0.000000000000e+00
9.532000000000e-01,-3.521874411183e+00,1.368558631645e+01,1.413148513756e+01,1.822672961883e+00,0.000000000000e+00
9.536000000000e-01,-3.472960687352e+00,1.349551338613e+01,1.393521931980e+01,1.822672961883e+00,0.000000000000e+00
9.540000000000e-01,-3.424116729884e+00,1.330571155962e+01,1.373923343887e+01,1.822672961883e+00,0.000000000000e+00
9.544000000000e-01,-3.375350251806e+00,1.311621080884e+01,1.354355844319e+01,1.822672961883e+00,0.000000000000e+00
9.548000000000e-01,-3.326668953911e+00,1.292704105814e+01,1.334822523213e+01,1.822672961883e+00,0.000000000000e+00
9.552000000000e-01,-3.278080523539e+00,1.273823217963e+01,1.315326465106e+01,1.822672961883e+00,0.000000000000e+00
9.556000000000e-01,-3.229592633367e+00,1.254981398841e+01,1.295870748652e+01,1.822672961883e+00,0.000000000000e+00
9.560000000000e-01,-3.181212940195e+00,1.236181623790e+01,1.276458446134e+01,1.822672961883e+00,0.000000000000e+00
9.564000000000e-01,-3.132949083737e+00,1.217426861513e+01,1.257092622979e+01,1.822672961883e+00,0.000000000000e+00
9.568000000000e-01,-3.084808685416e+00,1.198720073604e+01,1.237776337275e+01,1.822672961883e+00,0.000000000000e+00
9.572000000000e-01,-3.036799347159e+00,1.180064214082e+01,1.218512639288e+01,1.822672961883e+00,0.000000000000e+00
9.576000000000e-01,-2.988928650196e+00,1.161462228922e+01,1.199304570979e+01,1.822672961883e+00,0.000000000000e+00
9.580000000000e-01,-2.941204153867e+00,1.142917055595e+01,1.180155165525e+01,1.822672961883e+00,0.000000000000e+00
9.584000000000e-01,-2.893633394421e+00,1.124431622597e+01,1.161067446839e+01,1.822672961883e+00,0.000000000000e+00
9.588000000000e-01,-2.846223883834e+00,1.106008848994e+01,1.142044429093e+01,1.822672961883e+00,0.000000000000e+00
9.592000000000e-01,-2.798983108616e+00,1.087651643954e+01,1.123089116241e+01,1.822672961883e+00,0.000000000000e+00
9.596000000000e-01,-2.751918528634e+00,1.069362906294e+01,1.104204501548e+01,1.822672961883e+00,0.000000000000e+00
9.600000000000e-01,-2.705037575931e+00,1.051145524016e+01,1.085393567114e+01,1.822672961883e+00,0.000000000000e+00
9.604000000000e-01,-2.658347653552e+00,1.033002373857e+01,1.066659283401e+01,1.822672961883e+00,0.000000000000e+00
9.608000000000e-01,-2.611856134377e+00,1.014936320831e+01,1.048004608773e+01,1.822672961883e+00,0.000000000000e+00
9.612000000000e-01,-2.565570359956e+00,9.969502177761e+00,1.029432489017e+01,1.822672961883e+00,0.000000000000e+00
9.616000000000e-01,-2.519497639350e+00,9.790469049071e+00,1.010945856886e+01,1.822672961883e+00,0.000000000000e+00
9.620000000000e-01,-2.473645247975e+00,9.612292093645e+00,9.925476316348e+00,1.822672961883e+00,0.000000000000e+00
9.624000000000e-01,-2.428020426456e+00,9.434999447690e+00,9.742407185558e+00,1.822672961883e+00,0.000000000000e+00
9.628000000000e-01,-2.382630379479e+00,9.258619107771e+00,9.560280085228e+00,1.822672961883e+00,0.000000000000e+00
9.632000000000e-01,-2.337482274662e+00,9.083178926387e+00,9.379123775339e+00,1.822672961883e+00,0.000000000000e+00
9.636000000000e-01,-2.292583241411e+00,8.908706607577e+00,9.198966862571e+00,1.822672961883e+00,0.000000000000e+00
9.640000000000e-01,-2.247940369805e+00,8.735229702543e+00,9.019837795791e+00,1.822672961883e+00,0.000000000000e+00
9.644000000000e-01,-2.203560709472e+00,8.562775605299e+00,8.841764861555e+00,1.822672961883e+00,0.000000000000e+00
9.648000000000e-01,-2.159451268473e+00,8.391371548345e+00,8.664776179642e+00,1.822672961883e+00,0.000000000000e+00
9.652000000000e-01,-2.115619012202e+00,8.221044598371e+00,8.488899698618e+00,1.822672961883e+00,0.000000000000e+00
9.656000000000e-01,-2.072070862278e+00,8.051821651975e+00,8.314163191417e+00,1.822672961883e+00,0.000000000000e+00
9.660000000000e-01,-2.028813695461e+00,7.883729431422e+00,8.140594250960e+00,1.822672961883e+00,0.000000000000e+00
9.664000000000e-01,-1.985854342558e+00,7.716794480423e+00,7.968220285794e+00,1.822672961883e+00,0.000000000000e+00
9.668000000000e-01,-1.943199587349e+00,7.551043159942e+00,7.797068515768e+00,1.822672961883e+00,0.000000000000e+00
9.672000000000e-01,-1.900856165514e+00,7.386501644033e+00,7.627165967728e+00,1.822672961883e+00,0.000000000000e+00
9.676000000000e-01,-1.858830763570e+00,7.223195915710e+00,7.458539471258e+00,1.822672961883e+00,0.000000000000e+00
9.680000000000e-01,-1.817130017816e+00,7.061151762839e+00,7.291215654436e+00,1.822672961883e+00,0.000000000000e+00
9.684000000000e-01,-1.775760513283e+00,6.900394774072e+00,7.125220939632e+00,1.822672961883e+00,0.000000000000e+00
9.688000000000e-01,-1.734728782695e+00,6.740950334800e+00,6.960581539336e+00,1.822672961883e+00,0.000000000000e+00
9.692000000000e-01,-1.694041305437e+00,6.582843623148e+00,6.797323452018e+00,1.822672961883e+00,0.000000000000e+00
9.696000000000e-01,-1.653704506535e+00,6.426099606000e+00,6.635472458022e+00,1.822672961883e+00,0.000000000000e+00
9.700000000000e-01,-1.613724755637e+00,6.270743035052e+00,6.475054115497e+00,1.822672961883e+00,0.000000000000e+00
9.704000000000e-01,-1.574108366008e+00,6.116798442908e+00,6.316093756358e+00,1.822672961883e+00,0.000000000000e+00
9.708000000000e-01,-1.534861593536e+00,5.964290139204e+00,6.158616482289e+00,1.822672961883e+00,0.000000000000e+00
9.712000000000e-01,-1.495990635741e+00,5.813242206769e+00,6.002647160777e+00,1.822672961883e+00,0.000000000000e+00
9.716000000000e-01,-1.457501630798e+00,5.663678497822e+00,5.848210421186e+00,1.822672961883e+00,0.000000000000e+00
9.720000000000e-01,-1.419400656567e+00,5.515622630206e+00,5.695330650867e+00,1.822672961883e+00,0.000000000000e+00
9.724000000000e-01,-1.381693729633e+00,5.369097983660e+00,5.544031991309e+00,1.822672961883e+00,0.000000000000e+00
9.728000000000e-01,-1.344386804358e+00,5.224127696124e+00,5.394338334323e+00,1.822672961883e+00,0.000000000000e+00
9.732000000000e-01,-1.307485771937e+00,5.080734660087e+00,5.246273318274e+00,1.822672961883e+00,0.000000000000e+00
9.736000000000e-01,-1.270996459472e+00,4.938941518971e+00,5.099860324343e+00,1.822672961883e+00,0.000000000000e+00
9.740000000000e-01,-1.234924629047e+00,4.798770663558e+00,4.955122472840e+00,1.822672961883e+00,0.000000000000e+00
9.744000000000e-01,-1.199275976822e+00,4.660244228449e+00,4.812082619550e+00,1.822672961883e+00,0.000000000000e+00
9.748000000000e-01,-1.164056132134e+00,4.523384088576e+00,4.670763352123e+00,1.822672961883e+00,0.000000000000e+00
9.752000000000e-01,-1.129270656604e+00,4.388211855740e+00,4.531186986510e+00,1.822672961883e+00,0.000000000000e+00
9.756000000000e-01,-1.094925043261e+00,4.254748875204e+00,4.393375563438e+00,1.822672961883e+00,0.000000000000e+00
9.760000000000e-01,-1.061024715677e+00,4.123016222320e+00,4.257350844926e+00,1.822672961883e+00,0.000000000000e+00
9.764000000000e-01,-1.027575027106e+00,3.993034699202e+00,4.123134310856e+00,1.822672961883e+00,0.000000000000e+00
9.768000000000e-01,-9.945812596416e-01,3.864824831437e+00,3.990747155574e+00,1.822672961883e+00,0.000000000000e+00
9.772000000000e-01,-9.620486233820e-01,3.738406864851e+00,3.860210284546e+00,1.822672961883e+00,0.000000000000e+00
9.776000000000e-01,-9.299822556077e-01,3.613800762306e+00,3.731544311058e+00,1.822672961883e+00,0.000000000000e+00
9.780000000000e-01,-8.983872199700e-01,3.491026200551e+00,3.604769552959e+00,1.822672961883e+00,0.000000000000e+00
9.784000000000e-01,-8.672685056911e-01,3.370102567111e+00,3.479906029451e+00,1.822672961883e+00,0.000000000000e+00
9.788000000000e-01,-8.366310267769e-01,3.251048957230e+00,3.356973457934e+00,1.822672961883e+00,0.000000000000e+00
9.792000000000e-01,-8.064796212405e-01,3.133884170853e+00,3.235991250885e+00,1.822672961883e+00,0.000000000000e+00
9.796000000000e-01,-7.768190503382e-01,3.018626709659e+00,3.116978512797e+00,1.822672961883e+00,0.000000000000e+00
9.800000000000e-01,-7.476539978181e-01,2.905294774136e+00,2.999954037161e+00,1.822672961883e+00,0.000000000000e+00
9.804000000000e-01,-7.189890691801e-01,2.793906260712e+00,2.884936303498e+00,1.822672961883e+00,0.000000000000e+00
9.808000000000e-01,-6.908287909486e-01,2.684478758922e+00,2.771943474443e+00,1.822672961883e+00,0.000000000000e+00
9.812000000000e-01,-6.631776099581e-01,2.577029548639e+00,2.660993392872e+00,1.822672961883e+00,0.000000000000e+00
9.816000000000e-01,-6.360398926506e-01,2.471575597339e+00,2.552103579090e+00,1.822672961883e+00,0.000000000000e+00
9.820000000000e-01,-6.094199243861e-01,2.368133557422e+00,2.445291228060e+00,1.822672961883e+00,0.000000000000e+00
9.824000000000e-01,-5.833219087664e-01,2.266719763586e+00,2.340573206691e+00,1.822672961883e+00,0.000000000000e+00
9.828000000000e-01,-5.577499669707e-01,2.167350230245e+00,2.237966051172e+00,1.822672961883e+00,0.000000000000e+00
9.832000000000e-01,-5.327081371048e-01,2.070040649000e+00,2.137485964363e+00,1.822672961883e+00,0.000000000000e+00
9.836000000000e-01,-5.082003735642e-01,1.974806386161e+00,2.039148813234e+00,1.822672961883e+00,0.000000000000e+00
9.840000000000e-01,-4.842305464087e-01,1.881662480324e+00,1.942970126362e+00,1.822672961883e+00,0.000000000000e+00
9.844000000000e-01,-4.608024407520e-01,1.790623639990e+00,1.848965091475e+00,1.822672961883e+00,0.000000000000e+00
9.848000000000e-01,-4.379197561634e-01,1.701704241247e+00,1.757148553059e+00,1.822672961883e+00,0.000000000000e+00
9.852000000000e-01,-4.155861060843e-01,1.614918325501e+00,1.667535010010e+00,1.822672961883e+00,0.000000000000e+00
9.856000000000e-01,-3.938050172567e-01,1.530279597251e+00,1.580138613344e+00,1.822672961883e+00,0.000000000000e+00
9.860000000000e-01,-3.725799291672e-01,1.447801421936e+00,1.494973163966e+00,1.822672961883e+00,0.000000000000e+00
9.864000000000e-01,-3.519141935031e-01,1.367496823815e+00,1.412052110488e+00,1.822672961883e+00,0.000000000000e+00
9.868000000000e-01,-3.318110736238e-01,1.289378483915e+00,1.331388547105e+00,1.822672961883e+00,0.000000000000e+00
9.872000000000e-01,-3.122737440448e-01,1.213458738027e+00,1.252995211529e+00,1.822672961883e+00,0.000000000000e+00
9.876000000000e-01,-2.933052899371e-01,1.139749574760e+00,1.176884482976e+00,1.822672961883e+00,0.000000000000e+00
9.880000000000e-01,-2.749087066394e-01,1.068262633644e+00,1.103068380214e+00,1.822672961883e+00,0.000000000000e+00
9.884000000000e-01,-2.570868991854e-01,9.990092032973e-01,1.031558559659e+00,1.822672961883e+00,0.000000000000e+00
9.888000000000e-01,-2.398426818452e-01,9.320002196381e-01,9.623663135419e-01,1.822672961883e+00,0.000000000000e+00
9.892000000000e-01,-2.231787776806e-01,8.672462641621e-01,8.955025681203e-01,1.822672961883e+00,0.000000000000e+00
9.896000000000e-01,-2.070978181152e-01,8.047575622695e-01,8.309778819548e-01,1.822672961883e+00,0.000000000000e+00
9.900000000000e-01,-1.916023425190e-01,7.445439816508e-01,7.688024442412e-01,1.822672961883e+00,0.000000000000e+00
9.904000000000e-01,-1.766947978071e-01,6.866150307284e-01,7.089860732019e-01,1.822672961883e+00,0.000000000000e+00
9.908000000000e-01,-1.623775380538e-01,6.309798571551e-01,6.515382145353e-01,1.822672961883e+00,0.000000000000e+00
9.912000000000e-01,-1.486528241202e-01,5.776472463698e-01,5.964679399243e-01,1.822672961883e+00,0.000000000000e+00
9.916000000000e-01,-1.355228232978e-01,5.266256202100e-01,5.437839456035e-01,1.822672961883e+00,0.000000000000e+00
9.920000000000e-01,-1.229896089661e-01,4.779230355819e-01,4.934945509865e-01,1.822672961883e+00,0.000000000000e+00
9.924000000000e-01,-1.110551602647e-01,4.315471831882e-01,4.456076973517e-01,1.822672961883e+00,0.000000000000e+00
9.928000000000e-01,-9.972136178145e-02,3.875053863136e-01,4.001309465882e-01,1.822672961883e+00,0.000000000000e+00
9.932000000000e-01,-8.899000325460e-02,3.458045996684e-01,3.570714800024e-01,1.822672961883e+00,0.000000000000e+00
9.936000000000e-01,-7.886277929003e-02,3.064514082902e-01,3.164360971830e-01,1.822672961883e+00,0.000000000000e+00
9.940000000000e-01,-6.934128909378e-02,2.694520265042e-01,2.782312149282e-01,1.822672961883e+00,0.000000000000e+00
9.944000000000e-01,-6.042703621955e-02,2.348122969415e-01,2.424628662316e-01,1.822672961883e+00,0.000000000000e+00
9.948000000000e-01,-5.212142833119e-02,2.025376896172e-01,2.091366993302e-01,1.822672961883e+00,0.000000000000e+00
9.952000000000e-01,-4.442577698047e-02,1.726333010657e-01,1.782579768122e-01,1.822672961883e+00,0.000000000000e+00
9.956000000000e-01,-3.734129739996e-02,1.451038535368e-01,1.498315747856e-01,1.822672961883e+00,0.000000000000e+00
9.960000000000e-01,-3.086910831111e-02,1.199536942493e-01,1.238619821090e-01,1.822672961883e+00,0.000000000000e+00
9.964000000000e-01,-2.501023174759e-02,9.718679470486e-02,1.003532996820e-01,1.822672961883e+00,0.000000000000e+00
9.968000000000e-01,-1.976559289395e-02,7.680675006095e-02,7.930923979824e-02,1.822672961883e+00,0.000000000000e+00
9.972000000000e-01,-1.513601993944e-02,5.881677856281e-02,6.073312555858e-02,1.822672961883e+00,0.000000000000e+00
9.976000000000e-01,-1.112224394731e-02,4.321972103551e-02,4.462789034686e-02,1.822672961883e+00,0.000000000000e+00
9.980000000000e-01,-7.724898739316e-03,3.001804043523e-02,3.099607736640e-02,1.822672961883e+00,0.000000000000e+00
9.984000000000e-01,-4.944520795650e-03,1.921382146037e-02,1.983983923850e-02,1.822672961883e+00,0.000000000000e+00
9.988000000000e-01,-2.781549170221e-03,1.080877022236e-02,1.116093766250e-02,1.822672961883e+00,0.000000000000e+00
9.992000000000e-01,-1.236325421321e-03,4.804213976222e-03,4.960743137548e-03,1.822672961883e+00,0.000000000000e+00
9.996000000000e-01,-3.090935576943e-04,1.201100910995e-03,1.240234746248e-03,1.822672961883e+00,0.000000000000e+00
1.000000000000e+00,-7.997082234659e-30,3.107571322095e-29,3.208821086409e-29,1.822672961883e+00,0.000000000000e+00
